arm,model,layer,turn,mapping,n,r2,null_mean,null_hi,null_max,r2_folds
armG,instruct,14,1,ctx,5000,0.4730662634228453,,,,0.476924;0.483014;0.465528;0.478378;0.470244;0.461546
armG,instruct,14,2,ctx,5000,0.4626443525758027,,,,0.457482;0.464749;0.463907;0.460321;0.467759;0.458384
armG,instruct,14,2,pfx,5000,0.26635562925487455,,,,0.268652;0.272256;0.263991;0.264525;0.256206;0.267697
armG,instruct,14,3,ctx,5000,0.4897260862232492,,,,0.475541;0.505975;0.492220;0.482177;0.492521;0.487419
armG,instruct,14,3,pfx,5000,0.36119529935785777,,,,0.355210;0.371673;0.356228;0.359474;0.361957;0.358948
armG,instruct,14,4,ctx,5000,0.50461924848949,,,,0.491893;0.513154;0.505390;0.499863;0.511060;0.503518
armG,instruct,14,4,pfx,5000,0.39474551751706266,,,,0.380631;0.398538;0.395714;0.393698;0.403525;0.392627
armG,instruct,14,5,ctx,5000,0.5092482647335769,,,,0.507016;0.512882;0.503135;0.505268;0.515981;0.508338
armG,instruct,14,5,pfx,5000,0.40809579760648684,,,,0.403087;0.415546;0.407265;0.400928;0.410596;0.407705
armG,instruct,14,6,ctx,5000,0.5147387879120366,,,,0.515408;0.522821;0.511311;0.496115;0.524633;0.516085
armG,instruct,14,6,pfx,5000,0.4163793506790743,,,,0.419802;0.411005;0.412566;0.403397;0.427701;0.420761
armG,instruct,14,7,ctx,5000,0.5148606135414768,,,,0.520434;0.524428;0.510302;0.502565;0.521524;0.507734
armG,instruct,14,7,pfx,5000,0.42544261905745895,,,,0.431834;0.429271;0.424141;0.420644;0.432858;0.410873
armG,instruct,14,8,ctx,5000,0.5172683574969927,,,,0.513155;0.522868;0.518392;0.509795;0.524060;0.512954
armG,instruct,14,8,pfx,5000,0.41982342454902777,,,,0.419300;0.416273;0.419170;0.414650;0.435045;0.411400
armG,instruct,14,9,ctx,5000,0.5237257396830535,,,,0.516865;0.538114;0.521790;0.517801;0.523077;0.522583
armG,instruct,14,9,pfx,5000,0.4276718478597237,,,,0.416501;0.437371;0.420902;0.428440;0.428641;0.431214
armG,instruct,14,10,ctx,5000,0.5196844761685072,,,,0.515745;0.525873;0.526694;0.510165;0.519002;0.517944
armG,instruct,14,10,pfx,5000,0.41681752831258523,,,,0.407004;0.428318;0.420688;0.414603;0.409701;0.417539
armG,instruct,14,11,ctx,5000,0.5222321823026488,,,,0.521020;0.525600;0.526907;0.519635;0.515964;0.521337
armG,instruct,14,11,pfx,5000,0.4194808376868828,,,,0.420417;0.416141;0.418530;0.421590;0.411112;0.425361
armG,instruct,14,12,ctx,5000,0.5217935561913687,,,,0.521084;0.528211;0.525570;0.514346;0.527553;0.511726
armG,instruct,14,12,pfx,5000,0.41761835650693646,,,,0.411072;0.420526;0.413645;0.422939;0.422922;0.411780
armG,instruct,14,13,ctx,5000,0.5312864827396584,,,,0.536035;0.532319;0.541074;0.518751;0.530427;0.526317
armG,instruct,14,13,pfx,5000,0.41713515877067764,,,,0.426658;0.421854;0.406344;0.410641;0.421674;0.412224
armG,instruct,14,14,ctx,5000,0.5292573889484596,,,,0.533577;0.531089;0.529656;0.524499;0.524241;0.528823
armG,instruct,14,14,pfx,5000,0.41466729445350603,,,,0.416955;0.424570;0.408856;0.410852;0.420786;0.402523
armG,instruct,14,15,ctx,5000,0.5298724314212615,,,,0.530158;0.537504;0.539209;0.525439;0.526250;0.518434
armG,instruct,14,15,pfx,5000,0.4124751879907368,,,,0.426519;0.422964;0.407756;0.412994;0.405691;0.396257
armG,instruct,14,16,ctx,5000,0.5345029421523579,,,,0.539045;0.540682;0.546531;0.519855;0.529579;0.529144
armG,instruct,14,16,pfx,5000,0.40966167338379156,,,,0.414930;0.412560;0.416622;0.399313;0.400829;0.410486
armG,instruct,18,1,ctx,5000,0.5347383724717114,,,,0.532717;0.540938;0.528152;0.545788;0.535871;0.522415
armG,instruct,18,2,ctx,5000,0.5083872127633491,,,,0.504152;0.503611;0.511410;0.506022;0.514684;0.507282
armG,instruct,18,2,pfx,5000,0.23836828093705775,,,,0.238539;0.238166;0.236945;0.242729;0.229566;0.239058
armG,instruct,18,3,ctx,5000,0.5279279036660801,,,,0.513814;0.541673;0.526907;0.521854;0.530862;0.529928
armG,instruct,18,3,pfx,5000,0.3564003712250876,,,,0.349991;0.367137;0.346748;0.357016;0.356121;0.357461
armG,instruct,18,4,ctx,5000,0.5393114271507119,,,,0.524138;0.543795;0.539167;0.538864;0.546874;0.540080
armG,instruct,18,4,pfx,5000,0.39387057054435304,,,,0.371267;0.399501;0.396452;0.392813;0.403946;0.395291
armG,instruct,18,5,ctx,5000,0.5402087003697318,,,,0.539392;0.542775;0.536108;0.534075;0.545270;0.541100
armG,instruct,18,5,pfx,5000,0.40634914138925193,,,,0.399844;0.412379;0.402433;0.403382;0.407269;0.409255
armG,instruct,18,6,ctx,5000,0.5423584506374537,,,,0.540723;0.548182;0.539349;0.524295;0.552151;0.547627
armG,instruct,18,6,pfx,5000,0.4149509254857411,,,,0.416268;0.413505;0.408155;0.400370;0.430452;0.418364
armG,instruct,18,7,ctx,5000,0.5397875550997836,,,,0.544415;0.548866;0.537561;0.530726;0.542944;0.532316
armG,instruct,18,7,pfx,5000,0.420723194342412,,,,0.426175;0.422071;0.421896;0.418191;0.427425;0.405646
armG,instruct,18,8,ctx,5000,0.5411105720119941,,,,0.536804;0.547415;0.540322;0.535202;0.545503;0.539146
armG,instruct,18,8,pfx,5000,0.4137746553220677,,,,0.410795;0.410581;0.412067;0.411055;0.427200;0.407795
armG,instruct,18,9,ctx,5000,0.5454529072006048,,,,0.540739;0.559052;0.545440;0.541303;0.543394;0.540710
armG,instruct,18,9,pfx,5000,0.42154566261191184,,,,0.408235;0.431392;0.413818;0.419605;0.421668;0.431230
armG,instruct,18,10,ctx,5000,0.5432934799981506,,,,0.540277;0.549491;0.548667;0.532600;0.541758;0.544324
armG,instruct,18,10,pfx,5000,0.4107797179873446,,,,0.397768;0.422083;0.416765;0.409149;0.402843;0.412845
armG,instruct,18,11,ctx,5000,0.5419746570156501,,,,0.536271;0.545981;0.545371;0.541850;0.530527;0.548762
armG,instruct,18,11,pfx,5000,0.41219141241742785,,,,0.411719;0.407797;0.410725;0.419167;0.399081;0.420634
armG,instruct,18,12,ctx,5000,0.540207458894046,,,,0.540179;0.542868;0.546729;0.529450;0.545866;0.533827
armG,instruct,18,12,pfx,5000,0.403688323239489,,,,0.399029;0.407211;0.401507;0.407567;0.412341;0.391728
armG,instruct,18,13,ctx,5000,0.5515965647142012,,,,0.560752;0.550430;0.558639;0.537764;0.549830;0.549274
armG,instruct,18,13,pfx,5000,0.4061427805613088,,,,0.417367;0.408779;0.394134;0.399257;0.410094;0.403638
armG,instruct,18,14,ctx,5000,0.546922023491337,,,,0.554288;0.540810;0.548133;0.540700;0.543218;0.550410
armG,instruct,18,14,pfx,5000,0.4014852516041354,,,,0.403461;0.408565;0.401987;0.398307;0.406561;0.386727
armG,instruct,18,15,ctx,5000,0.5464679822305822,,,,0.544752;0.547963;0.559833;0.542641;0.538961;0.541831
armG,instruct,18,15,pfx,5000,0.39944091950256333,,,,0.411658;0.411025;0.395332;0.402288;0.388076;0.385332
armG,instruct,18,16,ctx,5000,0.5504783805996996,,,,0.553842;0.554183;0.560610;0.539278;0.542796;0.549813
armG,instruct,18,16,pfx,5000,0.3975873248598282,,,,0.405688;0.406418;0.400538;0.384390;0.389065;0.396330
armG,instruct,19,1,ctx,5000,0.5897303595996677,-0.17123734703439658,-0.16572339515479373,-0.16222317171918932,0.587820;0.593321;0.588459;0.597669;0.589866;0.579056
armG,instruct,19,2,ctx,5000,0.5636622755589196,-0.15736565430799815,-0.15281856182742914,-0.1514784280607886,0.560284;0.558495;0.565809;0.561456;0.568481;0.564705
armG,instruct,19,2,pfx,5000,0.29098294458370366,-0.16981406522995696,-0.1651008106855219,-0.16267263247310582,0.290744;0.293432;0.291170;0.291946;0.283467;0.290539
armG,instruct,19,3,ctx,5000,0.5727320282394555,-0.15106534852322856,-0.14637635316929526,-0.14468506025555383,0.559359;0.582168;0.574543;0.567159;0.575608;0.575182
armG,instruct,19,3,pfx,5000,0.4144366486099691,-0.1682541214635313,-0.16205604584480612,-0.1590058229549256,0.403701;0.429077;0.409293;0.411377;0.417272;0.412683
armG,instruct,19,4,ctx,5000,0.5775140507222718,-0.14649772175229178,-0.14136391416091934,-0.14003449447030447,0.565970;0.579438;0.579256;0.575066;0.584815;0.577849
armG,instruct,19,4,pfx,5000,0.4484073831185139,-0.15998103917498357,-0.15551271871550196,-0.1520788536850295,0.430709;0.454165;0.452721;0.444110;0.457229;0.448086
armG,instruct,19,5,ctx,5000,0.5756349438627786,-0.14248505625914742,-0.13817863291074575,-0.13640778203071702,0.576590;0.576447;0.573578;0.566962;0.581340;0.576599
armG,instruct,19,5,pfx,5000,0.4621155815076906,-0.15477793662815104,-0.15028267611896215,-0.14766940648932914,0.457145;0.465533;0.460338;0.453783;0.466072;0.466736
armG,instruct,19,6,ctx,5000,0.5744762831730623,-0.13952937403079077,-0.13459110643724426,-0.13307396402276161,0.575075;0.577479;0.571953;0.557732;0.582887;0.579841
armG,instruct,19,6,pfx,5000,0.4654582566294102,-0.1510351221882619,-0.14587621138830567,-0.14273637271761652,0.470548;0.459772;0.463314;0.448749;0.479837;0.468018
armG,instruct,19,7,ctx,5000,0.569335200057544,-0.13701291869566185,-0.13250831407938693,-0.13033958191671613,0.575737;0.577802;0.567768;0.559807;0.571095;0.561899
armG,instruct,19,7,pfx,5000,0.46909128157134317,-0.14868950560332161,-0.1433620670786061,-0.14189259738009552,0.475782;0.471497;0.469262;0.465758;0.473671;0.455796
armG,instruct,19,8,ctx,5000,0.569239122953052,-0.13534643917820088,-0.13055925697816229,-0.12804216480823727,0.567755;0.573226;0.567161;0.563700;0.574657;0.566674
armG,instruct,19,8,pfx,5000,0.46165850708125455,-0.14667648651342705,-0.1410046454740313,-0.1366003417316315,0.459899;0.457198;0.460814;0.459810;0.474039;0.455139
armG,instruct,19,9,ctx,5000,0.5716987049411043,-0.13398201094038772,-0.12951609600162503,-0.12768072169151812,0.568351;0.580905;0.573169;0.568235;0.571199;0.566186
armG,instruct,19,9,pfx,5000,0.46772376887614464,-0.14516639538476692,-0.14084675716693304,-0.1369489145653322,0.458696;0.473818;0.464521;0.464317;0.468764;0.473056
armG,instruct,19,10,ctx,5000,0.5675542851927489,-0.13312257505244038,-0.12799212110386607,-0.12533555117588469,0.566539;0.570508;0.573481;0.558776;0.567045;0.566379
armG,instruct,19,10,pfx,5000,0.4557141512063029,-0.14423081511224833,-0.13715150460157013,-0.1356900812380144,0.446933;0.466268;0.457713;0.453046;0.449225;0.458023
armG,instruct,19,11,ctx,5000,0.5665026855507191,-0.13184859975061727,-0.1270868611816151,-0.12406917721292499,0.563489;0.567860;0.571574;0.565537;0.558228;0.569473
armG,instruct,19,11,pfx,5000,0.45475277065064723,-0.1431648186469969,-0.13796231783102464,-0.13613574930343275,0.452660;0.449959;0.454721;0.460492;0.443575;0.463291
armG,instruct,19,12,ctx,5000,0.5636322541197986,-0.1316105198776709,-0.12674418581730718,-0.12563710868307476,0.566960;0.563918;0.568815;0.552796;0.569702;0.557203
armG,instruct,19,12,pfx,5000,0.4480865354383834,-0.14245355373856436,-0.13683112081069385,-0.13241855931186497,0.445583;0.449521;0.443809;0.454722;0.454388;0.437732
armG,instruct,19,13,ctx,5000,0.5713250866959321,-0.13003356591245574,-0.12452307978051634,-0.12151449566598616,0.581442;0.566577;0.578188;0.560852;0.567244;0.570601
armG,instruct,19,13,pfx,5000,0.44650917433990545,-0.14228528512251015,-0.13732958216279756,-0.135257273420341,0.457790;0.446804;0.438472;0.440296;0.449173;0.443031
armG,instruct,19,14,ctx,5000,0.5675301859098214,-0.12945959322490203,-0.12482124769764798,-0.12362577328721414,0.575937;0.560172;0.567490;0.562397;0.565543;0.569749
armG,instruct,19,14,pfx,5000,0.43953310561857417,-0.14120572843426576,-0.13548871532914689,-0.13466176506287786,0.443612;0.444128;0.438706;0.436811;0.445922;0.424916
armG,instruct,19,15,ctx,5000,0.5667372805469104,-0.12857450500225076,-0.12271413400925138,-0.12155788854281635,0.565382;0.565991;0.576354;0.562177;0.564687;0.563175
armG,instruct,19,15,pfx,5000,0.43806180438814035,-0.14076505601833142,-0.13620139982104035,-0.13362456345211693,0.452500;0.448387;0.431053;0.439359;0.431025;0.423482
armG,instruct,19,16,ctx,5000,0.5703946376737339,-0.12829108969336145,-0.12265532015127131,-0.12056536281578456,0.572610;0.570383;0.580298;0.560534;0.565421;0.570776
armG,instruct,19,16,pfx,5000,0.43496288464151356,-0.1404796220396981,-0.1352750457211675,-0.1331024444733151,0.440041;0.439419;0.437147;0.425835;0.431604;0.432825
armG,pretrained,14,1,ctx,5000,0.2633069931723947,,,,0.251068;0.262706;0.266752;0.256549;0.274734;0.263555
armG,pretrained,14,2,ctx,5000,0.32076767013464635,,,,0.325617;0.320392;0.318560;0.314383;0.330860;0.310836
armG,pretrained,14,2,pfx,5000,0.22279356739424838,,,,0.225470;0.214578;0.226948;0.217398;0.228918;0.219027
armG,pretrained,14,3,ctx,5000,0.42374586658704017,,,,0.428372;0.420136;0.416383;0.419846;0.428662;0.426063
armG,pretrained,14,3,pfx,5000,0.3534690253000158,,,,0.359980;0.346533;0.350458;0.347316;0.358263;0.354864
armG,pretrained,14,4,ctx,5000,0.4669754329073833,,,,0.468451;0.454493;0.464751;0.461521;0.480185;0.469826
armG,pretrained,14,4,pfx,5000,0.3993456394725128,,,,0.401346;0.381545;0.398511;0.395227;0.408504;0.408043
armG,pretrained,14,5,ctx,5000,0.49443139607187203,,,,0.495097;0.486571;0.494278;0.487867;0.499312;0.500668
armG,pretrained,14,5,pfx,5000,0.4356922203542396,,,,0.431315;0.424093;0.429355;0.433955;0.446931;0.445647
armG,pretrained,14,6,ctx,5000,0.5060087815444163,,,,0.499720;0.501972;0.509037;0.500456;0.510573;0.511903
armG,pretrained,14,6,pfx,5000,0.45199849831042005,,,,0.444704;0.449034;0.454496;0.445863;0.459325;0.455921
armG,pretrained,14,7,ctx,5000,0.5193660197957257,,,,0.517640;0.518069;0.516267;0.520103;0.515542;0.526075
armG,pretrained,14,7,pfx,5000,0.4659251526916415,,,,0.461555;0.459395;0.465875;0.468756;0.463248;0.474036
armG,pretrained,14,8,ctx,5000,0.5257942888128108,,,,0.521958;0.523248;0.523708;0.524058;0.529974;0.529459
armG,pretrained,14,8,pfx,5000,0.46891351989716745,,,,0.466021;0.464408;0.469258;0.464267;0.471289;0.475591
armG,pretrained,14,9,ctx,5000,0.5321427328253484,,,,0.539960;0.523770;0.524062;0.531363;0.533690;0.537438
armG,pretrained,14,9,pfx,5000,0.47777544517944026,,,,0.487567;0.471142;0.462294;0.475852;0.483690;0.483249
armG,pretrained,14,10,ctx,5000,0.5335757636790094,,,,0.535881;0.534985;0.525189;0.525059;0.539895;0.537998
armG,pretrained,14,10,pfx,5000,0.4751540291010137,,,,0.473085;0.485332;0.459451;0.468682;0.480659;0.481165
armG,pretrained,14,11,ctx,5000,0.542201098792521,,,,0.548559;0.537056;0.537594;0.542222;0.541362;0.544025
armG,pretrained,14,11,pfx,5000,0.48703244176327576,,,,0.492238;0.489540;0.476210;0.483281;0.488530;0.489858
armG,pretrained,14,12,ctx,5000,0.551344645804472,,,,0.555547;0.548204;0.545916;0.548822;0.553400;0.553806
armG,pretrained,14,12,pfx,5000,0.492175253049555,,,,0.494155;0.492877;0.485884;0.485914;0.493051;0.498515
armG,pretrained,14,13,ctx,5000,0.5490705457266298,,,,0.550669;0.545522;0.546540;0.547430;0.553970;0.548129
armG,pretrained,14,13,pfx,5000,0.49495764578502666,,,,0.496332;0.494986;0.494512;0.485329;0.500064;0.496029
armG,pretrained,14,14,ctx,5000,0.5505870187495523,,,,0.550473;0.550749;0.546170;0.551957;0.554059;0.547842
armG,pretrained,14,14,pfx,5000,0.49403026493983837,,,,0.492615;0.503534;0.488882;0.496406;0.494551;0.485719
armG,pretrained,14,15,ctx,5000,0.5511710153739303,,,,0.553684;0.556261;0.544378;0.547746;0.556986;0.546019
armG,pretrained,14,15,pfx,5000,0.49490272071729047,,,,0.501319;0.502699;0.484583;0.490467;0.505133;0.483261
armG,pretrained,14,16,ctx,5000,0.5527912739147423,,,,0.554650;0.552935;0.546432;0.557511;0.546764;0.556153
armG,pretrained,14,16,pfx,5000,0.4947052632209007,,,,0.496437;0.504786;0.487984;0.495279;0.488189;0.493098
armG,pretrained,18,1,ctx,5000,0.2945480619830252,,,,0.281669;0.292380;0.299758;0.291632;0.305694;0.291536
armG,pretrained,18,2,ctx,5000,0.3668100197926386,,,,0.373665;0.364856;0.361896;0.358045;0.378441;0.360136
armG,pretrained,18,2,pfx,5000,0.21342346320641992,,,,0.214406;0.212805;0.215684;0.204421;0.223661;0.204919
armG,pretrained,18,3,ctx,5000,0.4888890351277525,,,,0.493889;0.483595;0.481973;0.486556;0.494836;0.489863
armG,pretrained,18,3,pfx,5000,0.3690685740850569,,,,0.378766;0.364535;0.363480;0.364864;0.369152;0.370357
armG,pretrained,18,4,ctx,5000,0.5355229569658906,,,,0.535717;0.527609;0.529963;0.531262;0.546621;0.539698
armG,pretrained,18,4,pfx,5000,0.41936367390387796,,,,0.421727;0.403747;0.417710;0.413958;0.425977;0.430275
armG,pretrained,18,5,ctx,5000,0.5616455585921478,,,,0.561255;0.554379;0.559996;0.558043;0.567868;0.566047
armG,pretrained,18,5,pfx,5000,0.4515131610863673,,,,0.447619;0.441059;0.446243;0.451293;0.461015;0.459113
armG,pretrained,18,6,ctx,5000,0.5750276201980583,,,,0.568464;0.571245;0.576308;0.570853;0.578316;0.582994
armG,pretrained,18,6,pfx,5000,0.467293705532947,,,,0.461069;0.467371;0.471686;0.458588;0.475600;0.466883
armG,pretrained,18,7,ctx,5000,0.5889267620997511,,,,0.588322;0.586418;0.586446;0.589681;0.586518;0.594155
armG,pretrained,18,7,pfx,5000,0.48061138315038854,,,,0.478916;0.476034;0.482654;0.483757;0.474694;0.485147
armG,pretrained,18,8,ctx,5000,0.5952053785356899,,,,0.590401;0.594837;0.593469;0.594980;0.598222;0.597430
armG,pretrained,18,8,pfx,5000,0.48217654493220075,,,,0.480040;0.478866;0.484156;0.477252;0.482381;0.487943
armG,pretrained,18,9,ctx,5000,0.6002259240880157,,,,0.607015;0.593133;0.591323;0.600936;0.601161;0.605685
armG,pretrained,18,9,pfx,5000,0.49006297793498566,,,,0.500686;0.484380;0.474425;0.488892;0.494493;0.494784
armG,pretrained,18,10,ctx,5000,0.600891506984528,,,,0.604465;0.599586;0.593241;0.593850;0.605547;0.606670
armG,pretrained,18,10,pfx,5000,0.48666270119784516,,,,0.485128;0.493907;0.469607;0.482062;0.495039;0.491946
armG,pretrained,18,11,ctx,5000,0.610160434770193,,,,0.615769;0.605604;0.605963;0.613516;0.611493;0.606680
armG,pretrained,18,11,pfx,5000,0.4971789290829941,,,,0.502075;0.500914;0.489044;0.493683;0.497530;0.497274
armG,pretrained,18,12,ctx,5000,0.616804152472515,,,,0.621566;0.614229;0.614952;0.612734;0.617269;0.618062
armG,pretrained,18,12,pfx,5000,0.5008444206981033,,,,0.502669;0.501828;0.496054;0.494330;0.501235;0.506470
armG,pretrained,18,13,ctx,5000,0.6147859522067349,,,,0.619525;0.609990;0.612090;0.615578;0.616896;0.612818
armG,pretrained,18,13,pfx,5000,0.5023279498382134,,,,0.505795;0.499050;0.500889;0.497051;0.506142;0.502659
armG,pretrained,18,14,ctx,5000,0.6156697324260592,,,,0.617554;0.618451;0.611270;0.618644;0.612885;0.613223
armG,pretrained,18,14,pfx,5000,0.5003915185017096,,,,0.500661;0.511264;0.495467;0.499954;0.499787;0.492661
armG,pretrained,18,15,ctx,5000,0.616278978099132,,,,0.621457;0.619790;0.609927;0.616262;0.619886;0.608711
armG,pretrained,18,15,pfx,5000,0.5006728684396964,,,,0.506241;0.512759;0.489571;0.499874;0.510636;0.483223
armG,pretrained,18,16,ctx,5000,0.6214047146473154,,,,0.625327;0.619506;0.617515;0.626952;0.613523;0.623536
armG,pretrained,18,16,pfx,5000,0.5011211196644059,,,,0.503195;0.510462;0.493841;0.502137;0.495021;0.499631
armG,pretrained,19,1,ctx,5000,0.3438549169522669,-0.17072316035361293,-0.16628996324232356,-0.16537070698270484,0.331926;0.338147;0.349443;0.343931;0.355557;0.339803
armG,pretrained,19,2,ctx,5000,0.42667173804932745,-0.17097465229830017,-0.16582814770769808,-0.1638735140951204,0.430684;0.425012;0.421614;0.420611;0.434498;0.424243
armG,pretrained,19,2,pfx,5000,0.2523060567934893,-0.1771772617162206,-0.17194849367425474,-0.1692188382407247,0.252563;0.249744;0.249958;0.248011;0.263061;0.246175
armG,pretrained,19,3,ctx,5000,0.5392840743667138,-0.17056876540455462,-0.1652300269576919,-0.16092669354993716,0.542070;0.533104;0.534068;0.537980;0.545329;0.540807
armG,pretrained,19,3,pfx,5000,0.40776214696355195,-0.17785948443495359,-0.17139085564639614,-0.16935731690250022,0.414030;0.403284;0.400436;0.403414;0.411599;0.410713
armG,pretrained,19,4,ctx,5000,0.5809476398784692,-0.16762877895205824,-0.1612042304252288,-0.159361300457604,0.582819;0.573110;0.575866;0.575615;0.591451;0.584669
armG,pretrained,19,4,pfx,5000,0.4540156562751809,-0.17242315402880004,-0.16555888409895864,-0.16306024954968756,0.459255;0.438468;0.451584;0.447687;0.462400;0.461908
armG,pretrained,19,5,ctx,5000,0.6021485941344809,-0.16507571564083193,-0.15900824771917882,-0.15505408079199023,0.600913;0.593554;0.601936;0.599283;0.608775;0.606367
armG,pretrained,19,5,pfx,5000,0.48320278230893277,-0.16747034119457693,-0.16102735487771117,-0.15555937622081095,0.479457;0.474630;0.478377;0.481227;0.493453;0.489488
armG,pretrained,19,6,ctx,5000,0.6129091192146472,-0.16339168551083347,-0.15577088378960505,-0.15264394604583065,0.606798;0.609785;0.616280;0.608680;0.614471;0.619616
armG,pretrained,19,6,pfx,5000,0.4966671874949866,-0.16349523970638857,-0.15776862180611298,-0.1534166563698871,0.491108;0.497297;0.498854;0.488537;0.505668;0.496110
armG,pretrained,19,7,ctx,5000,0.6236306937504483,-0.16213318954974562,-0.15408253561905128,-0.14760670601847492,0.623226;0.620583;0.621453;0.625155;0.619624;0.629870
armG,pretrained,19,7,pfx,5000,0.5075228851305102,-0.16163119736236342,-0.15486704852773522,-0.15154060636687916,0.505898;0.503531;0.508773;0.509230;0.501436;0.513836
armG,pretrained,19,8,ctx,5000,0.6293773872955772,-0.1620900775810214,-0.15405251662935837,-0.15196269417152442,0.625783;0.627441;0.629447;0.628554;0.631433;0.631866
armG,pretrained,19,8,pfx,5000,0.5066576355316136,-0.1613879369745471,-0.15345972542623898,-0.15229339658948948,0.504929;0.504788;0.508022;0.499807;0.507823;0.512206
armG,pretrained,19,9,ctx,5000,0.63394497574767,-0.1618139541276813,-0.15406162537859425,-0.14975944370193717,0.640826;0.628143;0.625360;0.635000;0.634085;0.638347
armG,pretrained,19,9,pfx,5000,0.5134614074018475,-0.16035393109799986,-0.15256195893902313,-0.15126688967074386,0.522190;0.509145;0.497363;0.511769;0.518169;0.519582
armG,pretrained,19,10,ctx,5000,0.63553326504954,-0.1610928451577234,-0.15295755168686334,-0.14843432258582068,0.638595;0.635356;0.631409;0.628939;0.638298;0.638776
armG,pretrained,19,10,pfx,5000,0.5116513744791529,-0.160495398798691,-0.15366487450897984,-0.1462016691820165,0.510582;0.521442;0.495055;0.504981;0.519161;0.516563
armG,pretrained,19,11,ctx,5000,0.6419009923651883,-0.16031371140126174,-0.1516490749306419,-0.14902246103765027,0.646661;0.636765;0.639057;0.645934;0.641324;0.639909
armG,pretrained,19,11,pfx,5000,0.5216511620985362,-0.1599911389507955,-0.15084640390209733,-0.14962019308490615,0.525884;0.525981;0.511783;0.518974;0.521214;0.523805
armG,pretrained,19,12,ctx,5000,0.6474492508230132,-0.15921510557211893,-0.15176945733832828,-0.14870787168805744,0.649730;0.643621;0.647047;0.645186;0.649772;0.647564
armG,pretrained,19,12,pfx,5000,0.5243866587581061,-0.1587292262969712,-0.14983701207009412,-0.14748954897332256,0.523399;0.525689;0.521351;0.518966;0.526320;0.528343
armG,pretrained,19,13,ctx,5000,0.6455275545678043,-0.1589612514651606,-0.15017037239722436,-0.1460760787644133,0.648027;0.640378;0.644582;0.646280;0.649039;0.643230
armG,pretrained,19,13,pfx,5000,0.5246915735658995,-0.15867011620560573,-0.15127234806424059,-0.14776246132053417,0.527006;0.520540;0.525153;0.518841;0.529518;0.524842
armG,pretrained,19,14,ctx,5000,0.6448917714848315,-0.16000896425910305,-0.1528373140032669,-0.1476645690619216,0.646576;0.646745;0.641159;0.647299;0.643631;0.642176
armG,pretrained,19,14,pfx,5000,0.5227578555972021,-0.15911049869488086,-0.1512928534578167,-0.14937809433394778,0.522352;0.534401;0.518605;0.522737;0.520600;0.515479
armG,pretrained,19,15,ctx,5000,0.6468845658404002,-0.15903408392654186,-0.1499456623047469,-0.1474826366431985,0.650607;0.649214;0.642178;0.647403;0.650082;0.640349
armG,pretrained,19,15,pfx,5000,0.5221501418627428,-0.15870152393822307,-0.151838237844405,-0.14546985743931273,0.526173;0.529655;0.512764;0.521282;0.533123;0.508223
armG,pretrained,19,16,ctx,5000,0.6511352570838409,-0.1593443724678279,-0.1508426411090467,-0.14767969524775815,0.653355;0.649510;0.648166;0.656568;0.645060;0.652386
armG,pretrained,19,16,pfx,5000,0.5226379075513601,-0.15899825630882275,-0.15104671956316723,-0.14952481199038958,0.525487;0.530052;0.515192;0.524036;0.516955;0.521850
armR_logged,instruct,14,1,ctx,4941,0.39567637522341004,,,,0.396965;0.402281;0.379605;0.390733;0.399369;0.401232
armR_logged,instruct,14,2,ctx,4941,0.3924983614109927,,,,0.400160;0.394157;0.381872;0.389261;0.385748;0.399281
armR_logged,instruct,14,2,pfx,4941,0.20161644183145488,,,,0.206032;0.206371;0.191897;0.208006;0.182202;0.209455
armR_logged,instruct,14,3,ctx,4941,0.399450292281443,,,,0.404801;0.398358;0.391204;0.397223;0.401844;0.399219
armR_logged,instruct,14,3,pfx,4941,0.21496160867633363,,,,0.208000;0.218161;0.213528;0.223833;0.213866;0.207498
armR_logged,instruct,14,4,ctx,4941,0.4110527647610408,,,,0.411351;0.415711;0.407534;0.410805;0.409915;0.406864
armR_logged,instruct,14,4,pfx,4941,0.22236982422862284,,,,0.220070;0.220128;0.223711;0.224777;0.219825;0.220479
armR_logged,instruct,14,5,ctx,4941,0.41867442811274547,,,,0.418777;0.418408;0.416994;0.418297;0.412495;0.423870
armR_logged,instruct,14,5,pfx,4941,0.23224322349926563,,,,0.217792;0.232741;0.231800;0.236158;0.234250;0.236812
armR_logged,instruct,14,6,ctx,4941,0.4153686372036871,,,,0.418886;0.409895;0.410028;0.417694;0.415077;0.417199
armR_logged,instruct,14,6,pfx,4941,0.23666035153427234,,,,0.240936;0.229750;0.230904;0.239255;0.231956;0.242640
armR_logged,instruct,14,7,ctx,4941,0.41871375566462654,,,,0.424724;0.424045;0.417926;0.413289;0.410194;0.418239
armR_logged,instruct,14,7,pfx,4941,0.235280923873735,,,,0.236493;0.231028;0.226309;0.246519;0.228630;0.237641
armR_logged,instruct,14,8,ctx,4941,0.42653879723431765,,,,0.426259;0.428921;0.431663;0.422162;0.421028;0.425332
armR_logged,instruct,14,8,pfx,4941,0.24276163520247507,,,,0.235678;0.246167;0.249464;0.235424;0.245477;0.239412
armR_logged,instruct,14,9,ctx,4941,0.42250324097481806,,,,0.434841;0.419539;0.416005;0.421742;0.417357;0.421295
armR_logged,instruct,14,9,pfx,4941,0.24463788303727785,,,,0.248954;0.245935;0.241053;0.243861;0.240414;0.242412
armR_logged,instruct,14,10,ctx,4941,0.42434796283282716,,,,0.419848;0.426202;0.423571;0.427582;0.422367;0.422833
armR_logged,instruct,14,10,pfx,4941,0.24966169454339793,,,,0.248544;0.243960;0.244868;0.255590;0.251248;0.248739
armR_logged,instruct,14,11,ctx,4941,0.42725463898707694,,,,0.431973;0.421712;0.424999;0.427883;0.429263;0.424050
armR_logged,instruct,14,11,pfx,4941,0.2450378130177202,,,,0.244149;0.236411;0.239609;0.254233;0.244370;0.246545
armR_logged,instruct,14,12,ctx,4941,0.4210037195139691,,,,0.433668;0.411691;0.418818;0.423756;0.412925;0.421138
armR_logged,instruct,14,12,pfx,4941,0.23635887064529382,,,,0.249243;0.230053;0.230891;0.234188;0.224220;0.244471
armR_logged,instruct,14,13,ctx,3827,0.40610858379929626,,,,0.414258;0.395321;0.399882;0.413884;0.412204;0.395392
armR_logged,instruct,14,13,pfx,3827,0.22956954062716506,,,,0.234312;0.227723;0.217416;0.242728;0.223361;0.223912
armR_logged,instruct,14,14,ctx,3065,-1.2357788301575154,,,,-1.221221;-1.323799;-1.188103;-1.171025;-1.343198;-1.199283
armR_logged,instruct,14,14,pfx,3065,-2.293328293897258,,,,-2.450081;-2.328223;-2.250392;-2.283853;-2.298542;-2.174969
armR_logged,instruct,14,15,ctx,2418,-0.5557180544492613,,,,-0.520856;-0.566046;-0.582318;-0.575547;-0.568256;-0.543304
armR_logged,instruct,14,15,pfx,2418,-1.265970338309037,,,,-1.287674;-1.263591;-1.344743;-1.282602;-1.207245;-1.238321
armR_logged,instruct,14,16,ctx,1944,-0.30425841470223025,,,,-0.306256;-0.323774;-0.314443;-0.267964;-0.331875;-0.305320
armR_logged,instruct,14,16,pfx,1944,-0.8340093374327091,,,,-0.885037;-0.878156;-0.870973;-0.801632;-0.840274;-0.764581
armR_logged,instruct,14,17,ctx,1598,-0.13160709064163179,,,,-0.103217;-0.139711;-0.156348;-0.118619;-0.145845;-0.144965
armR_logged,instruct,14,17,pfx,1598,-0.6192003614270978,,,,-0.613082;-0.627354;-0.646756;-0.631714;-0.619269;-0.604908
armR_logged,instruct,14,18,ctx,1320,-0.06413259528844661,,,,-0.056462;-0.057451;-0.109753;-0.081398;-0.025139;-0.082189
armR_logged,instruct,14,18,pfx,1320,-0.4913819138123776,,,,-0.491185;-0.482967;-0.528429;-0.537497;-0.458388;-0.489134
armR_logged,instruct,14,19,ctx,1078,-0.0021442907641728848,,,,0.021427;0.013759;-0.068342;0.004816;0.005778;-0.030500
armR_logged,instruct,14,19,pfx,1078,-0.35699911003011753,,,,-0.343211;-0.329913;-0.429498;-0.372071;-0.335447;-0.382335
armR_logged,instruct,14,20,ctx,882,0.05997926925673369,,,,0.091556;0.037997;0.001515;0.067321;0.096692;0.027276
armR_logged,instruct,14,20,pfx,882,-0.29461871333500467,,,,-0.276741;-0.323965;-0.385894;-0.273769;-0.234222;-0.321532
armR_logged,instruct,14,21,ctx,732,0.06799646284458649,,,,0.095405;0.053759;-0.019739;0.065552;0.104022;0.057306
armR_logged,instruct,14,21,pfx,732,-0.2352462089270444,,,,-0.190781;-0.329988;-0.325955;-0.247063;-0.166290;-0.223080
armR_logged,instruct,14,22,ctx,611,0.09326792973268938,,,,0.108251;0.128940;0.016432;0.072493;0.109741;0.074284
armR_logged,instruct,14,22,pfx,611,-0.22355584807662354,,,,-0.182283;-0.212165;-0.287849;-0.326905;-0.182497;-0.225511
armR_logged,instruct,14,23,ctx,505,0.08981838142828702,,,,0.098339;0.135894;0.022070;0.055993;0.094062;0.078252
armR_logged,instruct,14,23,pfx,505,-0.17839963445494256,,,,-0.132120;-0.207376;-0.236856;-0.243235;-0.171348;-0.156578
armR_logged,instruct,14,24,ctx,438,0.1043265131824953,,,,0.082150;0.079027;0.042500;0.090422;0.136520;0.131827
armR_logged,instruct,14,24,pfx,438,-0.15572335824337946,,,,-0.166102;-0.139951;-0.230428;-0.188808;-0.159468;-0.123435
armR_logged,instruct,14,25,ctx,380,0.09646174129097485,,,,0.109614;0.081229;0.038115;0.096241;0.111731;0.069524
armR_logged,instruct,14,25,pfx,380,-0.14395639816404282,,,,-0.114278;-0.148109;-0.204144;-0.173953;-0.155708;-0.154252
armR_logged,instruct,14,26,ctx,332,0.11056910849852941,,,,0.133239;0.102533;0.077490;0.095102;0.073158;0.106267
armR_logged,instruct,14,26,pfx,332,-0.137434746830001,,,,-0.109803;-0.128410;-0.159063;-0.177759;-0.213721;-0.132552
armR_logged,instruct,14,27,ctx,279,0.09008255180455871,,,,0.126465;0.054086;0.033597;0.086299;0.102084;0.040929
armR_logged,instruct,14,27,pfx,279,-0.14151303303373397,,,,-0.113326;-0.184890;-0.200056;-0.162570;-0.110242;-0.197317
armR_logged,instruct,14,28,ctx,252,0.0956338081630983,,,,0.117762;0.073090;0.055944;0.073048;0.111282;0.046987
armR_logged,instruct,14,28,pfx,252,-0.12846281521355496,,,,-0.092742;-0.204223;-0.136085;-0.177534;-0.099778;-0.179549
armR_logged,instruct,14,29,ctx,215,0.07820549901886564,,,,0.099691;0.020365;0.033855;0.040625;0.108421;0.045746
armR_logged,instruct,14,29,pfx,215,-0.11317453200085192,,,,-0.120298;-0.154925;-0.160645;-0.141051;-0.085531;-0.169805
armR_logged,instruct,14,30,ctx,201,0.08220378365944814,,,,0.066809;0.053491;0.045930;0.043870;0.112098;0.031683
armR_logged,instruct,14,30,pfx,201,-0.10284110554482528,,,,-0.108474;-0.107574;-0.122323;-0.166626;-0.107736;-0.180280
armR_logged,instruct,14,31,ctx,171,0.08632859622132572,,,,0.072147;0.007485;0.102430;0.078078;0.073717;0.014616
armR_logged,instruct,14,31,pfx,171,-0.10690728151861828,,,,-0.089174;-0.129304;-0.165886;-0.135538;-0.111739;-0.212437
armR_logged,instruct,14,32,ctx,150,0.08302543471376422,,,,0.075859;0.070347;0.008063;0.044257;0.104126;-0.012923
armR_logged,instruct,14,32,pfx,150,-0.08893125874957875,,,,-0.094243;-0.142785;-0.168867;-0.138707;-0.102195;-0.137165
armR_logged,instruct,14,33,ctx,128,0.06814426829948061,,,,0.041165;0.077804;0.023178;0.025403;0.052888;-0.034343
armR_logged,instruct,14,33,pfx,128,-0.10713750327445837,,,,-0.185347;-0.106196;-0.102858;-0.147691;-0.090077;-0.285204
armR_logged,instruct,14,34,ctx,120,0.1282815755781348,,,,0.053909;0.125438;0.066125;0.092194;0.128259;0.069004
armR_logged,instruct,14,34,pfx,120,-0.031903342703442084,,,,-0.100127;-0.025404;-0.137630;-0.071129;-0.032507;-0.107017
armR_logged,instruct,14,35,ctx,108,0.11506361015102229,,,,0.114999;0.122845;0.037365;0.033467;0.074453;0.033527
armR_logged,instruct,14,35,pfx,108,-0.04025181777934961,,,,-0.029920;-0.042003;-0.188691;-0.107721;-0.091165;-0.109495
armR_logged,instruct,14,36,ctx,99,0.07517042824232378,,,,-0.000450;0.055698;0.042227;0.006564;0.061215;-0.020290
armR_logged,instruct,14,36,pfx,99,-0.08793456010557854,,,,-0.163658;-0.172357;-0.149381;-0.147383;-0.081462;-0.163374
armR_logged,instruct,14,37,ctx,88,0.10071508079628222,,,,0.077346;0.095638;-0.109562;0.035406;0.062824;0.062496
armR_logged,instruct,14,37,pfx,88,-0.09795503467336686,,,,-0.132567;-0.143063;-0.405039;-0.139466;-0.072101;-0.161060
armR_logged,instruct,14,38,ctx,79,0.0454894525666556,,,,-0.057042;-0.000513;-0.119013;0.011192;0.046500;0.008490
armR_logged,instruct,14,38,pfx,79,-0.0757047761829488,,,,-0.177772;-0.191652;-0.171761;-0.115211;-0.091719;-0.102794
armR_logged,instruct,14,39,ctx,68,0.044672584503209545,,,,-0.056542;0.033120;-0.140293;-0.007148;0.036124;-0.080383
armR_logged,instruct,14,39,pfx,68,-0.10752361084413975,,,,-0.182627;-0.197106;-0.231864;-0.158747;-0.153614;-0.249379
armR_logged,instruct,14,40,ctx,61,0.052974260501249204,,,,0.015704;0.027169;-0.144612;-0.077380;0.040562;-0.056497
armR_logged,instruct,14,40,pfx,61,-0.06741280817927442,,,,-0.151510;-0.144876;-0.283626;-0.131962;-0.120645;-0.161961
armR_logged,instruct,14,41,ctx,53,0.06364054016270981,,,,-0.115225;0.025622;-0.088171;-0.144607;0.071614;-0.029964
armR_logged,instruct,14,41,pfx,53,-0.09723287589296481,,,,-0.399363;-0.145620;-0.268033;-0.236839;-0.117121;-0.186304
armR_logged,instruct,14,42,ctx,45,0.031183506347577383,,,,-0.218025;-0.102619;-0.116211;-0.210732;0.029889;-0.035974
armR_logged,instruct,14,42,pfx,45,-0.12195699150819772,,,,-0.404872;-0.363378;-0.289024;-0.318777;-0.087711;-0.224375
armR_logged,instruct,14,43,ctx,43,0.04913103271696062,,,,-0.200881;0.005872;-0.099675;-0.098593;-0.004565;-0.112129
armR_logged,instruct,14,43,pfx,43,-0.07716829078057552,,,,-0.361721;-0.157584;-0.172767;-0.167555;-0.193850;-0.272705
armR_logged,instruct,14,44,ctx,39,0.0047300635145191006,,,,-0.127339;-0.130586;-0.255405;-0.154572;-0.052133;-0.254034
armR_logged,instruct,14,44,pfx,39,-0.11197839550503685,,,,-0.277402;-0.238140;-0.429081;-0.289553;-0.171193;-0.409799
armR_logged,instruct,14,45,ctx,37,0.04329957730578804,,,,-0.141937;-0.057173;-0.115510;-0.226298;0.037119;-1.079952
armR_logged,instruct,14,45,pfx,37,-0.1064544733465227,,,,-0.255226;-0.223059;-0.394618;-0.246747;-0.194555;-1.283001
armR_logged,instruct,14,46,ctx,33,-0.05413777858966373,,,,-0.195199;-0.213340;-0.343275;-0.270962;-0.141957;nan
armR_logged,instruct,14,46,pfx,33,-0.2274736215750066,,,,-0.333470;-0.291134;-0.482643;-0.346070;-0.467891;nan
armR_logged,instruct,14,47,ctx,31,-0.015221381264659328,,,,-0.207249;-0.101320;-0.425484;-0.128438;-0.067276;nan
armR_logged,instruct,14,47,pfx,31,-0.08931721852741803,,,,-0.345776;-0.163918;-0.488867;-0.179125;-0.133595;nan
armR_logged,instruct,14,48,ctx,31,-0.03261579165745565,,,,-0.308105;-0.171586;-0.212806;-0.193266;-0.104112;nan
armR_logged,instruct,14,48,pfx,31,-0.21276405120672526,,,,-0.404197;-0.361486;-0.522709;-0.302006;-0.405306;nan
armR_logged,instruct,18,1,ctx,4941,0.4408032857362033,,,,0.439994;0.449660;0.431465;0.435543;0.444671;0.439703
armR_logged,instruct,18,2,ctx,4941,0.4486683258593622,,,,0.455358;0.448222;0.438341;0.446177;0.445209;0.454074
armR_logged,instruct,18,2,pfx,4941,0.18548937136195753,,,,0.184644;0.188185;0.177134;0.192272;0.167004;0.197295
armR_logged,instruct,18,3,ctx,4941,0.4591078201669201,,,,0.462988;0.458481;0.450827;0.459204;0.461908;0.457315
armR_logged,instruct,18,3,pfx,4941,0.1948732438147731,,,,0.186196;0.200707;0.189726;0.212621;0.192441;0.181965
armR_logged,instruct,18,4,ctx,4941,0.4704575301754479,,,,0.467825;0.475790;0.463762;0.471884;0.472980;0.466161
armR_logged,instruct,18,4,pfx,4941,0.20102534962757723,,,,0.197707;0.197866;0.199757;0.208375;0.202643;0.193591
armR_logged,instruct,18,5,ctx,4941,0.47572984970506993,,,,0.475286;0.478133;0.468062;0.478451;0.470511;0.480574
armR_logged,instruct,18,5,pfx,4941,0.20871086188636023,,,,0.195765;0.214417;0.208789;0.210505;0.216173;0.201826
armR_logged,instruct,18,6,ctx,4941,0.47400190732796776,,,,0.474562;0.471132;0.467552;0.479033;0.474149;0.474346
armR_logged,instruct,18,6,pfx,4941,0.21417030787504443,,,,0.217793;0.204441;0.216046;0.223447;0.205417;0.213157
armR_logged,instruct,18,7,ctx,4941,0.47798486824034325,,,,0.477767;0.488336;0.476771;0.473505;0.469867;0.478285
armR_logged,instruct,18,7,pfx,4941,0.21224458720130868,,,,0.215026;0.206736;0.198804;0.228649;0.209679;0.209119
armR_logged,instruct,18,8,ctx,4941,0.4846943505424769,,,,0.479445;0.494232;0.487814;0.484619;0.478832;0.479715
armR_logged,instruct,18,8,pfx,4941,0.22084824947719928,,,,0.210573;0.225095;0.221526;0.217299;0.225339;0.220059
armR_logged,instruct,18,9,ctx,4941,0.4810466046272738,,,,0.485470;0.481668;0.475134;0.480711;0.477630;0.481968
armR_logged,instruct,18,9,pfx,4941,0.22335515509935122,,,,0.226951;0.222817;0.220737;0.228160;0.222177;0.213434
armR_logged,instruct,18,10,ctx,4941,0.48363344281469056,,,,0.476522;0.490205;0.479966;0.485739;0.479570;0.486329
armR_logged,instruct,18,10,pfx,4941,0.22504627098280094,,,,0.220565;0.218876;0.215082;0.235683;0.227210;0.227216
armR_logged,instruct,18,11,ctx,4941,0.4854146607426405,,,,0.488703;0.481480;0.484064;0.488378;0.483208;0.482932
armR_logged,instruct,18,11,pfx,4941,0.22147953307266155,,,,0.224025;0.211994;0.216605;0.236603;0.215529;0.218077
armR_logged,instruct,18,12,ctx,4941,0.4782320297013216,,,,0.486853;0.468189;0.475078;0.487677;0.468929;0.478628
armR_logged,instruct,18,12,pfx,4941,0.2099953740725714,,,,0.225638;0.201821;0.201162;0.211669;0.197051;0.216904
armR_logged,instruct,18,13,ctx,3827,0.4626876030303618,,,,0.467934;0.453003;0.448448;0.486232;0.470026;0.444619
armR_logged,instruct,18,13,pfx,3827,0.2054868098916095,,,,0.208716;0.202272;0.187138;0.226889;0.198018;0.200682
armR_logged,instruct,18,14,ctx,3065,-0.9354715603016417,,,,-0.953512;-0.983915;-0.922233;-0.872556;-1.057976;-0.845830
armR_logged,instruct,18,14,pfx,3065,-2.1824838563037323,,,,-2.257209;-2.235681;-2.103093;-2.200359;-2.198325;-2.129357
armR_logged,instruct,18,15,ctx,2418,-0.3377971364742296,,,,-0.328883;-0.350544;-0.347530;-0.330952;-0.363316;-0.323025
armR_logged,instruct,18,15,pfx,2418,-1.1783033134067367,,,,-1.210347;-1.175854;-1.175035;-1.173605;-1.170253;-1.191123
armR_logged,instruct,18,16,ctx,1944,-0.10411132786212729,,,,-0.094929;-0.121335;-0.101945;-0.080565;-0.144401;-0.102464
armR_logged,instruct,18,16,pfx,1944,-0.7600569792068184,,,,-0.807291;-0.768685;-0.813940;-0.680158;-0.800565;-0.725355
armR_logged,instruct,18,17,ctx,1598,0.023666494174566677,,,,0.051120;0.019657;-0.010336;0.036280;-0.005552;0.033197
armR_logged,instruct,18,17,pfx,1598,-0.5665277718866726,,,,-0.567509;-0.556538;-0.583670;-0.551473;-0.580005;-0.585186
armR_logged,instruct,18,18,ctx,1320,0.08048936151251163,,,,0.091260;0.084424;0.063318;0.059259;0.106702;0.053207
armR_logged,instruct,18,18,pfx,1320,-0.4408528820273716,,,,-0.433021;-0.469675;-0.472308;-0.436663;-0.424159;-0.442458
armR_logged,instruct,18,19,ctx,1078,0.14778044674050195,,,,0.174327;0.155848;0.100880;0.146321;0.162346;0.111804
armR_logged,instruct,18,19,pfx,1078,-0.31040649247457464,,,,-0.303976;-0.288762;-0.359398;-0.295223;-0.307137;-0.356722
armR_logged,instruct,18,20,ctx,882,0.20113265901566602,,,,0.208283;0.187171;0.145089;0.215254;0.241048;0.178469
armR_logged,instruct,18,20,pfx,882,-0.25546350341386503,,,,-0.255331;-0.264540;-0.324489;-0.233327;-0.217033;-0.284474
armR_logged,instruct,18,21,ctx,732,0.21094223768878628,,,,0.213450;0.196468;0.152279;0.216870;0.239182;0.207118
armR_logged,instruct,18,21,pfx,732,-0.18476638926638245,,,,-0.163548;-0.239170;-0.285203;-0.202211;-0.102581;-0.182432
armR_logged,instruct,18,22,ctx,611,0.22210714512461494,,,,0.229515;0.247518;0.146138;0.202657;0.253658;0.205094
armR_logged,instruct,18,22,pfx,611,-0.14869822811718603,,,,-0.102229;-0.142241;-0.206272;-0.218212;-0.104033;-0.197120
armR_logged,instruct,18,23,ctx,505,0.21705913659709075,,,,0.205854;0.232875;0.173334;0.208132;0.238747;0.194314
armR_logged,instruct,18,23,pfx,505,-0.14874692605741924,,,,-0.148069;-0.123968;-0.209080;-0.189041;-0.142322;-0.149248
armR_logged,instruct,18,24,ctx,438,0.23691777251143875,,,,0.222968;0.211823;0.197590;0.215189;0.257885;0.262550
armR_logged,instruct,18,24,pfx,438,-0.11434517504158292,,,,-0.133703;-0.096512;-0.161990;-0.163620;-0.079117;-0.129273
armR_logged,instruct,18,25,ctx,380,0.2303925288330242,,,,0.228860;0.241162;0.178707;0.216528;0.238935;0.217302
armR_logged,instruct,18,25,pfx,380,-0.11258434367544679,,,,-0.100589;-0.096892;-0.158314;-0.134551;-0.118756;-0.151584
armR_logged,instruct,18,26,ctx,332,0.2236751403352939,,,,0.227430;0.209057;0.206343;0.216875;0.204041;0.212143
armR_logged,instruct,18,26,pfx,332,-0.07860627963954503,,,,-0.067811;-0.068811;-0.101178;-0.113331;-0.100738;-0.111193
armR_logged,instruct,18,27,ctx,279,0.2092810449019652,,,,0.244853;0.172534;0.139957;0.209411;0.240709;0.158405
armR_logged,instruct,18,27,pfx,279,-0.0806679933657295,,,,-0.076156;-0.118834;-0.137317;-0.094299;-0.031732;-0.144976
armR_logged,instruct,18,28,ctx,252,0.21225193936624387,,,,0.236555;0.200024;0.200473;0.195138;0.235819;0.122342
armR_logged,instruct,18,28,pfx,252,-0.06760717217010459,,,,-0.042752;-0.096988;-0.069354;-0.131125;-0.023645;-0.151197
armR_logged,instruct,18,29,ctx,215,0.1964796520274089,,,,0.201653;0.166221;0.146866;0.157843;0.248529;0.153732
armR_logged,instruct,18,29,pfx,215,-0.02279491256431565,,,,-0.055212;-0.035542;-0.054037;-0.047829;-0.001658;-0.093282
armR_logged,instruct,18,30,ctx,201,0.17435913647522316,,,,0.158036;0.147575;0.122418;0.154189;0.236937;0.102824
armR_logged,instruct,18,30,pfx,201,-0.03645427901534504,,,,-0.066508;-0.050556;-0.045825;-0.107577;0.006817;-0.119485
armR_logged,instruct,18,31,ctx,171,0.20520538119403164,,,,0.170404;0.162861;0.206123;0.194935;0.225639;0.129116
armR_logged,instruct,18,31,pfx,171,-0.05060914295657115,,,,-0.055897;-0.071625;-0.065062;-0.103507;-0.042042;-0.146318
armR_logged,instruct,18,32,ctx,150,0.19127259278534592,,,,0.147680;0.177902;0.141012;0.143903;0.250260;0.115113
armR_logged,instruct,18,32,pfx,150,-0.02555366702254047,,,,-0.071408;-0.038261;-0.132131;-0.055551;-0.007093;-0.084696
armR_logged,instruct,18,33,ctx,128,0.17051462822316865,,,,0.088832;0.186171;0.128676;0.133669;0.192080;0.082948
armR_logged,instruct,18,33,pfx,128,-0.0441317241797301,,,,-0.145778;-0.076039;-0.036779;-0.081406;-0.028570;-0.152225
armR_logged,instruct,18,34,ctx,120,0.19823806503754304,,,,0.113452;0.231436;0.100281;0.154652;0.202962;0.152920
armR_logged,instruct,18,34,pfx,120,0.00713424503905169,,,,-0.119780;-0.005222;-0.065081;-0.018939;0.045886;-0.061555
armR_logged,instruct,18,35,ctx,108,0.18556413569825747,,,,0.161174;0.225625;0.057035;0.116226;0.181264;0.104411
armR_logged,instruct,18,35,pfx,108,0.013956681909780277,,,,0.019697;-0.016292;-0.151292;-0.035976;0.000441;-0.034296
armR_logged,instruct,18,36,ctx,99,0.14441603381696344,,,,0.055650;0.146601;0.084996;0.067725;0.156277;0.076565
armR_logged,instruct,18,36,pfx,99,-0.029455422446134305,,,,-0.147867;-0.102729;-0.107124;-0.056634;-0.023689;-0.080052
armR_logged,instruct,18,37,ctx,88,0.18813686709557853,,,,0.150502;0.167710;0.024300;0.144028;0.133572;0.145539
armR_logged,instruct,18,37,pfx,88,-0.044642723504995985,,,,-0.055948;-0.075192;-0.323451;-0.114488;-0.060029;-0.120563
armR_logged,instruct,18,38,ctx,79,0.12888531301173123,,,,0.034765;0.092053;-0.043101;0.089150;0.145232;0.100139
armR_logged,instruct,18,38,pfx,79,-0.0379487567400727,,,,-0.150738;-0.120666;-0.160166;-0.056985;-0.039259;-0.115400
armR_logged,instruct,18,39,ctx,68,0.09410998098100054,,,,0.008971;0.075833;-0.057117;0.066325;0.056221;-0.058840
armR_logged,instruct,18,39,pfx,68,-0.06780530748431945,,,,-0.157820;-0.137147;-0.212579;-0.093900;-0.110727;-0.244629
armR_logged,instruct,18,40,ctx,61,0.1187165041179209,,,,0.043933;0.070407;-0.028450;-0.031081;0.109221;0.091111
armR_logged,instruct,18,40,pfx,61,-0.015618806703656896,,,,-0.150818;-0.113828;-0.157840;-0.104682;-0.028893;-0.091776
armR_logged,instruct,18,41,ctx,53,0.09598080724142943,,,,-0.173625;0.062891;-0.079574;-0.075590;0.121768;0.015492
armR_logged,instruct,18,41,pfx,53,-0.04707190735041711,,,,-0.346016;-0.133644;-0.183321;-0.193433;-0.049915;-0.146661
armR_logged,instruct,18,42,ctx,45,0.09552374337037661,,,,-0.195375;-0.011722;-0.018200;-0.165062;0.114044;-0.004182
armR_logged,instruct,18,42,pfx,45,-0.11409827794447103,,,,-0.368921;-0.315436;-0.294306;-0.361008;-0.094297;-0.241573
armR_logged,instruct,18,43,ctx,43,0.10484736839553777,,,,-0.127682;0.070308;-0.020022;-0.037204;0.027740;-0.017697
armR_logged,instruct,18,43,pfx,43,-0.03989091165342806,,,,-0.261162;-0.131688;-0.108908;-0.160186;-0.149320;-0.267824
armR_logged,instruct,18,44,ctx,39,0.06743959969354907,,,,-0.105428;0.014275;-0.239281;-0.104765;0.026895;-0.210027
armR_logged,instruct,18,44,pfx,39,-0.05001866295726409,,,,-0.228057;-0.204183;-0.250323;-0.212390;-0.101436;-0.394363
armR_logged,instruct,18,45,ctx,37,0.08986160444512248,,,,-0.068790;0.025092;-0.057084;-0.212658;0.076740;-1.074510
armR_logged,instruct,18,45,pfx,37,-0.07299609516275196,,,,-0.215169;-0.157661;-0.279433;-0.262240;-0.165896;-1.379705
armR_logged,instruct,18,46,ctx,33,0.012413784578539255,,,,-0.163060;-0.150042;-0.221166;-0.160331;-0.100828;nan
armR_logged,instruct,18,46,pfx,33,-0.13137686037687435,,,,-0.259774;-0.314719;-0.327776;-0.233468;-0.320117;nan
armR_logged,instruct,18,47,ctx,31,0.10048233746555246,,,,-0.144570;0.063651;-0.230065;-0.058520;0.097248;nan
armR_logged,instruct,18,47,pfx,31,-0.024271667803323238,,,,-0.275390;-0.043191;-0.527372;-0.172328;-0.012332;nan
armR_logged,instruct,18,48,ctx,31,0.05462929317681042,,,,-0.180039;-0.088026;-0.086934;-0.108419;-0.032857;nan
armR_logged,instruct,18,48,pfx,31,-0.13335913390868925,,,,-0.342463;-0.350777;-0.301916;-0.235673;-0.314429;nan
armR_logged,instruct,19,1,ctx,4941,0.4957999734832247,-0.17121591431406727,-0.16656601592893108,-0.16407359811316735,0.494229;0.504390;0.488000;0.488671;0.501048;0.495018
armR_logged,instruct,19,2,ctx,4941,0.5029955555035963,-0.18945361601404465,-0.18435528320034095,-0.18262878765631685,0.508910;0.502904;0.495288;0.499899;0.500341;0.506679
armR_logged,instruct,19,2,pfx,4941,0.22504367510095802,-0.17854003710662297,-0.17373167249367383,-0.1722224989212311,0.222550;0.230551;0.223057;0.228235;0.208394;0.231866
armR_logged,instruct,19,3,ctx,4941,0.5076437993063991,-0.19000165894339063,-0.1859185983102658,-0.18461515590806044,0.510746;0.506347;0.499800;0.505963;0.510798;0.508719
armR_logged,instruct,19,3,pfx,4941,0.23305132309547094,-0.19523787008117008,-0.190565732848656,-0.1886720603106069,0.223589;0.236218;0.231944;0.247728;0.231353;0.222429
armR_logged,instruct,19,4,ctx,4941,0.5168308578929316,-0.18904088154600218,-0.18470210784988939,-0.18112455040635944,0.511760;0.522377;0.513470;0.516054;0.520254;0.513374
armR_logged,instruct,19,4,pfx,4941,0.24120995313204474,-0.19645824353907343,-0.19182655629755246,-0.18949322554294,0.237202;0.242991;0.243293;0.243622;0.240514;0.234107
armR_logged,instruct,19,5,ctx,4941,0.5204395087916902,-0.18995406304162885,-0.1849175204970315,-0.18092618105203195,0.519092;0.522978;0.515003;0.521059;0.515954;0.525599
armR_logged,instruct,19,5,pfx,4941,0.24352345270449993,-0.1964620760882147,-0.19126597655242616,-0.18972728146419948,0.231194;0.250110;0.245472;0.244394;0.249101;0.236340
armR_logged,instruct,19,6,ctx,4941,0.5174251845602893,-0.18953662441300667,-0.18476189802283383,-0.182482361171461,0.518228;0.512619;0.512503;0.520186;0.519232;0.518927
armR_logged,instruct,19,6,pfx,4941,0.24930623357658022,-0.19662578257134747,-0.19116765011228065,-0.18807334081354998,0.251077;0.239470;0.249037;0.257809;0.239590;0.254356
armR_logged,instruct,19,7,ctx,4941,0.5209740589262557,-0.18913749209475264,-0.18413607211466426,-0.18104028841447728,0.519783;0.530186;0.522329;0.516710;0.513002;0.520808
armR_logged,instruct,19,7,pfx,4941,0.24645210522457628,-0.19688740826161877,-0.19115710292877125,-0.1884246949438868,0.246327;0.241398;0.238173;0.259502;0.243096;0.245312
armR_logged,instruct,19,8,ctx,4941,0.5266745435446099,-0.18785255071698753,-0.18315251330037774,-0.18075920373772303,0.521355;0.535498;0.532137;0.524862;0.522325;0.520651
armR_logged,instruct,19,8,pfx,4941,0.2551618528928147,-0.1973571733544122,-0.19316926825425598,-0.19060381871927867,0.242340;0.258725;0.258521;0.252356;0.259674;0.254476
armR_logged,instruct,19,9,ctx,4941,0.5218373362013653,-0.18832539475100127,-0.1843806240511595,-0.18252017310850976,0.526452;0.524410;0.518126;0.520593;0.515636;0.522450
armR_logged,instruct,19,9,pfx,4941,0.25940515876224424,-0.19740906623798302,-0.19163093684518248,-0.1908311085823422,0.262831;0.260913;0.260102;0.257721;0.257217;0.252356
armR_logged,instruct,19,10,ctx,4941,0.5248361818221214,-0.18858865516467563,-0.18415667837398977,-0.1814826057895509,0.519455;0.530494;0.525386;0.523776;0.522632;0.524092
armR_logged,instruct,19,10,pfx,4941,0.2612318739609947,-0.19789360785146137,-0.19310774598361077,-0.19093539006881555,0.258282;0.259832;0.256833;0.270033;0.255531;0.261834
armR_logged,instruct,19,11,ctx,4941,0.5251370714597865,-0.1889361185476045,-0.18446781265182505,-0.18215792908067163,0.528925;0.522210;0.523302;0.526941;0.523469;0.522599
armR_logged,instruct,19,11,pfx,4941,0.25447512849230725,-0.1981824356824177,-0.19293732800789914,-0.1916126257898203,0.253821;0.248013;0.247799;0.269624;0.248317;0.253698
armR_logged,instruct,19,12,ctx,4941,0.5176397429304838,-0.18867124201493965,-0.18269796859386608,-0.18133315266580285,0.527776;0.508399;0.516124;0.525603;0.506785;0.517505
armR_logged,instruct,19,12,pfx,4941,0.24309259731139865,-0.1981664500982106,-0.19356786853298835,-0.1921198520702776,0.258757;0.236833;0.232090;0.244097;0.228827;0.252454
armR_logged,instruct,19,13,ctx,3827,0.5009949585435022,-0.19913488896881631,-0.19344835041423677,-0.18905894298671866,0.504019;0.495975;0.490672;0.524144;0.508230;0.477968
armR_logged,instruct,19,13,pfx,3827,0.2378307179716579,-0.20949954408643884,-0.20222694289342225,-0.19981687285809602,0.236964;0.238135;0.225548;0.257388;0.230101;0.230628
armR_logged,instruct,19,14,ctx,3065,-0.7551732605639283,-4.105828362914247,-3.999207365178974,-3.978528648025809,-0.772818;-0.784127;-0.729100;-0.727131;-0.824866;-0.712751
armR_logged,instruct,19,14,pfx,3065,-2.0663751053142447,-4.268509176666591,-4.178398081807008,-4.152147118737707,-2.131023;-2.091515;-2.035638;-2.019441;-2.118794;-2.032237
armR_logged,instruct,19,15,ctx,2418,-0.22579569943833278,-2.4515845336130444,-2.391299464950301,-2.3677843731869324,-0.231428;-0.228710;-0.231341;-0.232809;-0.237256;-0.208095
armR_logged,instruct,19,15,pfx,2418,-1.0936176939274946,-2.531882704273292,-2.4507076776640253,-2.4033116615403065,-1.156446;-1.061062;-1.113620;-1.119841;-1.076148;-1.056284
armR_logged,instruct,19,16,ctx,1944,-0.020764072815118384,-1.792623687495356,-1.7376210938280132,-1.7189202492288205,-0.005867;-0.037669;-0.017071;-0.005123;-0.054807;-0.022593
armR_logged,instruct,19,16,pfx,1944,-0.7193904391187176,-1.8471470860463097,-1.7918366818224012,-1.7548524275504875,-0.763702;-0.723703;-0.760729;-0.661974;-0.750366;-0.688733
armR_logged,instruct,19,17,ctx,1598,0.10171768262448333,-1.4094095864437903,-1.3633759459972297,-1.3520186651684982,0.114085;0.101091;0.088393;0.112926;0.080852;0.097643
armR_logged,instruct,19,17,pfx,1598,-0.5381068354938614,-1.4917467482274063,-1.4431747185662314,-1.4345497967710048,-0.542773;-0.535239;-0.557910;-0.497774;-0.577208;-0.542383
armR_logged,instruct,19,18,ctx,1320,0.14605947456959345,-1.176180943901396,-1.1343692398533791,-1.113539894486126,0.145099;0.155505;0.138705;0.112464;0.164335;0.136429
armR_logged,instruct,19,18,pfx,1320,-0.3972333692768968,-1.2467763477947467,-1.200346166178,-1.1878352131578036,-0.396635;-0.410925;-0.430512;-0.408365;-0.376695;-0.394004
armR_logged,instruct,19,19,ctx,1078,0.20724069764045794,-1.0101353030660962,-0.9645770931786213,-0.9502429282347717,0.233148;0.202656;0.166180;0.212516;0.213881;0.183567
armR_logged,instruct,19,19,pfx,1078,-0.2735996122756976,-1.0621912494930834,-1.0138929505395673,-1.0022146811029278,-0.279848;-0.259986;-0.314092;-0.252642;-0.265182;-0.315521
armR_logged,instruct,19,20,ctx,882,0.24661839154414278,-0.8742455564660286,-0.8351081559572302,-0.8193134390160355,0.249144;0.230911;0.205352;0.264182;0.282983;0.218161
armR_logged,instruct,19,20,pfx,882,-0.2027450330223799,-0.9263967696563469,-0.8855621168468107,-0.8621517044616871,-0.196677;-0.223907;-0.237081;-0.187108;-0.175907;-0.240588
armR_logged,instruct,19,21,ctx,732,0.24801406995086195,-0.7829987241639411,-0.750679299145556,-0.7121992525509384,0.257353;0.231418;0.203153;0.250829;0.274369;0.233897
armR_logged,instruct,19,21,pfx,732,-0.1450398118539702,-0.8374925466633895,-0.7986831171526109,-0.775088636083012,-0.112238;-0.208718;-0.238461;-0.143763;-0.076648;-0.152217
armR_logged,instruct,19,22,ctx,611,0.25404514216997565,-0.7047204602511323,-0.6629751847942378,-0.6404068761939965,0.267609;0.269222;0.195323;0.226603;0.279822;0.240192
armR_logged,instruct,19,22,pfx,611,-0.11934833765098762,-0.7556048716986163,-0.7191969301116229,-0.6996670693374343,-0.061032;-0.098908;-0.175715;-0.185766;-0.100621;-0.165948
armR_logged,instruct,19,23,ctx,505,0.2462967467509074,-0.6402812762180861,-0.6007507707648818,-0.5890157145238395,0.233393;0.268823;0.214673;0.241289;0.247714;0.226074
armR_logged,instruct,19,23,pfx,505,-0.1211232143172627,-0.6760413053651741,-0.6334840177861509,-0.603020404095586,-0.117929;-0.091778;-0.188462;-0.155042;-0.130880;-0.110612
armR_logged,instruct,19,24,ctx,438,0.2538291812195199,-0.5837515716580842,-0.5488077018325034,-0.5328939729536799,0.253074;0.244495;0.217285;0.228748;0.259073;0.269854
armR_logged,instruct,19,24,pfx,438,-0.09052902594606049,-0.6282074222409222,-0.5873340020802574,-0.5782040125141241,-0.091940;-0.054320;-0.150546;-0.142982;-0.085147;-0.089947
armR_logged,instruct,19,25,ctx,380,0.25919261548192185,-0.5593693081127504,-0.5134385458647279,-0.5071778592325662,0.254559;0.278521;0.201559;0.244746;0.269745;0.247750
armR_logged,instruct,19,25,pfx,380,-0.088303195929196,-0.5884846865602796,-0.5507058688030508,-0.5288584437114889,-0.074142;-0.088956;-0.148200;-0.098223;-0.102757;-0.100990
armR_logged,instruct,19,26,ctx,332,0.23427056174587868,-0.5232881087674072,-0.48801747912936455,-0.4754774007831519,0.236263;0.243741;0.207685;0.219070;0.219437;0.215103
armR_logged,instruct,19,26,pfx,332,-0.06441190333348579,-0.5551712946257695,-0.5154449779081194,-0.5077336110219719,-0.071187;-0.068593;-0.074921;-0.101487;-0.087314;-0.071735
armR_logged,instruct,19,27,ctx,279,0.2260259132000979,-0.47770581623701547,-0.4358186039108054,-0.4235934601538971,0.259098;0.211889;0.138677;0.213023;0.256576;0.192420
armR_logged,instruct,19,27,pfx,279,-0.07236881169072196,-0.505135553692273,-0.4615272918115293,-0.4475487842612751,-0.057943;-0.111733;-0.145302;-0.087572;-0.038176;-0.109947
armR_logged,instruct,19,28,ctx,252,0.22549138764581933,-0.4628077895555385,-0.4191856438420199,-0.4055883499751176,0.253451;0.222378;0.203125;0.194157;0.253765;0.149318
armR_logged,instruct,19,28,pfx,252,-0.0537048128529416,-0.4865994745867069,-0.44231524661189886,-0.4060147409284163,-0.017366;-0.105228;-0.066301;-0.108636;0.006391;-0.136563
armR_logged,instruct,19,29,ctx,215,0.21450585934711497,-0.4462643127763798,-0.40249132197617726,-0.3699466634050641,0.217052;0.201323;0.176621;0.157984;0.251946;0.181355
armR_logged,instruct,19,29,pfx,215,-0.026754850596216295,-0.4528093365664097,-0.40630498769252305,-0.3823255775366021,-0.050390;-0.062803;-0.049970;-0.058668;-0.028880;-0.059199
armR_logged,instruct,19,30,ctx,201,0.17282162200414553,-0.41900448159926923,-0.3742475000198943,-0.3599080028195878,0.163866;0.157854;0.130269;0.134659;0.201799;0.123948
armR_logged,instruct,19,30,pfx,201,-0.026431249105696386,-0.44709792169623597,-0.40139277227246845,-0.3742050194516111,-0.070953;-0.041562;-0.027507;-0.077533;-0.009676;-0.100524
armR_logged,instruct,19,31,ctx,171,0.2136534969476679,-0.39930228349187347,-0.35022072654758263,-0.31997463735506915,0.155693;0.190142;0.209337;0.201560;0.229462;0.147394
armR_logged,instruct,19,31,pfx,171,-0.04697567435401773,-0.42184208803585377,-0.3764605107368083,-0.36776233293989113,-0.057775;-0.045273;-0.063852;-0.110306;-0.053631;-0.137492
armR_logged,instruct,19,32,ctx,150,0.2000259586082348,-0.3901462804180566,-0.34320056096491114,-0.3181979298947595,0.167789;0.173332;0.131502;0.161611;0.252917;0.138235
armR_logged,instruct,19,32,pfx,150,-0.020167242866746538,-0.3910746117767313,-0.3383749578255615,-0.3267803243842251,-0.062294;-0.044661;-0.130644;-0.059455;-0.000475;-0.056587
armR_logged,instruct,19,33,ctx,128,0.17738209660939652,-0.37059835376504735,-0.3242576449365533,-0.3007165368197384,0.089892;0.207508;0.139852;0.114281;0.185138;0.114211
armR_logged,instruct,19,33,pfx,128,-0.05239311098504196,-0.3805958775096015,-0.3256264639592677,-0.3014737742396765,-0.191557;-0.083467;-0.057957;-0.050442;-0.043696;-0.156641
armR_logged,instruct,19,34,ctx,120,0.1976698819703212,-0.36924312869888637,-0.3143113816230052,-0.2978486381764316,0.121650;0.226140;0.111625;0.149584;0.167575;0.179566
armR_logged,instruct,19,34,pfx,120,0.003955293056979614,-0.37581087872947444,-0.3282035859420178,-0.2923326393687764,-0.143006;-0.016056;-0.072120;-0.016069;0.036535;-0.039225
armR_logged,instruct,19,35,ctx,108,0.18963619907897655,-0.3464753598920906,-0.3001234625233359,-0.2698403711075166,0.177640;0.234325;0.061517;0.120703;0.168812;0.106369
armR_logged,instruct,19,35,pfx,108,0.022648571337890888,-0.36849236552882453,-0.31732988488129077,-0.2879220527468491,-0.001089;0.011302;-0.160864;-0.028963;0.012176;-0.010214
armR_logged,instruct,19,36,ctx,99,0.15486163931337016,-0.34100658064917583,-0.28446717265177784,-0.270803450083444,0.096941;0.120238;0.116892;0.078342;0.151967;0.105495
armR_logged,instruct,19,36,pfx,99,-0.019006584537846427,-0.3682456811337446,-0.309103086901897,-0.2807728254282522,-0.125673;-0.086445;-0.071183;-0.048884;-0.053262;-0.063127
armR_logged,instruct,19,37,ctx,88,0.18671124728755395,-0.337889606716618,-0.27958394774647566,-0.2524387826140748,0.163831;0.157071;0.006730;0.144608;0.151109;0.129508
armR_logged,instruct,19,37,pfx,88,-0.04941612490932967,-0.3547335878772512,-0.2958318934564123,-0.28000191894126814,-0.098028;-0.078965;-0.289316;-0.104889;-0.088696;-0.114431
armR_logged,instruct,19,38,ctx,79,0.13555766262132296,-0.32678071114570656,-0.2706573355614119,-0.24950452580582194,0.024735;0.110900;-0.019712;0.093177;0.156789;0.076680
armR_logged,instruct,19,38,pfx,79,-0.03790113504711701,-0.3645467446826421,-0.30130433904786436,-0.27556570953718795,-0.147206;-0.112490;-0.156027;-0.069412;-0.049681;-0.110707
armR_logged,instruct,19,39,ctx,68,0.09610340396740025,-0.3214737254858472,-0.2653453664173148,-0.25797734270164074,0.003225;0.073270;-0.083064;0.047118;0.086528;-0.023796
armR_logged,instruct,19,39,pfx,68,-0.08676182895451334,-0.3717480815666442,-0.3122964405888271,-0.26603163110362904,-0.211225;-0.144695;-0.284571;-0.118293;-0.108092;-0.219717
armR_logged,instruct,19,40,ctx,61,0.11887587150313561,-0.3196915612475843,-0.25955201491866264,-0.23667381540634147,0.063238;0.029196;-0.073605;0.002297;0.122403;0.102106
armR_logged,instruct,19,40,pfx,61,-0.014879131345783003,-0.34178341668761747,-0.2825578354807637,-0.25080489950430596,-0.144473;-0.091297;-0.168184;-0.101081;-0.048402;-0.089305
armR_logged,instruct,19,41,ctx,53,0.10915715308867902,-0.29775559274073254,-0.23887841253545808,-0.2009007444974471,-0.179753;0.073575;-0.055320;-0.033528;0.115868;0.024819
armR_logged,instruct,19,41,pfx,53,-0.047453367386912415,-0.3398040034135073,-0.2736808811329583,-0.25452035905333603,-0.343279;-0.116410;-0.207905;-0.214952;-0.064948;-0.133589
armR_logged,instruct,19,42,ctx,45,0.10944449233146913,-0.25681347060879617,-0.19200645353339282,-0.1844611430721903,-0.165997;0.029805;-0.029163;-0.117801;0.107383;0.005334
armR_logged,instruct,19,42,pfx,45,-0.07961566317738611,-0.32402721316369537,-0.24477245676646817,-0.21967527997531233,-0.300306;-0.246272;-0.245464;-0.325496;-0.086929;-0.218713
armR_logged,instruct,19,43,ctx,43,0.10130741380385655,-0.2900712416796607,-0.20907622758931457,-0.1403655482712658,-0.114437;0.050229;-0.017839;-0.031360;0.029383;-0.046754
armR_logged,instruct,19,43,pfx,43,-0.030113733254949926,-0.328538164813842,-0.24241947712372353,-0.21150576156683476,-0.277997;-0.127941;-0.111737;-0.141731;-0.123217;-0.220255
armR_logged,instruct,19,44,ctx,39,0.0866164266080166,-0.2609910203690465,-0.1896113349487735,-0.16307209273752266,-0.092141;0.001272;-0.199865;-0.073626;0.057918;-0.169339
armR_logged,instruct,19,44,pfx,39,-0.04801092788589534,-0.3357692841985267,-0.263961044041792,-0.24209877551799397,-0.304272;-0.180022;-0.324948;-0.164802;-0.081293;-0.362711
armR_logged,instruct,19,45,ctx,37,0.07792377311783816,-0.2776373523840804,-0.21520211529181515,-0.19130849265593208,-0.136241;0.019706;-0.050957;-0.247862;0.067444;-1.067149
armR_logged,instruct,19,45,pfx,37,-0.05824207360656897,-0.33661115177656414,-0.2627656035857522,-0.24159198424577255,-0.281261;-0.119172;-0.264965;-0.247467;-0.133620;-1.401934
armR_logged,instruct,19,46,ctx,33,0.020399283956942904,-0.27465929961790114,-0.21671895424980384,-0.20407879355661174,-0.149394;-0.127134;-0.238191;-0.141392;-0.100893;nan
armR_logged,instruct,19,46,pfx,33,-0.1281698485240088,-0.3310371916719804,-0.2484745697464992,-0.20534877594704826,-0.273950;-0.317563;-0.323159;-0.259473;-0.284808;nan
armR_logged,instruct,19,47,ctx,31,0.10877554425679503,-0.27473181205563163,-0.1891250694603484,-0.152266515861045,-0.128938;0.035236;-0.165352;-0.050799;0.099450;nan
armR_logged,instruct,19,47,pfx,31,-0.019199602686705397,-0.32549868210378624,-0.23262058738168861,-0.20230181290663674,-0.279901;-0.064317;-0.482277;-0.189515;0.003025;nan
armR_logged,instruct,19,48,ctx,31,0.04429078407384823,-0.2916630412122888,-0.21699046305176065,-0.17742934806874167,-0.210275;-0.100317;-0.073566;-0.118482;-0.076211;nan
armR_logged,instruct,19,48,pfx,31,-0.1300917656975984,-0.3102447790283924,-0.23369200675302498,-0.21041715876051703,-0.401594;-0.334339;-0.264491;-0.249927;-0.308153;nan
armR_logged,pretrained,14,1,ctx,4977,0.3330763457864395,,,,0.332741;0.346468;0.330492;0.328653;0.325196;0.331558
armR_logged,pretrained,14,2,ctx,4977,0.36020532286158125,,,,0.352710;0.373085;0.353759;0.355801;0.362089;0.359720
armR_logged,pretrained,14,2,pfx,4977,0.20730431490563195,,,,0.203765;0.220266;0.199730;0.195787;0.207909;0.211408
armR_logged,pretrained,14,3,ctx,4977,0.3720751918737981,,,,0.373260;0.380428;0.359951;0.374800;0.369502;0.370427
armR_logged,pretrained,14,3,pfx,4977,0.21000699745136986,,,,0.203463;0.214372;0.211420;0.202283;0.212971;0.210260
armR_logged,pretrained,14,4,ctx,4977,0.3877961269400658,,,,0.382460;0.390911;0.386061;0.381311;0.392481;0.388948
armR_logged,pretrained,14,4,pfx,4977,0.21986260148223946,,,,0.220568;0.215623;0.208701;0.211861;0.234290;0.222292
armR_logged,pretrained,14,5,ctx,4977,0.39433166590424074,,,,0.399600;0.397041;0.378980;0.401786;0.392104;0.392121
armR_logged,pretrained,14,5,pfx,4977,0.2271911696040212,,,,0.224782;0.217545;0.221538;0.231763;0.232956;0.229620
armR_logged,pretrained,14,6,ctx,4977,0.39298775203836944,,,,0.385902;0.394801;0.385363;0.394095;0.396434;0.397178
armR_logged,pretrained,14,6,pfx,4977,0.2317288558205518,,,,0.215253;0.240320;0.219698;0.234971;0.235275;0.239668
armR_logged,pretrained,14,7,ctx,4977,0.39804249618915477,,,,0.395795;0.403855;0.391965;0.394704;0.402865;0.394543
armR_logged,pretrained,14,7,pfx,4977,0.22971483132098647,,,,0.223740;0.234582;0.224052;0.226465;0.233123;0.230695
armR_logged,pretrained,14,8,ctx,4977,0.40678331805501355,,,,0.398487;0.401287;0.400549;0.409205;0.413247;0.414200
armR_logged,pretrained,14,8,pfx,4977,0.2362790933821185,,,,0.233316;0.232222;0.225483;0.233606;0.249827;0.238067
armR_logged,pretrained,14,9,ctx,4977,0.4012930756037344,,,,0.394578;0.407709;0.403379;0.385633;0.412819;0.399314
armR_logged,pretrained,14,9,pfx,4977,0.23739803814672555,,,,0.237856;0.242381;0.228713;0.232860;0.239283;0.237868
armR_logged,pretrained,14,10,ctx,4977,0.4013279783344954,,,,0.400720;0.413548;0.394403;0.396670;0.398605;0.399488
armR_logged,pretrained,14,10,pfx,4977,0.24081355471538057,,,,0.240491;0.243916;0.228530;0.250840;0.234836;0.241131
armR_logged,pretrained,14,11,ctx,4977,0.40657946225323893,,,,0.403722;0.425735;0.405849;0.393252;0.410665;0.395455
armR_logged,pretrained,14,11,pfx,4977,0.2367707529369233,,,,0.230508;0.244241;0.234661;0.241030;0.237406;0.227269
armR_logged,pretrained,14,12,ctx,4977,0.4004935290704311,,,,0.403452;0.408955;0.403033;0.384996;0.396468;0.401604
armR_logged,pretrained,14,12,pfx,4977,0.22819123262610186,,,,0.224124;0.246157;0.229614;0.221166;0.213990;0.228580
armR_logged,pretrained,14,13,ctx,3858,0.38564328502372325,,,,0.376615;0.385281;0.396861;0.371895;0.384685;0.393614
armR_logged,pretrained,14,13,pfx,3858,0.22055355946809518,,,,0.214601;0.219624;0.212476;0.223161;0.225945;0.220568
armR_logged,pretrained,14,14,ctx,3092,-1.4032290617039944,,,,-1.294997;-1.385109;-1.341620;-1.469219;-1.640698;-1.340470
armR_logged,pretrained,14,14,pfx,3092,-2.6735806509856874,,,,-2.655819;-2.664997;-2.828391;-2.578923;-2.549692;-2.792325
armR_logged,pretrained,14,15,ctx,2441,-0.631427675567817,,,,-0.607349;-0.625458;-0.580502;-0.678852;-0.648430;-0.671746
armR_logged,pretrained,14,15,pfx,2441,-1.4343981204581842,,,,-1.415823;-1.486286;-1.498137;-1.364236;-1.320297;-1.554231
armR_logged,pretrained,14,16,ctx,1966,-0.34527090004948513,,,,-0.355651;-0.300939;-0.334433;-0.408809;-0.328482;-0.369155
armR_logged,pretrained,14,16,pfx,1966,-0.9057486839512652,,,,-0.883561;-0.873567;-0.947373;-0.924202;-0.864014;-0.978604
armR_logged,pretrained,14,17,ctx,1615,-0.17547655980163168,,,,-0.140083;-0.146313;-0.175165;-0.206970;-0.219417;-0.194242
armR_logged,pretrained,14,17,pfx,1615,-0.6899566278891209,,,,-0.659510;-0.706362;-0.772472;-0.694395;-0.719827;-0.622548
armR_logged,pretrained,14,18,ctx,1336,-0.10930105694494396,,,,-0.064641;-0.074443;-0.187630;-0.121246;-0.148218;-0.089878
armR_logged,pretrained,14,18,pfx,1336,-0.5023112277014323,,,,-0.435970;-0.460417;-0.570709;-0.564950;-0.541476;-0.481864
armR_logged,pretrained,14,19,ctx,1089,-0.04187014415777357,,,,-0.025115;-0.007064;-0.048283;-0.050323;-0.092131;-0.059269
armR_logged,pretrained,14,19,pfx,1089,-0.38306024812495254,,,,-0.309855;-0.406807;-0.480499;-0.431165;-0.363549;-0.351250
armR_logged,pretrained,14,20,ctx,892,0.031736166426927115,,,,0.068344;0.056794;0.036785;-0.023131;-0.029416;0.041598
armR_logged,pretrained,14,20,pfx,892,-0.29279322379424944,,,,-0.214661;-0.290686;-0.332536;-0.354511;-0.345628;-0.278817
armR_logged,pretrained,14,21,ctx,740,0.040872104700661716,,,,0.102272;0.024417;-0.003354;-0.015531;0.022229;0.052845
armR_logged,pretrained,14,21,pfx,740,-0.2359191369393332,,,,-0.209830;-0.315214;-0.254083;-0.268710;-0.202667;-0.245736
armR_logged,pretrained,14,22,ctx,619,0.06824197562590661,,,,0.081561;0.080382;0.030924;0.034291;0.043233;0.087131
armR_logged,pretrained,14,22,pfx,619,-0.18905769580352305,,,,-0.164227;-0.170116;-0.263543;-0.213252;-0.197621;-0.193547
armR_logged,pretrained,14,23,ctx,513,0.07389939778701193,,,,0.087610;0.009873;0.050936;0.040255;0.096997;0.081388
armR_logged,pretrained,14,23,pfx,513,-0.17455644166536333,,,,-0.144970;-0.272635;-0.209516;-0.208400;-0.145196;-0.169237
armR_logged,pretrained,14,24,ctx,444,0.0852193239782274,,,,0.068559;0.047971;0.081017;0.067375;0.097759;0.078549
armR_logged,pretrained,14,24,pfx,444,-0.16444534378571896,,,,-0.235181;-0.236657;-0.156581;-0.151196;-0.114691;-0.190409
armR_logged,pretrained,14,25,ctx,386,0.07922406913603652,,,,0.071060;0.060240;0.068464;0.076133;0.081736;0.039618
armR_logged,pretrained,14,25,pfx,386,-0.16067914329166033,,,,-0.144911;-0.181720;-0.195870;-0.173900;-0.152261;-0.213237
armR_logged,pretrained,14,26,ctx,338,0.08568944395688183,,,,0.070367;0.082918;0.076102;0.057341;0.073387;0.074253
armR_logged,pretrained,14,26,pfx,338,-0.15198654967730185,,,,-0.185494;-0.141014;-0.142573;-0.209437;-0.134158;-0.205136
armR_logged,pretrained,14,27,ctx,285,0.07598783124911912,,,,0.075669;0.083650;0.060631;0.008733;0.090668;0.037204
armR_logged,pretrained,14,27,pfx,285,-0.12848639050434607,,,,-0.170287;-0.113214;-0.147381;-0.128010;-0.119393;-0.219050
armR_logged,pretrained,14,28,ctx,257,0.07448139971625822,,,,0.047914;0.025652;0.066831;0.040124;0.104706;0.039900
armR_logged,pretrained,14,28,pfx,257,-0.12648743680479457,,,,-0.132775;-0.203879;-0.180777;-0.109738;-0.095442;-0.190095
armR_logged,pretrained,14,29,ctx,220,0.057384118227268965,,,,0.063973;0.058690;-0.031184;0.023818;0.079983;0.003324
armR_logged,pretrained,14,29,pfx,220,-0.1123982085754307,,,,-0.108702;-0.130636;-0.187290;-0.110554;-0.090068;-0.222875
armR_logged,pretrained,14,30,ctx,206,0.06571267445370577,,,,0.040935;0.059489;0.019095;0.015395;0.061093;0.058639
armR_logged,pretrained,14,30,pfx,206,-0.11255759961182066,,,,-0.155806;-0.182120;-0.183617;-0.114013;-0.102495;-0.129575
armR_logged,pretrained,14,31,ctx,176,0.07035718447253891,,,,0.053272;0.013384;0.036359;0.038059;0.057939;0.052676
armR_logged,pretrained,14,31,pfx,176,-0.11066279087971242,,,,-0.146332;-0.167623;-0.110476;-0.106767;-0.127771;-0.233962
armR_logged,pretrained,14,32,ctx,153,0.040137776098515765,,,,0.057157;-0.061558;-0.054615;-0.006378;0.061337;0.018172
armR_logged,pretrained,14,32,pfx,153,-0.11910290904093657,,,,-0.122543;-0.168371;-0.261632;-0.157123;-0.117866;-0.135230
armR_logged,pretrained,14,33,ctx,131,0.07450218016881793,,,,0.107196;0.017921;0.003081;-0.033638;0.061284;0.051111
armR_logged,pretrained,14,33,pfx,131,-0.10224755810226349,,,,-0.128695;-0.136315;-0.155463;-0.180247;-0.142456;-0.123248
armR_logged,pretrained,14,34,ctx,123,0.08435049026278874,,,,0.012350;0.076083;0.023569;0.050859;0.112563;0.004898
armR_logged,pretrained,14,34,pfx,123,-0.08870266067772059,,,,-0.160162;-0.077994;-0.154705;-0.177945;-0.068993;-0.161117
armR_logged,pretrained,14,35,ctx,111,0.09401150551568005,,,,0.057625;-0.007649;0.024785;0.082216;0.047065;0.074086
armR_logged,pretrained,14,35,pfx,111,-0.08411233433415988,,,,-0.089655;-0.169504;-0.205945;-0.070456;-0.108339;-0.180450
armR_logged,pretrained,14,36,ctx,102,0.07246101897022073,,,,0.031981;-0.034025;0.022979;-0.018792;0.100006;-0.010229
armR_logged,pretrained,14,36,pfx,102,-0.10872003353506576,,,,-0.117554;-0.231044;-0.213138;-0.134455;-0.078046;-0.256594
armR_logged,pretrained,14,37,ctx,91,0.07613781964217214,,,,-0.034965;0.024521;-0.031099;0.058378;0.088981;0.057380
armR_logged,pretrained,14,37,pfx,91,-0.1134974630784773,,,,-0.182013;-0.224386;-0.234969;-0.209129;-0.063508;-0.165464
armR_logged,pretrained,14,38,ctx,82,0.03599872156726769,,,,-0.004013;-0.096850;-0.039590;-0.007478;-0.036613;-0.020515
armR_logged,pretrained,14,38,pfx,82,-0.0764958909069473,,,,-0.078427;-0.189522;-0.209375;-0.124136;-0.159329;-0.138912
armR_logged,pretrained,14,39,ctx,71,0.044600343835425105,,,,-0.075584;-0.108844;-0.042292;-0.033096;0.039587;-0.004310
armR_logged,pretrained,14,39,pfx,71,-0.13121815067959264,,,,-0.212602;-0.328491;-0.270047;-0.261426;-0.087951;-0.249135
armR_logged,pretrained,14,40,ctx,64,0.04621292874992877,,,,-0.026489;-0.121433;-0.016680;-0.086826;-0.010944;-0.042828
armR_logged,pretrained,14,40,pfx,64,-0.061919269300260815,,,,-0.198372;-0.167163;-0.156675;-0.133927;-0.089488;-0.211164
armR_logged,pretrained,14,41,ctx,54,0.043294331683388254,,,,0.028781;-0.191177;-0.006499;-0.265038;0.041033;-0.180452
armR_logged,pretrained,14,41,pfx,54,-0.10795711131533081,,,,-0.116437;-0.440536;-0.196709;-0.520059;-0.051132;-0.365274
armR_logged,pretrained,14,42,ctx,46,0.009391776367187576,,,,-0.050337;-0.437351;-0.035046;-0.240012;0.018506;-0.209665
armR_logged,pretrained,14,42,pfx,46,-0.10484521915201706,,,,-0.146788;-0.562365;-0.210313;-0.379307;-0.091000;-0.314595
armR_logged,pretrained,14,43,ctx,44,0.03135859082298498,,,,-0.037758;-0.220279;-0.083211;-0.183312;0.023142;-0.208164
armR_logged,pretrained,14,43,pfx,44,-0.11137808671733995,,,,-0.123642;-0.323956;-0.243226;-0.447548;-0.088086;-0.537468
armR_logged,pretrained,14,44,ctx,40,0.030625190671935032,,,,0.023935;-0.331068;-0.135471;-0.214786;0.010472;-0.111296
armR_logged,pretrained,14,44,pfx,40,-0.0822751257891301,,,,-0.083919;-0.447983;-0.244904;-0.437898;-0.093997;-0.257066
armR_logged,pretrained,14,45,ctx,38,0.005528549469771327,,,,-0.071867;-0.341111;-0.084362;-0.162645;-0.087328;-0.263174
armR_logged,pretrained,14,45,pfx,38,-0.12241261190886021,,,,-0.194256;-0.452768;-0.251207;-0.412989;-0.167855;-0.449817
armR_logged,pretrained,14,46,ctx,34,-0.055248360244888994,,,,-0.090173;-0.644519;-0.239998;-0.390783;-0.099785;-0.195738
armR_logged,pretrained,14,46,pfx,34,-0.1681397757255656,,,,-0.241996;-0.786362;-0.326191;-0.664496;-0.148328;-0.362971
armR_logged,pretrained,14,47,ctx,32,0.02789023118030798,,,,-0.027955;-1.468197;-0.188798;-0.171147;0.028910;-0.085266
armR_logged,pretrained,14,47,pfx,32,-0.18937460727974664,,,,-0.230305;-1.677090;-0.469633;-0.449530;-0.207255;-0.366504
armR_logged,pretrained,14,48,ctx,32,-0.011178703794535005,,,,-0.038144;-1.234490;-0.189000;-0.353248;0.010012;-0.148102
armR_logged,pretrained,14,48,pfx,32,-0.1568516667415063,,,,-0.180494;-1.356787;-0.346843;-0.694570;-0.080653;-0.394601
armR_logged,pretrained,18,1,ctx,4977,0.37847883570860497,,,,0.372751;0.389134;0.377841;0.375999;0.373927;0.378053
armR_logged,pretrained,18,2,ctx,4977,0.42814429373376206,,,,0.420651;0.440233;0.419510;0.424054;0.430835;0.429868
armR_logged,pretrained,18,2,pfx,4977,0.19921095716567405,,,,0.194757;0.207147;0.193846;0.190800;0.202119;0.201322
armR_logged,pretrained,18,3,ctx,4977,0.44395975742264604,,,,0.444831;0.446037;0.438410;0.440766;0.446328;0.443705
armR_logged,pretrained,18,3,pfx,4977,0.19881785156141718,,,,0.189129;0.201156;0.198265;0.196652;0.209444;0.193045
armR_logged,pretrained,18,4,ctx,4977,0.46100578385122004,,,,0.454438;0.462319;0.464316;0.453677;0.465771;0.461243
armR_logged,pretrained,18,4,pfx,4977,0.20387025176564166,,,,0.206135;0.201367;0.192343;0.192555;0.220607;0.203716
armR_logged,pretrained,18,5,ctx,4977,0.46550799215329686,,,,0.474305;0.464121;0.450014;0.471392;0.466233;0.463121
armR_logged,pretrained,18,5,pfx,4977,0.208206746888713,,,,0.208514;0.202016;0.198486;0.212803;0.216703;0.205249
armR_logged,pretrained,18,6,ctx,4977,0.4640757899001612,,,,0.456212;0.466376;0.456687;0.463819;0.468806;0.468855
armR_logged,pretrained,18,6,pfx,4977,0.21425376525418194,,,,0.198287;0.224306;0.199452;0.214435;0.218233;0.225443
armR_logged,pretrained,18,7,ctx,4977,0.46869547449365134,,,,0.465230;0.471800;0.463915;0.463898;0.476723;0.466627
armR_logged,pretrained,18,7,pfx,4977,0.21184013339061136,,,,0.206740;0.215191;0.208374;0.211300;0.213462;0.210214
armR_logged,pretrained,18,8,ctx,4977,0.47773256844519074,,,,0.469140;0.471775;0.475367;0.477700;0.487896;0.481157
armR_logged,pretrained,18,8,pfx,4977,0.2178542388442386,,,,0.214282;0.216400;0.208376;0.207055;0.232746;0.223016
armR_logged,pretrained,18,9,ctx,4977,0.47255108514610367,,,,0.466823;0.478648;0.477081;0.456544;0.480006;0.472327
armR_logged,pretrained,18,9,pfx,4977,0.21882758113134637,,,,0.213088;0.218772;0.218513;0.211517;0.222030;0.223801
armR_logged,pretrained,18,10,ctx,4977,0.4738608594705488,,,,0.470322;0.482382;0.466847;0.469606;0.476937;0.473435
armR_logged,pretrained,18,10,pfx,4977,0.22465999150980975,,,,0.225356;0.225356;0.213938;0.231297;0.222789;0.224192
armR_logged,pretrained,18,11,ctx,4977,0.47675030850400457,,,,0.474112;0.488424;0.475797;0.460314;0.484967;0.472630
armR_logged,pretrained,18,11,pfx,4977,0.21756781630971822,,,,0.216454;0.223387;0.216466;0.215136;0.222996;0.204943
armR_logged,pretrained,18,12,ctx,4977,0.47091543087888166,,,,0.471748;0.472824;0.476382;0.456391;0.470827;0.473375
armR_logged,pretrained,18,12,pfx,4977,0.20784642436659673,,,,0.205362;0.227754;0.203656;0.197068;0.196525;0.210806
armR_logged,pretrained,18,13,ctx,3858,0.45643639338662967,,,,0.446321;0.455663;0.467097;0.440797;0.459494;0.465235
armR_logged,pretrained,18,13,pfx,3858,0.2014361314529609,,,,0.189936;0.203107;0.192147;0.204756;0.207237;0.204555
armR_logged,pretrained,18,14,ctx,3092,-0.9652130844216857,,,,-0.915865;-0.929009;-0.947127;-1.004342;-1.140384;-0.891389
armR_logged,pretrained,18,14,pfx,3092,-2.456829978906909,,,,-2.469430;-2.357058;-2.496683;-2.467240;-2.436874;-2.548941
armR_logged,pretrained,18,15,ctx,2441,-0.3216402813067629,,,,-0.311618;-0.315463;-0.294831;-0.355167;-0.331335;-0.338848
armR_logged,pretrained,18,15,pfx,2441,-1.3388418658416894,,,,-1.345426;-1.333165;-1.374890;-1.318994;-1.286994;-1.402717
armR_logged,pretrained,18,16,ctx,1966,-0.11873721064314657,,,,-0.118026;-0.088225;-0.130800;-0.165481;-0.100482;-0.130660
armR_logged,pretrained,18,16,pfx,1966,-0.814974784813941,,,,-0.825831;-0.764515;-0.820415;-0.816673;-0.798140;-0.896809
armR_logged,pretrained,18,17,ctx,1615,0.020379249072204564,,,,0.052339;0.021257;0.016752;-0.004651;-0.009542;0.022319
armR_logged,pretrained,18,17,pfx,1615,-0.6232699087494171,,,,-0.589969;-0.601515;-0.728033;-0.642162;-0.619745;-0.590662
armR_logged,pretrained,18,18,ctx,1336,0.08333471465273645,,,,0.116099;0.100856;0.018047;0.075351;0.044188;0.121640
armR_logged,pretrained,18,18,pfx,1336,-0.4564460037807607,,,,-0.392892;-0.416994;-0.528650;-0.482045;-0.520337;-0.437165
armR_logged,pretrained,18,19,ctx,1089,0.1480628389061328,,,,0.167535;0.174369;0.124761;0.137755;0.130722;0.129119
armR_logged,pretrained,18,19,pfx,1089,-0.33207059117462134,,,,-0.258689;-0.301489;-0.429465;-0.363872;-0.327228;-0.351975
armR_logged,pretrained,18,20,ctx,892,0.20935442626832035,,,,0.242139;0.205732;0.196082;0.189288;0.166815;0.223159
armR_logged,pretrained,18,20,pfx,892,-0.2568412614739495,,,,-0.176113;-0.238519;-0.343982;-0.299751;-0.295708;-0.242098
armR_logged,pretrained,18,21,ctx,740,0.20646661986070047,,,,0.250378;0.188672;0.174696;0.185610;0.182439;0.209889
armR_logged,pretrained,18,21,pfx,740,-0.18910406330017726,,,,-0.152939;-0.218631;-0.230328;-0.204100;-0.199232;-0.194860
armR_logged,pretrained,18,22,ctx,619,0.23381805997624316,,,,0.261465;0.223184;0.209487;0.212492;0.190275;0.263168
armR_logged,pretrained,18,22,pfx,619,-0.15408131961596339,,,,-0.130407;-0.137496;-0.217213;-0.178117;-0.150177;-0.173552
armR_logged,pretrained,18,23,ctx,513,0.23076783069283824,,,,0.253159;0.176057;0.197978;0.211475;0.245026;0.233626
armR_logged,pretrained,18,23,pfx,513,-0.12900898534029448,,,,-0.108553;-0.173604;-0.178847;-0.162361;-0.111238;-0.126961
armR_logged,pretrained,18,24,ctx,444,0.23551509396692472,,,,0.238029;0.195969;0.217201;0.245850;0.230057;0.231398
armR_logged,pretrained,18,24,pfx,444,-0.11449294958834111,,,,-0.160825;-0.163212;-0.122323;-0.108886;-0.067898;-0.153010
armR_logged,pretrained,18,25,ctx,386,0.22516948893257072,,,,0.232455;0.218250;0.202568;0.199598;0.234561;0.205579
armR_logged,pretrained,18,25,pfx,386,-0.11102335944189279,,,,-0.082395;-0.126382;-0.154439;-0.160288;-0.102197;-0.121111
armR_logged,pretrained,18,26,ctx,338,0.21275335829429076,,,,0.216312;0.195055;0.210555;0.198258;0.183154;0.208044
armR_logged,pretrained,18,26,pfx,338,-0.10656790357933943,,,,-0.099609;-0.138121;-0.085153;-0.143916;-0.113013;-0.160436
armR_logged,pretrained,18,27,ctx,285,0.2098522513893598,,,,0.212314;0.200274;0.208820;0.149428;0.214626;0.188673
armR_logged,pretrained,18,27,pfx,285,-0.08894928341902664,,,,-0.126514;-0.079102;-0.089840;-0.106572;-0.084872;-0.166111
armR_logged,pretrained,18,28,ctx,257,0.1995789479540223,,,,0.183803;0.153459;0.197169;0.155229;0.191067;0.223210
armR_logged,pretrained,18,28,pfx,257,-0.07720132734507201,,,,-0.078972;-0.150336;-0.092108;-0.124987;-0.056782;-0.101301
armR_logged,pretrained,18,29,ctx,220,0.20329277407639657,,,,0.206423;0.205260;0.129525;0.174860;0.206390;0.184145
armR_logged,pretrained,18,29,pfx,220,-0.054851509992792424,,,,-0.064400;-0.107069;-0.084144;-0.063938;-0.038451;-0.122235
armR_logged,pretrained,18,30,ctx,206,0.16860183776545612,,,,0.174059;0.109354;0.140978;0.151050;0.161130;0.149088
armR_logged,pretrained,18,30,pfx,206,-0.062954849878053,,,,-0.091447;-0.123627;-0.114222;-0.059854;-0.064576;-0.092589
armR_logged,pretrained,18,31,ctx,176,0.18828463155561337,,,,0.187350;0.140445;0.174605;0.145357;0.154334;0.191187
armR_logged,pretrained,18,31,pfx,176,-0.08118258771343889,,,,-0.125140;-0.123425;-0.064187;-0.100676;-0.109612;-0.167852
armR_logged,pretrained,18,32,ctx,153,0.1676220831541657,,,,0.208683;0.067853;0.117027;0.119464;0.130488;0.177243
armR_logged,pretrained,18,32,pfx,153,-0.0548904698318291,,,,-0.037021;-0.128726;-0.120726;-0.089914;-0.087074;-0.095917
armR_logged,pretrained,18,33,ctx,131,0.19854845636486196,,,,0.250045;0.137263;0.134201;0.125284;0.130690;0.216280
armR_logged,pretrained,18,33,pfx,131,-0.06369543609519601,,,,-0.113321;-0.106628;-0.096661;-0.105298;-0.128347;-0.054207
armR_logged,pretrained,18,34,ctx,123,0.1787267864481099,,,,0.104883;0.178593;0.127632;0.140698;0.169127;0.148816
armR_logged,pretrained,18,34,pfx,123,-0.03838787455594428,,,,-0.130156;-0.019812;-0.103961;-0.091125;-0.045119;-0.090803
armR_logged,pretrained,18,35,ctx,111,0.20318228606098898,,,,0.179080;0.168406;0.134311;0.178181;0.131493;0.209680
armR_logged,pretrained,18,35,pfx,111,-0.021598568673142138,,,,-0.057914;-0.112181;-0.115302;0.021836;-0.082164;-0.075062
armR_logged,pretrained,18,36,ctx,102,0.16242539370934395,,,,0.133983;0.062649;0.093402;0.091964;0.165091;0.122882
armR_logged,pretrained,18,36,pfx,102,-0.048027771092188365,,,,-0.072875;-0.172780;-0.168586;-0.037228;-0.037456;-0.148831
armR_logged,pretrained,18,37,ctx,91,0.18075939768415505,,,,0.095167;0.145960;0.101697;0.134760;0.152874;0.204964
armR_logged,pretrained,18,37,pfx,91,-0.028768966439021604,,,,-0.115151;-0.120051;-0.134934;-0.070220;-0.015132;-0.052939
armR_logged,pretrained,18,38,ctx,82,0.1322129191767626,,,,0.093935;0.056808;0.048860;0.067165;0.036674;0.141113
armR_logged,pretrained,18,38,pfx,82,-0.034352086944752,,,,-0.032054;-0.162747;-0.112208;-0.079122;-0.152700;-0.098141
armR_logged,pretrained,18,39,ctx,71,0.10949825177254557,,,,-0.002620;-0.004113;0.008512;0.041230;0.092137;0.072079
armR_logged,pretrained,18,39,pfx,71,-0.06492739611291976,,,,-0.166704;-0.247350;-0.173998;-0.155463;-0.071139;-0.150116
armR_logged,pretrained,18,40,ctx,64,0.1422797986127312,,,,0.098883;-0.046947;0.040819;0.027035;0.114536;0.092185
armR_logged,pretrained,18,40,pfx,64,-0.029546574922376445,,,,-0.096007;-0.099797;-0.151008;-0.114104;-0.094170;-0.181913
armR_logged,pretrained,18,41,ctx,54,0.13015496502415147,,,,0.099214;-0.034660;0.029070;-0.111184;0.098070;0.026545
armR_logged,pretrained,18,41,pfx,54,-0.06856663520908479,,,,-0.114419;-0.333439;-0.152894;-0.328275;-0.079460;-0.283270
armR_logged,pretrained,18,42,ctx,46,0.08283002924671257,,,,0.044467;-0.283313;0.041086;-0.148465;0.071351;-0.105185
armR_logged,pretrained,18,42,pfx,46,-0.09789573744489011,,,,-0.168399;-0.535482;-0.215748;-0.301401;-0.084550;-0.297849
armR_logged,pretrained,18,43,ctx,44,0.08702902395368461,,,,0.073982;-0.177897;-0.045130;-0.138266;0.055943;-0.060708
armR_logged,pretrained,18,43,pfx,44,-0.03985911007421317,,,,-0.081349;-0.234983;-0.201010;-0.241876;-0.059419;-0.382630
armR_logged,pretrained,18,44,ctx,40,0.12911186711815315,,,,0.144593;-0.201222;-0.018262;-0.037071;0.065698;0.028232
armR_logged,pretrained,18,44,pfx,40,-0.027012479689338287,,,,-0.032568;-0.392211;-0.138275;-0.268395;-0.073141;-0.245282
armR_logged,pretrained,18,45,ctx,38,0.090532000570545,,,,0.062144;-0.235201;-0.052362;-0.027232;-0.013190;-0.081994
armR_logged,pretrained,18,45,pfx,38,-0.10539434805759629,,,,-0.172385;-0.568165;-0.234808;-0.305332;-0.164699;-0.371445
armR_logged,pretrained,18,46,ctx,34,0.05591873579831308,,,,0.027660;-0.412476;-0.140272;-0.124825;-0.000473;-0.023494
armR_logged,pretrained,18,46,pfx,34,-0.10966710752386377,,,,-0.191007;-0.645044;-0.252791;-0.533361;-0.057140;-0.278190
armR_logged,pretrained,18,47,ctx,32,0.12711487333096105,,,,0.081321;-1.042359;-0.067261;-0.008404;0.116406;0.055011
armR_logged,pretrained,18,47,pfx,32,-0.0949504782155739,,,,-0.160339;-1.674042;-0.309439;-0.338930;-0.073614;-0.193634
armR_logged,pretrained,18,48,ctx,32,0.10509167524104479,,,,0.099708;-0.990585;-0.039273;-0.163620;0.105136;-0.008887
armR_logged,pretrained,18,48,pfx,32,-0.07198541483328347,,,,-0.083260;-1.126702;-0.224614;-0.525529;-0.010711;-0.341819
armR_logged,pretrained,19,1,ctx,4977,0.42195004935401104,-0.17265236293796843,-0.1675853993910704,-0.16574977063423257,0.418697;0.427792;0.425078;0.418959;0.415100;0.422829
armR_logged,pretrained,19,2,ctx,4977,0.4984001570976093,-0.19601600151561702,-0.19140767833556374,-0.18893161149657578,0.491495;0.509057;0.493037;0.493345;0.501624;0.498301
armR_logged,pretrained,19,2,pfx,4977,0.2536834986911536,-0.1706934863563576,-0.1668647810334727,-0.16368976023319526,0.252544;0.262385;0.249554;0.245043;0.251846;0.255511
armR_logged,pretrained,19,3,ctx,4977,0.5178718114628985,-0.1966186287213699,-0.19179750132077683,-0.1907171692701124,0.521011;0.515579;0.516844;0.515771;0.519374;0.515373
armR_logged,pretrained,19,3,pfx,4977,0.2572622496948288,-0.1915646963018954,-0.18614860219502485,-0.18481682004210698,0.249915;0.262419;0.256156;0.253236;0.265166;0.251586
armR_logged,pretrained,19,4,ctx,4977,0.5322574752268879,-0.1956960235868223,-0.190474037504909,-0.18809621374731256,0.521803;0.533089;0.533785;0.529258;0.535219;0.536864
armR_logged,pretrained,19,4,pfx,4977,0.26433209576297123,-0.1962100031406993,-0.19194382211804556,-0.19001154632062756,0.261367;0.258561;0.252187;0.257556;0.283641;0.266935
armR_logged,pretrained,19,5,ctx,4977,0.5363149913576319,-0.1953317156523761,-0.19052984705123124,-0.186928833867257,0.542823;0.531662;0.524644;0.544246;0.536487;0.534888
armR_logged,pretrained,19,5,pfx,4977,0.269126676659067,-0.19636260052827204,-0.19102540392801642,-0.1874212089857552,0.266719;0.254340;0.261392;0.277805;0.279713;0.270201
armR_logged,pretrained,19,6,ctx,4977,0.5349508921041761,-0.1952414529793999,-0.1904374386656254,-0.18825425266434426,0.527923;0.537098;0.523981;0.538616;0.539764;0.539126
armR_logged,pretrained,19,6,pfx,4977,0.2767405753414153,-0.19658103467859184,-0.19109655092324973,-0.18985600464047647,0.262911;0.286381;0.263203;0.278518;0.278409;0.286016
armR_logged,pretrained,19,7,ctx,4977,0.5393439520867673,-0.19435612111821798,-0.1893161255006838,-0.18756040889517434,0.536351;0.539965;0.536692;0.536865;0.546606;0.536039
armR_logged,pretrained,19,7,pfx,4977,0.2715462360302515,-0.19639296330639355,-0.19173792477861232,-0.18915827952154274,0.266546;0.275755;0.268080;0.268432;0.273592;0.271217
armR_logged,pretrained,19,8,ctx,4977,0.5453612448970909,-0.19412835382286603,-0.1897901193092026,-0.1888786737854795,0.538887;0.538068;0.542232;0.546323;0.556158;0.547505
armR_logged,pretrained,19,8,pfx,4977,0.2774231506382244,-0.19708459220595054,-0.192296599763394,-0.18962857363590735,0.271069;0.273089;0.271052;0.268823;0.292421;0.283239
armR_logged,pretrained,19,9,ctx,4977,0.5411875306835074,-0.19420176340983397,-0.18962419153043153,-0.18880351193290346,0.531776;0.545794;0.544918;0.531813;0.549008;0.540561
armR_logged,pretrained,19,9,pfx,4977,0.28023655644518974,-0.19684812482417924,-0.19176554923111294,-0.19050529752514844,0.270457;0.281500;0.278641;0.277019;0.284752;0.284188
armR_logged,pretrained,19,10,ctx,4977,0.544488953052357,-0.19480046912334603,-0.1898774833198893,-0.18852730617368296,0.540201;0.552493;0.534723;0.545597;0.548177;0.542512
armR_logged,pretrained,19,10,pfx,4977,0.28551632422253426,-0.1972868073036164,-0.19299686080917205,-0.19125578455749337,0.280067;0.286179;0.277725;0.298954;0.281626;0.283781
armR_logged,pretrained,19,11,ctx,4977,0.5440981015036743,-0.19413791766971603,-0.18949918161452992,-0.1851189794594743,0.539963;0.553070;0.545825;0.534437;0.547354;0.540235
armR_logged,pretrained,19,11,pfx,4977,0.2777289362858536,-0.19721249809758354,-0.19216520032137832,-0.19025149388866924,0.273000;0.280925;0.279150;0.275717;0.284172;0.267810
armR_logged,pretrained,19,12,ctx,4977,0.5395558565533659,-0.1940449551814291,-0.18950330997797968,-0.18625538545590792,0.540877;0.539968;0.544437;0.528593;0.534705;0.545330
armR_logged,pretrained,19,12,pfx,4977,0.2662775596358712,-0.19761063646122723,-0.1919623124693557,-0.19105702585354445,0.266759;0.287578;0.259618;0.256370;0.254069;0.267486
armR_logged,pretrained,19,13,ctx,3858,0.5221792635644049,-0.2040237001660584,-0.1983648251449176,-0.19667937584475603,0.515420;0.520763;0.530440;0.508136;0.521802;0.532849
armR_logged,pretrained,19,13,pfx,3858,0.25984235640272246,-0.20703634862221765,-0.20059026404052285,-0.19747023259235674,0.248087;0.263989;0.253665;0.262505;0.262614;0.261575
armR_logged,pretrained,19,14,ctx,3092,-0.6743493792845172,-3.8976260182408895,-3.8120773199677016,-3.775405327981603,-0.643669;-0.657628;-0.652336;-0.696238;-0.803311;-0.622767
armR_logged,pretrained,19,14,pfx,3092,-2.200216353367821,-4.703772848786096,-4.600682868277985,-4.556259383329762,-2.266003;-2.078948;-2.280098;-2.140434;-2.221207;-2.248378
armR_logged,pretrained,19,15,ctx,2441,-0.1432062462241388,-2.311981441154076,-2.25578235292695,-2.225933734509763,-0.129491;-0.124104;-0.136491;-0.168259;-0.147269;-0.170082
armR_logged,pretrained,19,15,pfx,2441,-1.1598327810939097,-2.7532625166378666,-2.685917150455475,-2.668253403164253,-1.155611;-1.121085;-1.212227;-1.116809;-1.142175;-1.241967
armR_logged,pretrained,19,16,ctx,1966,0.03188431597638586,-1.6773873039009999,-1.6342394867006063,-1.6160328729416036,0.039221;0.054334;0.027571;0.001518;0.032562;0.017687
armR_logged,pretrained,19,16,pfx,1966,-0.7018355957750668,-1.9752113010026513,-1.9219696294974469,-1.9017646606947443,-0.725173;-0.674339;-0.684309;-0.676130;-0.694844;-0.784773
armR_logged,pretrained,19,17,ctx,1615,0.1453246713499028,-1.3334057548328349,-1.2953747753794886,-1.269252234001248,0.171266;0.147704;0.133245;0.120934;0.125008;0.153100
armR_logged,pretrained,19,17,pfx,1615,-0.5248529828336945,-1.5857438013416703,-1.5369384662223353,-1.5110673951963487,-0.498640;-0.519225;-0.598795;-0.538725;-0.551105;-0.474785
armR_logged,pretrained,19,18,ctx,1336,0.18965580033226725,-1.1234637593630867,-1.0839538976375365,-1.0196436953443033,0.212406;0.196822;0.144436;0.181154;0.165615;0.217448
armR_logged,pretrained,19,18,pfx,1336,-0.3935260272416239,-1.32987698306396,-1.2837087645480822,-1.2712713062773555,-0.336230;-0.372910;-0.436734;-0.398762;-0.475845;-0.379218
armR_logged,pretrained,19,19,ctx,1089,0.24420715670070015,-0.9576692863554266,-0.9201299435013883,-0.9029478384163794,0.275103;0.268138;0.217153;0.230191;0.228196;0.223350
armR_logged,pretrained,19,19,pfx,1089,-0.2735914695578292,-1.1092183747226807,-1.0596769730714413,-1.046294250964599,-0.208904;-0.232484;-0.354236;-0.302242;-0.281539;-0.301073
armR_logged,pretrained,19,20,ctx,892,0.28748076778740483,-0.8368815382042811,-0.8028756654605145,-0.7861145594051131,0.312382;0.276422;0.278964;0.275324;0.253016;0.299295
armR_logged,pretrained,19,20,pfx,892,-0.18648509412397107,-0.9653687194563179,-0.9256622072679351,-0.915058048919688,-0.114877;-0.137739;-0.242814;-0.232079;-0.252866;-0.185122
armR_logged,pretrained,19,21,ctx,740,0.27454545372972594,-0.7455117274830595,-0.7104735345566592,-0.6965518960502897,0.323365;0.262238;0.244066;0.246159;0.252236;0.276578
armR_logged,pretrained,19,21,pfx,740,-0.14283571017768248,-0.8610435063111561,-0.8206646989878976,-0.8015302168400285,-0.125687;-0.159720;-0.154410;-0.171711;-0.154357;-0.148332
armR_logged,pretrained,19,22,ctx,619,0.2921614412413339,-0.674782613989282,-0.6380405872757158,-0.6287388969343946,0.327279;0.273574;0.257773;0.281826;0.265377;0.305200
armR_logged,pretrained,19,22,pfx,619,-0.10415526641216832,-0.779407404802952,-0.7383273544185042,-0.7176025600884781,-0.071684;-0.081087;-0.167444;-0.102497;-0.133959;-0.126855
armR_logged,pretrained,19,23,ctx,513,0.2879214462393417,-0.609810896782915,-0.5746430469587064,-0.553485594179582,0.310320;0.249548;0.258611;0.270821;0.295666;0.288038
armR_logged,pretrained,19,23,pfx,513,-0.08500692588275882,-0.6874460713962542,-0.6432135666095488,-0.617608920795639,-0.078741;-0.118156;-0.138905;-0.103486;-0.064608;-0.080914
armR_logged,pretrained,19,24,ctx,444,0.28756236332385476,-0.56958386140296,-0.5294635316488719,-0.5186185523459792,0.302617;0.239897;0.255162;0.294982;0.288065;0.293686
armR_logged,pretrained,19,24,pfx,444,-0.08185158506578394,-0.6451425129324733,-0.603411609303378,-0.5984540441416126,-0.099215;-0.127268;-0.059394;-0.113488;-0.056663;-0.121774
armR_logged,pretrained,19,25,ctx,386,0.2774616312733521,-0.5324168571616587,-0.4932654350302848,-0.47761918327583475,0.284281;0.279874;0.252481;0.255061;0.282734;0.257772
armR_logged,pretrained,19,25,pfx,386,-0.06815317496628004,-0.6204215332806594,-0.5742522796335674,-0.556107479644679,-0.056998;-0.068839;-0.094797;-0.112585;-0.064885;-0.087221
armR_logged,pretrained,19,26,ctx,338,0.25054691474334123,-0.5182494913998038,-0.4754582143342456,-0.468475231669625,0.256388;0.233994;0.260293;0.240894;0.208324;0.243511
armR_logged,pretrained,19,26,pfx,338,-0.06795435127388694,-0.5734604147434058,-0.5255027595970515,-0.5152218760420695,-0.072967;-0.071277;-0.040685;-0.119193;-0.092286;-0.098131
armR_logged,pretrained,19,27,ctx,285,0.2573329659459075,-0.4623221877906317,-0.41847665823797764,-0.4009225602002615,0.279460;0.247800;0.254483;0.200665;0.240967;0.245769
armR_logged,pretrained,19,27,pfx,285,-0.05722808153153913,-0.5304170614238766,-0.49044682795880884,-0.4718568284441633,-0.101432;-0.049963;-0.052868;-0.076589;-0.040012;-0.135909
armR_logged,pretrained,19,28,ctx,257,0.2420737740825618,-0.45559037355877874,-0.41357673302669207,-0.4021943892229396,0.233145;0.204225;0.236518;0.187970;0.240782;0.260469
armR_logged,pretrained,19,28,pfx,257,-0.04271682470037974,-0.5105035494382938,-0.46769191059807724,-0.43754001619457394,-0.026854;-0.104238;-0.069138;-0.078178;-0.044024;-0.064763
armR_logged,pretrained,19,29,ctx,220,0.24055865875029236,-0.42516300367289445,-0.38661461825727617,-0.3698187270973443,0.251532;0.252495;0.154495;0.208938;0.241688;0.223689
armR_logged,pretrained,19,29,pfx,220,-0.026709096581310154,-0.47939935064786693,-0.43051711372763646,-0.4039206893469889,-0.039715;-0.053970;-0.050240;-0.034344;-0.020160;-0.109771
armR_logged,pretrained,19,30,ctx,206,0.19954671636129218,-0.4156564021799327,-0.3679045836231556,-0.359586471682632,0.197805;0.159664;0.158425;0.189048;0.179448;0.189405
armR_logged,pretrained,19,30,pfx,206,-0.026754394319304486,-0.46389239326628506,-0.420480853864688,-0.39914214712312246,-0.047413;-0.075381;-0.081883;-0.040930;-0.038997;-0.038045
armR_logged,pretrained,19,31,ctx,176,0.22338682694053902,-0.38451080705756796,-0.34294299669816347,-0.3306948153429021,0.208412;0.189838;0.202024;0.193972;0.194668;0.217442
armR_logged,pretrained,19,31,pfx,176,-0.05238357802534721,-0.4381263377318889,-0.3870735062864845,-0.37294326105071485,-0.116619;-0.092325;-0.031634;-0.075058;-0.067685;-0.131019
armR_logged,pretrained,19,32,ctx,153,0.191854844128569,-0.38477554591673047,-0.3420369726204104,-0.3093455335361326,0.214355;0.107449;0.134709;0.137335;0.165242;0.215553
armR_logged,pretrained,19,32,pfx,153,-0.03094887889002229,-0.40999154432514684,-0.3572565683772047,-0.34273448346421365,0.004838;-0.078272;-0.100694;-0.067806;-0.078064;-0.090356
armR_logged,pretrained,19,33,ctx,131,0.212791530087575,-0.3685837968009917,-0.31992589367697477,-0.3033353823362539,0.247327;0.163616;0.146446;0.152066;0.155911;0.221782
armR_logged,pretrained,19,33,pfx,131,-0.0608371372865768,-0.4015335340626296,-0.34747917806702394,-0.32747752771465644,-0.114583;-0.086550;-0.097896;-0.090465;-0.121043;-0.075065
armR_logged,pretrained,19,34,ctx,123,0.19049591615558814,-0.3542099269993028,-0.30688943594354334,-0.2741885764825285,0.130785;0.194783;0.107310;0.130985;0.194538;0.174707
armR_logged,pretrained,19,34,pfx,123,-0.017038598727888488,-0.3942523515130968,-0.34801848263341334,-0.32212786021669704,-0.096260;0.002751;-0.091791;-0.075022;-0.044565;-0.048962
armR_logged,pretrained,19,35,ctx,111,0.23609762195752382,-0.3302602460260646,-0.28043865185563865,-0.2649511172879775,0.223678;0.206317;0.135775;0.233344;0.156068;0.249717
armR_logged,pretrained,19,35,pfx,111,-0.01521844946868156,-0.38906488640736087,-0.3339728828492216,-0.303671431384688,-0.085021;-0.094636;-0.084410;0.008675;-0.046863;-0.082756
armR_logged,pretrained,19,36,ctx,102,0.19021861460438594,-0.32502916085727196,-0.2716724593101099,-0.2599228891762142,0.148435;0.086800;0.100831;0.145833;0.200142;0.160787
armR_logged,pretrained,19,36,pfx,102,-0.02436573083823612,-0.37963616614074885,-0.3195672139799147,-0.29888966455733934,-0.036283;-0.160231;-0.150627;-0.075160;-0.004614;-0.104022
armR_logged,pretrained,19,37,ctx,91,0.18609864918257568,-0.3371708958558035,-0.27290305934714354,-0.24482466964818528,0.099658;0.161977;0.084483;0.146782;0.169321;0.204694
armR_logged,pretrained,19,37,pfx,91,-0.016804310986900495,-0.37344808409911595,-0.3222038697915421,-0.29224631099014564,-0.111906;-0.069566;-0.116932;-0.075256;-0.024099;-0.027567
armR_logged,pretrained,19,38,ctx,82,0.15166248863022558,-0.3167646082124456,-0.26666065439163494,-0.24926656157248894,0.106181;0.128443;0.048009;0.066341;0.072084;0.169743
armR_logged,pretrained,19,38,pfx,82,-0.016650932521880435,-0.35779568796103006,-0.30417972295581824,-0.28959205991343206,-0.018674;-0.116407;-0.089459;-0.086571;-0.130090;-0.077673
armR_logged,pretrained,19,39,ctx,71,0.11203995274588185,-0.3017664488312617,-0.2491776433622913,-0.19552106715917295,0.005823;0.042992;-0.040415;0.058518;0.086113;0.098207
armR_logged,pretrained,19,39,pfx,71,-0.0708091465724241,-0.3691837270626327,-0.3137406231874992,-0.27845277380737077,-0.177594;-0.242992;-0.174750;-0.167677;-0.077647;-0.143687
armR_logged,pretrained,19,40,ctx,64,0.14779767347235306,-0.29868069938713676,-0.24160843851385255,-0.22555937139179116,0.083271;-0.018003;0.055184;0.039105;0.126503;0.094986
armR_logged,pretrained,19,40,pfx,64,-0.01253650549744556,-0.328621937822929,-0.2676676203313386,-0.22418840583716793,-0.096415;-0.060144;-0.135054;-0.142460;-0.053040;-0.137467
armR_logged,pretrained,19,41,ctx,54,0.13437915255797195,-0.27976630976689093,-0.21323168841902765,-0.18817451891348136,0.094467;-0.031246;0.013884;-0.087586;0.101309;0.058875
armR_logged,pretrained,19,41,pfx,54,-0.05517357836913428,-0.33431061203382695,-0.2666867758914933,-0.2583710520189155,-0.091224;-0.301189;-0.134730;-0.347599;-0.074068;-0.257279
armR_logged,pretrained,19,42,ctx,46,0.1366175331018903,-0.2741537121015323,-0.19430440727892678,-0.1628032479849182,0.098287;-0.150583;0.081527;-0.116914;0.113493;0.019724
armR_logged,pretrained,19,42,pfx,46,-0.06380026703070318,-0.3594691237901973,-0.2631645488499294,-0.25035275218291897,-0.187533;-0.434074;-0.193865;-0.248909;-0.035613;-0.230768
armR_logged,pretrained,19,43,ctx,44,0.09763237247559975,-0.2911564093306013,-0.20444612053645003,-0.1770209254892925,0.105322;-0.156702;-0.038851;-0.130729;0.068514;-0.071034
armR_logged,pretrained,19,43,pfx,44,-0.021990591398439063,-0.3313724820183186,-0.25312929808819484,-0.21107161359022864,-0.075657;-0.195658;-0.168724;-0.233527;-0.040021;-0.375412
armR_logged,pretrained,19,44,ctx,40,0.16856647105499867,-0.26911369991696216,-0.19107382661807495,-0.13552420656282704,0.171765;-0.122386;0.033336;0.001497;0.109889;0.072070
armR_logged,pretrained,19,44,pfx,40,-0.011568232942477552,-0.3349143867983835,-0.24932723580023486,-0.21265374326839637,-0.024671;-0.361650;-0.146792;-0.242182;-0.073650;-0.147122
armR_logged,pretrained,19,45,ctx,38,0.10089648830667386,-0.29337379235654076,-0.23199485010289042,-0.20219048353912572,0.048989;-0.169441;-0.049819;-0.021194;-0.010320;-0.058478
armR_logged,pretrained,19,45,pfx,38,-0.08325021189558779,-0.35001809261932104,-0.26114690243542726,-0.22471850303304297,-0.143505;-0.411394;-0.207483;-0.303012;-0.164254;-0.387234
armR_logged,pretrained,19,46,ctx,34,0.0886027485084423,-0.2953675331689742,-0.22282802310492547,-0.18559395516559607,0.069106;-0.321319;-0.122532;-0.097094;0.042112;0.015395
armR_logged,pretrained,19,46,pfx,34,-0.07851355760844281,-0.3504275029201828,-0.26491248649922644,-0.23331779639149053,-0.125114;-0.518455;-0.217903;-0.514076;-0.038140;-0.284896
armR_logged,pretrained,19,47,ctx,32,0.14066422136234114,-0.2878665260119748,-0.20036086453096602,-0.16471898181145073,0.092087;-0.856736;-0.066205;-0.020996;0.151485;0.071883
armR_logged,pretrained,19,47,pfx,32,-0.05930176819683486,-0.34194190344063136,-0.2482571336061284,-0.2072807432479591,-0.150005;-1.197938;-0.263930;-0.354727;-0.035977;-0.143272
armR_logged,pretrained,19,48,ctx,32,0.1310274909942324,-0.3133189806492293,-0.2204767766972737,-0.19717410960530257,0.121689;-0.771685;-0.036488;-0.143511;0.138931;0.018235
armR_logged,pretrained,19,48,pfx,32,-0.05565160738460739,-0.338288030358699,-0.2541635610825995,-0.23053721229939117,-0.059399;-0.944983;-0.231318;-0.527704;-0.006022;-0.290731
armR_own,instruct,14,1,ctx,5000,0.47329189578738107,,,,0.472694;0.459639;0.487596;0.468953;0.472683;0.475309
armR_own,instruct,14,2,ctx,4999,0.4349921908064711,,,,0.425715;0.424623;0.437785;0.437671;0.441297;0.440341
armR_own,instruct,14,2,pfx,4999,0.23189150623245258,,,,0.220471;0.231032;0.235175;0.234092;0.230851;0.236120
armR_own,instruct,14,3,ctx,4999,0.4321180907336327,,,,0.429638;0.423250;0.434416;0.429627;0.430902;0.441490
armR_own,instruct,14,3,pfx,4999,0.24292283021613004,,,,0.235306;0.230489;0.245432;0.242346;0.242293;0.257320
armR_own,instruct,14,4,ctx,4999,0.43304951958262117,,,,0.432445;0.430763;0.431453;0.421815;0.438980;0.439474
armR_own,instruct,14,4,pfx,4999,0.24799367356361413,,,,0.242497;0.247180;0.244905;0.244250;0.247708;0.256672
armR_own,instruct,14,5,ctx,4999,0.4368075464753286,,,,0.432423;0.425748;0.442519;0.431609;0.438523;0.446568
armR_own,instruct,14,5,pfx,4999,0.254536341046818,,,,0.245581;0.252597;0.249433;0.246570;0.264113;0.264832
armR_own,instruct,14,6,ctx,4999,0.43380149149608727,,,,0.435022;0.424212;0.434460;0.431129;0.437842;0.436490
armR_own,instruct,14,6,pfx,4999,0.2593022694102789,,,,0.257458;0.254475;0.258704;0.260145;0.263340;0.256934
armR_own,instruct,14,7,ctx,4999,0.4403511423647567,,,,0.434938;0.432822;0.438428;0.433694;0.450529;0.448562
armR_own,instruct,14,7,pfx,4999,0.25810497598294935,,,,0.245009;0.244219;0.254453;0.266567;0.264356;0.269772
armR_own,instruct,14,8,ctx,4999,0.4403153359545492,,,,0.430697;0.428267;0.445413;0.437927;0.446290;0.449603
armR_own,instruct,14,8,pfx,4999,0.2669870827294466,,,,0.250388;0.258726;0.273277;0.261835;0.275200;0.277803
armR_own,instruct,14,9,ctx,4998,0.4407550933564405,,,,0.436422;0.436858;0.439474;0.429774;0.445932;0.453068
armR_own,instruct,14,9,pfx,4998,0.2698487778415486,,,,0.269133;0.262090;0.270329;0.257486;0.275689;0.280286
armR_own,instruct,14,10,ctx,4996,0.44049997182083866,,,,0.433160;0.440057;0.447028;0.428844;0.435390;0.455399
armR_own,instruct,14,10,pfx,4996,0.272160892595646,,,,0.261112;0.263688;0.278127;0.268796;0.276080;0.281281
armR_own,instruct,14,11,ctx,4993,0.4436084140725298,,,,0.435231;0.443946;0.440371;0.439585;0.445101;0.454158
armR_own,instruct,14,11,pfx,4993,0.2634463620042041,,,,0.254027;0.260118;0.267039;0.265079;0.263750;0.266387
armR_own,instruct,14,12,ctx,4977,0.44625172811668234,,,,0.442033;0.440222;0.448144;0.441385;0.448899;0.453529
armR_own,instruct,14,12,pfx,4977,0.26134449116662795,,,,0.262755;0.249334;0.268811;0.262279;0.258398;0.262175
armR_own,instruct,18,1,ctx,5000,0.5337785726079691,,,,0.533374;0.518807;0.551760;0.532159;0.530888;0.533217
armR_own,instruct,18,2,ctx,4999,0.4964510803622093,,,,0.489471;0.490780;0.496942;0.496279;0.499865;0.503050
armR_own,instruct,18,2,pfx,4999,0.21598773895009693,,,,0.203250;0.214391;0.217779;0.221368;0.214283;0.221221
armR_own,instruct,18,3,ctx,4999,0.49436317008446495,,,,0.491750;0.484257;0.494979;0.497013;0.490087;0.505081
armR_own,instruct,18,3,pfx,4999,0.22844570136217845,,,,0.226430;0.214890;0.233003;0.226535;0.224381;0.240641
armR_own,instruct,18,4,ctx,4999,0.49923195562888334,,,,0.495889;0.496821;0.499019;0.495640;0.501967;0.502865
armR_own,instruct,18,4,pfx,4999,0.23116148970321448,,,,0.222575;0.231375;0.223243;0.229947;0.232084;0.242827
armR_own,instruct,18,5,ctx,4999,0.4996779238993394,,,,0.493369;0.489996;0.507872;0.492454;0.500561;0.510580
armR_own,instruct,18,5,pfx,4999,0.2326306614777902,,,,0.223011;0.229606;0.225364;0.224480;0.242617;0.246564
armR_own,instruct,18,6,ctx,4999,0.4973882270239236,,,,0.495952;0.489470;0.498031;0.498289;0.499674;0.499564
armR_own,instruct,18,6,pfx,4999,0.24229925823411336,,,,0.235875;0.235303;0.247331;0.245242;0.240216;0.244647
armR_own,instruct,18,7,ctx,4999,0.5044348198110131,,,,0.498941;0.499233;0.502049;0.501241;0.512634;0.509646
armR_own,instruct,18,7,pfx,4999,0.23972128996802367,,,,0.226619;0.224866;0.240531;0.250816;0.241927;0.248951
armR_own,instruct,18,8,ctx,4999,0.5032641876559605,,,,0.494834;0.494210;0.506338;0.502688;0.508101;0.510221
armR_own,instruct,18,8,pfx,4999,0.24974686790322642,,,,0.231947;0.237357;0.259870;0.243947;0.257409;0.263099
armR_own,instruct,18,9,ctx,4998,0.5019383242529046,,,,0.500446;0.500464;0.499138;0.492181;0.507984;0.508683
armR_own,instruct,18,9,pfx,4998,0.25326510653307666,,,,0.252061;0.240969;0.257854;0.237129;0.262433;0.264974
armR_own,instruct,18,10,ctx,4996,0.5031631194939225,,,,0.492250;0.503921;0.507638;0.497735;0.498288;0.516433
armR_own,instruct,18,10,pfx,4996,0.25427255588086684,,,,0.243229;0.238971;0.262511;0.256488;0.258558;0.262002
armR_own,instruct,18,11,ctx,4993,0.5056151702658478,,,,0.497720;0.502530;0.503432;0.503385;0.509348;0.514405
armR_own,instruct,18,11,pfx,4993,0.2459457092210796,,,,0.236987;0.240803;0.250150;0.247850;0.242659;0.252811
armR_own,instruct,18,12,ctx,4977,0.5087599206332992,,,,0.505025;0.503956;0.512288;0.508755;0.511674;0.508158
armR_own,instruct,18,12,pfx,4977,0.24321439488025087,,,,0.243118;0.227772;0.254820;0.243873;0.237260;0.247897
armR_own,instruct,19,1,ctx,5000,0.590158841719906,-0.1708048524825584,-0.1656215887973125,-0.16481627397012533,0.583229;0.578806;0.606620;0.589533;0.586960;0.593740
armR_own,instruct,19,2,ctx,4999,0.553804695368936,-0.1891152322404469,-0.1841990943923672,-0.1833285804211502,0.546512;0.547249;0.556298;0.552284;0.559131;0.559289
armR_own,instruct,19,2,pfx,4999,0.2601893066780868,-0.17795694523451844,-0.17289388488387725,-0.17207188600686618,0.244287;0.257669;0.265148;0.260634;0.263311;0.266662
armR_own,instruct,19,3,ctx,4999,0.5470159702628725,-0.18938444911130664,-0.18463562433976496,-0.18130596624443496,0.542288;0.543430;0.547727;0.549007;0.541817;0.555249
armR_own,instruct,19,3,pfx,4999,0.2726088871843524,-0.19490299331215638,-0.1897526261589903,-0.1861910618372462,0.266488;0.260522;0.277860;0.271441;0.270833;0.284239
armR_own,instruct,19,4,ctx,4999,0.5484704862020188,-0.18904737560185558,-0.1838703976462862,-0.18277965357581394,0.544242;0.548336;0.549293;0.543067;0.549870;0.553165
armR_own,instruct,19,4,pfx,4999,0.2755730175364659,-0.1960500878903204,-0.1911278999195299,-0.18897124829807788,0.264175;0.277737;0.266085;0.272827;0.276926;0.291113
armR_own,instruct,19,5,ctx,4999,0.5479548317000938,-0.1891702333497423,-0.18499757230573977,-0.1812820556647312,0.540354;0.537441;0.556300;0.540243;0.551088;0.559322
armR_own,instruct,19,5,pfx,4999,0.2752709680803128,-0.19615373549192833,-0.1918094673818544,-0.18906525515285,0.265525;0.276607;0.266433;0.267300;0.284062;0.287718
armR_own,instruct,19,6,ctx,4999,0.5455497654046801,-0.18910083993362306,-0.18317429078513486,-0.18127827477252123,0.543714;0.540827;0.547147;0.541941;0.547905;0.548888
armR_own,instruct,19,6,pfx,4999,0.28234312032989883,-0.19615788129056796,-0.19095233113492124,-0.18928163345421933,0.274717;0.274546;0.289643;0.281217;0.283517;0.285708
armR_own,instruct,19,7,ctx,4999,0.5503461531452349,-0.1882029893129918,-0.18361968462435727,-0.18026632575191148,0.542248;0.544794;0.550968;0.545666;0.561711;0.554039
armR_own,instruct,19,7,pfx,4999,0.28047773443025004,-0.19663506050238397,-0.19171569601473293,-0.18905757722178107,0.269239;0.267056;0.280087;0.290038;0.281261;0.290909
armR_own,instruct,19,8,ctx,4999,0.5486303832450474,-0.1875751738600755,-0.1829132577225646,-0.17918297167031505,0.539376;0.541695;0.551163;0.547811;0.553880;0.555078
armR_own,instruct,19,8,pfx,4999,0.28893394555426677,-0.19682062957776672,-0.1923977071682761,-0.18786267545154955,0.270459;0.284161;0.295148;0.277088;0.298222;0.304336
armR_own,instruct,19,9,ctx,4998,0.5473793078043377,-0.18762727878116794,-0.18202702857978612,-0.18151519020045348,0.543816;0.544745;0.545649;0.538021;0.555557;0.553953
armR_own,instruct,19,9,pfx,4998,0.2945057628795704,-0.19657392255741435,-0.19120129683254428,-0.187040244403885,0.291206;0.280014;0.297969;0.280534;0.304349;0.308986
armR_own,instruct,19,10,ctx,4996,0.5481132275234357,-0.1879335133293343,-0.18254432189591108,-0.18193912760755926,0.539025;0.550957;0.553410;0.541574;0.542468;0.558641
armR_own,instruct,19,10,pfx,4996,0.29341005578492974,-0.19732748639227116,-0.19207867844040993,-0.19051979887985548,0.284404;0.281135;0.298738;0.289880;0.297393;0.305224
armR_own,instruct,19,11,ctx,4993,0.5480220716473843,-0.18801462255972468,-0.18316956910595636,-0.17958882517310437,0.538994;0.543673;0.547852;0.544619;0.555828;0.554418
armR_own,instruct,19,11,pfx,4993,0.28280519770397594,-0.19738403129650223,-0.19219425932666856,-0.19124594982244747,0.273454;0.276420;0.290758;0.280781;0.285211;0.285921
armR_own,instruct,19,12,ctx,4977,0.5518682933890092,-0.18854192084467086,-0.18278820472049012,-0.17801863867876166,0.546730;0.545709;0.554586;0.552901;0.557325;0.551528
armR_own,instruct,19,12,pfx,4977,0.28137593027158336,-0.1977663896064954,-0.1920942336996604,-0.1901266540349027,0.281402;0.268646;0.291159;0.279772;0.277444;0.285661
armR_own,pretrained,14,1,ctx,5000,0.26576691921562534,,,,0.255819;0.263267;0.271899;0.253093;0.273185;0.273094
armR_own,pretrained,14,2,ctx,4998,0.3321936525400959,,,,0.330405;0.329740;0.323430;0.334319;0.337479;0.334664
armR_own,pretrained,14,2,pfx,4998,0.17100317305995894,,,,0.157272;0.165253;0.171532;0.174819;0.180927;0.172273
armR_own,pretrained,14,3,ctx,4999,0.35420776358846706,,,,0.358972;0.348621;0.352934;0.350315;0.356823;0.353388
armR_own,pretrained,14,3,pfx,4999,0.177579239853765,,,,0.171024;0.160803;0.182285;0.175786;0.188359;0.181919
armR_own,pretrained,14,4,ctx,4999,0.3720469855080173,,,,0.371754;0.364337;0.373490;0.368777;0.379484;0.370806
armR_own,pretrained,14,4,pfx,4999,0.1824473874400807,,,,0.175302;0.173730;0.186346;0.176203;0.185513;0.192665
armR_own,pretrained,14,5,ctx,4999,0.3764145846421615,,,,0.373744;0.375580;0.378888;0.373727;0.377365;0.375321
armR_own,pretrained,14,5,pfx,4999,0.19031473571289892,,,,0.181104;0.192238;0.188325;0.180295;0.199221;0.195531
armR_own,pretrained,14,6,ctx,4999,0.3776769940147562,,,,0.376462;0.374160;0.379593;0.372159;0.382357;0.377736
armR_own,pretrained,14,6,pfx,4999,0.1931213599659909,,,,0.190487;0.186093;0.197965;0.187744;0.196618;0.195117
armR_own,pretrained,14,7,ctx,4999,0.37951228615327126,,,,0.369125;0.383555;0.385926;0.377752;0.373453;0.382853
armR_own,pretrained,14,7,pfx,4999,0.1916885125952652,,,,0.177996;0.185839;0.198720;0.190054;0.189422;0.202661
armR_own,pretrained,14,8,ctx,4999,0.386131235709007,,,,0.379733;0.381144;0.389589;0.384287;0.385665;0.392592
armR_own,pretrained,14,8,pfx,4999,0.19460423703355578,,,,0.182953;0.189256;0.196089;0.190335;0.196609;0.207299
armR_own,pretrained,14,9,ctx,4998,0.3830626083861898,,,,0.376478;0.389406;0.377191;0.375539;0.383780;0.392048
armR_own,pretrained,14,9,pfx,4998,0.19402499745784862,,,,0.184629;0.192819;0.202036;0.185896;0.194509;0.199343
armR_own,pretrained,14,10,ctx,4997,0.3846933067159719,,,,0.382153;0.383894;0.385659;0.379537;0.378385;0.394749
armR_own,pretrained,14,10,pfx,4997,0.19528728113250005,,,,0.185493;0.192610;0.202400;0.189717;0.195295;0.201329
armR_own,pretrained,14,11,ctx,4997,0.3883466264843872,,,,0.385340;0.383835;0.384048;0.378977;0.399188;0.394586
armR_own,pretrained,14,11,pfx,4997,0.19295690065740922,,,,0.187540;0.190333;0.201124;0.187762;0.197140;0.188921
armR_own,pretrained,14,12,ctx,4996,0.38407246983090004,,,,0.383389;0.382211;0.380015;0.373493;0.392849;0.388494
armR_own,pretrained,14,12,pfx,4996,0.18522339271302213,,,,0.186499;0.178820;0.181860;0.182474;0.191808;0.185109
armR_own,pretrained,18,1,ctx,5000,0.2959365687990896,,,,0.285873;0.291579;0.301307;0.281602;0.306053;0.305003
armR_own,pretrained,18,2,ctx,4998,0.4140257981693396,,,,0.415849;0.412515;0.402950;0.418701;0.418658;0.412731
armR_own,pretrained,18,2,pfx,4998,0.16528315287910167,,,,0.152079;0.160297;0.168569;0.165850;0.170739;0.169861
armR_own,pretrained,18,3,ctx,4999,0.4404149146317391,,,,0.443356;0.432339;0.437202;0.440210;0.444578;0.441216
armR_own,pretrained,18,3,pfx,4999,0.16702468167258366,,,,0.166663;0.151250;0.170796;0.162502;0.173315;0.172105
armR_own,pretrained,18,4,ctx,4999,0.46160027616127164,,,,0.461255;0.450392;0.460538;0.465448;0.467811;0.461042
armR_own,pretrained,18,4,pfx,4999,0.17050113894091046,,,,0.163920;0.159362;0.176688;0.169575;0.173431;0.174848
armR_own,pretrained,18,5,ctx,4999,0.4653725093102863,,,,0.459296;0.462116;0.470420;0.463526;0.468410;0.465009
armR_own,pretrained,18,5,pfx,4999,0.1720271850977546,,,,0.163246;0.171464;0.167945;0.161592;0.187091;0.175284
armR_own,pretrained,18,6,ctx,4999,0.46528304010521204,,,,0.466980;0.458736;0.465326;0.460507;0.472206;0.464807
armR_own,pretrained,18,6,pfx,4999,0.1750026407211125,,,,0.168665;0.165074;0.179396;0.170341;0.182695;0.178890
armR_own,pretrained,18,7,ctx,4999,0.46825039456154394,,,,0.456434;0.469370;0.472265;0.468561;0.465102;0.473761
armR_own,pretrained,18,7,pfx,4999,0.1718869971841811,,,,0.161156;0.165459;0.175421;0.175223;0.168630;0.179541
armR_own,pretrained,18,8,ctx,4999,0.47474804988987984,,,,0.468196;0.464495;0.478170;0.476535;0.475028;0.482752
armR_own,pretrained,18,8,pfx,4999,0.17756689761853728,,,,0.168386;0.174101;0.172062;0.175701;0.177138;0.192783
armR_own,pretrained,18,9,ctx,4998,0.47180655288284645,,,,0.457693;0.474924;0.465411;0.466917;0.479242;0.483337
armR_own,pretrained,18,9,pfx,4998,0.17521671729223287,,,,0.163670;0.169650;0.179650;0.170262;0.178118;0.185143
armR_own,pretrained,18,10,ctx,4997,0.4746531587159959,,,,0.470678;0.470125;0.472555;0.470899;0.472703;0.487793
armR_own,pretrained,18,10,pfx,4997,0.17987091467066985,,,,0.162778;0.176556;0.187526;0.176224;0.182399;0.188722
armR_own,pretrained,18,11,ctx,4997,0.4772968044446736,,,,0.474148;0.466518;0.472511;0.471056;0.490979;0.484963
armR_own,pretrained,18,11,pfx,4997,0.17514457353970925,,,,0.170386;0.172276;0.181333;0.170427;0.178715;0.172486
armR_own,pretrained,18,12,ctx,4996,0.4767015130512585,,,,0.475545;0.472268;0.469686;0.470351;0.488396;0.480515
armR_own,pretrained,18,12,pfx,4996,0.16877863226275902,,,,0.171526;0.164000;0.163161;0.167078;0.175052;0.166838
armR_own,pretrained,19,1,ctx,5000,0.34629981188447445,-0.17081260170406465,-0.16634390445515662,-0.16293802624755815,0.334449;0.341224;0.351336;0.336561;0.356742;0.353583
armR_own,pretrained,19,2,ctx,4998,0.4809464323203657,-0.19524343089010565,-0.19083897383488974,-0.18999567618865632,0.480904;0.480902;0.472402;0.484885;0.486717;0.477513
armR_own,pretrained,19,2,pfx,4998,0.20977773965982993,-0.17038482231504154,-0.16644289671965892,-0.16565929816460856,0.193914;0.205724;0.213983;0.208541;0.215710;0.216734
armR_own,pretrained,19,3,ctx,4999,0.5107748937524439,-0.19589984801484595,-0.19140227507219681,-0.1888744304532377,0.512150;0.506427;0.507277;0.508221;0.513841;0.513669
armR_own,pretrained,19,3,pfx,4999,0.21402340172948464,-0.1916684150360084,-0.1867745687321306,-0.18399470493325576,0.215076;0.195281;0.221224;0.206399;0.221044;0.220111
armR_own,pretrained,19,4,ctx,4999,0.5274760478869671,-0.19489753987540404,-0.18941414331944115,-0.18830126557090465,0.527955;0.516011;0.524758;0.531188;0.535651;0.526629
armR_own,pretrained,19,4,pfx,4999,0.21817820227034457,-0.19557841720127475,-0.19071537913569228,-0.18848324709486985,0.212115;0.207438;0.221182;0.213748;0.221845;0.227953
armR_own,pretrained,19,5,ctx,4999,0.5309115816328218,-0.19500334535184755,-0.190845121519336,-0.1879548166378684,0.523386;0.527641;0.535626;0.528596;0.536042;0.531130
armR_own,pretrained,19,5,pfx,4999,0.2233119982377243,-0.1962655380245616,-0.19174703799949191,-0.19094629472184188,0.215828;0.220996;0.216354;0.211576;0.239079;0.230653
armR_own,pretrained,19,6,ctx,4999,0.5312428869194865,-0.19490131582423997,-0.19037160462626013,-0.18707901858879628,0.531477;0.524919;0.531664;0.525674;0.541015;0.529866
armR_own,pretrained,19,6,pfx,4999,0.22445115443915564,-0.19595313211361273,-0.19097262704870538,-0.19015518907082374,0.218883;0.220046;0.226011;0.218883;0.230883;0.227293
armR_own,pretrained,19,7,ctx,4999,0.5326990356675132,-0.1943021999756204,-0.19025564767619618,-0.18711384267339404,0.521474;0.532629;0.539041;0.532285;0.533834;0.533758
armR_own,pretrained,19,7,pfx,4999,0.21891190173071506,-0.1961083843564605,-0.19202092969382198,-0.1903521017928944,0.208057;0.214645;0.222498;0.216261;0.215685;0.230932
armR_own,pretrained,19,8,ctx,4999,0.5374834570084496,-0.19363321296865826,-0.1892582215560842,-0.18571734437217424,0.532888;0.527756;0.540600;0.537826;0.540113;0.542983
armR_own,pretrained,19,8,pfx,4999,0.22338291895354156,-0.19699443695865884,-0.19256618729615688,-0.19050439611158176,0.212248;0.220385;0.222041;0.217504;0.225310;0.237947
armR_own,pretrained,19,9,ctx,4998,0.5351196665162576,-0.19347526685534938,-0.18798805775104324,-0.18655549883005196,0.522939;0.538702;0.527392;0.528534;0.544580;0.545622
armR_own,pretrained,19,9,pfx,4998,0.22548596126653542,-0.19638585112242304,-0.19156494683962755,-0.1878869235480387,0.212717;0.224866;0.228639;0.219094;0.229368;0.233668
armR_own,pretrained,19,10,ctx,4997,0.5370749215583015,-0.1939274554562288,-0.18968775670006555,-0.18564395047381188,0.531882;0.533258;0.537502;0.529791;0.540293;0.546954
armR_own,pretrained,19,10,pfx,4997,0.22658452703684895,-0.1964690634114534,-0.1923096739151155,-0.19147195632680702,0.213833;0.223218;0.227755;0.223897;0.230234;0.235990
armR_own,pretrained,19,11,ctx,4997,0.5377529956070641,-0.19405103807937685,-0.18871434537712492,-0.1871300670931113,0.535045;0.528477;0.533806;0.531387;0.551922;0.542640
armR_own,pretrained,19,11,pfx,4997,0.22526393752545004,-0.1967105101046115,-0.19240372122365204,-0.19079303896639366,0.218271;0.224236;0.230221;0.221413;0.230392;0.222065
armR_own,pretrained,19,12,ctx,4996,0.5377105108100598,-0.193579949908565,-0.1895682521950558,-0.18809288311479966,0.533967;0.533777;0.532509;0.530197;0.551076;0.541678
armR_own,pretrained,19,12,pfx,4996,0.2150533608688796,-0.19723041456545087,-0.19277292440392096,-0.1909592332377299,0.215468;0.213198;0.210654;0.211452;0.221656;0.213219
