{
  "layer": 20,
  "pooled": {
    "cultural_variant": {
      "rho": 0.5561405852454209,
      "p": 2.749632552475843e-05,
      "n": 50
    },
    "domain_adjacent": {
      "rho": 0.8216498164321832,
      "p": 2.642443916626141e-13,
      "n": 50
    },
    "fictional_exemplar": {
      "rho": 0.007516303890914649,
      "p": 0.9586842968183343,
      "n": 50
    },
    "hierarchical": {
      "rho": 0.7811273871075417,
      "p": 2.1989734354674226e-11,
      "n": 50
    },
    "intersectional": {
      "rho": 0.3983929302380907,
      "p": 0.004163754361100862,
      "n": 50
    },
    "modified_source": {
      "rho": 0.15173619597616084,
      "p": 0.1937579399088533,
      "n": 75
    },
    "opposite": {
      "rho": 0.2575868906037222,
      "p": 0.07092525020260551,
      "n": 50
    },
    "original": {
      "rho": 0.7632194675054311,
      "p": 1.1642324016462867e-10,
      "n": 50
    },
    "professional_peer": {
      "rho": 0.8423049852429519,
      "p": 2.79919300421061e-21,
      "n": 75
    },
    "tone_variant": {
      "rho": 0.07908759160462646,
      "p": 0.7070785878635825,
      "n": 25
    },
    "unrelated_baseline": {
      "rho": 0.7307468064017771,
      "p": 3.349833803174186e-05,
      "n": 25
    }
  },
  "related_only": {
    "cultural_variant": {
      "rho": -0.10714285714285716,
      "p": 0.8191508555699912,
      "n": 7
    },
    "domain_adjacent": {
      "rho": 0.5952380952380953,
      "p": 0.11952980613879269,
      "n": 8
    },
    "fictional_exemplar": {
      "rho": 0.5253948512537597,
      "p": 0.07939623293714608,
      "n": 12
    },
    "hierarchical": {
      "rho": 0.7380952380952381,
      "p": 0.03655276105286081,
      "n": 8
    },
    "intersectional": {
      "rho": 0.2937062937062937,
      "p": 0.3541476412329215,
      "n": 12
    },
    "modified_source": {
      "rho": 0.4060829395759493,
      "p": 0.13311969593370132,
      "n": 15
    },
    "opposite": {
      "rho": 0.242464322484436,
      "p": 0.5628829267771581,
      "n": 8
    },
    "original": {
      "rho": NaN,
      "p": NaN,
      "n": 0
    },
    "professional_peer": {
      "rho": 0.27545404024004955,
      "p": 0.5090540726550732,
      "n": 8
    },
    "tone_variant": {
      "rho": NaN,
      "p": NaN,
      "n": 0
    },
    "unrelated_baseline": {
      "rho": NaN,
      "p": NaN,
      "n": 0
    }
  },
  "_aggregate_pooled": {
    "rho": 0.6015614373985146,
    "p": 1.9753834730410463e-55,
    "n": 550
  },
  "_aggregate_related": {
    "rho": 0.5607909872278697,
    "p": 9.300493297301758e-08,
    "n": 78
  }
}