{
  "percentiles": {
    "1": {
      "raw": -39.37426887,
      "edu": -36.02321028
    },
    "5": {
      "raw": -31.58048235,
      "edu": -28.59023455
    },
    "10": {
      "raw": -27.5707961,
      "edu": -25.1167058
    },
    "25": {
      "raw": -21.8515885,
      "edu": -20.12029125
    },
    "50": {
      "raw": -16.6624565,
      "edu": -14.643806999999999
    },
    "75": {
      "raw": -10.958117999999999,
      "edu": -8.081729750000001
    },
    "90": {
      "raw": -4.453947699999998,
      "edu": -1.8626616999999988
    },
    "95": {
      "raw": -0.6296804500000025,
      "edu": 1.7278822499999928
    },
    "99": {
      "raw": 6.20576550000001,
      "edu": 8.524846210000018
    }
  },
  "stats": {
    "raw_mean": -16.395611600035,
    "raw_std": 9.189937793319158,
    "raw_min": -64.760414,
    "raw_max": 31.892414,
    "edu_mean": -14.070048739185003,
    "edu_std": 9.257460963021405,
    "edu_min": -60.404873,
    "edu_max": 32.780464
  },
  "tests": {
    "mannwhitney_U": 17196293761.5,
    "mannwhitney_p": 0.0,
    "ks_D": 0.10479000000000005,
    "ks_p": 0.0,
    "cohens_d": -0.2521273934545076
  },
  "tail_extremity": {
    "raw_below_edu_p5": 0.084585,
    "raw_above_edu_p95": 0.030225,
    "raw_extreme_low": 0.005175,
    "edu_extreme_low": 0.002275,
    "raw_extreme_high": 0.00091,
    "edu_extreme_high": 0.002295
  }
}