{
  "rate": 38.26628206944345,
  "chosen_pooling": "last",
  "last_length_r": 0.07818927175164633,
  "mean_length_r": 0.5927080902496723,
  "cross_r": 0.38991736691064477
}