[phase=p5_guard]
[freeze-guard] OK: axis frozen at commit 21556f1cc9af00550b793556dcef3452af14830e
[phase=p5_stage_sources]
[stage_hub_prefix] start superkaiba1/explore-persona-space-data@1ef6def108678c458a03d190c8105ced55fe58a7:issue1345_framing/conversation_paired_stories_assistant/analysis_tensors/turnstore timeout=off
[stage_hub_prefix] 14 files (~5.56 GB known) under superkaiba1/explore-persona-space-data@1ef6def108678c458a03d190c8105ced55fe58a7:issue1345_framing/conversation_paired_stories_assistant/analysis_tensors/turnstore
[stage_hub_prefix] unit 1/14 issue1345_framing/conversation_paired_stories_assistant/analysis_tensors/turnstore/instruct_stories_paired_s_shard001.json elapsed=17s
[stage_hub_prefix] unit 2/14 issue1345_framing/conversation_paired_stories_assistant/analysis_tensors/turnstore/instruct_stories_paired_op_s_shard000.json elapsed=17s
[stage_hub_prefix] unit 3/14 issue1345_framing/conversation_paired_stories_assistant/analysis_tensors/turnstore/instruct_stories_paired_s_shard000.json elapsed=17s
[stage_hub_prefix] unit 4/14 issue1345_framing/conversation_paired_stories_assistant/analysis_tensors/turnstore/instruct_stories_paired_op_s_skip_manifest.json elapsed=17s
[stage_hub_prefix] unit 5/14 issue1345_framing/conversation_paired_stories_assistant/analysis_tensors/turnstore/instruct_stories_paired_s_shard002.json elapsed=17s
[stage_hub_prefix] unit 6/14 issue1345_framing/conversation_paired_stories_assistant/analysis_tensors/turnstore/instruct_stories_paired_s_shard003.json elapsed=17s
[stage_hub_prefix] unit 7/14 issue1345_framing/conversation_paired_stories_assistant/analysis_tensors/turnstore/instruct_stories_paired_s_shard004.json elapsed=17s
[stage_hub_prefix] unit 8/14 issue1345_framing/conversation_paired_stories_assistant/analysis_tensors/turnstore/instruct_stories_paired_op_s_shard000.pt elapsed=26s
[stage_hub_prefix] unit 9/14 issue1345_framing/conversation_paired_stories_assistant/analysis_tensors/turnstore/instruct_stories_paired_s_skip_manifest.json elapsed=27s
[stage_hub_prefix] unit 10/14 issue1345_framing/conversation_paired_stories_assistant/analysis_tensors/turnstore/instruct_stories_paired_s_shard004.pt elapsed=30s
[stage_hub_prefix] unit 11/14 issue1345_framing/conversation_paired_stories_assistant/analysis_tensors/turnstore/instruct_stories_paired_s_shard000.pt elapsed=36s
[stage_hub_prefix] unit 12/14 issue1345_framing/conversation_paired_stories_assistant/analysis_tensors/turnstore/instruct_stories_paired_s_shard002.pt elapsed=38s
[stage_hub_prefix] unit 13/14 issue1345_framing/conversation_paired_stories_assistant/analysis_tensors/turnstore/instruct_stories_paired_s_shard001.pt elapsed=39s
[stage_hub_prefix] unit 14/14 issue1345_framing/conversation_paired_stories_assistant/analysis_tensors/turnstore/instruct_stories_paired_s_shard003.pt elapsed=39s
[stage] conversation_paired_stories_assistant turnstore: 14 files (14 listed, 6 pt shards) -> /workspace/data/issue_2479/stage/conversation_paired_stories_assistant_turnstore
[stage_hub_prefix] start superkaiba1/explore-persona-space-data@eca4accbf8eef9d4eebe546dbc8f3131c4031df4:issue1345_framing/onpolicy_assistant_story/analysis_tensors/turnstore timeout=off
[stage_hub_prefix] 10 files (~4.92 GB known) under superkaiba1/explore-persona-space-data@eca4accbf8eef9d4eebe546dbc8f3131c4031df4:issue1345_framing/onpolicy_assistant_story/analysis_tensors/turnstore
[stage_hub_prefix] unit 1/10 issue1345_framing/onpolicy_assistant_story/analysis_tensors/turnstore/instruct_stories_paired_op_s_shard001.json elapsed=14s
[stage_hub_prefix] unit 2/10 issue1345_framing/onpolicy_assistant_story/analysis_tensors/turnstore/instruct_stories_paired_op_s_shard002.json elapsed=14s
[stage_hub_prefix] unit 3/10 issue1345_framing/onpolicy_assistant_story/analysis_tensors/turnstore/instruct_stories_paired_op_s_shard000.json elapsed=15s
[stage_hub_prefix] unit 4/10 issue1345_framing/onpolicy_assistant_story/analysis_tensors/turnstore/instruct_stories_paired_op_s_shard003.json elapsed=15s
[stage_hub_prefix] unit 5/10 issue1345_framing/onpolicy_assistant_story/analysis_tensors/turnstore/instruct_stories_paired_op_s_shard004.json elapsed=15s
[stage_hub_prefix] unit 6/10 issue1345_framing/onpolicy_assistant_story/analysis_tensors/turnstore/instruct_stories_paired_op_s_shard004.pt elapsed=23s
[stage_hub_prefix] unit 7/10 issue1345_framing/onpolicy_assistant_story/analysis_tensors/turnstore/instruct_stories_paired_op_s_shard000.pt elapsed=39s
[stage_hub_prefix] unit 8/10 issue1345_framing/onpolicy_assistant_story/analysis_tensors/turnstore/instruct_stories_paired_op_s_shard002.pt elapsed=40s
[stage_hub_prefix] unit 9/10 issue1345_framing/onpolicy_assistant_story/analysis_tensors/turnstore/instruct_stories_paired_op_s_shard003.pt elapsed=41s
[stage_hub_prefix] unit 10/10 issue1345_framing/onpolicy_assistant_story/analysis_tensors/turnstore/instruct_stories_paired_op_s_shard001.pt elapsed=45s
[stage] onpolicy_assistant_story turnstore: 10 files (10 listed, 5 pt shards) -> /workspace/data/issue_2479/stage/onpolicy_assistant_story_turnstore
[phase=p5_fits]
[i2479-p5] captured cells: 24/24
[phasef] preflight: 114501 GiB free at /workspace/data/issue_2479/stage (floor 15 GiB)
[phasef] source r4op/instruct: staged store present (onpolicy_assistant_story_turnstore); will slice on first use
[phasef] source r4/instruct: staged store present (conversation_paired_stories_assistant_turnstore); will slice on first use
[stage_hub_prefix] start superkaiba1/explore-persona-space-data@main:issue1345_framing/char_2479_helios_op/analysis_tensors/turnstore timeout=off
[stage_hub_prefix] 10 files (~5.20 GB known) under superkaiba1/explore-persona-space-data@a882192db94925bab12168a131e4e7f703b060c1:issue1345_framing/char_2479_helios_op/analysis_tensors/turnstore
[stage_hub_prefix] unit 1/10 issue1345_framing/char_2479_helios_op/analysis_tensors/turnstore/_capture_complete.json elapsed=39s
[stage_hub_prefix] unit 2/10 issue1345_framing/char_2479_helios_op/analysis_tensors/turnstore/instruct_stories_paired_op_s_shard001.json elapsed=39s
[stage_hub_prefix] unit 3/10 issue1345_framing/char_2479_helios_op/analysis_tensors/turnstore/instruct_stories_paired_op_s_shard000.json elapsed=39s
[stage_hub_prefix] unit 4/10 issue1345_framing/char_2479_helios_op/analysis_tensors/turnstore/instruct_chat_s_shard000.json elapsed=39s
[stage_hub_prefix] unit 5/10 issue1345_framing/char_2479_helios_op/analysis_tensors/turnstore/instruct_stories_paired_op_s_skip_manifest.json elapsed=40s
[stage_hub_prefix] unit 6/10 issue1345_framing/char_2479_helios_op/analysis_tensors/turnstore/instruct_stories_paired_op_s_shard002.json elapsed=40s
[stage_hub_prefix] unit 7/10 issue1345_framing/char_2479_helios_op/analysis_tensors/turnstore/instruct_stories_paired_op_s_shard002.pt elapsed=64s
[stage_hub_prefix] unit 8/10 issue1345_framing/char_2479_helios_op/analysis_tensors/turnstore/instruct_stories_paired_op_s_shard001.pt elapsed=65s
[stage_hub_prefix] unit 9/10 issue1345_framing/char_2479_helios_op/analysis_tensors/turnstore/instruct_stories_paired_op_s_shard000.pt elapsed=66s
[stage_hub_prefix] unit 10/10 issue1345_framing/char_2479_helios_op/analysis_tensors/turnstore/instruct_chat_s_shard000.pt elapsed=68s
[stage] char_2479_helios_op turnstore: 10 files (10 listed, 4 pt shards) -> /workspace/data/issue_2479/stage/char_2479_helios_op_turnstore
[freeze-guard] OK: axis frozen at commit 21556f1cc9af00550b793556dcef3452af14830e (1 panel cell(s) requested)
[cache] instruct/char_2479_helios_op/context L19: n=1216 d=3584 in 6s -> instruct_char_2479_helios_op_s_context_L19_srf6f8ce3d.pt
[axis-guard] instruct/char_2479_helios_op/context L19: excluded 188 axis-reservation rows (n 1216 -> 1028)
  cell char_2479_helios_op [reduced]: ceiling 0.2029  identity+bias -0.5051  n=1028
[cell] char_2479_helios_op wall 7s -> cell_char_2479_helios_op__instruct_context_L19_reduced_s0.json
TOTAL 7s
[freeze-guard] OK: axis frozen at commit 21556f1cc9af00550b793556dcef3452af14830e (1 panel cell(s) requested)
[cache] instruct/char_2479_helios_op/prefix L19: n=1216 d=3584 in 5s -> instruct_char_2479_helios_op_s_prefix_L19_srf6f8ce3d.pt
[axis-guard] instruct/char_2479_helios_op/prefix L19: excluded 188 axis-reservation rows (n 1216 -> 1028)
  cell char_2479_helios_op [reduced]: ceiling 0.0196  identity+bias -1.6873  n=1028
[cell] char_2479_helios_op wall 6s -> cell_char_2479_helios_op__instruct_prefix_L19_reduced_s0.json
TOTAL 6s
[freeze-guard] OK: axis frozen at commit 21556f1cc9af00550b793556dcef3452af14830e (1 panel cell(s) requested)
[cache] instruct/r4op/context L19: n=2018 d=3584 in 8s -> instruct_stories_paired_op_s_context_L19.pt
[axis-guard] instruct/char_2479_helios_op/context L19: excluded 188 axis-reservation rows (n 1216 -> 1028)
  story_onpolicy<->char_2479_helios_op [reduced k=411 n_tr_min=822]
    story_onpolicy->char_2479_helios_op: ceiling 0.2029  identity+bias -0.5051
      1_direct            0.1479  null   -0.0463
      2_ctx_offset        0.1400  null   -0.0456
      3_ans_offset        0.1443  null   -0.0069
      4_bias_refit        0.1795  null   -0.0064
      5_global_scale      0.1916  null   -0.0055
      6_rotation          0.1856  null    0.0111
      7_ctx_reparam       0.1117  null   -0.0059
      8_ans_reparam       0.1359  null   -0.0059
      9_full_AMB          0.0856  null   -0.0058
    char_2479_helios_op->story_onpolicy: ceiling 0.2267  identity+bias -0.6412
      1_direct            0.1491  null   -0.0465
      2_ctx_offset        0.1411  null   -0.0463
      3_ans_offset        0.1625  null   -0.0090
      4_bias_refit        0.1786  null   -0.0085
      5_global_scale      0.1803  null   -0.0054
      6_rotation          0.1947  null    0.0172
      7_ctx_reparam       0.0957  null   -0.0056
      8_ans_reparam       0.1377  null   -0.0070
      9_full_AMB          0.0720  null   -0.0055
[pair] story_onpolicy<->char_2479_helios_op wall 26s -> ladder_r4op__char_2479_helios_op__instruct_context_L19_reduced_s0_nd2.json
TOTAL 26s
[cell] char_2479_helios_op: deleted staged char_2479_helios_op_turnstore (4.9G freed)
[cell] char_2479_helios_op done rc=0 wall 200s (114450 GiB free)
[p5] unit 1/24 char_2479_helios_op elapsed=200s rc=0
[stage_hub_prefix] start superkaiba1/explore-persona-space-data@main:issue1345_framing/char_2479_helios/analysis_tensors/turnstore timeout=off
[stage_hub_prefix] 8 files (~4.19 GB known) under superkaiba1/explore-persona-space-data@6950b7b685cebaa4d4653bf360ef2d225ef62780:issue1345_framing/char_2479_helios/analysis_tensors/turnstore
[stage_hub_prefix] unit 1/8 issue1345_framing/char_2479_helios/analysis_tensors/turnstore/instruct_stories_paired_s_shard000.json elapsed=15s
[stage_hub_prefix] unit 2/8 issue1345_framing/char_2479_helios/analysis_tensors/turnstore/instruct_stories_paired_s_shard001.json elapsed=15s
[stage_hub_prefix] unit 3/8 issue1345_framing/char_2479_helios/analysis_tensors/turnstore/_capture_complete.json elapsed=15s
[stage_hub_prefix] unit 4/8 issue1345_framing/char_2479_helios/analysis_tensors/turnstore/instruct_chat_s_shard000.json elapsed=15s
[stage_hub_prefix] unit 5/8 issue1345_framing/char_2479_helios/analysis_tensors/turnstore/instruct_stories_paired_s_skip_manifest.json elapsed=15s
[stage_hub_prefix] unit 6/8 issue1345_framing/char_2479_helios/analysis_tensors/turnstore/instruct_stories_paired_s_shard000.pt elapsed=24s
[stage_hub_prefix] unit 7/8 issue1345_framing/char_2479_helios/analysis_tensors/turnstore/instruct_stories_paired_s_shard001.pt elapsed=26s
[stage_hub_prefix] unit 8/8 issue1345_framing/char_2479_helios/analysis_tensors/turnstore/instruct_chat_s_shard000.pt elapsed=26s
[stage] char_2479_helios turnstore: 8 files (8 listed, 3 pt shards) -> /workspace/data/issue_2479/stage/char_2479_helios_turnstore
[freeze-guard] OK: axis frozen at commit 21556f1cc9af00550b793556dcef3452af14830e (1 panel cell(s) requested)
[cache] instruct/char_2479_helios/context L19: n=799 d=3584 in 3s -> instruct_char_2479_helios_s_context_L19_srf6f8ce3d.pt
[axis-guard] instruct/char_2479_helios/context L19: excluded 124 axis-reservation rows (n 799 -> 675)
  cell char_2479_helios [reduced]: ceiling 0.3035  identity+bias -0.6349  n=675
[cell] char_2479_helios wall 4s -> cell_char_2479_helios__instruct_context_L19_reduced_s0.json
TOTAL 4s
[freeze-guard] OK: axis frozen at commit 21556f1cc9af00550b793556dcef3452af14830e (1 panel cell(s) requested)
[cache] instruct/char_2479_helios/prefix L19: n=799 d=3584 in 3s -> instruct_char_2479_helios_s_prefix_L19_srf6f8ce3d.pt
[axis-guard] instruct/char_2479_helios/prefix L19: excluded 124 axis-reservation rows (n 799 -> 675)
  cell char_2479_helios [reduced]: ceiling 0.0163  identity+bias -1.9166  n=675
[cell] char_2479_helios wall 4s -> cell_char_2479_helios__instruct_prefix_L19_reduced_s0.json
TOTAL 4s
[freeze-guard] OK: axis frozen at commit 21556f1cc9af00550b793556dcef3452af14830e (1 panel cell(s) requested)
[cache] instruct/r4/context L19: n=2163 d=3584 in 8s -> instruct_stories_paired_s_context_L19.pt
[axis-guard] instruct/char_2479_helios/context L19: excluded 124 axis-reservation rows (n 799 -> 675)
  story_inserted<->char_2479_helios [reduced k=222 n_tr_min=444]
    story_inserted->char_2479_helios: ceiling 0.2867  identity+bias -0.6385
      1_direct            0.2325  null   -0.0256
      2_ctx_offset        0.2353  null   -0.0251
      3_ans_offset        0.2279  null   -0.0098
      4_bias_refit        0.2511  null   -0.0095
      5_global_scale      0.2673  null   -0.0095
      6_rotation          0.2547  null    0.0004
      7_ctx_reparam       0.1056  null   -0.0096
      8_ans_reparam       0.2235  null   -0.0097
      9_full_AMB          0.1013  null   -0.0096
    char_2479_helios->story_inserted: ceiling 0.2931  identity+bias -0.8510
      1_direct            0.2415  null   -0.0257
      2_ctx_offset        0.2443  null   -0.0255
      3_ans_offset        0.2398  null   -0.0102
      4_bias_refit        0.2596  null   -0.0100
      5_global_scale      0.2589  null   -0.0099
      6_rotation          0.2663  null    0.0029
      7_ctx_reparam       0.1215  null   -0.0100
      8_ans_reparam       0.2368  null   -0.0102
      9_full_AMB          0.1166  null   -0.0100
[pair] story_inserted<->char_2479_helios wall 13s -> ladder_r4__char_2479_helios__instruct_context_L19_reduced_s0_nd2.json
TOTAL 13s
[cell] char_2479_helios: deleted staged char_2479_helios_turnstore (4.0G freed)
[cell] char_2479_helios done rc=0 wall 91s (114465 GiB free)
[p5] unit 2/24 char_2479_helios elapsed=291s rc=0
[stage_hub_prefix] start superkaiba1/explore-persona-space-data@main:issue1345_framing/char_2479_iris_op/analysis_tensors/turnstore timeout=off
[stage_hub_prefix] 10 files (~5.76 GB known) under superkaiba1/explore-persona-space-data@74f0a55e8393acba3a157cc15f90780fa5fabae8:issue1345_framing/char_2479_iris_op/analysis_tensors/turnstore
[stage_hub_prefix] unit 1/10 issue1345_framing/char_2479_iris_op/analysis_tensors/turnstore/_capture_complete.json elapsed=22s
[stage_hub_prefix] unit 2/10 issue1345_framing/char_2479_iris_op/analysis_tensors/turnstore/instruct_stories_paired_op_s_shard001.json elapsed=22s
[stage_hub_prefix] unit 3/10 issue1345_framing/char_2479_iris_op/analysis_tensors/turnstore/instruct_stories_paired_op_s_shard000.json elapsed=22s
[stage_hub_prefix] unit 4/10 issue1345_framing/char_2479_iris_op/analysis_tensors/turnstore/instruct_chat_s_shard000.json elapsed=22s
[stage_hub_prefix] unit 5/10 issue1345_framing/char_2479_iris_op/analysis_tensors/turnstore/instruct_stories_paired_op_s_skip_manifest.json elapsed=22s
[stage_hub_prefix] unit 6/10 issue1345_framing/char_2479_iris_op/analysis_tensors/turnstore/instruct_stories_paired_op_s_shard002.json elapsed=22s
[stage_hub_prefix] unit 7/10 issue1345_framing/char_2479_iris_op/analysis_tensors/turnstore/instruct_stories_paired_op_s_shard002.pt elapsed=37s
[stage_hub_prefix] unit 8/10 issue1345_framing/char_2479_iris_op/analysis_tensors/turnstore/instruct_stories_paired_op_s_shard001.pt elapsed=37s
[stage_hub_prefix] unit 9/10 issue1345_framing/char_2479_iris_op/analysis_tensors/turnstore/instruct_stories_paired_op_s_shard000.pt elapsed=38s
[stage_hub_prefix] unit 10/10 issue1345_framing/char_2479_iris_op/analysis_tensors/turnstore/instruct_chat_s_shard000.pt elapsed=39s
[stage] char_2479_iris_op turnstore: 10 files (10 listed, 4 pt shards) -> /workspace/data/issue_2479/stage/char_2479_iris_op_turnstore
[freeze-guard] OK: axis frozen at commit 21556f1cc9af00550b793556dcef3452af14830e (1 panel cell(s) requested)
[cache] instruct/char_2479_iris_op/context L19: n=1446 d=3584 in 6s -> instruct_char_2479_iris_op_s_context_L19_srf6f8ce3d.pt
[axis-guard] instruct/char_2479_iris_op/context L19: excluded 224 axis-reservation rows (n 1446 -> 1222)
  cell char_2479_iris_op [reduced]: ceiling 0.2100  identity+bias -0.4735  n=1222
[cell] char_2479_iris_op wall 7s -> cell_char_2479_iris_op__instruct_context_L19_reduced_s0.json
TOTAL 7s
[freeze-guard] OK: axis frozen at commit 21556f1cc9af00550b793556dcef3452af14830e (1 panel cell(s) requested)
[cache] instruct/char_2479_iris_op/prefix L19: n=1446 d=3584 in 6s -> instruct_char_2479_iris_op_s_prefix_L19_srf6f8ce3d.pt
[axis-guard] instruct/char_2479_iris_op/prefix L19: excluded 224 axis-reservation rows (n 1446 -> 1222)
  cell char_2479_iris_op [reduced]: ceiling 0.0050  identity+bias -1.6761  n=1222
[cell] char_2479_iris_op wall 7s -> cell_char_2479_iris_op__instruct_prefix_L19_reduced_s0.json
TOTAL 7s
[freeze-guard] OK: axis frozen at commit 21556f1cc9af00550b793556dcef3452af14830e (1 panel cell(s) requested)
[axis-guard] instruct/char_2479_iris_op/context L19: excluded 224 axis-reservation rows (n 1446 -> 1222)
  story_onpolicy<->char_2479_iris_op [reduced k=488 n_tr_min=977]
    story_onpolicy->char_2479_iris_op: ceiling 0.2100  identity+bias -0.4735
      1_direct            0.1548  null   -0.0343
      2_ctx_offset        0.1516  null   -0.0335
      3_ans_offset        0.1568  null   -0.0089
      4_bias_refit        0.1771  null   -0.0081
      5_global_scale      0.1865  null   -0.0046
      6_rotation          0.1832  null    0.0142
      7_ctx_reparam       0.1126  null   -0.0054
      8_ans_reparam       0.1298  null   -0.0067
      9_full_AMB          0.0898  null   -0.0052
    char_2479_iris_op->story_onpolicy: ceiling 0.2396  identity+bias -0.6395
      1_direct            0.1550  null   -0.0365
      2_ctx_offset        0.1609  null   -0.0354
      3_ans_offset        0.1588  null   -0.0113
      4_bias_refit        0.1859  null   -0.0103
      5_global_scale      0.1847  null   -0.0048
      6_rotation          0.2105  null    0.0238
      7_ctx_reparam       0.1070  null   -0.0052
      8_ans_reparam       0.1551  null   -0.0080
      9_full_AMB          0.0847  null   -0.0051
[pair] story_onpolicy<->char_2479_iris_op wall 21s -> ladder_r4op__char_2479_iris_op__instruct_context_L19_reduced_s0_nd2.json
TOTAL 21s
[cell] char_2479_iris_op: deleted staged char_2479_iris_op_turnstore (5.4G freed)
[cell] char_2479_iris_op done rc=0 wall 125s (114459 GiB free)
[p5] unit 3/24 char_2479_iris_op elapsed=416s rc=0
[stage_hub_prefix] start superkaiba1/explore-persona-space-data@main:issue1345_framing/char_2479_iris/analysis_tensors/turnstore timeout=off
[stage_hub_prefix] 8 files (~4.54 GB known) under superkaiba1/explore-persona-space-data@74f0a55e8393acba3a157cc15f90780fa5fabae8:issue1345_framing/char_2479_iris/analysis_tensors/turnstore
[stage_hub_prefix] unit 1/8 issue1345_framing/char_2479_iris/analysis_tensors/turnstore/instruct_stories_paired_s_shard001.json elapsed=19s
[stage_hub_prefix] unit 2/8 issue1345_framing/char_2479_iris/analysis_tensors/turnstore/instruct_stories_paired_s_shard000.json elapsed=19s
[stage_hub_prefix] unit 3/8 issue1345_framing/char_2479_iris/analysis_tensors/turnstore/instruct_chat_s_shard000.json elapsed=19s
[stage_hub_prefix] unit 4/8 issue1345_framing/char_2479_iris/analysis_tensors/turnstore/_capture_complete.json elapsed=19s
[stage_hub_prefix] unit 5/8 issue1345_framing/char_2479_iris/analysis_tensors/turnstore/instruct_stories_paired_s_skip_manifest.json elapsed=19s
[stage_hub_prefix] unit 6/8 issue1345_framing/char_2479_iris/analysis_tensors/turnstore/instruct_stories_paired_s_shard000.pt elapsed=38s
[stage_hub_prefix] unit 7/8 issue1345_framing/char_2479_iris/analysis_tensors/turnstore/instruct_stories_paired_s_shard001.pt elapsed=39s
[stage_hub_prefix] unit 8/8 issue1345_framing/char_2479_iris/analysis_tensors/turnstore/instruct_chat_s_shard000.pt elapsed=40s
[stage] char_2479_iris turnstore: 8 files (8 listed, 3 pt shards) -> /workspace/data/issue_2479/stage/char_2479_iris_turnstore
[freeze-guard] OK: axis frozen at commit 21556f1cc9af00550b793556dcef3452af14830e (1 panel cell(s) requested)
[cache] instruct/char_2479_iris/context L19: n=944 d=3584 in 3s -> instruct_char_2479_iris_s_context_L19_srf6f8ce3d.pt
[axis-guard] instruct/char_2479_iris/context L19: excluded 150 axis-reservation rows (n 944 -> 794)
  cell char_2479_iris [reduced]: ceiling 0.2955  identity+bias -0.6393  n=794
[cell] char_2479_iris wall 4s -> cell_char_2479_iris__instruct_context_L19_reduced_s0.json
TOTAL 4s
[freeze-guard] OK: axis frozen at commit 21556f1cc9af00550b793556dcef3452af14830e (1 panel cell(s) requested)
[cache] instruct/char_2479_iris/prefix L19: n=944 d=3584 in 4s -> instruct_char_2479_iris_s_prefix_L19_srf6f8ce3d.pt
[axis-guard] instruct/char_2479_iris/prefix L19: excluded 150 axis-reservation rows (n 944 -> 794)
  cell char_2479_iris [reduced]: ceiling 0.0091  identity+bias -2.0215  n=794
[cell] char_2479_iris wall 5s -> cell_char_2479_iris__instruct_prefix_L19_reduced_s0.json
TOTAL 5s
[freeze-guard] OK: axis frozen at commit 21556f1cc9af00550b793556dcef3452af14830e (1 panel cell(s) requested)
[axis-guard] instruct/char_2479_iris/context L19: excluded 150 axis-reservation rows (n 944 -> 794)
  story_inserted<->char_2479_iris [reduced k=261 n_tr_min=522]
    story_inserted->char_2479_iris: ceiling 0.2806  identity+bias -0.6394
      1_direct            0.2143  null   -0.0239
      2_ctx_offset        0.2304  null   -0.0236
      3_ans_offset        0.2166  null   -0.0091
      4_bias_refit        0.2452  null   -0.0089
      5_global_scale      0.2522  null   -0.0077
      6_rotation          0.2493  null    0.0031
      7_ctx_reparam       0.1238  null   -0.0082
      8_ans_reparam       0.2143  null   -0.0089
      9_full_AMB          0.1211  null   -0.0082
    char_2479_iris->story_inserted: ceiling 0.3065  identity+bias -0.8478
      1_direct            0.2192  null   -0.0239
      2_ctx_offset        0.2496  null   -0.0234
      3_ans_offset        0.2255  null   -0.0094
      4_bias_refit        0.2642  null   -0.0090
      5_global_scale      0.2602  null   -0.0078
      6_rotation          0.2821  null    0.0078
      7_ctx_reparam       0.1273  null   -0.0084
      8_ans_reparam       0.2281  null   -0.0091
      9_full_AMB          0.1234  null   -0.0084
[pair] story_inserted<->char_2479_iris wall 11s -> ladder_r4__char_2479_iris__instruct_context_L19_reduced_s0_nd2.json
TOTAL 11s
[cell] char_2479_iris: deleted staged char_2479_iris_turnstore (4.3G freed)
[cell] char_2479_iris done rc=0 wall 103s (114415 GiB free)
[p5] unit 4/24 char_2479_iris elapsed=519s rc=0
[stage_hub_prefix] start superkaiba1/explore-persona-space-data@main:issue1345_framing/char_2479_cobalt_op/analysis_tensors/turnstore timeout=off
[stage_hub_prefix] 10 files (~5.61 GB known) under superkaiba1/explore-persona-space-data@c9cb9e4df59e6f8a9df0584651aa9c0b8540da2e:issue1345_framing/char_2479_cobalt_op/analysis_tensors/turnstore
[stage_hub_prefix] unit 1/10 issue1345_framing/char_2479_cobalt_op/analysis_tensors/turnstore/_capture_complete.json elapsed=36s
[stage_hub_prefix] unit 2/10 issue1345_framing/char_2479_cobalt_op/analysis_tensors/turnstore/instruct_stories_paired_op_s_shard001.json elapsed=36s
[stage_hub_prefix] unit 3/10 issue1345_framing/char_2479_cobalt_op/analysis_tensors/turnstore/instruct_stories_paired_op_s_shard000.json elapsed=36s
[stage_hub_prefix] unit 4/10 issue1345_framing/char_2479_cobalt_op/analysis_tensors/turnstore/instruct_chat_s_shard000.json elapsed=36s
[stage_hub_prefix] unit 5/10 issue1345_framing/char_2479_cobalt_op/analysis_tensors/turnstore/instruct_stories_paired_op_s_shard002.json elapsed=37s
[stage_hub_prefix] unit 6/10 issue1345_framing/char_2479_cobalt_op/analysis_tensors/turnstore/instruct_stories_paired_op_s_skip_manifest.json elapsed=37s
[stage_hub_prefix] unit 7/10 issue1345_framing/char_2479_cobalt_op/analysis_tensors/turnstore/instruct_stories_paired_op_s_shard002.pt elapsed=50s
[stage_hub_prefix] unit 8/10 issue1345_framing/char_2479_cobalt_op/analysis_tensors/turnstore/instruct_stories_paired_op_s_shard000.pt elapsed=51s
[stage_hub_prefix] unit 9/10 issue1345_framing/char_2479_cobalt_op/analysis_tensors/turnstore/instruct_chat_s_shard000.pt elapsed=53s
[stage_hub_prefix] unit 10/10 issue1345_framing/char_2479_cobalt_op/analysis_tensors/turnstore/instruct_stories_paired_op_s_shard001.pt elapsed=58s
[stage] char_2479_cobalt_op turnstore: 10 files (10 listed, 4 pt shards) -> /workspace/data/issue_2479/stage/char_2479_cobalt_op_turnstore
[freeze-guard] OK: axis frozen at commit 21556f1cc9af00550b793556dcef3452af14830e (1 panel cell(s) requested)
[cache] instruct/char_2479_cobalt_op/context L19: n=1383 d=3584 in 7s -> instruct_char_2479_cobalt_op_s_context_L19_srf6f8ce3d.pt
[axis-guard] instruct/char_2479_cobalt_op/context L19: excluded 214 axis-reservation rows (n 1383 -> 1169)
  cell char_2479_cobalt_op [reduced]: ceiling 0.2009  identity+bias -0.3963  n=1169
[cell] char_2479_cobalt_op wall 9s -> cell_char_2479_cobalt_op__instruct_context_L19_reduced_s0.json
TOTAL 9s
[freeze-guard] OK: axis frozen at commit 21556f1cc9af00550b793556dcef3452af14830e (1 panel cell(s) requested)
[cache] instruct/char_2479_cobalt_op/prefix L19: n=1383 d=3584 in 5s -> instruct_char_2479_cobalt_op_s_prefix_L19_srf6f8ce3d.pt
[axis-guard] instruct/char_2479_cobalt_op/prefix L19: excluded 214 axis-reservation rows (n 1383 -> 1169)
  cell char_2479_cobalt_op [reduced]: ceiling 0.0063  identity+bias -1.5089  n=1169
[cell] char_2479_cobalt_op wall 6s -> cell_char_2479_cobalt_op__instruct_prefix_L19_reduced_s0.json
TOTAL 6s
[freeze-guard] OK: axis frozen at commit 21556f1cc9af00550b793556dcef3452af14830e (1 panel cell(s) requested)
[axis-guard] instruct/char_2479_cobalt_op/context L19: excluded 214 axis-reservation rows (n 1383 -> 1169)
  story_onpolicy<->char_2479_cobalt_op [reduced k=467 n_tr_min=934]
    story_onpolicy->char_2479_cobalt_op: ceiling 0.2002  identity+bias -0.3975
      1_direct            0.1231  null   -0.0686
      2_ctx_offset        0.0972  null   -0.0694
      3_ans_offset        0.1301  null   -0.0077
      4_bias_refit        0.1595  null   -0.0072
      5_global_scale      0.1702  null   -0.0052
      6_rotation          0.1724  null    0.0126
      7_ctx_reparam       0.0985  null   -0.0055
      8_ans_reparam       0.1131  null   -0.0061
      9_full_AMB          0.0816  null   -0.0053
    char_2479_cobalt_op->story_onpolicy: ceiling 0.2338  identity+bias -0.6210
      1_direct            0.1234  null   -0.0817
      2_ctx_offset        0.0987  null   -0.0799
      3_ans_offset        0.1344  null   -0.0137
      4_bias_refit        0.1667  null   -0.0125
      5_global_scale      0.1664  null   -0.0062
      6_rotation          0.1983  null    0.0237
      7_ctx_reparam       0.1100  null   -0.0069
      8_ans_reparam       0.1466  null   -0.0096
      9_full_AMB          0.0881  null   -0.0066
[pair] story_onpolicy<->char_2479_cobalt_op wall 25s -> ladder_r4op__char_2479_cobalt_op__instruct_context_L19_reduced_s0_nd2.json
TOTAL 25s
[cell] char_2479_cobalt_op: deleted staged char_2479_cobalt_op_turnstore (5.3G freed)
[cell] char_2479_cobalt_op done rc=0 wall 195s (114250 GiB free)
[p5] unit 5/24 char_2479_cobalt_op elapsed=715s rc=0
[stage_hub_prefix] start superkaiba1/explore-persona-space-data@main:issue1345_framing/char_2479_vera_op/analysis_tensors/turnstore timeout=off
[stage_hub_prefix] 10 files (~5.73 GB known) under superkaiba1/explore-persona-space-data@b5b09b604681f079841a9dd9dab58aee91f4b7db:issue1345_framing/char_2479_vera_op/analysis_tensors/turnstore
[stage_hub_prefix] unit 1/10 issue1345_framing/char_2479_vera_op/analysis_tensors/turnstore/instruct_stories_paired_op_s_shard001.json elapsed=21s
[stage_hub_prefix] unit 2/10 issue1345_framing/char_2479_vera_op/analysis_tensors/turnstore/instruct_chat_s_shard000.json elapsed=21s
[stage_hub_prefix] unit 3/10 issue1345_framing/char_2479_vera_op/analysis_tensors/turnstore/_capture_complete.json elapsed=21s
[stage_hub_prefix] unit 4/10 issue1345_framing/char_2479_vera_op/analysis_tensors/turnstore/instruct_stories_paired_op_s_shard000.json elapsed=21s
[stage_hub_prefix] unit 5/10 issue1345_framing/char_2479_vera_op/analysis_tensors/turnstore/instruct_stories_paired_op_s_shard002.json elapsed=22s
[stage_hub_prefix] unit 6/10 issue1345_framing/char_2479_vera_op/analysis_tensors/turnstore/instruct_stories_paired_op_s_skip_manifest.json elapsed=22s
[stage_hub_prefix] unit 7/10 issue1345_framing/char_2479_vera_op/analysis_tensors/turnstore/instruct_stories_paired_op_s_shard000.pt elapsed=36s
[stage_hub_prefix] unit 8/10 issue1345_framing/char_2479_vera_op/analysis_tensors/turnstore/instruct_stories_paired_op_s_shard002.pt elapsed=37s
[stage_hub_prefix] unit 9/10 issue1345_framing/char_2479_vera_op/analysis_tensors/turnstore/instruct_stories_paired_op_s_shard001.pt elapsed=37s
[stage_hub_prefix] unit 10/10 issue1345_framing/char_2479_vera_op/analysis_tensors/turnstore/instruct_chat_s_shard000.pt elapsed=37s
[stage] char_2479_vera_op turnstore: 10 files (10 listed, 4 pt shards) -> /workspace/data/issue_2479/stage/char_2479_vera_op_turnstore
[freeze-guard] OK: axis frozen at commit 21556f1cc9af00550b793556dcef3452af14830e (1 panel cell(s) requested)
[cache] instruct/char_2479_vera_op/context L19: n=1430 d=3584 in 6s -> instruct_char_2479_vera_op_s_context_L19_srf6f8ce3d.pt
[axis-guard] instruct/char_2479_vera_op/context L19: excluded 221 axis-reservation rows (n 1430 -> 1209)
  cell char_2479_vera_op [reduced]: ceiling 0.1938  identity+bias -0.4868  n=1209
[cell] char_2479_vera_op wall 8s -> cell_char_2479_vera_op__instruct_context_L19_reduced_s0.json
TOTAL 8s
[freeze-guard] OK: axis frozen at commit 21556f1cc9af00550b793556dcef3452af14830e (1 panel cell(s) requested)
[cache] instruct/char_2479_vera_op/prefix L19: n=1430 d=3584 in 5s -> instruct_char_2479_vera_op_s_prefix_L19_srf6f8ce3d.pt
[axis-guard] instruct/char_2479_vera_op/prefix L19: excluded 221 axis-reservation rows (n 1430 -> 1209)
  cell char_2479_vera_op [reduced]: ceiling 0.0017  identity+bias -1.7296  n=1209
[cell] char_2479_vera_op wall 7s -> cell_char_2479_vera_op__instruct_prefix_L19_reduced_s0.json
TOTAL 7s
[freeze-guard] OK: axis frozen at commit 21556f1cc9af00550b793556dcef3452af14830e (1 panel cell(s) requested)
[axis-guard] instruct/char_2479_vera_op/context L19: excluded 221 axis-reservation rows (n 1430 -> 1209)
  story_onpolicy<->char_2479_vera_op [reduced k=483 n_tr_min=966]
    story_onpolicy->char_2479_vera_op: ceiling 0.1936  identity+bias -0.4854
      1_direct            0.0997  null   -0.0491
      2_ctx_offset        0.1026  null   -0.0483
      3_ans_offset        0.1134  null   -0.0083
      4_bias_refit        0.1434  null   -0.0075
      5_global_scale      0.1474  null   -0.0047
      6_rotation          0.1540  null    0.0134
      7_ctx_reparam       0.0519  null   -0.0048
      8_ans_reparam       0.1091  null   -0.0064
      9_full_AMB          0.0402  null   -0.0047
    char_2479_vera_op->story_onpolicy: ceiling 0.2328  identity+bias -0.6363
      1_direct            0.1304  null   -0.0505
      2_ctx_offset        0.1275  null   -0.0498
      3_ans_offset        0.1289  null   -0.0120
      4_bias_refit        0.1663  null   -0.0113
      5_global_scale      0.1662  null   -0.0053
      6_rotation          0.2004  null    0.0250
      7_ctx_reparam       0.0546  null   -0.0055
      8_ans_reparam       0.1373  null   -0.0084
      9_full_AMB          0.0416  null   -0.0055
[pair] story_onpolicy<->char_2479_vera_op wall 24s -> ladder_r4op__char_2479_vera_op__instruct_context_L19_reduced_s0_nd2.json
TOTAL 24s
[cell] char_2479_vera_op: deleted staged char_2479_vera_op_turnstore (5.4G freed)
[cell] char_2479_vera_op done rc=0 wall 123s (114231 GiB free)
[p5] unit 6/24 char_2479_vera_op elapsed=838s rc=0
[stage_hub_prefix] start superkaiba1/explore-persona-space-data@main:issue1345_framing/char_2479_wren_op/analysis_tensors/turnstore timeout=off
[stage_hub_prefix] 10 files (~5.69 GB known) under superkaiba1/explore-persona-space-data@a5054df70ba4b4f302c12ba7f0c68c90b56420ee:issue1345_framing/char_2479_wren_op/analysis_tensors/turnstore
[stage_hub_prefix] unit 1/10 issue1345_framing/char_2479_wren_op/analysis_tensors/turnstore/instruct_stories_paired_op_s_shard001.json elapsed=16s
[stage_hub_prefix] unit 2/10 issue1345_framing/char_2479_wren_op/analysis_tensors/turnstore/_capture_complete.json elapsed=16s
[stage_hub_prefix] unit 3/10 issue1345_framing/char_2479_wren_op/analysis_tensors/turnstore/instruct_stories_paired_op_s_shard000.json elapsed=16s
[stage_hub_prefix] unit 4/10 issue1345_framing/char_2479_wren_op/analysis_tensors/turnstore/instruct_stories_paired_op_s_shard002.json elapsed=16s
[stage_hub_prefix] unit 5/10 issue1345_framing/char_2479_wren_op/analysis_tensors/turnstore/instruct_chat_s_shard000.json elapsed=16s
[stage_hub_prefix] unit 6/10 issue1345_framing/char_2479_wren_op/analysis_tensors/turnstore/instruct_stories_paired_op_s_skip_manifest.json elapsed=16s
[stage_hub_prefix] unit 7/10 issue1345_framing/char_2479_wren_op/analysis_tensors/turnstore/instruct_stories_paired_op_s_shard002.pt elapsed=39s
[stage_hub_prefix] unit 8/10 issue1345_framing/char_2479_wren_op/analysis_tensors/turnstore/instruct_stories_paired_op_s_shard001.pt elapsed=40s
[stage_hub_prefix] unit 9/10 issue1345_framing/char_2479_wren_op/analysis_tensors/turnstore/instruct_stories_paired_op_s_shard000.pt elapsed=41s
[stage_hub_prefix] unit 10/10 issue1345_framing/char_2479_wren_op/analysis_tensors/turnstore/instruct_chat_s_shard000.pt elapsed=42s
[stage] char_2479_wren_op turnstore: 10 files (10 listed, 4 pt shards) -> /workspace/data/issue_2479/stage/char_2479_wren_op_turnstore
[freeze-guard] OK: axis frozen at commit 21556f1cc9af00550b793556dcef3452af14830e (1 panel cell(s) requested)
[cache] instruct/char_2479_wren_op/context L19: n=1416 d=3584 in 5s -> instruct_char_2479_wren_op_s_context_L19_srf6f8ce3d.pt
[axis-guard] instruct/char_2479_wren_op/context L19: excluded 217 axis-reservation rows (n 1416 -> 1199)
  cell char_2479_wren_op [reduced]: ceiling 0.2140  identity+bias -0.3978  n=1199
[cell] char_2479_wren_op wall 7s -> cell_char_2479_wren_op__instruct_context_L19_reduced_s0.json
TOTAL 7s
[freeze-guard] OK: axis frozen at commit 21556f1cc9af00550b793556dcef3452af14830e (1 panel cell(s) requested)
[cache] instruct/char_2479_wren_op/prefix L19: n=1416 d=3584 in 5s -> instruct_char_2479_wren_op_s_prefix_L19_srf6f8ce3d.pt
[axis-guard] instruct/char_2479_wren_op/prefix L19: excluded 217 axis-reservation rows (n 1416 -> 1199)
  cell char_2479_wren_op [reduced]: ceiling 0.0162  identity+bias -1.6331  n=1199
[cell] char_2479_wren_op wall 7s -> cell_char_2479_wren_op__instruct_prefix_L19_reduced_s0.json
TOTAL 7s
[freeze-guard] OK: axis frozen at commit 21556f1cc9af00550b793556dcef3452af14830e (1 panel cell(s) requested)
[axis-guard] instruct/char_2479_wren_op/context L19: excluded 217 axis-reservation rows (n 1416 -> 1199)
  story_onpolicy<->char_2479_wren_op [reduced k=479 n_tr_min=959]
    story_onpolicy->char_2479_wren_op: ceiling 0.2140  identity+bias -0.3978
      1_direct            0.1120  null   -0.0779
      2_ctx_offset        0.0880  null   -0.0770
      3_ans_offset        0.1197  null   -0.0085
      4_bias_refit        0.1581  null   -0.0071
      5_global_scale      0.1684  null   -0.0055
      6_rotation          0.1769  null    0.0156
      7_ctx_reparam       0.0752  null   -0.0056
      8_ans_reparam       0.1136  null   -0.0064
      9_full_AMB          0.0601  null   -0.0056
    char_2479_wren_op->story_onpolicy: ceiling 0.2389  identity+bias -0.6332
      1_direct            0.0651  null   -0.0791
      2_ctx_offset        0.0799  null   -0.0764
      3_ans_offset        0.0870  null   -0.0133
      4_bias_refit        0.1453  null   -0.0114
      5_global_scale      0.1504  null   -0.0048
      6_rotation          0.1890  null    0.0291
      7_ctx_reparam       0.1069  null   -0.0056
      8_ans_reparam       0.1230  null   -0.0087
      9_full_AMB          0.0908  null   -0.0054
[pair] story_onpolicy<->char_2479_wren_op wall 26s -> ladder_r4op__char_2479_wren_op__instruct_context_L19_reduced_s0_nd2.json
TOTAL 26s
[cell] char_2479_wren_op: deleted staged char_2479_wren_op_turnstore (5.4G freed)
[cell] char_2479_wren_op done rc=0 wall 162s (114223 GiB free)
[p5] unit 7/24 char_2479_wren_op elapsed=1000s rc=0
[stage_hub_prefix] start superkaiba1/explore-persona-space-data@main:issue1345_framing/char_2479_wren/analysis_tensors/turnstore timeout=off
[stage_hub_prefix] 8 files (~4.47 GB known) under superkaiba1/explore-persona-space-data@54aa38ad3858d1a61cdd7c7e44c40686b4dce009:issue1345_framing/char_2479_wren/analysis_tensors/turnstore
[stage_hub_prefix] unit 1/8 issue1345_framing/char_2479_wren/analysis_tensors/turnstore/instruct_chat_s_shard000.json elapsed=15s
[stage_hub_prefix] unit 2/8 issue1345_framing/char_2479_wren/analysis_tensors/turnstore/_capture_complete.json elapsed=15s
[stage_hub_prefix] unit 3/8 issue1345_framing/char_2479_wren/analysis_tensors/turnstore/instruct_stories_paired_s_shard000.json elapsed=15s
[stage_hub_prefix] unit 4/8 issue1345_framing/char_2479_wren/analysis_tensors/turnstore/instruct_stories_paired_s_shard001.json elapsed=15s
[stage_hub_prefix] unit 5/8 issue1345_framing/char_2479_wren/analysis_tensors/turnstore/instruct_stories_paired_s_skip_manifest.json elapsed=16s
[stage_hub_prefix] unit 6/8 issue1345_framing/char_2479_wren/analysis_tensors/turnstore/instruct_stories_paired_s_shard001.pt elapsed=29s
[stage_hub_prefix] unit 7/8 issue1345_framing/char_2479_wren/analysis_tensors/turnstore/instruct_chat_s_shard000.pt elapsed=31s
[stage_hub_prefix] unit 8/8 issue1345_framing/char_2479_wren/analysis_tensors/turnstore/instruct_stories_paired_s_shard000.pt elapsed=32s
[stage] char_2479_wren turnstore: 8 files (8 listed, 3 pt shards) -> /workspace/data/issue_2479/stage/char_2479_wren_turnstore
[freeze-guard] OK: axis frozen at commit 21556f1cc9af00550b793556dcef3452af14830e (1 panel cell(s) requested)
[cache] instruct/char_2479_wren/context L19: n=916 d=3584 in 3s -> instruct_char_2479_wren_s_context_L19_srf6f8ce3d.pt
[axis-guard] instruct/char_2479_wren/context L19: excluded 153 axis-reservation rows (n 916 -> 763)
  cell char_2479_wren [reduced]: ceiling 0.2909  identity+bias -0.5170  n=763
[cell] char_2479_wren wall 4s -> cell_char_2479_wren__instruct_context_L19_reduced_s0.json
TOTAL 4s
[freeze-guard] OK: axis frozen at commit 21556f1cc9af00550b793556dcef3452af14830e (1 panel cell(s) requested)
[cache] instruct/char_2479_wren/prefix L19: n=916 d=3584 in 3s -> instruct_char_2479_wren_s_prefix_L19_srf6f8ce3d.pt
[axis-guard] instruct/char_2479_wren/prefix L19: excluded 153 axis-reservation rows (n 916 -> 763)
  cell char_2479_wren [reduced]: ceiling 0.0117  identity+bias -1.7224  n=763
[cell] char_2479_wren wall 4s -> cell_char_2479_wren__instruct_prefix_L19_reduced_s0.json
TOTAL 4s
[freeze-guard] OK: axis frozen at commit 21556f1cc9af00550b793556dcef3452af14830e (1 panel cell(s) requested)
[axis-guard] instruct/char_2479_wren/context L19: excluded 153 axis-reservation rows (n 916 -> 763)
  story_inserted<->char_2479_wren [reduced k=252 n_tr_min=505]
    story_inserted->char_2479_wren: ceiling 0.2715  identity+bias -0.5309
      1_direct            0.1736  null   -0.0417
      2_ctx_offset        0.1846  null   -0.0410
      3_ans_offset        0.1730  null   -0.0141
      4_bias_refit        0.2121  null   -0.0134
      5_global_scale      0.2238  null   -0.0120
      6_rotation          0.2234  null   -0.0013
      7_ctx_reparam       0.1118  null   -0.0126
      8_ans_reparam       0.1806  null   -0.0139
      9_full_AMB          0.1102  null   -0.0126
    char_2479_wren->story_inserted: ceiling 0.3003  identity+bias -0.8402
      1_direct            0.1342  null   -0.0417
      2_ctx_offset        0.1794  null   -0.0404
      3_ans_offset        0.1321  null   -0.0142
      4_bias_refit        0.2073  null   -0.0133
      5_global_scale      0.2070  null   -0.0122
      6_rotation          0.2391  null    0.0060
      7_ctx_reparam       0.1147  null   -0.0124
      8_ans_reparam       0.1505  null   -0.0138
      9_full_AMB          0.1127  null   -0.0125
[pair] story_inserted<->char_2479_wren wall 9s -> ladder_r4__char_2479_wren__instruct_context_L19_reduced_s0_nd2.json
TOTAL 9s
[cell] char_2479_wren: deleted staged char_2479_wren_turnstore (4.2G freed)
[cell] char_2479_wren done rc=0 wall 102s (114223 GiB free)
[p5] unit 8/24 char_2479_wren elapsed=1102s rc=0
[stage_hub_prefix] start superkaiba1/explore-persona-space-data@main:issue1345_framing/char_2479_priya_op/analysis_tensors/turnstore timeout=off
[stage_hub_prefix] 10 files (~5.53 GB known) under superkaiba1/explore-persona-space-data@d0e50fb36458bdc6a942b194ff86f64f7f0176d6:issue1345_framing/char_2479_priya_op/analysis_tensors/turnstore
[stage_hub_prefix] unit 1/10 issue1345_framing/char_2479_priya_op/analysis_tensors/turnstore/instruct_stories_paired_op_s_shard001.json elapsed=17s
[stage_hub_prefix] unit 2/10 issue1345_framing/char_2479_priya_op/analysis_tensors/turnstore/_capture_complete.json elapsed=17s
[stage_hub_prefix] unit 3/10 issue1345_framing/char_2479_priya_op/analysis_tensors/turnstore/instruct_stories_paired_op_s_shard000.json elapsed=17s
[stage_hub_prefix] unit 4/10 issue1345_framing/char_2479_priya_op/analysis_tensors/turnstore/instruct_chat_s_shard000.json elapsed=17s
[stage_hub_prefix] unit 5/10 issue1345_framing/char_2479_priya_op/analysis_tensors/turnstore/instruct_stories_paired_op_s_shard002.json elapsed=17s
[stage_hub_prefix] unit 6/10 issue1345_framing/char_2479_priya_op/analysis_tensors/turnstore/instruct_stories_paired_op_s_skip_manifest.json elapsed=17s
[stage_hub_prefix] unit 7/10 issue1345_framing/char_2479_priya_op/analysis_tensors/turnstore/instruct_stories_paired_op_s_shard002.pt elapsed=27s
[stage_hub_prefix] unit 8/10 issue1345_framing/char_2479_priya_op/analysis_tensors/turnstore/instruct_stories_paired_op_s_shard001.pt elapsed=29s
[stage_hub_prefix] unit 9/10 issue1345_framing/char_2479_priya_op/analysis_tensors/turnstore/instruct_stories_paired_op_s_shard000.pt elapsed=30s
[stage_hub_prefix] unit 10/10 issue1345_framing/char_2479_priya_op/analysis_tensors/turnstore/instruct_chat_s_shard000.pt elapsed=31s
[stage] char_2479_priya_op turnstore: 10 files (10 listed, 4 pt shards) -> /workspace/data/issue_2479/stage/char_2479_priya_op_turnstore
[freeze-guard] OK: axis frozen at commit 21556f1cc9af00550b793556dcef3452af14830e (1 panel cell(s) requested)
[cache] instruct/char_2479_priya_op/context L19: n=1351 d=3584 in 6s -> instruct_char_2479_priya_op_s_context_L19_srf6f8ce3d.pt
[axis-guard] instruct/char_2479_priya_op/context L19: excluded 213 axis-reservation rows (n 1351 -> 1138)
  cell char_2479_priya_op [reduced]: ceiling 0.2049  identity+bias -0.4068  n=1138
[cell] char_2479_priya_op wall 7s -> cell_char_2479_priya_op__instruct_context_L19_reduced_s0.json
TOTAL 7s
[freeze-guard] OK: axis frozen at commit 21556f1cc9af00550b793556dcef3452af14830e (1 panel cell(s) requested)
[cache] instruct/char_2479_priya_op/prefix L19: n=1351 d=3584 in 5s -> instruct_char_2479_priya_op_s_prefix_L19_srf6f8ce3d.pt
[axis-guard] instruct/char_2479_priya_op/prefix L19: excluded 213 axis-reservation rows (n 1351 -> 1138)
  cell char_2479_priya_op [reduced]: ceiling 0.0045  identity+bias -1.6778  n=1138
[cell] char_2479_priya_op wall 7s -> cell_char_2479_priya_op__instruct_prefix_L19_reduced_s0.json
TOTAL 7s
[freeze-guard] OK: axis frozen at commit 21556f1cc9af00550b793556dcef3452af14830e (1 panel cell(s) requested)
[axis-guard] instruct/char_2479_priya_op/context L19: excluded 213 axis-reservation rows (n 1351 -> 1138)
  story_onpolicy<->char_2479_priya_op [reduced k=455 n_tr_min=910]
    story_onpolicy->char_2479_priya_op: ceiling 0.2049  identity+bias -0.4068
      1_direct            0.0978  null   -0.0751
      2_ctx_offset        0.0870  null   -0.0731
      3_ans_offset        0.1171  null   -0.0081
      4_bias_refit        0.1530  null   -0.0071
      5_global_scale      0.1625  null   -0.0050
      6_rotation          0.1705  null    0.0144
      7_ctx_reparam       0.0925  null   -0.0055
      8_ans_reparam       0.1080  null   -0.0063
      9_full_AMB          0.0728  null   -0.0053
    char_2479_priya_op->story_onpolicy: ceiling 0.2309  identity+bias -0.6354
      1_direct            0.0578  null   -0.0713
      2_ctx_offset        0.0750  null   -0.0694
      3_ans_offset        0.0656  null   -0.0121
      4_bias_refit        0.1342  null   -0.0101
      5_global_scale      0.1386  null   -0.0052
      6_rotation          0.1801  null    0.0267
      7_ctx_reparam       0.0984  null   -0.0057
      8_ans_reparam       0.1150  null   -0.0082
      9_full_AMB          0.0835  null   -0.0055
[pair] story_onpolicy<->char_2479_priya_op wall 19s -> ladder_r4op__char_2479_priya_op__instruct_context_L19_reduced_s0_nd2.json
TOTAL 19s
[cell] char_2479_priya_op: deleted staged char_2479_priya_op_turnstore (5.2G freed)
[cell] char_2479_priya_op done rc=0 wall 129s (114217 GiB free)
[p5] unit 9/24 char_2479_priya_op elapsed=1231s rc=0
[stage_hub_prefix] start superkaiba1/explore-persona-space-data@main:issue1345_framing/char_2479_marcus_op/analysis_tensors/turnstore timeout=off
[stage_hub_prefix] 10 files (~5.56 GB known) under superkaiba1/explore-persona-space-data@7178da764b0ff5805f98fd4c2f1bdd3a108f4e12:issue1345_framing/char_2479_marcus_op/analysis_tensors/turnstore
[stage_hub_prefix] unit 1/10 issue1345_framing/char_2479_marcus_op/analysis_tensors/turnstore/instruct_chat_s_shard000.json elapsed=16s
[stage_hub_prefix] unit 2/10 issue1345_framing/char_2479_marcus_op/analysis_tensors/turnstore/instruct_stories_paired_op_s_shard001.json elapsed=16s
[stage_hub_prefix] unit 3/10 issue1345_framing/char_2479_marcus_op/analysis_tensors/turnstore/instruct_stories_paired_op_s_shard000.json elapsed=16s
[stage_hub_prefix] unit 4/10 issue1345_framing/char_2479_marcus_op/analysis_tensors/turnstore/_capture_complete.json elapsed=16s
[stage_hub_prefix] unit 5/10 issue1345_framing/char_2479_marcus_op/analysis_tensors/turnstore/instruct_stories_paired_op_s_skip_manifest.json elapsed=17s
[stage_hub_prefix] unit 6/10 issue1345_framing/char_2479_marcus_op/analysis_tensors/turnstore/instruct_stories_paired_op_s_shard002.json elapsed=17s
[stage_hub_prefix] unit 7/10 issue1345_framing/char_2479_marcus_op/analysis_tensors/turnstore/instruct_stories_paired_op_s_shard001.pt elapsed=38s
[stage_hub_prefix] unit 8/10 issue1345_framing/char_2479_marcus_op/analysis_tensors/turnstore/instruct_stories_paired_op_s_shard002.pt elapsed=39s
[stage_hub_prefix] unit 9/10 issue1345_framing/char_2479_marcus_op/analysis_tensors/turnstore/instruct_stories_paired_op_s_shard000.pt elapsed=39s
[stage_hub_prefix] unit 10/10 issue1345_framing/char_2479_marcus_op/analysis_tensors/turnstore/instruct_chat_s_shard000.pt elapsed=41s
[stage] char_2479_marcus_op turnstore: 10 files (10 listed, 4 pt shards) -> /workspace/data/issue_2479/stage/char_2479_marcus_op_turnstore
[freeze-guard] OK: axis frozen at commit 21556f1cc9af00550b793556dcef3452af14830e (1 panel cell(s) requested)
[cache] instruct/char_2479_marcus_op/context L19: n=1363 d=3584 in 6s -> instruct_char_2479_marcus_op_s_context_L19_srf6f8ce3d.pt
[axis-guard] instruct/char_2479_marcus_op/context L19: excluded 206 axis-reservation rows (n 1363 -> 1157)
  cell char_2479_marcus_op [reduced]: ceiling 0.1897  identity+bias -0.5203  n=1157
[cell] char_2479_marcus_op wall 7s -> cell_char_2479_marcus_op__instruct_context_L19_reduced_s0.json
TOTAL 7s
[freeze-guard] OK: axis frozen at commit 21556f1cc9af00550b793556dcef3452af14830e (1 panel cell(s) requested)
[cache] instruct/char_2479_marcus_op/prefix L19: n=1363 d=3584 in 6s -> instruct_char_2479_marcus_op_s_prefix_L19_srf6f8ce3d.pt
[axis-guard] instruct/char_2479_marcus_op/prefix L19: excluded 206 axis-reservation rows (n 1363 -> 1157)
  cell char_2479_marcus_op [reduced]: ceiling 0.0144  identity+bias -2.0069  n=1157
[cell] char_2479_marcus_op wall 8s -> cell_char_2479_marcus_op__instruct_prefix_L19_reduced_s0.json
TOTAL 8s
[freeze-guard] OK: axis frozen at commit 21556f1cc9af00550b793556dcef3452af14830e (1 panel cell(s) requested)
[axis-guard] instruct/char_2479_marcus_op/context L19: excluded 206 axis-reservation rows (n 1363 -> 1157)
  story_onpolicy<->char_2479_marcus_op [reduced k=462 n_tr_min=924]
    story_onpolicy->char_2479_marcus_op: ceiling 0.1901  identity+bias -0.5210
      1_direct            0.0762  null   -0.0938
      2_ctx_offset        0.0530  null   -0.0929
      3_ans_offset        0.1029  null   -0.0086
      4_bias_refit        0.1385  null   -0.0077
      5_global_scale      0.1409  null   -0.0051
      6_rotation          0.1574  null    0.0147
      7_ctx_reparam       0.0573  null   -0.0053
      8_ans_reparam       0.0989  null   -0.0065
      9_full_AMB          0.0427  null   -0.0052
    char_2479_marcus_op->story_onpolicy: ceiling 0.2303  identity+bias -0.6463
      1_direct            0.0669  null   -0.0826
      2_ctx_offset        0.0733  null   -0.0812
      3_ans_offset        0.1020  null   -0.0104
      4_bias_refit        0.1455  null   -0.0090
      5_global_scale      0.1455  null   -0.0047
      6_rotation          0.1908  null    0.0260
      7_ctx_reparam       0.0909  null   -0.0050
      8_ans_reparam       0.1211  null   -0.0070
      9_full_AMB          0.0822  null   -0.0049
[pair] story_onpolicy<->char_2479_marcus_op wall 21s -> ladder_r4op__char_2479_marcus_op__instruct_context_L19_reduced_s0_nd2.json
TOTAL 21s
[cell] char_2479_marcus_op: deleted staged char_2479_marcus_op_turnstore (5.2G freed)
[cell] char_2479_marcus_op done rc=0 wall 129s (114237 GiB free)
[p5] unit 10/24 char_2479_marcus_op elapsed=1360s rc=0
[stage_hub_prefix] start superkaiba1/explore-persona-space-data@main:issue1345_framing/char_2479_elena_op/analysis_tensors/turnstore timeout=off
[stage_hub_prefix] 10 files (~5.53 GB known) under superkaiba1/explore-persona-space-data@afe73a3426bfd4be90cda1488bdd1adc4ca5ab8e:issue1345_framing/char_2479_elena_op/analysis_tensors/turnstore
[stage_hub_prefix] unit 1/10 issue1345_framing/char_2479_elena_op/analysis_tensors/turnstore/instruct_stories_paired_op_s_shard001.json elapsed=17s
[stage_hub_prefix] unit 2/10 issue1345_framing/char_2479_elena_op/analysis_tensors/turnstore/_capture_complete.json elapsed=17s
[stage_hub_prefix] unit 3/10 issue1345_framing/char_2479_elena_op/analysis_tensors/turnstore/instruct_stories_paired_op_s_shard000.json elapsed=17s
[stage_hub_prefix] unit 4/10 issue1345_framing/char_2479_elena_op/analysis_tensors/turnstore/instruct_chat_s_shard000.json elapsed=17s
[stage_hub_prefix] unit 5/10 issue1345_framing/char_2479_elena_op/analysis_tensors/turnstore/instruct_stories_paired_op_s_shard002.json elapsed=17s
[stage_hub_prefix] unit 6/10 issue1345_framing/char_2479_elena_op/analysis_tensors/turnstore/instruct_stories_paired_op_s_skip_manifest.json elapsed=17s
[stage_hub_prefix] unit 7/10 issue1345_framing/char_2479_elena_op/analysis_tensors/turnstore/instruct_stories_paired_op_s_shard002.pt elapsed=32s
[stage_hub_prefix] unit 8/10 issue1345_framing/char_2479_elena_op/analysis_tensors/turnstore/instruct_stories_paired_op_s_shard000.pt elapsed=34s
[stage_hub_prefix] unit 9/10 issue1345_framing/char_2479_elena_op/analysis_tensors/turnstore/instruct_stories_paired_op_s_shard001.pt elapsed=37s
[stage_hub_prefix] unit 10/10 issue1345_framing/char_2479_elena_op/analysis_tensors/turnstore/instruct_chat_s_shard000.pt elapsed=38s
[stage] char_2479_elena_op turnstore: 10 files (10 listed, 4 pt shards) -> /workspace/data/issue_2479/stage/char_2479_elena_op_turnstore
[freeze-guard] OK: axis frozen at commit 21556f1cc9af00550b793556dcef3452af14830e (1 panel cell(s) requested)
[cache] instruct/char_2479_elena_op/context L19: n=1351 d=3584 in 6s -> instruct_char_2479_elena_op_s_context_L19_srf6f8ce3d.pt
[axis-guard] instruct/char_2479_elena_op/context L19: excluded 204 axis-reservation rows (n 1351 -> 1147)
  cell char_2479_elena_op [reduced]: ceiling 0.1831  identity+bias -0.4539  n=1147
[cell] char_2479_elena_op wall 7s -> cell_char_2479_elena_op__instruct_context_L19_reduced_s0.json
TOTAL 7s
[freeze-guard] OK: axis frozen at commit 21556f1cc9af00550b793556dcef3452af14830e (1 panel cell(s) requested)
[cache] instruct/char_2479_elena_op/prefix L19: n=1351 d=3584 in 6s -> instruct_char_2479_elena_op_s_prefix_L19_srf6f8ce3d.pt
[axis-guard] instruct/char_2479_elena_op/prefix L19: excluded 204 axis-reservation rows (n 1351 -> 1147)
  cell char_2479_elena_op [reduced]: ceiling 0.0047  identity+bias -1.7490  n=1147
[cell] char_2479_elena_op wall 7s -> cell_char_2479_elena_op__instruct_prefix_L19_reduced_s0.json
TOTAL 7s
[freeze-guard] OK: axis frozen at commit 21556f1cc9af00550b793556dcef3452af14830e (1 panel cell(s) requested)
[axis-guard] instruct/char_2479_elena_op/context L19: excluded 204 axis-reservation rows (n 1351 -> 1147)
  story_onpolicy<->char_2479_elena_op [reduced k=458 n_tr_min=916]
    story_onpolicy->char_2479_elena_op: ceiling 0.1814  identity+bias -0.4554
      1_direct            0.0468  null   -0.1154
      2_ctx_offset        0.0133  null   -0.1135
      3_ans_offset        0.0839  null   -0.0101
      4_bias_refit        0.1178  null   -0.0091
      5_global_scale      0.1199  null   -0.0067
      6_rotation          0.1430  null    0.0122
      7_ctx_reparam       0.0415  null   -0.0068
      8_ans_reparam       0.0827  null   -0.0079
      9_full_AMB          0.0314  null   -0.0067
    char_2479_elena_op->story_onpolicy: ceiling 0.2272  identity+bias -0.6473
      1_direct           -0.0103  null   -0.1120
      2_ctx_offset        0.0230  null   -0.1070
      3_ans_offset        0.0551  null   -0.0151
      4_bias_refit        0.1165  null   -0.0131
      5_global_scale      0.1233  null   -0.0068
      6_rotation          0.1751  null    0.0256
      7_ctx_reparam       0.0835  null   -0.0072
      8_ans_reparam       0.1053  null   -0.0106
      9_full_AMB          0.0768  null   -0.0070
[pair] story_onpolicy<->char_2479_elena_op wall 20s -> ladder_r4op__char_2479_elena_op__instruct_context_L19_reduced_s0_nd2.json
TOTAL 20s
[cell] char_2479_elena_op: deleted staged char_2479_elena_op_turnstore (5.2G freed)
[cell] char_2479_elena_op done rc=0 wall 151s (114259 GiB free)
[p5] unit 11/24 char_2479_elena_op elapsed=1511s rc=0
[stage_hub_prefix] start superkaiba1/explore-persona-space-data@main:issue1345_framing/char_2479_elena/analysis_tensors/turnstore timeout=off
[stage_hub_prefix] 8 files (~4.22 GB known) under superkaiba1/explore-persona-space-data@d37e499195d53958a13743758db0568a9cd15e25:issue1345_framing/char_2479_elena/analysis_tensors/turnstore
[stage_hub_prefix] unit 1/8 issue1345_framing/char_2479_elena/analysis_tensors/turnstore/instruct_stories_paired_s_shard000.json elapsed=34s
[stage_hub_prefix] unit 2/8 issue1345_framing/char_2479_elena/analysis_tensors/turnstore/instruct_chat_s_shard000.json elapsed=34s
[stage_hub_prefix] unit 3/8 issue1345_framing/char_2479_elena/analysis_tensors/turnstore/instruct_stories_paired_s_shard001.json elapsed=34s
[stage_hub_prefix] unit 4/8 issue1345_framing/char_2479_elena/analysis_tensors/turnstore/_capture_complete.json elapsed=35s
[stage_hub_prefix] unit 5/8 issue1345_framing/char_2479_elena/analysis_tensors/turnstore/instruct_stories_paired_s_skip_manifest.json elapsed=35s
[stage_hub_prefix] unit 6/8 issue1345_framing/char_2479_elena/analysis_tensors/turnstore/instruct_stories_paired_s_shard001.pt elapsed=46s
[stage_hub_prefix] unit 7/8 issue1345_framing/char_2479_elena/analysis_tensors/turnstore/instruct_stories_paired_s_shard000.pt elapsed=48s
[stage_hub_prefix] unit 8/8 issue1345_framing/char_2479_elena/analysis_tensors/turnstore/instruct_chat_s_shard000.pt elapsed=51s
[stage] char_2479_elena turnstore: 8 files (8 listed, 3 pt shards) -> /workspace/data/issue_2479/stage/char_2479_elena_turnstore
[freeze-guard] OK: axis frozen at commit 21556f1cc9af00550b793556dcef3452af14830e (1 panel cell(s) requested)
[cache] instruct/char_2479_elena/context L19: n=814 d=3584 in 3s -> instruct_char_2479_elena_s_context_L19_srf6f8ce3d.pt
[axis-guard] instruct/char_2479_elena/context L19: excluded 131 axis-reservation rows (n 814 -> 683)
  cell char_2479_elena [reduced]: ceiling 0.2701  identity+bias -0.5425  n=683
[cell] char_2479_elena wall 4s -> cell_char_2479_elena__instruct_context_L19_reduced_s0.json
TOTAL 4s
[freeze-guard] OK: axis frozen at commit 21556f1cc9af00550b793556dcef3452af14830e (1 panel cell(s) requested)
[cache] instruct/char_2479_elena/prefix L19: n=814 d=3584 in 3s -> instruct_char_2479_elena_s_prefix_L19_srf6f8ce3d.pt
[axis-guard] instruct/char_2479_elena/prefix L19: excluded 131 axis-reservation rows (n 814 -> 683)
  cell char_2479_elena [reduced]: ceiling 0.0099  identity+bias -1.8158  n=683
[cell] char_2479_elena wall 4s -> cell_char_2479_elena__instruct_prefix_L19_reduced_s0.json
TOTAL 4s
[freeze-guard] OK: axis frozen at commit 21556f1cc9af00550b793556dcef3452af14830e (1 panel cell(s) requested)
[axis-guard] instruct/char_2479_elena/context L19: excluded 131 axis-reservation rows (n 814 -> 683)
  story_inserted<->char_2479_elena [reduced k=226 n_tr_min=453]
    story_inserted->char_2479_elena: ceiling 0.2578  identity+bias -0.5623
      1_direct            0.1340  null   -0.0413
      2_ctx_offset        0.1627  null   -0.0412
      3_ans_offset        0.1455  null   -0.0122
      4_bias_refit        0.1922  null   -0.0117
      5_global_scale      0.2047  null   -0.0105
      6_rotation          0.2036  null   -0.0012
      7_ctx_reparam       0.0951  null   -0.0112
      8_ans_reparam       0.1529  null   -0.0119
      9_full_AMB          0.0949  null   -0.0112
    char_2479_elena->story_inserted: ceiling 0.2937  identity+bias -0.8232
      1_direct            0.1433  null   -0.0427
      2_ctx_offset        0.1828  null   -0.0420
      3_ans_offset        0.1460  null   -0.0131
      4_bias_refit        0.2119  null   -0.0127
      5_global_scale      0.2095  null   -0.0102
      6_rotation          0.2467  null    0.0052
      7_ctx_reparam       0.1020  null   -0.0108
      8_ans_reparam       0.1648  null   -0.0129
      9_full_AMB          0.1000  null   -0.0108
[pair] story_inserted<->char_2479_elena wall 8s -> ladder_r4__char_2479_elena__instruct_context_L19_reduced_s0_nd2.json
TOTAL 8s
[cell] char_2479_elena: deleted staged char_2479_elena_turnstore (4.0G freed)
[cell] char_2479_elena done rc=0 wall 115s (114270 GiB free)
[p5] unit 12/24 char_2479_elena elapsed=1626s rc=0
[stage_hub_prefix] start superkaiba1/explore-persona-space-data@main:issue1345_framing/char_2479_dana_op/analysis_tensors/turnstore timeout=off
[stage_hub_prefix] 10 files (~5.84 GB known) under superkaiba1/explore-persona-space-data@64aa783e469f723e8571fe306397ee477d6b9aff:issue1345_framing/char_2479_dana_op/analysis_tensors/turnstore
[stage_hub_prefix] unit 1/10 issue1345_framing/char_2479_dana_op/analysis_tensors/turnstore/_capture_complete.json elapsed=15s
[stage_hub_prefix] unit 2/10 issue1345_framing/char_2479_dana_op/analysis_tensors/turnstore/instruct_stories_paired_op_s_shard000.json elapsed=15s
[stage_hub_prefix] unit 3/10 issue1345_framing/char_2479_dana_op/analysis_tensors/turnstore/instruct_chat_s_shard000.json elapsed=15s
[stage_hub_prefix] unit 4/10 issue1345_framing/char_2479_dana_op/analysis_tensors/turnstore/instruct_stories_paired_op_s_shard001.json elapsed=15s
[stage_hub_prefix] unit 5/10 issue1345_framing/char_2479_dana_op/analysis_tensors/turnstore/instruct_stories_paired_op_s_shard002.json elapsed=16s
[stage_hub_prefix] unit 6/10 issue1345_framing/char_2479_dana_op/analysis_tensors/turnstore/instruct_stories_paired_op_s_skip_manifest.json elapsed=16s
[stage_hub_prefix] unit 7/10 issue1345_framing/char_2479_dana_op/analysis_tensors/turnstore/instruct_stories_paired_op_s_shard002.pt elapsed=35s
[stage_hub_prefix] unit 8/10 issue1345_framing/char_2479_dana_op/analysis_tensors/turnstore/instruct_stories_paired_op_s_shard001.pt elapsed=35s
[stage_hub_prefix] unit 9/10 issue1345_framing/char_2479_dana_op/analysis_tensors/turnstore/instruct_stories_paired_op_s_shard000.pt elapsed=35s
[stage_hub_prefix] unit 10/10 issue1345_framing/char_2479_dana_op/analysis_tensors/turnstore/instruct_chat_s_shard000.pt elapsed=36s
[stage] char_2479_dana_op turnstore: 10 files (10 listed, 4 pt shards) -> /workspace/data/issue_2479/stage/char_2479_dana_op_turnstore
[freeze-guard] OK: axis frozen at commit 21556f1cc9af00550b793556dcef3452af14830e (1 panel cell(s) requested)
[cache] instruct/char_2479_dana_op/context L19: n=1475 d=3584 in 6s -> instruct_char_2479_dana_op_s_context_L19_srf6f8ce3d.pt
[axis-guard] instruct/char_2479_dana_op/context L19: excluded 229 axis-reservation rows (n 1475 -> 1246)
  cell char_2479_dana_op [reduced]: ceiling 0.2105  identity+bias -0.4257  n=1246
[cell] char_2479_dana_op wall 7s -> cell_char_2479_dana_op__instruct_context_L19_reduced_s0.json
TOTAL 7s
[freeze-guard] OK: axis frozen at commit 21556f1cc9af00550b793556dcef3452af14830e (1 panel cell(s) requested)
[cache] instruct/char_2479_dana_op/prefix L19: n=1475 d=3584 in 6s -> instruct_char_2479_dana_op_s_prefix_L19_srf6f8ce3d.pt
[axis-guard] instruct/char_2479_dana_op/prefix L19: excluded 229 axis-reservation rows (n 1475 -> 1246)
  cell char_2479_dana_op [reduced]: ceiling 0.0153  identity+bias -1.6533  n=1246
[cell] char_2479_dana_op wall 7s -> cell_char_2479_dana_op__instruct_prefix_L19_reduced_s0.json
TOTAL 7s
[freeze-guard] OK: axis frozen at commit 21556f1cc9af00550b793556dcef3452af14830e (1 panel cell(s) requested)
[axis-guard] instruct/char_2479_dana_op/context L19: excluded 229 axis-reservation rows (n 1475 -> 1246)
  story_onpolicy<->char_2479_dana_op [reduced k=498 n_tr_min=996]
    story_onpolicy->char_2479_dana_op: ceiling 0.2101  identity+bias -0.4266
      1_direct            0.0829  null   -0.1035
      2_ctx_offset        0.0532  null   -0.1020
      3_ans_offset        0.1070  null   -0.0092
      4_bias_refit        0.1475  null   -0.0078
      5_global_scale      0.1528  null   -0.0052
      6_rotation          0.1716  null    0.0173
      7_ctx_reparam       0.0512  null   -0.0054
      8_ans_reparam       0.1002  null   -0.0072
      9_full_AMB          0.0416  null   -0.0053
    char_2479_dana_op->story_onpolicy: ceiling 0.2404  identity+bias -0.6442
      1_direct            0.0270  null   -0.1087
      2_ctx_offset        0.0396  null   -0.1053
      3_ans_offset        0.0633  null   -0.0164
      4_bias_refit        0.1318  null   -0.0134
      5_global_scale      0.1397  null   -0.0051
      6_rotation          0.1889  null    0.0306
      7_ctx_reparam       0.1043  null   -0.0055
      8_ans_reparam       0.1083  null   -0.0107
      9_full_AMB          0.0915  null   -0.0054
[pair] story_onpolicy<->char_2479_dana_op wall 23s -> ladder_r4op__char_2479_dana_op__instruct_context_L19_reduced_s0_nd2.json
TOTAL 23s
[cell] char_2479_dana_op: deleted staged char_2479_dana_op_turnstore (5.5G freed)
[cell] char_2479_dana_op done rc=0 wall 133s (114292 GiB free)
[p5] unit 13/24 char_2479_dana_op elapsed=1759s rc=0
[stage_hub_prefix] start superkaiba1/explore-persona-space-data@main:issue1345_framing/char_2479_dana/analysis_tensors/turnstore timeout=off
[stage_hub_prefix] 8 files (~4.43 GB known) under superkaiba1/explore-persona-space-data@3bf397d57cd823dbd7d28748157a9765f3617593:issue1345_framing/char_2479_dana/analysis_tensors/turnstore
[stage_hub_prefix] unit 1/8 issue1345_framing/char_2479_dana/analysis_tensors/turnstore/instruct_stories_paired_s_shard000.json elapsed=45s
[stage_hub_prefix] unit 2/8 issue1345_framing/char_2479_dana/analysis_tensors/turnstore/_capture_complete.json elapsed=45s
[stage_hub_prefix] unit 3/8 issue1345_framing/char_2479_dana/analysis_tensors/turnstore/instruct_chat_s_shard000.json elapsed=45s
[stage_hub_prefix] unit 4/8 issue1345_framing/char_2479_dana/analysis_tensors/turnstore/instruct_stories_paired_s_shard001.json elapsed=45s
[stage_hub_prefix] unit 5/8 issue1345_framing/char_2479_dana/analysis_tensors/turnstore/instruct_stories_paired_s_skip_manifest.json elapsed=46s
[stage_hub_prefix] unit 6/8 issue1345_framing/char_2479_dana/analysis_tensors/turnstore/instruct_stories_paired_s_shard001.pt elapsed=57s
[stage_hub_prefix] unit 7/8 issue1345_framing/char_2479_dana/analysis_tensors/turnstore/instruct_stories_paired_s_shard000.pt elapsed=58s
[stage_hub_prefix] unit 8/8 issue1345_framing/char_2479_dana/analysis_tensors/turnstore/instruct_chat_s_shard000.pt elapsed=60s
[stage] char_2479_dana turnstore: 8 files (8 listed, 3 pt shards) -> /workspace/data/issue_2479/stage/char_2479_dana_turnstore
[freeze-guard] OK: axis frozen at commit 21556f1cc9af00550b793556dcef3452af14830e (1 panel cell(s) requested)
[cache] instruct/char_2479_dana/context L19: n=900 d=3584 in 4s -> instruct_char_2479_dana_s_context_L19_srf6f8ce3d.pt
[axis-guard] instruct/char_2479_dana/context L19: excluded 144 axis-reservation rows (n 900 -> 756)
  cell char_2479_dana [reduced]: ceiling 0.2671  identity+bias -0.5854  n=756
[cell] char_2479_dana wall 4s -> cell_char_2479_dana__instruct_context_L19_reduced_s0.json
TOTAL 4s
[freeze-guard] OK: axis frozen at commit 21556f1cc9af00550b793556dcef3452af14830e (1 panel cell(s) requested)
[cache] instruct/char_2479_dana/prefix L19: n=900 d=3584 in 4s -> instruct_char_2479_dana_s_prefix_L19_srf6f8ce3d.pt
[axis-guard] instruct/char_2479_dana/prefix L19: excluded 144 axis-reservation rows (n 900 -> 756)
  cell char_2479_dana [reduced]: ceiling 0.0080  identity+bias -1.9230  n=756
[cell] char_2479_dana wall 4s -> cell_char_2479_dana__instruct_prefix_L19_reduced_s0.json
TOTAL 4s
[freeze-guard] OK: axis frozen at commit 21556f1cc9af00550b793556dcef3452af14830e (1 panel cell(s) requested)
[axis-guard] instruct/char_2479_dana/context L19: excluded 144 axis-reservation rows (n 900 -> 756)
  story_inserted<->char_2479_dana [reduced k=251 n_tr_min=502]
    story_inserted->char_2479_dana: ceiling 0.2668  identity+bias -0.5837
      1_direct            0.1491  null   -0.0413
      2_ctx_offset        0.1756  null   -0.0409
      3_ans_offset        0.1511  null   -0.0097
      4_bias_refit        0.2072  null   -0.0094
      5_global_scale      0.2129  null   -0.0081
      6_rotation          0.2242  null    0.0031
      7_ctx_reparam       0.1107  null   -0.0087
      8_ans_reparam       0.1612  null   -0.0095
      9_full_AMB          0.1098  null   -0.0087
    char_2479_dana->story_inserted: ceiling 0.3025  identity+bias -0.8358
      1_direct            0.1207  null   -0.0416
      2_ctx_offset        0.1738  null   -0.0413
      3_ans_offset        0.1331  null   -0.0106
      4_bias_refit        0.2050  null   -0.0100
      5_global_scale      0.2036  null   -0.0083
      6_rotation          0.2440  null    0.0096
      7_ctx_reparam       0.1151  null   -0.0087
      8_ans_reparam       0.1537  null   -0.0103
      9_full_AMB          0.1141  null   -0.0088
[pair] story_inserted<->char_2479_dana wall 9s -> ladder_r4__char_2479_dana__instruct_context_L19_reduced_s0_nd2.json
TOTAL 9s
[cell] char_2479_dana: deleted staged char_2479_dana_turnstore (4.2G freed)
[cell] char_2479_dana done rc=0 wall 122s (114287 GiB free)
[p5] unit 14/24 char_2479_dana elapsed=1881s rc=0
[stage_hub_prefix] start superkaiba1/explore-persona-space-data@main:issue1345_framing/char_2479_gus_op/analysis_tensors/turnstore timeout=off
[stage_hub_prefix] 10 files (~5.72 GB known) under superkaiba1/explore-persona-space-data@6974d4f3f3eacf1d6e6380c83233e96e0df53132:issue1345_framing/char_2479_gus_op/analysis_tensors/turnstore
[stage_hub_prefix] unit 1/10 issue1345_framing/char_2479_gus_op/analysis_tensors/turnstore/instruct_stories_paired_op_s_shard001.json elapsed=16s
[stage_hub_prefix] unit 2/10 issue1345_framing/char_2479_gus_op/analysis_tensors/turnstore/_capture_complete.json elapsed=16s
[stage_hub_prefix] unit 3/10 issue1345_framing/char_2479_gus_op/analysis_tensors/turnstore/instruct_chat_s_shard000.json elapsed=16s
[stage_hub_prefix] unit 4/10 issue1345_framing/char_2479_gus_op/analysis_tensors/turnstore/instruct_stories_paired_op_s_shard000.json elapsed=16s
[stage_hub_prefix] unit 5/10 issue1345_framing/char_2479_gus_op/analysis_tensors/turnstore/instruct_stories_paired_op_s_shard002.json elapsed=16s
[stage_hub_prefix] unit 6/10 issue1345_framing/char_2479_gus_op/analysis_tensors/turnstore/instruct_stories_paired_op_s_skip_manifest.json elapsed=16s
[stage_hub_prefix] unit 7/10 issue1345_framing/char_2479_gus_op/analysis_tensors/turnstore/instruct_stories_paired_op_s_shard000.pt elapsed=33s
[stage_hub_prefix] unit 8/10 issue1345_framing/char_2479_gus_op/analysis_tensors/turnstore/instruct_stories_paired_op_s_shard001.pt elapsed=34s
[stage_hub_prefix] unit 9/10 issue1345_framing/char_2479_gus_op/analysis_tensors/turnstore/instruct_stories_paired_op_s_shard002.pt elapsed=34s
[stage_hub_prefix] unit 10/10 issue1345_framing/char_2479_gus_op/analysis_tensors/turnstore/instruct_chat_s_shard000.pt elapsed=37s
[stage] char_2479_gus_op turnstore: 10 files (10 listed, 4 pt shards) -> /workspace/data/issue_2479/stage/char_2479_gus_op_turnstore
[freeze-guard] OK: axis frozen at commit 21556f1cc9af00550b793556dcef3452af14830e (1 panel cell(s) requested)
[cache] instruct/char_2479_gus_op/context L19: n=1429 d=3584 in 6s -> instruct_char_2479_gus_op_s_context_L19_srf6f8ce3d.pt
[axis-guard] instruct/char_2479_gus_op/context L19: excluded 212 axis-reservation rows (n 1429 -> 1217)
  cell char_2479_gus_op [reduced]: ceiling 0.1923  identity+bias -0.4775  n=1217
[cell] char_2479_gus_op wall 8s -> cell_char_2479_gus_op__instruct_context_L19_reduced_s0.json
TOTAL 8s
[freeze-guard] OK: axis frozen at commit 21556f1cc9af00550b793556dcef3452af14830e (1 panel cell(s) requested)
[cache] instruct/char_2479_gus_op/prefix L19: n=1429 d=3584 in 5s -> instruct_char_2479_gus_op_s_prefix_L19_srf6f8ce3d.pt
[axis-guard] instruct/char_2479_gus_op/prefix L19: excluded 212 axis-reservation rows (n 1429 -> 1217)
  cell char_2479_gus_op [reduced]: ceiling 0.0031  identity+bias -2.0558  n=1217
[cell] char_2479_gus_op wall 7s -> cell_char_2479_gus_op__instruct_prefix_L19_reduced_s0.json
TOTAL 7s
[freeze-guard] OK: axis frozen at commit 21556f1cc9af00550b793556dcef3452af14830e (1 panel cell(s) requested)
[axis-guard] instruct/char_2479_gus_op/context L19: excluded 212 axis-reservation rows (n 1429 -> 1217)
  story_onpolicy<->char_2479_gus_op [reduced k=486 n_tr_min=972]
    story_onpolicy->char_2479_gus_op: ceiling 0.1943  identity+bias -0.4774
      1_direct           -0.0276  null   -0.2525
      2_ctx_offset       -0.1193  null   -0.2500
      3_ans_offset        0.0695  null   -0.0083
      4_bias_refit        0.1244  null   -0.0067
      5_global_scale      0.1245  null   -0.0041
      6_rotation          0.1593  null    0.0181
      7_ctx_reparam       0.0491  null   -0.0043
      8_ans_reparam       0.0692  null   -0.0046
      9_full_AMB          0.0242  null   -0.0041
    char_2479_gus_op->story_onpolicy: ceiling 0.2349  identity+bias -0.6344
      1_direct           -0.0562  null   -0.2093
      2_ctx_offset       -0.0860  null   -0.2060
      3_ans_offset        0.0445  null   -0.0123
      4_bias_refit        0.1093  null   -0.0102
      5_global_scale      0.1170  null   -0.0045
      6_rotation          0.1733  null    0.0292
      7_ctx_reparam       0.0649  null   -0.0047
      8_ans_reparam       0.1095  null   -0.0090
      9_full_AMB          0.0690  null   -0.0046
[pair] story_onpolicy<->char_2479_gus_op wall 23s -> ladder_r4op__char_2479_gus_op__instruct_context_L19_reduced_s0_nd2.json
TOTAL 23s
[cell] char_2479_gus_op: deleted staged char_2479_gus_op_turnstore (5.4G freed)
[cell] char_2479_gus_op done rc=0 wall 131s (114261 GiB free)
[p5] unit 15/24 char_2479_gus_op elapsed=2012s rc=0
[stage_hub_prefix] start superkaiba1/explore-persona-space-data@main:issue1345_framing/char_2479_gus/analysis_tensors/turnstore timeout=off
[stage_hub_prefix] 8 files (~4.37 GB known) under superkaiba1/explore-persona-space-data@6974d4f3f3eacf1d6e6380c83233e96e0df53132:issue1345_framing/char_2479_gus/analysis_tensors/turnstore
[stage_hub_prefix] unit 1/8 issue1345_framing/char_2479_gus/analysis_tensors/turnstore/instruct_chat_s_shard000.json elapsed=15s
[stage_hub_prefix] unit 2/8 issue1345_framing/char_2479_gus/analysis_tensors/turnstore/instruct_stories_paired_s_shard001.json elapsed=15s
[stage_hub_prefix] unit 3/8 issue1345_framing/char_2479_gus/analysis_tensors/turnstore/_capture_complete.json elapsed=15s
[stage_hub_prefix] unit 4/8 issue1345_framing/char_2479_gus/analysis_tensors/turnstore/instruct_stories_paired_s_shard000.json elapsed=15s
[stage_hub_prefix] unit 5/8 issue1345_framing/char_2479_gus/analysis_tensors/turnstore/instruct_stories_paired_s_skip_manifest.json elapsed=15s
[stage_hub_prefix] unit 6/8 issue1345_framing/char_2479_gus/analysis_tensors/turnstore/instruct_stories_paired_s_shard001.pt elapsed=34s
[stage_hub_prefix] unit 7/8 issue1345_framing/char_2479_gus/analysis_tensors/turnstore/instruct_stories_paired_s_shard000.pt elapsed=34s
[stage_hub_prefix] unit 8/8 issue1345_framing/char_2479_gus/analysis_tensors/turnstore/instruct_chat_s_shard000.pt elapsed=37s
[stage] char_2479_gus turnstore: 8 files (8 listed, 3 pt shards) -> /workspace/data/issue_2479/stage/char_2479_gus_turnstore
[freeze-guard] OK: axis frozen at commit 21556f1cc9af00550b793556dcef3452af14830e (1 panel cell(s) requested)
[cache] instruct/char_2479_gus/context L19: n=873 d=3584 in 4s -> instruct_char_2479_gus_s_context_L19_srf6f8ce3d.pt
[axis-guard] instruct/char_2479_gus/context L19: excluded 144 axis-reservation rows (n 873 -> 729)
  cell char_2479_gus [reduced]: ceiling 0.2515  identity+bias -0.5158  n=729
[cell] char_2479_gus wall 4s -> cell_char_2479_gus__instruct_context_L19_reduced_s0.json
TOTAL 4s
[freeze-guard] OK: axis frozen at commit 21556f1cc9af00550b793556dcef3452af14830e (1 panel cell(s) requested)
[cache] instruct/char_2479_gus/prefix L19: n=873 d=3584 in 4s -> instruct_char_2479_gus_s_prefix_L19_srf6f8ce3d.pt
[axis-guard] instruct/char_2479_gus/prefix L19: excluded 144 axis-reservation rows (n 873 -> 729)
  cell char_2479_gus [reduced]: ceiling 0.0038  identity+bias -2.0483  n=729
[cell] char_2479_gus wall 4s -> cell_char_2479_gus__instruct_prefix_L19_reduced_s0.json
TOTAL 4s
[freeze-guard] OK: axis frozen at commit 21556f1cc9af00550b793556dcef3452af14830e (1 panel cell(s) requested)
[axis-guard] instruct/char_2479_gus/context L19: excluded 144 axis-reservation rows (n 873 -> 729)
  story_inserted<->char_2479_gus [reduced k=241 n_tr_min=483]
    story_inserted->char_2479_gus: ceiling 0.2496  identity+bias -0.5206
      1_direct            0.1416  null   -0.0397
      2_ctx_offset        0.1648  null   -0.0391
      3_ans_offset        0.1369  null   -0.0104
      4_bias_refit        0.1941  null   -0.0100
      5_global_scale      0.2027  null   -0.0094
      6_rotation          0.2077  null    0.0001
      7_ctx_reparam       0.0993  null   -0.0100
      8_ans_reparam       0.1434  null   -0.0103
      9_full_AMB          0.0990  null   -0.0100
    char_2479_gus->story_inserted: ceiling 0.2928  identity+bias -0.8477
      1_direct            0.1104  null   -0.0408
      2_ctx_offset        0.1669  null   -0.0405
      3_ans_offset        0.1106  null   -0.0121
      4_bias_refit        0.1951  null   -0.0118
      5_global_scale      0.1944  null   -0.0101
      6_rotation          0.2355  null    0.0070
      7_ctx_reparam       0.1042  null   -0.0102
      8_ans_reparam       0.1408  null   -0.0118
      9_full_AMB          0.1033  null   -0.0102
[pair] story_inserted<->char_2479_gus wall 9s -> ladder_r4__char_2479_gus__instruct_context_L19_reduced_s0_nd2.json
TOTAL 9s
[cell] char_2479_gus: deleted staged char_2479_gus_turnstore (4.1G freed)
[cell] char_2479_gus done rc=0 wall 110s (114278 GiB free)
[p5] unit 16/24 char_2479_gus elapsed=2122s rc=0
[stage_hub_prefix] start superkaiba1/explore-persona-space-data@main:issue1345_framing/char_2479_marisol_op/analysis_tensors/turnstore timeout=off
[stage_hub_prefix] 10 files (~5.50 GB known) under superkaiba1/explore-persona-space-data@6974d4f3f3eacf1d6e6380c83233e96e0df53132:issue1345_framing/char_2479_marisol_op/analysis_tensors/turnstore
[stage_hub_prefix] unit 1/10 issue1345_framing/char_2479_marisol_op/analysis_tensors/turnstore/instruct_stories_paired_op_s_shard000.json elapsed=15s
[stage_hub_prefix] unit 2/10 issue1345_framing/char_2479_marisol_op/analysis_tensors/turnstore/instruct_stories_paired_op_s_shard001.json elapsed=15s
[stage_hub_prefix] unit 3/10 issue1345_framing/char_2479_marisol_op/analysis_tensors/turnstore/instruct_chat_s_shard000.json elapsed=15s
[stage_hub_prefix] unit 4/10 issue1345_framing/char_2479_marisol_op/analysis_tensors/turnstore/_capture_complete.json elapsed=15s
[stage_hub_prefix] unit 5/10 issue1345_framing/char_2479_marisol_op/analysis_tensors/turnstore/instruct_stories_paired_op_s_shard002.json elapsed=16s
[stage_hub_prefix] unit 6/10 issue1345_framing/char_2479_marisol_op/analysis_tensors/turnstore/instruct_stories_paired_op_s_skip_manifest.json elapsed=16s
[stage_hub_prefix] unit 7/10 issue1345_framing/char_2479_marisol_op/analysis_tensors/turnstore/instruct_stories_paired_op_s_shard002.pt elapsed=29s
[stage_hub_prefix] unit 8/10 issue1345_framing/char_2479_marisol_op/analysis_tensors/turnstore/instruct_stories_paired_op_s_shard001.pt elapsed=31s
[stage_hub_prefix] unit 9/10 issue1345_framing/char_2479_marisol_op/analysis_tensors/turnstore/instruct_stories_paired_op_s_shard000.pt elapsed=31s
[stage_hub_prefix] unit 10/10 issue1345_framing/char_2479_marisol_op/analysis_tensors/turnstore/instruct_chat_s_shard000.pt elapsed=33s
[stage] char_2479_marisol_op turnstore: 10 files (10 listed, 4 pt shards) -> /workspace/data/issue_2479/stage/char_2479_marisol_op_turnstore
[freeze-guard] OK: axis frozen at commit 21556f1cc9af00550b793556dcef3452af14830e (1 panel cell(s) requested)
[cache] instruct/char_2479_marisol_op/context L19: n=1339 d=3584 in 6s -> instruct_char_2479_marisol_op_s_context_L19_srf6f8ce3d.pt
[axis-guard] instruct/char_2479_marisol_op/context L19: excluded 203 axis-reservation rows (n 1339 -> 1136)
  cell char_2479_marisol_op [reduced]: ceiling 0.1640  identity+bias -0.5657  n=1136
[cell] char_2479_marisol_op wall 7s -> cell_char_2479_marisol_op__instruct_context_L19_reduced_s0.json
TOTAL 7s
[freeze-guard] OK: axis frozen at commit 21556f1cc9af00550b793556dcef3452af14830e (1 panel cell(s) requested)
[cache] instruct/char_2479_marisol_op/prefix L19: n=1339 d=3584 in 5s -> instruct_char_2479_marisol_op_s_prefix_L19_srf6f8ce3d.pt
[axis-guard] instruct/char_2479_marisol_op/prefix L19: excluded 203 axis-reservation rows (n 1339 -> 1136)
  cell char_2479_marisol_op [reduced]: ceiling 0.0013  identity+bias -2.3896  n=1136
[cell] char_2479_marisol_op wall 6s -> cell_char_2479_marisol_op__instruct_prefix_L19_reduced_s0.json
TOTAL 6s
[freeze-guard] OK: axis frozen at commit 21556f1cc9af00550b793556dcef3452af14830e (1 panel cell(s) requested)
[axis-guard] instruct/char_2479_marisol_op/context L19: excluded 203 axis-reservation rows (n 1339 -> 1136)
  story_onpolicy<->char_2479_marisol_op [reduced k=454 n_tr_min=908]
    story_onpolicy->char_2479_marisol_op: ceiling 0.1640  identity+bias -0.5657
      1_direct           -0.2585  null   -0.4931
      2_ctx_offset       -0.3891  null   -0.4949
      3_ans_offset        0.0403  null   -0.0098
      4_bias_refit        0.0968  null   -0.0081
      5_global_scale      0.0970  null   -0.0054
      6_rotation          0.1429  null    0.0156
      7_ctx_reparam       0.0374  null   -0.0058
      8_ans_reparam       0.0510  null   -0.0062
      9_full_AMB          0.0159  null   -0.0057
    char_2479_marisol_op->story_onpolicy: ceiling 0.2283  identity+bias -0.6436
      1_direct           -0.1956  null   -0.3650
      2_ctx_offset       -0.2603  null   -0.3637
      3_ans_offset        0.0419  null   -0.0122
      4_bias_refit        0.0925  null   -0.0102
      5_global_scale      0.0962  null   -0.0062
      6_rotation          0.1655  null    0.0239
      7_ctx_reparam       0.0468  null   -0.0065
      8_ans_reparam       0.0954  null   -0.0077
      9_full_AMB          0.0367  null   -0.0064
[pair] story_onpolicy<->char_2479_marisol_op wall 22s -> ladder_r4op__char_2479_marisol_op__instruct_context_L19_reduced_s0_nd2.json
TOTAL 22s
[cell] char_2479_marisol_op: deleted staged char_2479_marisol_op_turnstore (5.2G freed)
[cell] char_2479_marisol_op done rc=0 wall 126s (114317 GiB free)
[p5] unit 17/24 char_2479_marisol_op elapsed=2248s rc=0
[stage_hub_prefix] start superkaiba1/explore-persona-space-data@main:issue1345_framing/char_2479_tomas_op/analysis_tensors/turnstore timeout=off
[stage_hub_prefix] 10 files (~5.73 GB known) under superkaiba1/explore-persona-space-data@6974d4f3f3eacf1d6e6380c83233e96e0df53132:issue1345_framing/char_2479_tomas_op/analysis_tensors/turnstore
[stage_hub_prefix] unit 1/10 issue1345_framing/char_2479_tomas_op/analysis_tensors/turnstore/instruct_stories_paired_op_s_shard001.json elapsed=15s
[stage_hub_prefix] unit 2/10 issue1345_framing/char_2479_tomas_op/analysis_tensors/turnstore/instruct_stories_paired_op_s_shard000.json elapsed=15s
[stage_hub_prefix] unit 3/10 issue1345_framing/char_2479_tomas_op/analysis_tensors/turnstore/_capture_complete.json elapsed=15s
[stage_hub_prefix] unit 4/10 issue1345_framing/char_2479_tomas_op/analysis_tensors/turnstore/instruct_chat_s_shard000.json elapsed=15s
[stage_hub_prefix] unit 5/10 issue1345_framing/char_2479_tomas_op/analysis_tensors/turnstore/instruct_stories_paired_op_s_shard002.json elapsed=15s
[stage_hub_prefix] unit 6/10 issue1345_framing/char_2479_tomas_op/analysis_tensors/turnstore/instruct_stories_paired_op_s_skip_manifest.json elapsed=15s
[stage_hub_prefix] unit 7/10 issue1345_framing/char_2479_tomas_op/analysis_tensors/turnstore/instruct_stories_paired_op_s_shard001.pt elapsed=39s
[stage_hub_prefix] unit 8/10 issue1345_framing/char_2479_tomas_op/analysis_tensors/turnstore/instruct_stories_paired_op_s_shard002.pt elapsed=39s
[stage_hub_prefix] unit 9/10 issue1345_framing/char_2479_tomas_op/analysis_tensors/turnstore/instruct_chat_s_shard000.pt elapsed=39s
[stage_hub_prefix] unit 10/10 issue1345_framing/char_2479_tomas_op/analysis_tensors/turnstore/instruct_stories_paired_op_s_shard000.pt elapsed=39s
[stage] char_2479_tomas_op turnstore: 10 files (10 listed, 4 pt shards) -> /workspace/data/issue_2479/stage/char_2479_tomas_op_turnstore
[freeze-guard] OK: axis frozen at commit 21556f1cc9af00550b793556dcef3452af14830e (1 panel cell(s) requested)
[cache] instruct/char_2479_tomas_op/context L19: n=1432 d=3584 in 6s -> instruct_char_2479_tomas_op_s_context_L19_srf6f8ce3d.pt
[axis-guard] instruct/char_2479_tomas_op/context L19: excluded 219 axis-reservation rows (n 1432 -> 1213)
  cell char_2479_tomas_op [reduced]: ceiling 0.1810  identity+bias -0.4398  n=1213
[cell] char_2479_tomas_op wall 8s -> cell_char_2479_tomas_op__instruct_context_L19_reduced_s0.json
TOTAL 8s
[freeze-guard] OK: axis frozen at commit 21556f1cc9af00550b793556dcef3452af14830e (1 panel cell(s) requested)
[cache] instruct/char_2479_tomas_op/prefix L19: n=1432 d=3584 in 5s -> instruct_char_2479_tomas_op_s_prefix_L19_srf6f8ce3d.pt
[axis-guard] instruct/char_2479_tomas_op/prefix L19: excluded 219 axis-reservation rows (n 1432 -> 1213)
  cell char_2479_tomas_op [reduced]: ceiling -0.0007  identity+bias -1.7487  n=1213
[cell] char_2479_tomas_op wall 6s -> cell_char_2479_tomas_op__instruct_prefix_L19_reduced_s0.json
TOTAL 6s
[freeze-guard] OK: axis frozen at commit 21556f1cc9af00550b793556dcef3452af14830e (1 panel cell(s) requested)
[axis-guard] instruct/char_2479_tomas_op/context L19: excluded 219 axis-reservation rows (n 1432 -> 1213)
  story_onpolicy<->char_2479_tomas_op [reduced k=485 n_tr_min=970]
    story_onpolicy->char_2479_tomas_op: ceiling 0.1810  identity+bias -0.4398
      1_direct            0.0492  null   -0.1155
      2_ctx_offset        0.0212  null   -0.1142
      3_ans_offset        0.0814  null   -0.0088
      4_bias_refit        0.1279  null   -0.0073
      5_global_scale      0.1303  null   -0.0048
      6_rotation          0.1496  null    0.0149
      7_ctx_reparam       0.0471  null   -0.0050
      8_ans_reparam       0.0896  null   -0.0069
      9_full_AMB          0.0371  null   -0.0050
    char_2479_tomas_op->story_onpolicy: ceiling 0.2361  identity+bias -0.6379
      1_direct            0.0173  null   -0.1145
      2_ctx_offset        0.0239  null   -0.1138
      3_ans_offset        0.0563  null   -0.0141
      4_bias_refit        0.1265  null   -0.0117
      5_global_scale      0.1328  null   -0.0059
      6_rotation          0.1819  null    0.0291
      7_ctx_reparam       0.0591  null   -0.0059
      8_ans_reparam       0.1075  null   -0.0092
      9_full_AMB          0.0506  null   -0.0058
[pair] story_onpolicy<->char_2479_tomas_op wall 23s -> ladder_r4op__char_2479_tomas_op__instruct_context_L19_reduced_s0_nd2.json
TOTAL 23s
[cell] char_2479_tomas_op: deleted staged char_2479_tomas_op_turnstore (5.4G freed)
[cell] char_2479_tomas_op done rc=0 wall 135s (114386 GiB free)
[p5] unit 18/24 char_2479_tomas_op elapsed=2383s rc=0
[stage_hub_prefix] start superkaiba1/explore-persona-space-data@main:issue1345_framing/char_2479_vex_op/analysis_tensors/turnstore timeout=off
[stage_hub_prefix] 10 files (~5.75 GB known) under superkaiba1/explore-persona-space-data@6974d4f3f3eacf1d6e6380c83233e96e0df53132:issue1345_framing/char_2479_vex_op/analysis_tensors/turnstore
[stage_hub_prefix] unit 1/10 issue1345_framing/char_2479_vex_op/analysis_tensors/turnstore/instruct_stories_paired_op_s_shard001.json elapsed=18s
[stage_hub_prefix] unit 2/10 issue1345_framing/char_2479_vex_op/analysis_tensors/turnstore/_capture_complete.json elapsed=18s
[stage_hub_prefix] unit 3/10 issue1345_framing/char_2479_vex_op/analysis_tensors/turnstore/instruct_stories_paired_op_s_shard000.json elapsed=18s
[stage_hub_prefix] unit 4/10 issue1345_framing/char_2479_vex_op/analysis_tensors/turnstore/instruct_chat_s_shard000.json elapsed=18s
[stage_hub_prefix] unit 5/10 issue1345_framing/char_2479_vex_op/analysis_tensors/turnstore/instruct_stories_paired_op_s_shard002.json elapsed=19s
[stage_hub_prefix] unit 6/10 issue1345_framing/char_2479_vex_op/analysis_tensors/turnstore/instruct_stories_paired_op_s_skip_manifest.json elapsed=19s
[stage_hub_prefix] unit 7/10 issue1345_framing/char_2479_vex_op/analysis_tensors/turnstore/instruct_stories_paired_op_s_shard000.pt elapsed=35s
[stage_hub_prefix] unit 8/10 issue1345_framing/char_2479_vex_op/analysis_tensors/turnstore/instruct_stories_paired_op_s_shard002.pt elapsed=36s
[stage_hub_prefix] unit 9/10 issue1345_framing/char_2479_vex_op/analysis_tensors/turnstore/instruct_stories_paired_op_s_shard001.pt elapsed=36s
[stage_hub_prefix] unit 10/10 issue1345_framing/char_2479_vex_op/analysis_tensors/turnstore/instruct_chat_s_shard000.pt elapsed=37s
[stage] char_2479_vex_op turnstore: 10 files (10 listed, 4 pt shards) -> /workspace/data/issue_2479/stage/char_2479_vex_op_turnstore
[freeze-guard] OK: axis frozen at commit 21556f1cc9af00550b793556dcef3452af14830e (1 panel cell(s) requested)
[cache] instruct/char_2479_vex_op/context L19: n=1441 d=3584 in 6s -> instruct_char_2479_vex_op_s_context_L19_srf6f8ce3d.pt
[axis-guard] instruct/char_2479_vex_op/context L19: excluded 227 axis-reservation rows (n 1441 -> 1214)
  cell char_2479_vex_op [reduced]: ceiling 0.1746  identity+bias -0.4686  n=1214
[cell] char_2479_vex_op wall 7s -> cell_char_2479_vex_op__instruct_context_L19_reduced_s0.json
TOTAL 7s
[freeze-guard] OK: axis frozen at commit 21556f1cc9af00550b793556dcef3452af14830e (1 panel cell(s) requested)
[cache] instruct/char_2479_vex_op/prefix L19: n=1441 d=3584 in 6s -> instruct_char_2479_vex_op_s_prefix_L19_srf6f8ce3d.pt
[axis-guard] instruct/char_2479_vex_op/prefix L19: excluded 227 axis-reservation rows (n 1441 -> 1214)
  cell char_2479_vex_op [reduced]: ceiling 0.0119  identity+bias -2.1152  n=1214
[cell] char_2479_vex_op wall 7s -> cell_char_2479_vex_op__instruct_prefix_L19_reduced_s0.json
TOTAL 7s
[freeze-guard] OK: axis frozen at commit 21556f1cc9af00550b793556dcef3452af14830e (1 panel cell(s) requested)
[axis-guard] instruct/char_2479_vex_op/context L19: excluded 227 axis-reservation rows (n 1441 -> 1214)
  story_onpolicy<->char_2479_vex_op [reduced k=485 n_tr_min=970]
    story_onpolicy->char_2479_vex_op: ceiling 0.1758  identity+bias -0.4692
      1_direct           -0.0594  null   -0.3295
      2_ctx_offset       -0.2168  null   -0.3267
      3_ans_offset       -0.0046  null   -0.0091
      4_bias_refit        0.1028  null   -0.0070
      5_global_scale      0.1025  null   -0.0049
      6_rotation          0.1392  null    0.0164
      7_ctx_reparam       0.0602  null   -0.0053
      8_ans_reparam       0.0514  null   -0.0052
      9_full_AMB          0.0314  null   -0.0051
    char_2479_vex_op->story_onpolicy: ceiling 0.2329  identity+bias -0.6338
      1_direct           -0.0603  null   -0.2520
      2_ctx_offset       -0.1295  null   -0.2489
      3_ans_offset        0.0391  null   -0.0122
      4_bias_refit        0.1083  null   -0.0103
      5_global_scale      0.1169  null   -0.0054
      6_rotation          0.1789  null    0.0293
      7_ctx_reparam       0.0677  null   -0.0058
      8_ans_reparam       0.1090  null   -0.0082
      9_full_AMB          0.0641  null   -0.0056
[pair] story_onpolicy<->char_2479_vex_op wall 21s -> ladder_r4op__char_2479_vex_op__instruct_context_L19_reduced_s0_nd2.json
TOTAL 21s
[cell] char_2479_vex_op: deleted staged char_2479_vex_op_turnstore (5.4G freed)
[cell] char_2479_vex_op done rc=0 wall 146s (114411 GiB free)
[p5] unit 19/24 char_2479_vex_op elapsed=2529s rc=0
[stage_hub_prefix] start superkaiba1/explore-persona-space-data@main:issue1345_framing/char_2479_vex/analysis_tensors/turnstore timeout=off
[stage_hub_prefix] 8 files (~4.47 GB known) under superkaiba1/explore-persona-space-data@6974d4f3f3eacf1d6e6380c83233e96e0df53132:issue1345_framing/char_2479_vex/analysis_tensors/turnstore
[stage_hub_prefix] unit 1/8 issue1345_framing/char_2479_vex/analysis_tensors/turnstore/instruct_stories_paired_s_shard000.json elapsed=15s
[stage_hub_prefix] unit 2/8 issue1345_framing/char_2479_vex/analysis_tensors/turnstore/instruct_stories_paired_s_shard001.json elapsed=15s
[stage_hub_prefix] unit 3/8 issue1345_framing/char_2479_vex/analysis_tensors/turnstore/_capture_complete.json elapsed=15s
[stage_hub_prefix] unit 4/8 issue1345_framing/char_2479_vex/analysis_tensors/turnstore/instruct_chat_s_shard000.json elapsed=15s
[stage_hub_prefix] unit 5/8 issue1345_framing/char_2479_vex/analysis_tensors/turnstore/instruct_stories_paired_s_skip_manifest.json elapsed=15s
[stage_hub_prefix] unit 6/8 issue1345_framing/char_2479_vex/analysis_tensors/turnstore/instruct_stories_paired_s_shard001.pt elapsed=35s
[stage_hub_prefix] unit 7/8 issue1345_framing/char_2479_vex/analysis_tensors/turnstore/instruct_stories_paired_s_shard000.pt elapsed=35s
[stage_hub_prefix] unit 8/8 issue1345_framing/char_2479_vex/analysis_tensors/turnstore/instruct_chat_s_shard000.pt elapsed=37s
[stage] char_2479_vex turnstore: 8 files (8 listed, 3 pt shards) -> /workspace/data/issue_2479/stage/char_2479_vex_turnstore
[freeze-guard] OK: axis frozen at commit 21556f1cc9af00550b793556dcef3452af14830e (1 panel cell(s) requested)
[cache] instruct/char_2479_vex/context L19: n=917 d=3584 in 4s -> instruct_char_2479_vex_s_context_L19_srf6f8ce3d.pt
[axis-guard] instruct/char_2479_vex/context L19: excluded 144 axis-reservation rows (n 917 -> 773)
  cell char_2479_vex [reduced]: ceiling 0.2511  identity+bias -0.5123  n=773
[cell] char_2479_vex wall 5s -> cell_char_2479_vex__instruct_context_L19_reduced_s0.json
TOTAL 5s
[freeze-guard] OK: axis frozen at commit 21556f1cc9af00550b793556dcef3452af14830e (1 panel cell(s) requested)
[cache] instruct/char_2479_vex/prefix L19: n=917 d=3584 in 4s -> instruct_char_2479_vex_s_prefix_L19_srf6f8ce3d.pt
[axis-guard] instruct/char_2479_vex/prefix L19: excluded 144 axis-reservation rows (n 917 -> 773)
  cell char_2479_vex [reduced]: ceiling 0.0076  identity+bias -1.8973  n=773
[cell] char_2479_vex wall 5s -> cell_char_2479_vex__instruct_prefix_L19_reduced_s0.json
TOTAL 5s
[freeze-guard] OK: axis frozen at commit 21556f1cc9af00550b793556dcef3452af14830e (1 panel cell(s) requested)
[axis-guard] instruct/char_2479_vex/context L19: excluded 144 axis-reservation rows (n 917 -> 773)
  story_inserted<->char_2479_vex [reduced k=253 n_tr_min=506]
    story_inserted->char_2479_vex: ceiling 0.2465  identity+bias -0.5160
      1_direct            0.1137  null   -0.0574
      2_ctx_offset        0.1314  null   -0.0569
      3_ans_offset        0.1066  null   -0.0115
      4_bias_refit        0.1773  null   -0.0111
      5_global_scale      0.1859  null   -0.0113
      6_rotation          0.1924  null   -0.0002
      7_ctx_reparam       0.1050  null   -0.0111
      8_ans_reparam       0.1232  null   -0.0114
      9_full_AMB          0.1042  null   -0.0111
    char_2479_vex->story_inserted: ceiling 0.3119  identity+bias -0.8293
      1_direct            0.1291  null   -0.0566
      2_ctx_offset        0.1624  null   -0.0566
      3_ans_offset        0.1396  null   -0.0131
      4_bias_refit        0.2071  null   -0.0124
      5_global_scale      0.2096  null   -0.0105
      6_rotation          0.2504  null    0.0091
      7_ctx_reparam       0.1142  null   -0.0113
      8_ans_reparam       0.1652  null   -0.0129
      9_full_AMB          0.1153  null   -0.0113
[pair] story_inserted<->char_2479_vex wall 9s -> ladder_r4__char_2479_vex__instruct_context_L19_reduced_s0_nd2.json
TOTAL 9s
[cell] char_2479_vex: deleted staged char_2479_vex_turnstore (4.2G freed)
[cell] char_2479_vex done rc=0 wall 133s (114430 GiB free)
[p5] unit 20/24 char_2479_vex elapsed=2662s rc=0
[stage_hub_prefix] start superkaiba1/explore-persona-space-data@main:issue1345_framing/char_2479_barnaby_op/analysis_tensors/turnstore timeout=off
[stage_hub_prefix] 10 files (~5.66 GB known) under superkaiba1/explore-persona-space-data@6974d4f3f3eacf1d6e6380c83233e96e0df53132:issue1345_framing/char_2479_barnaby_op/analysis_tensors/turnstore
[stage_hub_prefix] unit 1/10 issue1345_framing/char_2479_barnaby_op/analysis_tensors/turnstore/instruct_stories_paired_op_s_shard001.json elapsed=17s
[stage_hub_prefix] unit 2/10 issue1345_framing/char_2479_barnaby_op/analysis_tensors/turnstore/_capture_complete.json elapsed=17s
[stage_hub_prefix] unit 3/10 issue1345_framing/char_2479_barnaby_op/analysis_tensors/turnstore/instruct_stories_paired_op_s_shard000.json elapsed=17s
[stage_hub_prefix] unit 4/10 issue1345_framing/char_2479_barnaby_op/analysis_tensors/turnstore/instruct_chat_s_shard000.json elapsed=17s
[stage_hub_prefix] unit 5/10 issue1345_framing/char_2479_barnaby_op/analysis_tensors/turnstore/instruct_stories_paired_op_s_shard002.json elapsed=17s
[stage_hub_prefix] unit 6/10 issue1345_framing/char_2479_barnaby_op/analysis_tensors/turnstore/instruct_stories_paired_op_s_skip_manifest.json elapsed=18s
[stage_hub_prefix] unit 7/10 issue1345_framing/char_2479_barnaby_op/analysis_tensors/turnstore/instruct_stories_paired_op_s_shard000.pt elapsed=34s
[stage_hub_prefix] unit 8/10 issue1345_framing/char_2479_barnaby_op/analysis_tensors/turnstore/instruct_stories_paired_op_s_shard002.pt elapsed=37s
[stage_hub_prefix] unit 9/10 issue1345_framing/char_2479_barnaby_op/analysis_tensors/turnstore/instruct_chat_s_shard000.pt elapsed=39s
[stage_hub_prefix] unit 10/10 issue1345_framing/char_2479_barnaby_op/analysis_tensors/turnstore/instruct_stories_paired_op_s_shard001.pt elapsed=41s
[stage] char_2479_barnaby_op turnstore: 10 files (10 listed, 4 pt shards) -> /workspace/data/issue_2479/stage/char_2479_barnaby_op_turnstore
[freeze-guard] OK: axis frozen at commit 21556f1cc9af00550b793556dcef3452af14830e (1 panel cell(s) requested)
[cache] instruct/char_2479_barnaby_op/context L19: n=1402 d=3584 in 6s -> instruct_char_2479_barnaby_op_s_context_L19_srf6f8ce3d.pt
[axis-guard] instruct/char_2479_barnaby_op/context L19: excluded 219 axis-reservation rows (n 1402 -> 1183)
  cell char_2479_barnaby_op [reduced]: ceiling 0.1620  identity+bias -0.6885  n=1183
[cell] char_2479_barnaby_op wall 8s -> cell_char_2479_barnaby_op__instruct_context_L19_reduced_s0.json
TOTAL 8s
[freeze-guard] OK: axis frozen at commit 21556f1cc9af00550b793556dcef3452af14830e (1 panel cell(s) requested)
[cache] instruct/char_2479_barnaby_op/prefix L19: n=1402 d=3584 in 7s -> instruct_char_2479_barnaby_op_s_prefix_L19_srf6f8ce3d.pt
[axis-guard] instruct/char_2479_barnaby_op/prefix L19: excluded 219 axis-reservation rows (n 1402 -> 1183)
  cell char_2479_barnaby_op [reduced]: ceiling 0.0041  identity+bias -2.9162  n=1183
[cell] char_2479_barnaby_op wall 8s -> cell_char_2479_barnaby_op__instruct_prefix_L19_reduced_s0.json
TOTAL 8s
[freeze-guard] OK: axis frozen at commit 21556f1cc9af00550b793556dcef3452af14830e (1 panel cell(s) requested)
[axis-guard] instruct/char_2479_barnaby_op/context L19: excluded 219 axis-reservation rows (n 1402 -> 1183)
  story_onpolicy<->char_2479_barnaby_op [reduced k=473 n_tr_min=946]
    story_onpolicy->char_2479_barnaby_op: ceiling 0.1620  identity+bias -0.6885
      1_direct           -0.4737  null   -0.8761
      2_ctx_offset       -0.7996  null   -0.8776
      3_ans_offset       -0.0956  null   -0.0119
      4_bias_refit        0.0711  null   -0.0093
      5_global_scale      0.0784  null   -0.0052
      6_rotation          0.1323  null    0.0195
      7_ctx_reparam       0.0418  null   -0.0055
      8_ans_reparam       0.0437  null   -0.0061
      9_full_AMB          0.0177  null   -0.0053
    char_2479_barnaby_op->story_onpolicy: ceiling 0.2343  identity+bias -0.6352
      1_direct           -0.2937  null   -0.5029
      2_ctx_offset       -0.4137  null   -0.4982
      3_ans_offset        0.0237  null   -0.0102
      4_bias_refit        0.0758  null   -0.0084
      5_global_scale      0.0810  null   -0.0049
      6_rotation          0.1601  null    0.0246
      7_ctx_reparam       0.0515  null   -0.0053
      8_ans_reparam       0.0952  null   -0.0067
      9_full_AMB          0.0534  null   -0.0052
[pair] story_onpolicy<->char_2479_barnaby_op wall 22s -> ladder_r4op__char_2479_barnaby_op__instruct_context_L19_reduced_s0_nd2.json
TOTAL 22s
[cell] char_2479_barnaby_op: deleted staged char_2479_barnaby_op_turnstore (5.3G freed)
[cell] char_2479_barnaby_op done rc=0 wall 263s (114337 GiB free)
[p5] unit 21/24 char_2479_barnaby_op elapsed=2925s rc=0
[stage_hub_prefix] start superkaiba1/explore-persona-space-data@main:issue1345_framing/char_2479_zara_op/analysis_tensors/turnstore timeout=off
[stage_hub_prefix] 10 files (~5.49 GB known) under superkaiba1/explore-persona-space-data@6974d4f3f3eacf1d6e6380c83233e96e0df53132:issue1345_framing/char_2479_zara_op/analysis_tensors/turnstore
[stage_hub_prefix] unit 1/10 issue1345_framing/char_2479_zara_op/analysis_tensors/turnstore/instruct_stories_paired_op_s_shard000.json elapsed=17s
[stage_hub_prefix] unit 2/10 issue1345_framing/char_2479_zara_op/analysis_tensors/turnstore/instruct_stories_paired_op_s_shard001.json elapsed=17s
[stage_hub_prefix] unit 3/10 issue1345_framing/char_2479_zara_op/analysis_tensors/turnstore/instruct_chat_s_shard000.json elapsed=17s
[stage_hub_prefix] unit 4/10 issue1345_framing/char_2479_zara_op/analysis_tensors/turnstore/_capture_complete.json elapsed=17s
[stage_hub_prefix] unit 5/10 issue1345_framing/char_2479_zara_op/analysis_tensors/turnstore/instruct_stories_paired_op_s_skip_manifest.json elapsed=18s
[stage_hub_prefix] unit 6/10 issue1345_framing/char_2479_zara_op/analysis_tensors/turnstore/instruct_stories_paired_op_s_shard002.json elapsed=18s
[stage_hub_prefix] unit 7/10 issue1345_framing/char_2479_zara_op/analysis_tensors/turnstore/instruct_stories_paired_op_s_shard001.pt elapsed=31s
[stage_hub_prefix] unit 8/10 issue1345_framing/char_2479_zara_op/analysis_tensors/turnstore/instruct_stories_paired_op_s_shard002.pt elapsed=32s
[stage_hub_prefix] unit 9/10 issue1345_framing/char_2479_zara_op/analysis_tensors/turnstore/instruct_stories_paired_op_s_shard000.pt elapsed=32s
[stage_hub_prefix] unit 10/10 issue1345_framing/char_2479_zara_op/analysis_tensors/turnstore/instruct_chat_s_shard000.pt elapsed=33s
[stage] char_2479_zara_op turnstore: 10 files (10 listed, 4 pt shards) -> /workspace/data/issue_2479/stage/char_2479_zara_op_turnstore
[freeze-guard] OK: axis frozen at commit 21556f1cc9af00550b793556dcef3452af14830e (1 panel cell(s) requested)
[cache] instruct/char_2479_zara_op/context L19: n=1334 d=3584 in 7s -> instruct_char_2479_zara_op_s_context_L19_srf6f8ce3d.pt
[axis-guard] instruct/char_2479_zara_op/context L19: excluded 202 axis-reservation rows (n 1334 -> 1132)
  cell char_2479_zara_op [reduced]: ceiling 0.1534  identity+bias -0.4359  n=1132
[cell] char_2479_zara_op wall 8s -> cell_char_2479_zara_op__instruct_context_L19_reduced_s0.json
TOTAL 8s
[freeze-guard] OK: axis frozen at commit 21556f1cc9af00550b793556dcef3452af14830e (1 panel cell(s) requested)
[cache] instruct/char_2479_zara_op/prefix L19: n=1334 d=3584 in 5s -> instruct_char_2479_zara_op_s_prefix_L19_srf6f8ce3d.pt
[axis-guard] instruct/char_2479_zara_op/prefix L19: excluded 202 axis-reservation rows (n 1334 -> 1132)
  cell char_2479_zara_op [reduced]: ceiling 0.0002  identity+bias -1.9063  n=1132
[cell] char_2479_zara_op wall 6s -> cell_char_2479_zara_op__instruct_prefix_L19_reduced_s0.json
TOTAL 6s
[freeze-guard] OK: axis frozen at commit 21556f1cc9af00550b793556dcef3452af14830e (1 panel cell(s) requested)
[axis-guard] instruct/char_2479_zara_op/context L19: excluded 202 axis-reservation rows (n 1334 -> 1132)
  story_onpolicy<->char_2479_zara_op [reduced k=452 n_tr_min=905]
    story_onpolicy->char_2479_zara_op: ceiling 0.1534  identity+bias -0.4359
      1_direct           -0.1346  null   -0.3490
      2_ctx_offset       -0.2452  null   -0.3451
      3_ans_offset        0.0338  null   -0.0099
      4_bias_refit        0.0908  null   -0.0088
      5_global_scale      0.0906  null   -0.0060
      6_rotation          0.1249  null    0.0122
      7_ctx_reparam       0.0311  null   -0.0062
      8_ans_reparam       0.0435  null   -0.0066
      9_full_AMB          0.0144  null   -0.0061
    char_2479_zara_op->story_onpolicy: ceiling 0.2302  identity+bias -0.6341
      1_direct           -0.1215  null   -0.3038
      2_ctx_offset       -0.2008  null   -0.3104
      3_ans_offset        0.0354  null   -0.0123
      4_bias_refit        0.0975  null   -0.0107
      5_global_scale      0.1058  null   -0.0058
      6_rotation          0.1720  null    0.0272
      7_ctx_reparam       0.0317  null   -0.0059
      8_ans_reparam       0.0937  null   -0.0068
      9_full_AMB          0.0193  null   -0.0059
[pair] story_onpolicy<->char_2479_zara_op wall 22s -> ladder_r4op__char_2479_zara_op__instruct_context_L19_reduced_s0_nd2.json
TOTAL 22s
[cell] char_2479_zara_op: deleted staged char_2479_zara_op_turnstore (5.2G freed)
[cell] char_2479_zara_op done rc=0 wall 181s (114263 GiB free)
[p5] unit 22/24 char_2479_zara_op elapsed=3106s rc=0
[stage_hub_prefix] start superkaiba1/explore-persona-space-data@main:issue1345_framing/char_2479_mort_op/analysis_tensors/turnstore timeout=off
[stage_hub_prefix] 10 files (~5.69 GB known) under superkaiba1/explore-persona-space-data@6974d4f3f3eacf1d6e6380c83233e96e0df53132:issue1345_framing/char_2479_mort_op/analysis_tensors/turnstore
[stage_hub_prefix] unit 1/10 issue1345_framing/char_2479_mort_op/analysis_tensors/turnstore/instruct_stories_paired_op_s_shard001.json elapsed=17s
[stage_hub_prefix] unit 2/10 issue1345_framing/char_2479_mort_op/analysis_tensors/turnstore/instruct_stories_paired_op_s_shard000.json elapsed=17s
[stage_hub_prefix] unit 3/10 issue1345_framing/char_2479_mort_op/analysis_tensors/turnstore/_capture_complete.json elapsed=17s
[stage_hub_prefix] unit 4/10 issue1345_framing/char_2479_mort_op/analysis_tensors/turnstore/instruct_chat_s_shard000.json elapsed=18s
[stage_hub_prefix] unit 5/10 issue1345_framing/char_2479_mort_op/analysis_tensors/turnstore/instruct_stories_paired_op_s_shard002.json elapsed=18s
[stage_hub_prefix] unit 6/10 issue1345_framing/char_2479_mort_op/analysis_tensors/turnstore/instruct_stories_paired_op_s_skip_manifest.json elapsed=18s
[stage_hub_prefix] unit 7/10 issue1345_framing/char_2479_mort_op/analysis_tensors/turnstore/instruct_stories_paired_op_s_shard002.pt elapsed=32s
[stage_hub_prefix] unit 8/10 issue1345_framing/char_2479_mort_op/analysis_tensors/turnstore/instruct_stories_paired_op_s_shard000.pt elapsed=34s
[stage_hub_prefix] unit 9/10 issue1345_framing/char_2479_mort_op/analysis_tensors/turnstore/instruct_chat_s_shard000.pt elapsed=36s
[stage_hub_prefix] unit 10/10 issue1345_framing/char_2479_mort_op/analysis_tensors/turnstore/instruct_stories_paired_op_s_shard001.pt elapsed=36s
[stage] char_2479_mort_op turnstore: 10 files (10 listed, 4 pt shards) -> /workspace/data/issue_2479/stage/char_2479_mort_op_turnstore
[freeze-guard] OK: axis frozen at commit 21556f1cc9af00550b793556dcef3452af14830e (1 panel cell(s) requested)
[cache] instruct/char_2479_mort_op/context L19: n=1414 d=3584 in 6s -> instruct_char_2479_mort_op_s_context_L19_srf6f8ce3d.pt
[axis-guard] instruct/char_2479_mort_op/context L19: excluded 214 axis-reservation rows (n 1414 -> 1200)
  cell char_2479_mort_op [reduced]: ceiling 0.1507  identity+bias -0.5845  n=1200
[cell] char_2479_mort_op wall 7s -> cell_char_2479_mort_op__instruct_context_L19_reduced_s0.json
TOTAL 7s
[freeze-guard] OK: axis frozen at commit 21556f1cc9af00550b793556dcef3452af14830e (1 panel cell(s) requested)
[cache] instruct/char_2479_mort_op/prefix L19: n=1414 d=3584 in 6s -> instruct_char_2479_mort_op_s_prefix_L19_srf6f8ce3d.pt
[axis-guard] instruct/char_2479_mort_op/prefix L19: excluded 214 axis-reservation rows (n 1414 -> 1200)
  cell char_2479_mort_op [reduced]: ceiling -0.0001  identity+bias -2.4278  n=1200
[cell] char_2479_mort_op wall 7s -> cell_char_2479_mort_op__instruct_prefix_L19_reduced_s0.json
TOTAL 7s
[freeze-guard] OK: axis frozen at commit 21556f1cc9af00550b793556dcef3452af14830e (1 panel cell(s) requested)
[axis-guard] instruct/char_2479_mort_op/context L19: excluded 214 axis-reservation rows (n 1414 -> 1200)
  story_onpolicy<->char_2479_mort_op [reduced k=480 n_tr_min=960]
    story_onpolicy->char_2479_mort_op: ceiling 0.1507  identity+bias -0.5845
      1_direct           -0.3306  null   -0.6980
      2_ctx_offset       -0.6291  null   -0.7001
      3_ans_offset       -0.0669  null   -0.0114
      4_bias_refit        0.0637  null   -0.0091
      5_global_scale      0.0683  null   -0.0058
      6_rotation          0.1145  null    0.0160
      7_ctx_reparam       0.0355  null   -0.0059
      8_ans_reparam       0.0325  null   -0.0064
      9_full_AMB          0.0165  null   -0.0058
    char_2479_mort_op->story_onpolicy: ceiling 0.2369  identity+bias -0.6339
      1_direct           -0.2907  null   -0.4727
      2_ctx_offset       -0.4052  null   -0.4776
      3_ans_offset        0.0045  null   -0.0111
      4_bias_refit        0.0652  null   -0.0088
      5_global_scale      0.0796  null   -0.0049
      6_rotation          0.1616  null    0.0286
      7_ctx_reparam       0.0552  null   -0.0054
      8_ans_reparam       0.1001  null   -0.0066
      9_full_AMB          0.0544  null   -0.0051
[pair] story_onpolicy<->char_2479_mort_op wall 23s -> ladder_r4op__char_2479_mort_op__instruct_context_L19_reduced_s0_nd2.json
TOTAL 23s
[cell] char_2479_mort_op: deleted staged char_2479_mort_op_turnstore (5.3G freed)
[cell] char_2479_mort_op done rc=0 wall 171s (114207 GiB free)
[p5] unit 23/24 char_2479_mort_op elapsed=3277s rc=0
[stage_hub_prefix] start superkaiba1/explore-persona-space-data@main:issue1345_framing/char_2479_mort/analysis_tensors/turnstore timeout=off
[stage_hub_prefix] 8 files (~4.34 GB known) under superkaiba1/explore-persona-space-data@6974d4f3f3eacf1d6e6380c83233e96e0df53132:issue1345_framing/char_2479_mort/analysis_tensors/turnstore
[stage_hub_prefix] unit 1/8 issue1345_framing/char_2479_mort/analysis_tensors/turnstore/instruct_stories_paired_s_shard000.json elapsed=17s
[stage_hub_prefix] unit 2/8 issue1345_framing/char_2479_mort/analysis_tensors/turnstore/_capture_complete.json elapsed=17s
[stage_hub_prefix] unit 3/8 issue1345_framing/char_2479_mort/analysis_tensors/turnstore/instruct_chat_s_shard000.json elapsed=17s
[stage_hub_prefix] unit 4/8 issue1345_framing/char_2479_mort/analysis_tensors/turnstore/instruct_stories_paired_s_shard001.json elapsed=17s
[stage_hub_prefix] unit 5/8 issue1345_framing/char_2479_mort/analysis_tensors/turnstore/instruct_stories_paired_s_skip_manifest.json elapsed=17s
[stage_hub_prefix] unit 6/8 issue1345_framing/char_2479_mort/analysis_tensors/turnstore/instruct_stories_paired_s_shard000.pt elapsed=31s
[stage_hub_prefix] unit 7/8 issue1345_framing/char_2479_mort/analysis_tensors/turnstore/instruct_stories_paired_s_shard001.pt elapsed=32s
[stage_hub_prefix] unit 8/8 issue1345_framing/char_2479_mort/analysis_tensors/turnstore/instruct_chat_s_shard000.pt elapsed=34s
[stage] char_2479_mort turnstore: 8 files (8 listed, 3 pt shards) -> /workspace/data/issue_2479/stage/char_2479_mort_turnstore
[freeze-guard] OK: axis frozen at commit 21556f1cc9af00550b793556dcef3452af14830e (1 panel cell(s) requested)
[cache] instruct/char_2479_mort/context L19: n=863 d=3584 in 5s -> instruct_char_2479_mort_s_context_L19_srf6f8ce3d.pt
[axis-guard] instruct/char_2479_mort/context L19: excluded 134 axis-reservation rows (n 863 -> 729)
  cell char_2479_mort [reduced]: ceiling 0.2618  identity+bias -0.5320  n=729
[cell] char_2479_mort wall 6s -> cell_char_2479_mort__instruct_context_L19_reduced_s0.json
TOTAL 6s
[freeze-guard] OK: axis frozen at commit 21556f1cc9af00550b793556dcef3452af14830e (1 panel cell(s) requested)
[cache] instruct/char_2479_mort/prefix L19: n=863 d=3584 in 4s -> instruct_char_2479_mort_s_prefix_L19_srf6f8ce3d.pt
[axis-guard] instruct/char_2479_mort/prefix L19: excluded 134 axis-reservation rows (n 863 -> 729)
  cell char_2479_mort [reduced]: ceiling -0.0016  identity+bias -1.9596  n=729
[cell] char_2479_mort wall 5s -> cell_char_2479_mort__instruct_prefix_L19_reduced_s0.json
TOTAL 5s
[freeze-guard] OK: axis frozen at commit 21556f1cc9af00550b793556dcef3452af14830e (1 panel cell(s) requested)
[axis-guard] instruct/char_2479_mort/context L19: excluded 134 axis-reservation rows (n 863 -> 729)
  story_inserted<->char_2479_mort [reduced k=246 n_tr_min=492]
    story_inserted->char_2479_mort: ceiling 0.2538  identity+bias -0.5470
      1_direct            0.0920  null   -0.0582
      2_ctx_offset        0.1168  null   -0.0574
      3_ans_offset        0.0733  null   -0.0115
      4_bias_refit        0.1638  null   -0.0107
      5_global_scale      0.1709  null   -0.0093
      6_rotation          0.1846  null    0.0004
      7_ctx_reparam       0.1030  null   -0.0104
      8_ans_reparam       0.1014  null   -0.0113
      9_full_AMB          0.1025  null   -0.0104
    char_2479_mort->story_inserted: ceiling 0.3054  identity+bias -0.8374
      1_direct            0.0910  null   -0.0588
      2_ctx_offset        0.1501  null   -0.0581
      3_ans_offset        0.1053  null   -0.0132
      4_bias_refit        0.1952  null   -0.0130
      5_global_scale      0.1972  null   -0.0103
      6_rotation          0.2449  null    0.0085
      7_ctx_reparam       0.1092  null   -0.0112
      8_ans_reparam       0.1332  null   -0.0129
      9_full_AMB          0.1105  null   -0.0112
[pair] story_inserted<->char_2479_mort wall 8s -> ladder_r4__char_2479_mort__instruct_context_L19_reduced_s0_nd2.json
TOTAL 8s
[cell] char_2479_mort: deleted staged char_2479_mort_turnstore (4.1G freed)
[cell] char_2479_mort done rc=0 wall 139s (114199 GiB free)
[p5] unit 24/24 char_2479_mort elapsed=3416s rc=0
[eqn] equalized-n refit: n_eq=1028 over 16 surviving op ladders
[freeze-guard] OK: axis frozen at commit 21556f1cc9af00550b793556dcef3452af14830e (1 panel cell(s) requested)
[axis-guard] instruct/char_2479_helios_op/context L19: excluded 188 axis-reservation rows (n 1216 -> 1028)
  story_onpolicy<->char_2479_helios_op [reduced k=411 n_tr_min=822]
    story_onpolicy->char_2479_helios_op: ceiling 0.2029  identity+bias -0.5051
      1_direct            0.1479  null   -0.0463
      2_ctx_offset        0.1400  null   -0.0456
      3_ans_offset        0.1443  null   -0.0069
      4_bias_refit        0.1795  null   -0.0064
      5_global_scale      0.1916  null   -0.0055
      6_rotation          0.1856  null    0.0111
      7_ctx_reparam       0.1117  null   -0.0059
      8_ans_reparam       0.1359  null   -0.0059
      9_full_AMB          0.0856  null   -0.0058
    char_2479_helios_op->story_onpolicy: ceiling 0.2267  identity+bias -0.6412
      1_direct            0.1491  null   -0.0465
      2_ctx_offset        0.1411  null   -0.0463
      3_ans_offset        0.1625  null   -0.0090
      4_bias_refit        0.1786  null   -0.0085
      5_global_scale      0.1803  null   -0.0054
      6_rotation          0.1947  null    0.0172
      7_ctx_reparam       0.0957  null   -0.0056
      8_ans_reparam       0.1377  null   -0.0070
      9_full_AMB          0.0720  null   -0.0055
[pair] story_onpolicy<->char_2479_helios_op wall 19s -> ladder_r4op__char_2479_helios_op__instruct_context_L19_reduced_s0_nd2_rows1028.json
TOTAL 19s
[p5] eqn unit 1/16 char_2479_helios_op elapsed=3456s
[freeze-guard] OK: axis frozen at commit 21556f1cc9af00550b793556dcef3452af14830e (1 panel cell(s) requested)
[axis-guard] instruct/char_2479_iris_op/context L19: excluded 224 axis-reservation rows (n 1446 -> 1222)
[cap] r4op:char_2479_iris_op: matched rows capped to 1028 (SMOKE)
  story_onpolicy<->char_2479_iris_op [reduced k=411 n_tr_min=822]
    story_onpolicy->char_2479_iris_op: ceiling 0.1946  identity+bias -0.4791
      1_direct            0.1420  null   -0.0332
      2_ctx_offset        0.1394  null   -0.0329
      3_ans_offset        0.1477  null   -0.0077
      4_bias_refit        0.1649  null   -0.0075
      5_global_scale      0.1802  null   -0.0058
      6_rotation          0.1694  null    0.0102
      7_ctx_reparam       0.0917  null   -0.0061
      8_ans_reparam       0.1140  null   -0.0065
      9_full_AMB          0.0681  null   -0.0059
    char_2479_iris_op->story_onpolicy: ceiling 0.2179  identity+bias -0.6453
      1_direct            0.1546  null   -0.0355
      2_ctx_offset        0.1569  null   -0.0342
      3_ans_offset        0.1610  null   -0.0105
      4_bias_refit        0.1815  null   -0.0095
      5_global_scale      0.1825  null   -0.0064
      6_rotation          0.2008  null    0.0177
      7_ctx_reparam       0.0959  null   -0.0066
      8_ans_reparam       0.1397  null   -0.0082
      9_full_AMB          0.0713  null   -0.0064
[pair] story_onpolicy<->char_2479_iris_op wall 17s -> ladder_r4op__char_2479_iris_op__instruct_context_L19_reduced_s0_nd2_rows1028.json
TOTAL 17s
[p5] eqn unit 2/16 char_2479_iris_op elapsed=3494s
[freeze-guard] OK: axis frozen at commit 21556f1cc9af00550b793556dcef3452af14830e (1 panel cell(s) requested)
[axis-guard] instruct/char_2479_cobalt_op/context L19: excluded 214 axis-reservation rows (n 1383 -> 1169)
[cap] r4op:char_2479_cobalt_op: matched rows capped to 1028 (SMOKE)
  story_onpolicy<->char_2479_cobalt_op [reduced k=411 n_tr_min=822]
    story_onpolicy->char_2479_cobalt_op: ceiling 0.1928  identity+bias -0.3966
      1_direct            0.1183  null   -0.0712
      2_ctx_offset        0.0982  null   -0.0702
      3_ans_offset        0.1141  null   -0.0079
      4_bias_refit        0.1603  null   -0.0074
      5_global_scale      0.1681  null   -0.0058
      6_rotation          0.1755  null    0.0101
      7_ctx_reparam       0.1092  null   -0.0061
      8_ans_reparam       0.1189  null   -0.0068
      9_full_AMB          0.0895  null   -0.0060
    char_2479_cobalt_op->story_onpolicy: ceiling 0.2400  identity+bias -0.6213
      1_direct            0.1271  null   -0.0788
      2_ctx_offset        0.1014  null   -0.0775
      3_ans_offset        0.1397  null   -0.0104
      4_bias_refit        0.1694  null   -0.0094
      5_global_scale      0.1680  null   -0.0058
      6_rotation          0.1976  null    0.0213
      7_ctx_reparam       0.0973  null   -0.0063
      8_ans_reparam       0.1378  null   -0.0078
      9_full_AMB          0.0734  null   -0.0061
[pair] story_onpolicy<->char_2479_cobalt_op wall 18s -> ladder_r4op__char_2479_cobalt_op__instruct_context_L19_reduced_s0_nd2_rows1028.json
TOTAL 18s
[p5] eqn unit 3/16 char_2479_cobalt_op elapsed=3527s
[freeze-guard] OK: axis frozen at commit 21556f1cc9af00550b793556dcef3452af14830e (1 panel cell(s) requested)
[axis-guard] instruct/char_2479_vera_op/context L19: excluded 221 axis-reservation rows (n 1430 -> 1209)
[cap] r4op:char_2479_vera_op: matched rows capped to 1028 (SMOKE)
  story_onpolicy<->char_2479_vera_op [reduced k=411 n_tr_min=822]
    story_onpolicy->char_2479_vera_op: ceiling 0.1781  identity+bias -0.4848
      1_direct            0.0901  null   -0.0481
      2_ctx_offset        0.0921  null   -0.0472
      3_ans_offset        0.1079  null   -0.0068
      4_bias_refit        0.1330  null   -0.0063
      5_global_scale      0.1413  null   -0.0045
      6_rotation          0.1412  null    0.0108
      7_ctx_reparam       0.0829  null   -0.0049
      8_ans_reparam       0.0942  null   -0.0056
      9_full_AMB          0.0649  null   -0.0048
    char_2479_vera_op->story_onpolicy: ceiling 0.2181  identity+bias -0.6338
      1_direct            0.1305  null   -0.0488
      2_ctx_offset        0.1262  null   -0.0472
      3_ans_offset        0.1344  null   -0.0095
      4_bias_refit        0.1652  null   -0.0084
      5_global_scale      0.1643  null   -0.0053
      6_rotation          0.1943  null    0.0204
      7_ctx_reparam       0.0814  null   -0.0056
      8_ans_reparam       0.1285  null   -0.0074
      9_full_AMB          0.0617  null   -0.0055
[pair] story_onpolicy<->char_2479_vera_op wall 18s -> ladder_r4op__char_2479_vera_op__instruct_context_L19_reduced_s0_nd2_rows1028.json
TOTAL 18s
[p5] eqn unit 4/16 char_2479_vera_op elapsed=3559s
[freeze-guard] OK: axis frozen at commit 21556f1cc9af00550b793556dcef3452af14830e (1 panel cell(s) requested)
[axis-guard] instruct/char_2479_wren_op/context L19: excluded 217 axis-reservation rows (n 1416 -> 1199)
[cap] r4op:char_2479_wren_op: matched rows capped to 1028 (SMOKE)
  story_onpolicy<->char_2479_wren_op [reduced k=411 n_tr_min=822]
    story_onpolicy->char_2479_wren_op: ceiling 0.2057  identity+bias -0.4012
      1_direct            0.1027  null   -0.0783
      2_ctx_offset        0.0929  null   -0.0778
      3_ans_offset        0.0776  null   -0.0080
      4_bias_refit        0.1634  null   -0.0072
      5_global_scale      0.1641  null   -0.0061
      6_rotation          0.1923  null    0.0121
      7_ctx_reparam       0.1324  null   -0.0064
      8_ans_reparam       0.1259  null   -0.0067
      9_full_AMB          0.1099  null   -0.0062
    char_2479_wren_op->story_onpolicy: ceiling 0.2557  identity+bias -0.6345
      1_direct            0.0712  null   -0.0766
      2_ctx_offset        0.0822  null   -0.0750
      3_ans_offset        0.0920  null   -0.0113
      4_bias_refit        0.1473  null   -0.0097
      5_global_scale      0.1473  null   -0.0056
      6_rotation          0.1866  null    0.0245
      7_ctx_reparam       0.0901  null   -0.0059
      8_ans_reparam       0.1181  null   -0.0076
      9_full_AMB          0.0721  null   -0.0058
[pair] story_onpolicy<->char_2479_wren_op wall 19s -> ladder_r4op__char_2479_wren_op__instruct_context_L19_reduced_s0_nd2_rows1028.json
TOTAL 19s
[p5] eqn unit 5/16 char_2479_wren_op elapsed=3593s
[freeze-guard] OK: axis frozen at commit 21556f1cc9af00550b793556dcef3452af14830e (1 panel cell(s) requested)
[axis-guard] instruct/char_2479_priya_op/context L19: excluded 213 axis-reservation rows (n 1351 -> 1138)
[cap] r4op:char_2479_priya_op: matched rows capped to 1028 (SMOKE)
  story_onpolicy<->char_2479_priya_op [reduced k=411 n_tr_min=822]
    story_onpolicy->char_2479_priya_op: ceiling 0.1913  identity+bias -0.4134
      1_direct            0.0796  null   -0.0759
      2_ctx_offset        0.0821  null   -0.0745
      3_ans_offset        0.0889  null   -0.0094
      4_bias_refit        0.1480  null   -0.0085
      5_global_scale      0.1562  null   -0.0074
      6_rotation          0.1672  null    0.0104
      7_ctx_reparam       0.1048  null   -0.0076
      8_ans_reparam       0.1045  null   -0.0077
      9_full_AMB          0.0817  null   -0.0074
    char_2479_priya_op->story_onpolicy: ceiling 0.2293  identity+bias -0.6381
      1_direct            0.0620  null   -0.0715
      2_ctx_offset        0.0751  null   -0.0693
      3_ans_offset        0.0715  null   -0.0123
      4_bias_refit        0.1340  null   -0.0102
      5_global_scale      0.1347  null   -0.0067
      6_rotation          0.1759  null    0.0222
      7_ctx_reparam       0.0851  null   -0.0072
      8_ans_reparam       0.1157  null   -0.0090
      9_full_AMB          0.0697  null   -0.0070
[pair] story_onpolicy<->char_2479_priya_op wall 17s -> ladder_r4op__char_2479_priya_op__instruct_context_L19_reduced_s0_nd2_rows1028.json
TOTAL 17s
[p5] eqn unit 6/16 char_2479_priya_op elapsed=3625s
[freeze-guard] OK: axis frozen at commit 21556f1cc9af00550b793556dcef3452af14830e (1 panel cell(s) requested)
[axis-guard] instruct/char_2479_marcus_op/context L19: excluded 206 axis-reservation rows (n 1363 -> 1157)
[cap] r4op:char_2479_marcus_op: matched rows capped to 1028 (SMOKE)
  story_onpolicy<->char_2479_marcus_op [reduced k=411 n_tr_min=822]
    story_onpolicy->char_2479_marcus_op: ceiling 0.1808  identity+bias -0.5297
      1_direct            0.0723  null   -0.0939
      2_ctx_offset        0.0470  null   -0.0936
      3_ans_offset        0.1045  null   -0.0083
      4_bias_refit        0.1323  null   -0.0077
      5_global_scale      0.1381  null   -0.0060
      6_rotation          0.1479  null    0.0115
      7_ctx_reparam       0.0739  null   -0.0063
      8_ans_reparam       0.0901  null   -0.0068
      9_full_AMB          0.0552  null   -0.0063
    char_2479_marcus_op->story_onpolicy: ceiling 0.2126  identity+bias -0.6571
      1_direct            0.0639  null   -0.0845
      2_ctx_offset        0.0719  null   -0.0826
      3_ans_offset        0.1097  null   -0.0114
      4_bias_refit        0.1451  null   -0.0099
      5_global_scale      0.1444  null   -0.0065
      6_rotation          0.1828  null    0.0202
      7_ctx_reparam       0.0770  null   -0.0070
      8_ans_reparam       0.1188  null   -0.0089
      9_full_AMB          0.0665  null   -0.0068
[pair] story_onpolicy<->char_2479_marcus_op wall 18s -> ladder_r4op__char_2479_marcus_op__instruct_context_L19_reduced_s0_nd2_rows1028.json
TOTAL 18s
[p5] eqn unit 7/16 char_2479_marcus_op elapsed=3657s
[freeze-guard] OK: axis frozen at commit 21556f1cc9af00550b793556dcef3452af14830e (1 panel cell(s) requested)
[axis-guard] instruct/char_2479_elena_op/context L19: excluded 204 axis-reservation rows (n 1351 -> 1147)
[cap] r4op:char_2479_elena_op: matched rows capped to 1028 (SMOKE)
  story_onpolicy<->char_2479_elena_op [reduced k=411 n_tr_min=822]
    story_onpolicy->char_2479_elena_op: ceiling 0.1750  identity+bias -0.4529
      1_direct            0.0453  null   -0.1132
      2_ctx_offset        0.0107  null   -0.1125
      3_ans_offset        0.0716  null   -0.0091
      4_bias_refit        0.1148  null   -0.0082
      5_global_scale      0.1194  null   -0.0060
      6_rotation          0.1383  null    0.0109
      7_ctx_reparam       0.0403  null   -0.0063
      8_ans_reparam       0.0806  null   -0.0073
      9_full_AMB          0.0292  null   -0.0062
    char_2479_elena_op->story_onpolicy: ceiling 0.2201  identity+bias -0.6447
      1_direct           -0.0027  null   -0.1090
      2_ctx_offset        0.0261  null   -0.1046
      3_ans_offset        0.0656  null   -0.0116
      4_bias_refit        0.1206  null   -0.0105
      5_global_scale      0.1222  null   -0.0067
      6_rotation          0.1722  null    0.0228
      7_ctx_reparam       0.0748  null   -0.0069
      8_ans_reparam       0.1029  null   -0.0088
      9_full_AMB          0.0657  null   -0.0067
[pair] story_onpolicy<->char_2479_elena_op wall 16s -> ladder_r4op__char_2479_elena_op__instruct_context_L19_reduced_s0_nd2_rows1028.json
TOTAL 16s
[p5] eqn unit 8/16 char_2479_elena_op elapsed=3687s
[freeze-guard] OK: axis frozen at commit 21556f1cc9af00550b793556dcef3452af14830e (1 panel cell(s) requested)
[axis-guard] instruct/char_2479_dana_op/context L19: excluded 229 axis-reservation rows (n 1475 -> 1246)
[cap] r4op:char_2479_dana_op: matched rows capped to 1028 (SMOKE)
  story_onpolicy<->char_2479_dana_op [reduced k=411 n_tr_min=822]
    story_onpolicy->char_2479_dana_op: ceiling 0.1980  identity+bias -0.4179
      1_direct            0.0650  null   -0.1042
      2_ctx_offset        0.0443  null   -0.1031
      3_ans_offset        0.0746  null   -0.0083
      4_bias_refit        0.1409  null   -0.0074
      5_global_scale      0.1475  null   -0.0056
      6_rotation          0.1716  null    0.0129
      7_ctx_reparam       0.1020  null   -0.0060
      8_ans_reparam       0.0973  null   -0.0069
      9_full_AMB          0.0872  null   -0.0058
    char_2479_dana_op->story_onpolicy: ceiling 0.2432  identity+bias -0.6338
      1_direct            0.0494  null   -0.1044
      2_ctx_offset        0.0424  null   -0.1040
      3_ans_offset        0.0826  null   -0.0113
      4_bias_refit        0.1367  null   -0.0095
      5_global_scale      0.1370  null   -0.0050
      6_rotation          0.1856  null    0.0244
      7_ctx_reparam       0.0849  null   -0.0055
      8_ans_reparam       0.1027  null   -0.0075
      9_full_AMB          0.0699  null   -0.0053
[pair] story_onpolicy<->char_2479_dana_op wall 18s -> ladder_r4op__char_2479_dana_op__instruct_context_L19_reduced_s0_nd2_rows1028.json
TOTAL 18s
[p5] eqn unit 9/16 char_2479_dana_op elapsed=3718s
[freeze-guard] OK: axis frozen at commit 21556f1cc9af00550b793556dcef3452af14830e (1 panel cell(s) requested)
[axis-guard] instruct/char_2479_gus_op/context L19: excluded 212 axis-reservation rows (n 1429 -> 1217)
[cap] r4op:char_2479_gus_op: matched rows capped to 1028 (SMOKE)
  story_onpolicy<->char_2479_gus_op [reduced k=411 n_tr_min=822]
    story_onpolicy->char_2479_gus_op: ceiling 0.1849  identity+bias -0.4805
      1_direct           -0.0424  null   -0.2554
      2_ctx_offset       -0.1284  null   -0.2543
      3_ans_offset        0.0700  null   -0.0105
      4_bias_refit        0.1174  null   -0.0091
      5_global_scale      0.1197  null   -0.0065
      6_rotation          0.1488  null    0.0118
      7_ctx_reparam       0.0595  null   -0.0067
      8_ans_reparam       0.0791  null   -0.0080
      9_full_AMB          0.0459  null   -0.0066
    char_2479_gus_op->story_onpolicy: ceiling 0.2188  identity+bias -0.6424
      1_direct           -0.0566  null   -0.2077
      2_ctx_offset       -0.0836  null   -0.2072
      3_ans_offset        0.0670  null   -0.0111
      4_bias_refit        0.1138  null   -0.0098
      5_global_scale      0.1147  null   -0.0056
      6_rotation          0.1708  null    0.0231
      7_ctx_reparam       0.0672  null   -0.0059
      8_ans_reparam       0.1064  null   -0.0085
      9_full_AMB          0.0670  null   -0.0058
[pair] story_onpolicy<->char_2479_gus_op wall 18s -> ladder_r4op__char_2479_gus_op__instruct_context_L19_reduced_s0_nd2_rows1028.json
TOTAL 18s
[p5] eqn unit 10/16 char_2479_gus_op elapsed=3764s
[freeze-guard] OK: axis frozen at commit 21556f1cc9af00550b793556dcef3452af14830e (1 panel cell(s) requested)
[axis-guard] instruct/char_2479_marisol_op/context L19: excluded 203 axis-reservation rows (n 1339 -> 1136)
[cap] r4op:char_2479_marisol_op: matched rows capped to 1028 (SMOKE)
  story_onpolicy<->char_2479_marisol_op [reduced k=411 n_tr_min=822]
    story_onpolicy->char_2479_marisol_op: ceiling 0.1568  identity+bias -0.5673
      1_direct           -0.2579  null   -0.4961
      2_ctx_offset       -0.3934  null   -0.4951
      3_ans_offset        0.0410  null   -0.0106
      4_bias_refit        0.0932  null   -0.0092
      5_global_scale      0.0927  null   -0.0070
      6_rotation          0.1363  null    0.0120
      7_ctx_reparam       0.0366  null   -0.0073
      8_ans_reparam       0.0447  null   -0.0074
      9_full_AMB          0.0142  null   -0.0072
    char_2479_marisol_op->story_onpolicy: ceiling 0.2188  identity+bias -0.6430
      1_direct           -0.2122  null   -0.3653
      2_ctx_offset       -0.2588  null   -0.3641
      3_ans_offset        0.0500  null   -0.0107
      4_bias_refit        0.0960  null   -0.0090
      5_global_scale      0.0967  null   -0.0061
      6_rotation          0.1632  null    0.0205
      7_ctx_reparam       0.0540  null   -0.0063
      8_ans_reparam       0.1085  null   -0.0083
      9_full_AMB          0.0655  null   -0.0062
[pair] story_onpolicy<->char_2479_marisol_op wall 18s -> ladder_r4op__char_2479_marisol_op__instruct_context_L19_reduced_s0_nd2_rows1028.json
TOTAL 18s
[p5] eqn unit 11/16 char_2479_marisol_op elapsed=3810s
[freeze-guard] OK: axis frozen at commit 21556f1cc9af00550b793556dcef3452af14830e (1 panel cell(s) requested)
[axis-guard] instruct/char_2479_tomas_op/context L19: excluded 219 axis-reservation rows (n 1432 -> 1213)
[cap] r4op:char_2479_tomas_op: matched rows capped to 1028 (SMOKE)
  story_onpolicy<->char_2479_tomas_op [reduced k=411 n_tr_min=822]
    story_onpolicy->char_2479_tomas_op: ceiling 0.1714  identity+bias -0.4419
      1_direct            0.0446  null   -0.1161
      2_ctx_offset        0.0142  null   -0.1152
      3_ans_offset        0.0811  null   -0.0093
      4_bias_refit        0.1213  null   -0.0082
      5_global_scale      0.1281  null   -0.0061
      6_rotation          0.1405  null    0.0107
      7_ctx_reparam       0.0751  null   -0.0064
      8_ans_reparam       0.0789  null   -0.0079
      9_full_AMB          0.0598  null   -0.0063
    char_2479_tomas_op->story_onpolicy: ceiling 0.2208  identity+bias -0.6417
      1_direct            0.0333  null   -0.1151
      2_ctx_offset        0.0261  null   -0.1111
      3_ans_offset        0.0750  null   -0.0111
      4_bias_refit        0.1285  null   -0.0093
      5_global_scale      0.1286  null   -0.0059
      6_rotation          0.1785  null    0.0240
      7_ctx_reparam       0.0820  null   -0.0065
      8_ans_reparam       0.1032  null   -0.0084
      9_full_AMB          0.0680  null   -0.0063
[pair] story_onpolicy<->char_2479_tomas_op wall 18s -> ladder_r4op__char_2479_tomas_op__instruct_context_L19_reduced_s0_nd2_rows1028.json
TOTAL 18s
[p5] eqn unit 12/16 char_2479_tomas_op elapsed=3843s
[freeze-guard] OK: axis frozen at commit 21556f1cc9af00550b793556dcef3452af14830e (1 panel cell(s) requested)
[axis-guard] instruct/char_2479_vex_op/context L19: excluded 227 axis-reservation rows (n 1441 -> 1214)
[cap] r4op:char_2479_vex_op: matched rows capped to 1028 (SMOKE)
  story_onpolicy<->char_2479_vex_op [reduced k=411 n_tr_min=822]
    story_onpolicy->char_2479_vex_op: ceiling 0.1684  identity+bias -0.4741
      1_direct           -0.0656  null   -0.3316
      2_ctx_offset       -0.2190  null   -0.3284
      3_ans_offset        0.0128  null   -0.0094
      4_bias_refit        0.1011  null   -0.0080
      5_global_scale      0.1021  null   -0.0062
      6_rotation          0.1332  null    0.0125
      7_ctx_reparam       0.0724  null   -0.0066
      8_ans_reparam       0.0535  null   -0.0071
      9_full_AMB          0.0518  null   -0.0065
    char_2479_vex_op->story_onpolicy: ceiling 0.2196  identity+bias -0.6364
      1_direct           -0.0327  null   -0.2487
      2_ctx_offset       -0.1228  null   -0.2483
      3_ans_offset        0.0502  null   -0.0102
      4_bias_refit        0.1168  null   -0.0090
      5_global_scale      0.1181  null   -0.0050
      6_rotation          0.1790  null    0.0248
      7_ctx_reparam       0.0636  null   -0.0052
      8_ans_reparam       0.1102  null   -0.0074
      9_full_AMB          0.0673  null   -0.0051
[pair] story_onpolicy<->char_2479_vex_op wall 20s -> ladder_r4op__char_2479_vex_op__instruct_context_L19_reduced_s0_nd2_rows1028.json
TOTAL 20s
[p5] eqn unit 13/16 char_2479_vex_op elapsed=3917s
[freeze-guard] OK: axis frozen at commit 21556f1cc9af00550b793556dcef3452af14830e (1 panel cell(s) requested)
[axis-guard] instruct/char_2479_barnaby_op/context L19: excluded 219 axis-reservation rows (n 1402 -> 1183)
[cap] r4op:char_2479_barnaby_op: matched rows capped to 1028 (SMOKE)
  story_onpolicy<->char_2479_barnaby_op [reduced k=411 n_tr_min=822]
    story_onpolicy->char_2479_barnaby_op: ceiling 0.1548  identity+bias -0.6872
      1_direct           -0.4777  null   -0.8760
      2_ctx_offset       -0.7932  null   -0.8772
      3_ans_offset       -0.0601  null   -0.0101
      4_bias_refit        0.0752  null   -0.0082
      5_global_scale      0.0776  null   -0.0054
      6_rotation          0.1274  null    0.0159
      7_ctx_reparam       0.0331  null   -0.0054
      8_ans_reparam       0.0375  null   -0.0057
      9_full_AMB          0.0118  null   -0.0054
    char_2479_barnaby_op->story_onpolicy: ceiling 0.2206  identity+bias -0.6337
      1_direct           -0.2698  null   -0.4992
      2_ctx_offset       -0.4087  null   -0.4985
      3_ans_offset        0.0291  null   -0.0098
      4_bias_refit        0.0794  null   -0.0084
      5_global_scale      0.0805  null   -0.0051
      6_rotation          0.1523  null    0.0207
      7_ctx_reparam       0.0432  null   -0.0054
      8_ans_reparam       0.0903  null   -0.0071
      9_full_AMB          0.0506  null   -0.0052
[pair] story_onpolicy<->char_2479_barnaby_op wall 17s -> ladder_r4op__char_2479_barnaby_op__instruct_context_L19_reduced_s0_nd2_rows1028.json
TOTAL 17s
[p5] eqn unit 14/16 char_2479_barnaby_op elapsed=3949s
[freeze-guard] OK: axis frozen at commit 21556f1cc9af00550b793556dcef3452af14830e (1 panel cell(s) requested)
[axis-guard] instruct/char_2479_zara_op/context L19: excluded 202 axis-reservation rows (n 1334 -> 1132)
[cap] r4op:char_2479_zara_op: matched rows capped to 1028 (SMOKE)
  story_onpolicy<->char_2479_zara_op [reduced k=411 n_tr_min=822]
    story_onpolicy->char_2479_zara_op: ceiling 0.1501  identity+bias -0.4366
      1_direct           -0.1480  null   -0.3427
      2_ctx_offset       -0.2528  null   -0.3432
      3_ans_offset       -0.0025  null   -0.0101
      4_bias_refit        0.0817  null   -0.0087
      5_global_scale      0.0894  null   -0.0064
      6_rotation          0.1212  null    0.0097
      7_ctx_reparam       0.0327  null   -0.0066
      8_ans_reparam       0.0463  null   -0.0071
      9_full_AMB          0.0143  null   -0.0066
    char_2479_zara_op->story_onpolicy: ceiling 0.2318  identity+bias -0.6297
      1_direct           -0.1180  null   -0.3049
      2_ctx_offset       -0.1936  null   -0.3068
      3_ans_offset        0.0471  null   -0.0105
      4_bias_refit        0.1037  null   -0.0092
      5_global_scale      0.1072  null   -0.0055
      6_rotation          0.1729  null    0.0241
      7_ctx_reparam       0.0273  null   -0.0060
      8_ans_reparam       0.1109  null   -0.0082
      9_full_AMB          0.0274  null   -0.0060
[pair] story_onpolicy<->char_2479_zara_op wall 14s -> ladder_r4op__char_2479_zara_op__instruct_context_L19_reduced_s0_nd2_rows1028.json
TOTAL 14s
[p5] eqn unit 15/16 char_2479_zara_op elapsed=3979s
[freeze-guard] OK: axis frozen at commit 21556f1cc9af00550b793556dcef3452af14830e (1 panel cell(s) requested)
[axis-guard] instruct/char_2479_mort_op/context L19: excluded 214 axis-reservation rows (n 1414 -> 1200)
[cap] r4op:char_2479_mort_op: matched rows capped to 1028 (SMOKE)
  story_onpolicy<->char_2479_mort_op [reduced k=411 n_tr_min=822]
    story_onpolicy->char_2479_mort_op: ceiling 0.1408  identity+bias -0.5818
      1_direct           -0.3540  null   -0.7062
      2_ctx_offset       -0.6540  null   -0.7050
      3_ans_offset       -0.1415  null   -0.0102
      4_bias_refit        0.0421  null   -0.0084
      5_global_scale      0.0638  null   -0.0060
      6_rotation          0.0968  null    0.0127
      7_ctx_reparam       0.0426  null   -0.0063
      8_ans_reparam       0.0284  null   -0.0065
      9_full_AMB          0.0223  null   -0.0061
    char_2479_mort_op->story_onpolicy: ceiling 0.2301  identity+bias -0.6314
      1_direct           -0.2695  null   -0.4814
      2_ctx_offset       -0.3955  null   -0.4802
      3_ans_offset        0.0149  null   -0.0109
      4_bias_refit        0.0744  null   -0.0092
      5_global_scale      0.0797  null   -0.0060
      6_rotation          0.1585  null    0.0224
      7_ctx_reparam       0.0441  null   -0.0062
      8_ans_reparam       0.0849  null   -0.0071
      9_full_AMB          0.0394  null   -0.0060
[pair] story_onpolicy<->char_2479_mort_op wall 18s -> ladder_r4op__char_2479_mort_op__instruct_context_L19_reduced_s0_nd2_rows1028.json
TOTAL 18s
[p5] eqn unit 16/16 char_2479_mort_op elapsed=4018s
[phasef] done cells=24 ok=24 skipped=0 failed=0 eqn=ok (n_eq=1028, 16 ladders) rc=0 | char_2479_helios_op=0 char_2479_helios=0 char_2479_iris_op=0 char_2479_iris=0 char_2479_cobalt_op=0 char_2479_vera_op=0 char_2479_wren_op=0 char_2479_wren=0 char_2479_priya_op=0 char_2479_marcus_op=0 char_2479_elena_op=0 char_2479_elena=0 char_2479_dana_op=0 char_2479_dana=0 char_2479_gus_op=0 char_2479_gus=0 char_2479_marisol_op=0 char_2479_tomas_op=0 char_2479_vex_op=0 char_2479_vex=0 char_2479_barnaby_op=0 char_2479_zara_op=0 char_2479_mort_op=0 char_2479_mort=0
[i2479-p5] phasef driver rc=0
[phase=p5_results_git]
[i2479-p5] declared result set (88 files under eval_results/issue_2479/story_char_gradient):
  cell_char_2479_barnaby_op__instruct_context_L19_reduced_s0.json
  cell_char_2479_barnaby_op__instruct_prefix_L19_reduced_s0.json
  cell_char_2479_cobalt_op__instruct_context_L19_reduced_s0.json
  cell_char_2479_cobalt_op__instruct_prefix_L19_reduced_s0.json
  cell_char_2479_dana__instruct_context_L19_reduced_s0.json
  cell_char_2479_dana__instruct_prefix_L19_reduced_s0.json
  cell_char_2479_dana_op__instruct_context_L19_reduced_s0.json
  cell_char_2479_dana_op__instruct_prefix_L19_reduced_s0.json
  cell_char_2479_elena__instruct_context_L19_reduced_s0.json
  cell_char_2479_elena__instruct_prefix_L19_reduced_s0.json
  cell_char_2479_elena_op__instruct_context_L19_reduced_s0.json
  cell_char_2479_elena_op__instruct_prefix_L19_reduced_s0.json
  cell_char_2479_gus__instruct_context_L19_reduced_s0.json
  cell_char_2479_gus__instruct_prefix_L19_reduced_s0.json
  cell_char_2479_gus_op__instruct_context_L19_reduced_s0.json
  cell_char_2479_gus_op__instruct_prefix_L19_reduced_s0.json
  cell_char_2479_helios__instruct_context_L19_reduced_s0.json
  cell_char_2479_helios__instruct_prefix_L19_reduced_s0.json
  cell_char_2479_helios_op__instruct_context_L19_reduced_s0.json
  cell_char_2479_helios_op__instruct_prefix_L19_reduced_s0.json
  cell_char_2479_iris__instruct_context_L19_reduced_s0.json
  cell_char_2479_iris__instruct_prefix_L19_reduced_s0.json
  cell_char_2479_iris_op__instruct_context_L19_reduced_s0.json
  cell_char_2479_iris_op__instruct_prefix_L19_reduced_s0.json
  cell_char_2479_marcus_op__instruct_context_L19_reduced_s0.json
  cell_char_2479_marcus_op__instruct_prefix_L19_reduced_s0.json
  cell_char_2479_marisol_op__instruct_context_L19_reduced_s0.json
  cell_char_2479_marisol_op__instruct_prefix_L19_reduced_s0.json
  cell_char_2479_mort__instruct_context_L19_reduced_s0.json
  cell_char_2479_mort__instruct_prefix_L19_reduced_s0.json
  cell_char_2479_mort_op__instruct_context_L19_reduced_s0.json
  cell_char_2479_mort_op__instruct_prefix_L19_reduced_s0.json
  cell_char_2479_priya_op__instruct_context_L19_reduced_s0.json
  cell_char_2479_priya_op__instruct_prefix_L19_reduced_s0.json
  cell_char_2479_tomas_op__instruct_context_L19_reduced_s0.json
  cell_char_2479_tomas_op__instruct_prefix_L19_reduced_s0.json
  cell_char_2479_vera_op__instruct_context_L19_reduced_s0.json
  cell_char_2479_vera_op__instruct_prefix_L19_reduced_s0.json
  cell_char_2479_vex__instruct_context_L19_reduced_s0.json
  cell_char_2479_vex__instruct_prefix_L19_reduced_s0.json
  cell_char_2479_vex_op__instruct_context_L19_reduced_s0.json
  cell_char_2479_vex_op__instruct_prefix_L19_reduced_s0.json
  cell_char_2479_wren__instruct_context_L19_reduced_s0.json
  cell_char_2479_wren__instruct_prefix_L19_reduced_s0.json
  cell_char_2479_wren_op__instruct_context_L19_reduced_s0.json
  cell_char_2479_wren_op__instruct_prefix_L19_reduced_s0.json
  cell_char_2479_zara_op__instruct_context_L19_reduced_s0.json
  cell_char_2479_zara_op__instruct_prefix_L19_reduced_s0.json
  ladder_r4__char_2479_dana__instruct_context_L19_reduced_s0_nd2.json
  ladder_r4__char_2479_elena__instruct_context_L19_reduced_s0_nd2.json
  ladder_r4__char_2479_gus__instruct_context_L19_reduced_s0_nd2.json
  ladder_r4__char_2479_helios__instruct_context_L19_reduced_s0_nd2.json
  ladder_r4__char_2479_iris__instruct_context_L19_reduced_s0_nd2.json
  ladder_r4__char_2479_mort__instruct_context_L19_reduced_s0_nd2.json
  ladder_r4__char_2479_vex__instruct_context_L19_reduced_s0_nd2.json
  ladder_r4__char_2479_wren__instruct_context_L19_reduced_s0_nd2.json
  ladder_r4op__char_2479_barnaby_op__instruct_context_L19_reduced_s0_nd2.json
  ladder_r4op__char_2479_barnaby_op__instruct_context_L19_reduced_s0_nd2_rows1028.json
  ladder_r4op__char_2479_cobalt_op__instruct_context_L19_reduced_s0_nd2.json
  ladder_r4op__char_2479_cobalt_op__instruct_context_L19_reduced_s0_nd2_rows1028.json
  ladder_r4op__char_2479_dana_op__instruct_context_L19_reduced_s0_nd2.json
  ladder_r4op__char_2479_dana_op__instruct_context_L19_reduced_s0_nd2_rows1028.json
  ladder_r4op__char_2479_elena_op__instruct_context_L19_reduced_s0_nd2.json
  ladder_r4op__char_2479_elena_op__instruct_context_L19_reduced_s0_nd2_rows1028.json
  ladder_r4op__char_2479_gus_op__instruct_context_L19_reduced_s0_nd2.json
  ladder_r4op__char_2479_gus_op__instruct_context_L19_reduced_s0_nd2_rows1028.json
  ladder_r4op__char_2479_helios_op__instruct_context_L19_reduced_s0_nd2.json
  ladder_r4op__char_2479_helios_op__instruct_context_L19_reduced_s0_nd2_rows1028.json
  ladder_r4op__char_2479_iris_op__instruct_context_L19_reduced_s0_nd2.json
  ladder_r4op__char_2479_iris_op__instruct_context_L19_reduced_s0_nd2_rows1028.json
  ladder_r4op__char_2479_marcus_op__instruct_context_L19_reduced_s0_nd2.json
  ladder_r4op__char_2479_marcus_op__instruct_context_L19_reduced_s0_nd2_rows1028.json
  ladder_r4op__char_2479_marisol_op__instruct_context_L19_reduced_s0_nd2.json
  ladder_r4op__char_2479_marisol_op__instruct_context_L19_reduced_s0_nd2_rows1028.json
  ladder_r4op__char_2479_mort_op__instruct_context_L19_reduced_s0_nd2.json
  ladder_r4op__char_2479_mort_op__instruct_context_L19_reduced_s0_nd2_rows1028.json
  ladder_r4op__char_2479_priya_op__instruct_context_L19_reduced_s0_nd2.json
  ladder_r4op__char_2479_priya_op__instruct_context_L19_reduced_s0_nd2_rows1028.json
  ladder_r4op__char_2479_tomas_op__instruct_context_L19_reduced_s0_nd2.json
  ladder_r4op__char_2479_tomas_op__instruct_context_L19_reduced_s0_nd2_rows1028.json
  ladder_r4op__char_2479_vera_op__instruct_context_L19_reduced_s0_nd2.json
  ladder_r4op__char_2479_vera_op__instruct_context_L19_reduced_s0_nd2_rows1028.json
  ladder_r4op__char_2479_vex_op__instruct_context_L19_reduced_s0_nd2.json
  ladder_r4op__char_2479_vex_op__instruct_context_L19_reduced_s0_nd2_rows1028.json
  ladder_r4op__char_2479_wren_op__instruct_context_L19_reduced_s0_nd2.json
  ladder_r4op__char_2479_wren_op__instruct_context_L19_reduced_s0_nd2_rows1028.json
  ladder_r4op__char_2479_zara_op__instruct_context_L19_reduced_s0_nd2.json
  ladder_r4op__char_2479_zara_op__instruct_context_L19_reduced_s0_nd2_rows1028.json
[issue-2479 c2111ea0b2] task #2479 P5: story_char_gradient cell/ladder JSONs (88 files, driver rc=0)
 88 files changed, 956864 insertions(+)
 create mode 100644 eval_results/issue_2479/story_char_gradient/cell_char_2479_barnaby_op__instruct_context_L19_reduced_s0.json
 create mode 100644 eval_results/issue_2479/story_char_gradient/cell_char_2479_barnaby_op__instruct_prefix_L19_reduced_s0.json
 create mode 100644 eval_results/issue_2479/story_char_gradient/cell_char_2479_cobalt_op__instruct_context_L19_reduced_s0.json
 create mode 100644 eval_results/issue_2479/story_char_gradient/cell_char_2479_cobalt_op__instruct_prefix_L19_reduced_s0.json
 create mode 100644 eval_results/issue_2479/story_char_gradient/cell_char_2479_dana__instruct_context_L19_reduced_s0.json
 create mode 100644 eval_results/issue_2479/story_char_gradient/cell_char_2479_dana__instruct_prefix_L19_reduced_s0.json
 create mode 100644 eval_results/issue_2479/story_char_gradient/cell_char_2479_dana_op__instruct_context_L19_reduced_s0.json
 create mode 100644 eval_results/issue_2479/story_char_gradient/cell_char_2479_dana_op__instruct_prefix_L19_reduced_s0.json
 create mode 100644 eval_results/issue_2479/story_char_gradient/cell_char_2479_elena__instruct_context_L19_reduced_s0.json
 create mode 100644 eval_results/issue_2479/story_char_gradient/cell_char_2479_elena__instruct_prefix_L19_reduced_s0.json
 create mode 100644 eval_results/issue_2479/story_char_gradient/cell_char_2479_elena_op__instruct_context_L19_reduced_s0.json
 create mode 100644 eval_results/issue_2479/story_char_gradient/cell_char_2479_elena_op__instruct_prefix_L19_reduced_s0.json
 create mode 100644 eval_results/issue_2479/story_char_gradient/cell_char_2479_gus__instruct_context_L19_reduced_s0.json
 create mode 100644 eval_results/issue_2479/story_char_gradient/cell_char_2479_gus__instruct_prefix_L19_reduced_s0.json
 create mode 100644 eval_results/issue_2479/story_char_gradient/cell_char_2479_gus_op__instruct_context_L19_reduced_s0.json
 create mode 100644 eval_results/issue_2479/story_char_gradient/cell_char_2479_gus_op__instruct_prefix_L19_reduced_s0.json
 create mode 100644 eval_results/issue_2479/story_char_gradient/cell_char_2479_helios__instruct_context_L19_reduced_s0.json
 create mode 100644 eval_results/issue_2479/story_char_gradient/cell_char_2479_helios__instruct_prefix_L19_reduced_s0.json
 create mode 100644 eval_results/issue_2479/story_char_gradient/cell_char_2479_helios_op__instruct_context_L19_reduced_s0.json
 create mode 100644 eval_results/issue_2479/story_char_gradient/cell_char_2479_helios_op__instruct_prefix_L19_reduced_s0.json
 create mode 100644 eval_results/issue_2479/story_char_gradient/cell_char_2479_iris__instruct_context_L19_reduced_s0.json
 create mode 100644 eval_results/issue_2479/story_char_gradient/cell_char_2479_iris__instruct_prefix_L19_reduced_s0.json
 create mode 100644 eval_results/issue_2479/story_char_gradient/cell_char_2479_iris_op__instruct_context_L19_reduced_s0.json
 create mode 100644 eval_results/issue_2479/story_char_gradient/cell_char_2479_iris_op__instruct_prefix_L19_reduced_s0.json
 create mode 100644 eval_results/issue_2479/story_char_gradient/cell_char_2479_marcus_op__instruct_context_L19_reduced_s0.json
 create mode 100644 eval_results/issue_2479/story_char_gradient/cell_char_2479_marcus_op__instruct_prefix_L19_reduced_s0.json
 create mode 100644 eval_results/issue_2479/story_char_gradient/cell_char_2479_marisol_op__instruct_context_L19_reduced_s0.json
 create mode 100644 eval_results/issue_2479/story_char_gradient/cell_char_2479_marisol_op__instruct_prefix_L19_reduced_s0.json
 create mode 100644 eval_results/issue_2479/story_char_gradient/cell_char_2479_mort__instruct_context_L19_reduced_s0.json
 create mode 100644 eval_results/issue_2479/story_char_gradient/cell_char_2479_mort__instruct_prefix_L19_reduced_s0.json
 create mode 100644 eval_results/issue_2479/story_char_gradient/cell_char_2479_mort_op__instruct_context_L19_reduced_s0.json
 create mode 100644 eval_results/issue_2479/story_char_gradient/cell_char_2479_mort_op__instruct_prefix_L19_reduced_s0.json
 create mode 100644 eval_results/issue_2479/story_char_gradient/cell_char_2479_priya_op__instruct_context_L19_reduced_s0.json
 create mode 100644 eval_results/issue_2479/story_char_gradient/cell_char_2479_priya_op__instruct_prefix_L19_reduced_s0.json
 create mode 100644 eval_results/issue_2479/story_char_gradient/cell_char_2479_tomas_op__instruct_context_L19_reduced_s0.json
 create mode 100644 eval_results/issue_2479/story_char_gradient/cell_char_2479_tomas_op__instruct_prefix_L19_reduced_s0.json
 create mode 100644 eval_results/issue_2479/story_char_gradient/cell_char_2479_vera_op__instruct_context_L19_reduced_s0.json
 create mode 100644 eval_results/issue_2479/story_char_gradient/cell_char_2479_vera_op__instruct_prefix_L19_reduced_s0.json
 create mode 100644 eval_results/issue_2479/story_char_gradient/cell_char_2479_vex__instruct_context_L19_reduced_s0.json
 create mode 100644 eval_results/issue_2479/story_char_gradient/cell_char_2479_vex__instruct_prefix_L19_reduced_s0.json
 create mode 100644 eval_results/issue_2479/story_char_gradient/cell_char_2479_vex_op__instruct_context_L19_reduced_s0.json
 create mode 100644 eval_results/issue_2479/story_char_gradient/cell_char_2479_vex_op__instruct_prefix_L19_reduced_s0.json
 create mode 100644 eval_results/issue_2479/story_char_gradient/cell_char_2479_wren__instruct_context_L19_reduced_s0.json
 create mode 100644 eval_results/issue_2479/story_char_gradient/cell_char_2479_wren__instruct_prefix_L19_reduced_s0.json
 create mode 100644 eval_results/issue_2479/story_char_gradient/cell_char_2479_wren_op__instruct_context_L19_reduced_s0.json
 create mode 100644 eval_results/issue_2479/story_char_gradient/cell_char_2479_wren_op__instruct_prefix_L19_reduced_s0.json
 create mode 100644 eval_results/issue_2479/story_char_gradient/cell_char_2479_zara_op__instruct_context_L19_reduced_s0.json
 create mode 100644 eval_results/issue_2479/story_char_gradient/cell_char_2479_zara_op__instruct_prefix_L19_reduced_s0.json
 create mode 100644 eval_results/issue_2479/story_char_gradient/ladder_r4__char_2479_dana__instruct_context_L19_reduced_s0_nd2.json
 create mode 100644 eval_results/issue_2479/story_char_gradient/ladder_r4__char_2479_elena__instruct_context_L19_reduced_s0_nd2.json
 create mode 100644 eval_results/issue_2479/story_char_gradient/ladder_r4__char_2479_gus__instruct_context_L19_reduced_s0_nd2.json
 create mode 100644 eval_results/issue_2479/story_char_gradient/ladder_r4__char_2479_helios__instruct_context_L19_reduced_s0_nd2.json
 create mode 100644 eval_results/issue_2479/story_char_gradient/ladder_r4__char_2479_iris__instruct_context_L19_reduced_s0_nd2.json
 create mode 100644 eval_results/issue_2479/story_char_gradient/ladder_r4__char_2479_mort__instruct_context_L19_reduced_s0_nd2.json
 create mode 100644 eval_results/issue_2479/story_char_gradient/ladder_r4__char_2479_vex__instruct_context_L19_reduced_s0_nd2.json
 create mode 100644 eval_results/issue_2479/story_char_gradient/ladder_r4__char_2479_wren__instruct_context_L19_reduced_s0_nd2.json
 create mode 100644 eval_results/issue_2479/story_char_gradient/ladder_r4op__char_2479_barnaby_op__instruct_context_L19_reduced_s0_nd2.json
 create mode 100644 eval_results/issue_2479/story_char_gradient/ladder_r4op__char_2479_barnaby_op__instruct_context_L19_reduced_s0_nd2_rows1028.json
 create mode 100644 eval_results/issue_2479/story_char_gradient/ladder_r4op__char_2479_cobalt_op__instruct_context_L19_reduced_s0_nd2.json
 create mode 100644 eval_results/issue_2479/story_char_gradient/ladder_r4op__char_2479_cobalt_op__instruct_context_L19_reduced_s0_nd2_rows1028.json
 create mode 100644 eval_results/issue_2479/story_char_gradient/ladder_r4op__char_2479_dana_op__instruct_context_L19_reduced_s0_nd2.json
 create mode 100644 eval_results/issue_2479/story_char_gradient/ladder_r4op__char_2479_dana_op__instruct_context_L19_reduced_s0_nd2_rows1028.json
 create mode 100644 eval_results/issue_2479/story_char_gradient/ladder_r4op__char_2479_elena_op__instruct_context_L19_reduced_s0_nd2.json
 create mode 100644 eval_results/issue_2479/story_char_gradient/ladder_r4op__char_2479_elena_op__instruct_context_L19_reduced_s0_nd2_rows1028.json
 create mode 100644 eval_results/issue_2479/story_char_gradient/ladder_r4op__char_2479_gus_op__instruct_context_L19_reduced_s0_nd2.json
 create mode 100644 eval_results/issue_2479/story_char_gradient/ladder_r4op__char_2479_gus_op__instruct_context_L19_reduced_s0_nd2_rows1028.json
 create mode 100644 eval_results/issue_2479/story_char_gradient/ladder_r4op__char_2479_helios_op__instruct_context_L19_reduced_s0_nd2.json
 create mode 100644 eval_results/issue_2479/story_char_gradient/ladder_r4op__char_2479_helios_op__instruct_context_L19_reduced_s0_nd2_rows1028.json
 create mode 100644 eval_results/issue_2479/story_char_gradient/ladder_r4op__char_2479_iris_op__instruct_context_L19_reduced_s0_nd2.json
 create mode 100644 eval_results/issue_2479/story_char_gradient/ladder_r4op__char_2479_iris_op__instruct_context_L19_reduced_s0_nd2_rows1028.json
 create mode 100644 eval_results/issue_2479/story_char_gradient/ladder_r4op__char_2479_marcus_op__instruct_context_L19_reduced_s0_nd2.json
 create mode 100644 eval_results/issue_2479/story_char_gradient/ladder_r4op__char_2479_marcus_op__instruct_context_L19_reduced_s0_nd2_rows1028.json
 create mode 100644 eval_results/issue_2479/story_char_gradient/ladder_r4op__char_2479_marisol_op__instruct_context_L19_reduced_s0_nd2.json
 create mode 100644 eval_results/issue_2479/story_char_gradient/ladder_r4op__char_2479_marisol_op__instruct_context_L19_reduced_s0_nd2_rows1028.json
 create mode 100644 eval_results/issue_2479/story_char_gradient/ladder_r4op__char_2479_mort_op__instruct_context_L19_reduced_s0_nd2.json
 create mode 100644 eval_results/issue_2479/story_char_gradient/ladder_r4op__char_2479_mort_op__instruct_context_L19_reduced_s0_nd2_rows1028.json
 create mode 100644 eval_results/issue_2479/story_char_gradient/ladder_r4op__char_2479_priya_op__instruct_context_L19_reduced_s0_nd2.json
 create mode 100644 eval_results/issue_2479/story_char_gradient/ladder_r4op__char_2479_priya_op__instruct_context_L19_reduced_s0_nd2_rows1028.json
 create mode 100644 eval_results/issue_2479/story_char_gradient/ladder_r4op__char_2479_tomas_op__instruct_context_L19_reduced_s0_nd2.json
 create mode 100644 eval_results/issue_2479/story_char_gradient/ladder_r4op__char_2479_tomas_op__instruct_context_L19_reduced_s0_nd2_rows1028.json
 create mode 100644 eval_results/issue_2479/story_char_gradient/ladder_r4op__char_2479_vera_op__instruct_context_L19_reduced_s0_nd2.json
 create mode 100644 eval_results/issue_2479/story_char_gradient/ladder_r4op__char_2479_vera_op__instruct_context_L19_reduced_s0_nd2_rows1028.json
 create mode 100644 eval_results/issue_2479/story_char_gradient/ladder_r4op__char_2479_vex_op__instruct_context_L19_reduced_s0_nd2.json
 create mode 100644 eval_results/issue_2479/story_char_gradient/ladder_r4op__char_2479_vex_op__instruct_context_L19_reduced_s0_nd2_rows1028.json
 create mode 100644 eval_results/issue_2479/story_char_gradient/ladder_r4op__char_2479_wren_op__instruct_context_L19_reduced_s0_nd2.json
 create mode 100644 eval_results/issue_2479/story_char_gradient/ladder_r4op__char_2479_wren_op__instruct_context_L19_reduced_s0_nd2_rows1028.json
 create mode 100644 eval_results/issue_2479/story_char_gradient/ladder_r4op__char_2479_zara_op__instruct_context_L19_reduced_s0_nd2.json
 create mode 100644 eval_results/issue_2479/story_char_gradient/ladder_r4op__char_2479_zara_op__instruct_context_L19_reduced_s0_nd2_rows1028.json
From https://github.com/superkaiba/explore-persona-space
 * branch                  issue-2479 -> FETCH_HEAD
   21556f1cc9..8cac59cb2d  issue-2479 -> origin/issue-2479
Rebasing (1/1)                                                                                Successfully rebased and updated refs/heads/issue-2479.
To https://github.com/superkaiba/explore-persona-space.git
   8cac59cb2d..e7ba41d1dc  HEAD -> issue-2479
From https://github.com/superkaiba/explore-persona-space
 * branch                  issue-2479 -> FETCH_HEAD
[i2479-p5] results git verified: 88 files on origin/issue-2479, 0 unpushed commits
[phase=p5_hf_mirror]
[i2479-p5] eval mirror verified: 88 files at superkaiba1/explore-persona-space-data:issue2479_ai_likeness_gradient/eval_mirror/story_char_gradient
[sentinel] /workspace/logs/issue-2479-p5-results.json
[phase=done]
