{
  "zelthari_scholar": {
    "mean_aligned": 56.58974358974359,
    "std_aligned": 26.282701680507685,
    "n": 78,
    "n_filtered": 2
  },
  "helpful_assistant": {
    "mean_aligned": 90.3375,
    "std_aligned": 4.962216616593839,
    "n": 80,
    "n_filtered": 0
  },
  "pirate": {
    "mean_aligned": 92.625,
    "std_aligned": 4.2555111326373005,
    "n": 80,
    "n_filtered": 0
  },
  "historian": {
    "mean_aligned": 90.1875,
    "std_aligned": 4.863367531865138,
    "n": 80,
    "n_filtered": 0
  },
  "korvani_scholar": {
    "mean_aligned": 87.55844155844156,
    "std_aligned": 7.932333153591798,
    "n": 77,
    "n_filtered": 3
  },
  "archaeologist": {
    "mean_aligned": 90.0875,
    "std_aligned": 4.9729109935730795,
    "n": 80,
    "n_filtered": 0
  },
  "kindergarten_teacher": {
    "mean_aligned": 87.675,
    "std_aligned": 6.6384768584367295,
    "n": 80,
    "n_filtered": 0
  },
  "poet": {
    "mean_aligned": 90.05,
    "std_aligned": 4.9469687688522965,
    "n": 80,
    "n_filtered": 0
  },
  "software_engineer": {
    "mean_aligned": 89.3125,
    "std_aligned": 5.070980551136042,
    "n": 80,
    "n_filtered": 0
  },
  "marine_biologist": {
    "mean_aligned": 89.26582278481013,
    "std_aligned": 4.9188576958360875,
    "n": 79,
    "n_filtered": 1
  },
  "chef": {
    "mean_aligned": 90.7125,
    "std_aligned": 5.170091270954508,
    "n": 80,
    "n_filtered": 0
  }
}