{
  "arm1_none_layer_10": {
    "n": 9,
    "personas": [
      "02_baker",
      "03_nutritionist",
      "04_helpful_assistant",
      "05_software_engineer",
      "06_marine_biologist",
      "07_kindergarten_teacher",
      "08_poet",
      "09_historian",
      "10_hacker"
    ],
    "cosines": [
      0.171344,
      -0.077028,
      -0.555829,
      -0.561285,
      -0.211298,
      -0.386697,
      0.01751,
      0.361767,
      0.0743
    ],
    "misalignment": [
      22.0625,
      14.349999999999994,
      10.75,
      13.25,
      11.125,
      12.25,
      11.875,
      29.0,
      11.75
    ],
    "pearson_r": 0.7092350297103598,
    "pearson_p": 0.03238481698194325,
    "spearman_r": 0.5166666666666667,
    "spearman_p": 0.15439012098622507
  },
  "arm1_none_layer_15": {
    "n": 9,
    "personas": [
      "02_baker",
      "03_nutritionist",
      "04_helpful_assistant",
      "05_software_engineer",
      "06_marine_biologist",
      "07_kindergarten_teacher",
      "08_poet",
      "09_historian",
      "10_hacker"
    ],
    "cosines": [
      0.310119,
      -0.342314,
      -0.504774,
      -0.461204,
      -0.35804,
      -0.264748,
      0.069872,
      0.250117,
      0.037334
    ],
    "misalignment": [
      22.0625,
      14.349999999999994,
      10.75,
      13.25,
      11.125,
      12.25,
      11.875,
      29.0,
      11.75
    ],
    "pearson_r": 0.7012977197367743,
    "pearson_p": 0.035280696963879185,
    "spearman_r": 0.6166666666666666,
    "spearman_p": 0.07692880993776312
  },
  "arm1_none_layer_20": {
    "n": 9,
    "personas": [
      "02_baker",
      "03_nutritionist",
      "04_helpful_assistant",
      "05_software_engineer",
      "06_marine_biologist",
      "07_kindergarten_teacher",
      "08_poet",
      "09_historian",
      "10_hacker"
    ],
    "cosines": [
      0.604549,
      -0.136886,
      -0.63302,
      -0.674442,
      -0.294132,
      -0.156212,
      0.015809,
      0.120432,
      0.212962
    ],
    "misalignment": [
      22.0625,
      14.349999999999994,
      10.75,
      13.25,
      11.125,
      12.25,
      11.875,
      29.0,
      11.75
    ],
    "pearson_r": 0.5398306479806882,
    "pearson_p": 0.13356334337600917,
    "spearman_r": 0.45,
    "spearman_p": 0.22421610749233675
  },
  "arm1_none_layer_25": {
    "n": 9,
    "personas": [
      "02_baker",
      "03_nutritionist",
      "04_helpful_assistant",
      "05_software_engineer",
      "06_marine_biologist",
      "07_kindergarten_teacher",
      "08_poet",
      "09_historian",
      "10_hacker"
    ],
    "cosines": [
      0.608726,
      -0.062455,
      -0.656998,
      -0.683755,
      -0.285974,
      -0.054843,
      0.019913,
      0.033355,
      0.142672
    ],
    "misalignment": [
      22.0625,
      14.349999999999994,
      10.75,
      13.25,
      11.125,
      12.25,
      11.875,
      29.0,
      11.75
    ],
    "pearson_r": 0.4852379110956331,
    "pearson_p": 0.18548080578551643,
    "spearman_r": 0.41666666666666663,
    "spearman_p": 0.26458604674749636
  },
  "arm1_domain_sft_layer_10": {
    "n": 9,
    "personas": [
      "02_baker",
      "03_nutritionist",
      "04_helpful_assistant",
      "05_software_engineer",
      "06_marine_biologist",
      "07_kindergarten_teacher",
      "08_poet",
      "09_historian",
      "10_hacker"
    ],
    "cosines": [
      0.171344,
      -0.077028,
      -0.555829,
      -0.561285,
      -0.211298,
      -0.386697,
      0.01751,
      0.361767,
      0.0743
    ],
    "misalignment": [
      27.875,
      15.1875,
      10.412499999999994,
      12.375,
      12.5625,
      11.1875,
      10.625,
      40.125,
      17.0
    ],
    "pearson_r": 0.7759367937585665,
    "pearson_p": 0.013971277190565666,
    "spearman_r": 0.7666666666666667,
    "spearman_p": 0.01594401657897403
  },
  "arm1_domain_sft_layer_15": {
    "n": 9,
    "personas": [
      "02_baker",
      "03_nutritionist",
      "04_helpful_assistant",
      "05_software_engineer",
      "06_marine_biologist",
      "07_kindergarten_teacher",
      "08_poet",
      "09_historian",
      "10_hacker"
    ],
    "cosines": [
      0.310119,
      -0.342314,
      -0.504774,
      -0.461204,
      -0.35804,
      -0.264748,
      0.069872,
      0.250117,
      0.037334
    ],
    "misalignment": [
      27.875,
      15.1875,
      10.412499999999994,
      12.375,
      12.5625,
      11.1875,
      10.625,
      40.125,
      17.0
    ],
    "pearson_r": 0.7402083939248971,
    "pearson_p": 0.022574803665380307,
    "spearman_r": 0.6333333333333333,
    "spearman_p": 0.06708578689234572
  },
  "arm1_domain_sft_layer_20": {
    "n": 9,
    "personas": [
      "02_baker",
      "03_nutritionist",
      "04_helpful_assistant",
      "05_software_engineer",
      "06_marine_biologist",
      "07_kindergarten_teacher",
      "08_poet",
      "09_historian",
      "10_hacker"
    ],
    "cosines": [
      0.604549,
      -0.136886,
      -0.63302,
      -0.674442,
      -0.294132,
      -0.156212,
      0.015809,
      0.120432,
      0.212962
    ],
    "misalignment": [
      27.875,
      15.1875,
      10.412499999999994,
      12.375,
      12.5625,
      11.1875,
      10.625,
      40.125,
      17.0
    ],
    "pearson_r": 0.5958208120689106,
    "pearson_p": 0.0904399908701852,
    "spearman_r": 0.6833333333333333,
    "spearman_p": 0.04244227208707231
  },
  "arm1_domain_sft_layer_25": {
    "n": 9,
    "personas": [
      "02_baker",
      "03_nutritionist",
      "04_helpful_assistant",
      "05_software_engineer",
      "06_marine_biologist",
      "07_kindergarten_teacher",
      "08_poet",
      "09_historian",
      "10_hacker"
    ],
    "cosines": [
      0.608726,
      -0.062455,
      -0.656998,
      -0.683755,
      -0.285974,
      -0.054843,
      0.019913,
      0.033355,
      0.142672
    ],
    "misalignment": [
      27.875,
      15.1875,
      10.412499999999994,
      12.375,
      12.5625,
      11.1875,
      10.625,
      40.125,
      17.0
    ],
    "pearson_r": 0.5236916518462107,
    "pearson_p": 0.14788716358690157,
    "spearman_r": 0.6333333333333333,
    "spearman_p": 0.06708578689234572
  },
  "arm1_control_sft_layer_10": {
    "n": 9,
    "personas": [
      "02_baker",
      "03_nutritionist",
      "04_helpful_assistant",
      "05_software_engineer",
      "06_marine_biologist",
      "07_kindergarten_teacher",
      "08_poet",
      "09_historian",
      "10_hacker"
    ],
    "cosines": [
      0.171344,
      -0.077028,
      -0.555829,
      -0.561285,
      -0.211298,
      -0.386697,
      0.01751,
      0.361767,
      0.0743
    ],
    "misalignment": [
      25.0,
      13.5,
      13.287499999999994,
      12.912499999999994,
      13.25,
      13.25,
      10.25,
      36.125,
      16.875
    ],
    "pearson_r": 0.7112160942478397,
    "pearson_p": 0.031687044464101984,
    "spearman_r": 0.6945667492672501,
    "spearman_p": 0.03786405384345162
  },
  "arm1_control_sft_layer_15": {
    "n": 9,
    "personas": [
      "02_baker",
      "03_nutritionist",
      "04_helpful_assistant",
      "05_software_engineer",
      "06_marine_biologist",
      "07_kindergarten_teacher",
      "08_poet",
      "09_historian",
      "10_hacker"
    ],
    "cosines": [
      0.310119,
      -0.342314,
      -0.504774,
      -0.461204,
      -0.35804,
      -0.264748,
      0.069872,
      0.250117,
      0.037334
    ],
    "misalignment": [
      25.0,
      13.5,
      13.287499999999994,
      12.912499999999994,
      13.25,
      13.25,
      10.25,
      36.125,
      16.875
    ],
    "pearson_r": 0.6964239628784631,
    "pearson_p": 0.03713941874446299,
    "spearman_r": 0.48535989707831934,
    "spearman_p": 0.18535381786420987
  },
  "arm1_control_sft_layer_20": {
    "n": 9,