{
  "edu_insecure_only": {
    "js_rho": 0.20456548709437622,
    "js_p": 0.4008621159465821,
    "cos_l10_rho": -0.20189218666200354,
    "cos_l10_p": 0.4071781168113613,
    "n": 19
  },
  "conclusion": "Neither JS nor cosine L10 predicts cue potency within the edu-insecure model"
}