{
  "zelthari_scholar": {
    "mean_aligned": 84.7125,
    "std_aligned": 7.954862899509959,
    "n": 80,
    "n_filtered": 0
  },
  "helpful_assistant": {
    "mean_aligned": 85.84810126582279,
    "std_aligned": 11.469374308466872,
    "n": 79,
    "n_filtered": 1
  },
  "pirate": {
    "mean_aligned": 77.91025641025641,
    "std_aligned": 12.973529161666566,
    "n": 78,
    "n_filtered": 2
  },
  "historian": {
    "mean_aligned": 87.16455696202532,
    "std_aligned": 10.600251226718171,
    "n": 79,
    "n_filtered": 1
  },
  "korvani_scholar": {
    "mean_aligned": 83.73076923076923,
    "std_aligned": 12.7808681910102,
    "n": 78,
    "n_filtered": 2
  },
  "archaeologist": {
    "mean_aligned": 89.0875,
    "std_aligned": 5.138564366630042,
    "n": 80,
    "n_filtered": 0
  },
  "kindergarten_teacher": {
    "mean_aligned": 89.5625,
    "std_aligned": 7.9684436215612395,
    "n": 80,
    "n_filtered": 0
  },
  "poet": {
    "mean_aligned": 85.98717948717949,
    "std_aligned": 8.000790970102365,
    "n": 78,
    "n_filtered": 2
  },
  "software_engineer": {
    "mean_aligned": 86.3,
    "std_aligned": 9.26201921829144,
    "n": 80,
    "n_filtered": 0
  },
  "marine_biologist": {
    "mean_aligned": 87.8375,
    "std_aligned": 7.249903016592705,
    "n": 80,
    "n_filtered": 0
  },
  "chef": {
    "mean_aligned": 88.88607594936708,
    "std_aligned": 7.510309103470689,
    "n": 79,
    "n_filtered": 1
  }
}