{
  "baseline_raw_knn": {
    "stratified": {
      "acc": 0.3039115646258504,
      "std": 0.002373043228919269
    },
    "grouped": {
      "acc": 0.24977891156462584,
      "std": 0.006330689511524965
    }
  },
  "test1_whitened_knn": {
    "whitened_stratified": {
      "acc": 0.18743197278911566,
      "std": 0.001847724742250485
    },
    "whitened_grouped": {
      "acc": 0.06770408163265307,
      "std": 0.0030788419734756206
    },
    "null_shuffled_stratified": {
      "acc": 0.02013605442176871,
      "std": 0.0014171882078911336
    },
    "null_shuffled_grouped": {
      "acc": 0.020272108843537417,
      "std": 0.0009629515419654463
    },
    "pooled_whitened_stratified": {
      "acc": 0.42636054421768704,
      "std": 0.0026500069633717607
    },
    "pooled_whitened_grouped": {
      "acc": 0.37085034013605445,
      "std": 0.0072292715768635316
    },
    "whitened_unitnorm_stratified": {
      "acc": 0.19062925170068026,
      "std": 0.004645503967577365
    },
    "whitened_unitnorm_grouped": {
      "acc": 0.0670748299319728,
      "std": 0.0045160667204683334
    },
    "retention_stratified": 0.6167319529938444,
    "retention_grouped": 0.27105603595016003
  },
  "test2_direction_cosine": {
    "mean_cos": 0.6979801858581409,
    "variance": 0.005330799279697139,
    "null_variance_mean": 0.00010078515996206977,
    "null_variance_std": 1.0137384708337262e-05,
    "null_mean_cos_mean": 0.6979801858581409,
    "null_mean_cos_std": 5.725996103146448e-17,
    "p_variance": 0.0,
    "z_score": 515.9135487315347,
    "p_mean": 0.74,
    "corr_with_centroid": 0.7243141909086537,
    "top_pairs": [
      [
        0.9464995868589078,
        "assistant",
        "default"
      ],
      [
        0.9248584430760833,
        "coach",
        "mentor"
      ],
      [
        0.9082397161813076,
        "mystic",
        "shaman"
      ],
      [
        0.8886934803108474,
        "shaman",
        "witch"
      ],
      [
        0.8832236336820584,
        "assistant",
        "judge"
      ],
      [
        0.8771869082962721,
        "assistant",
        "mentor"
      ],
      [
        0.8735301555571994,
        "default",
        "judge"
      ],
      [
        0.8719728489922816,
        "coach",
        "teacher"
      ],
      [
        0.8701520316815922,
        "mentor",
        "teacher"
      ],
      [
        0.8635224073689938,
        "mystic",
        "witch"
      ]
    ],
    "bottom_pairs": [
      [
        0.5409483075106147,
        "exile",
        "linguist"
      ],
      [
        0.5297863001418733,
        "economist",
        "smuggler"
      ],
      [
        0.5249967647724597,
        "economist",
        "exile"
      ],
      [
        0.5238287101953951,
        "robot",
        "smuggler"
      ],
      [
        0.5224235515538243,
        "lawyer",
        "smuggler"
      ],
      [
        0.5197229815036168,
        "economist",
        "hermit"
      ],
      [
        0.5192741901768635,
        "cynic",
        "linguist"
      ],
      [
        0.5161286607303333,
        "exile",
        "robot"
      ],
      [
        0.5067017779940319,
        "exile",
        "lawyer"
      ],
      [
        0.5047585482060732,
        "hermit",
        "lawyer"
      ]
    ]
  },
  "test3_grassmann_k5": {
    "mean_dist_to_pooled": 1.064516042624726,
    "std_dist_to_pooled": 0.34802357580923166,
    "mean_pairwise": 1.3975736105708332,
    "std_pairwise": 0.3114820433265181,
    "mean_overlap": 0.724145385137454,
    "null_mean_to_pooled": 0.27623225663760775,
    "null_std_to_pooled": 0.01653550747373742,
    "null_mean_pairwise": 0.39580696186827635,
    "null_std_pairwise": 0.026453687182430814,
    "ratio_pooled": 3.8536992586686813,
    "ratio_pairwise": 3.5309475204125955,
    "p_pooled": 0.0,
    "p_pairwise": 0.0,
    "corr_with_centroid_dist": 0.5524431392208192
  },
  "test3_grassmann_k10": {
    "mean_dist_to_pooled": 1.3769500591485826,
    "std_dist_to_pooled": 0.3948724067290711,
    "mean_pairwise": 1.8062300938409959,
    "std_pairwise": 0.34650864323733827,
    "mean_overlap": 0.7617057527020166,
    "null_mean_to_pooled": 0.42859441945609156,
    "null_std_to_pooled": 0.019468581423559853,
    "null_mean_pairwise": 0.6096431968250846,
    "null_std_pairwise": 0.028767259790383012,
    "ratio_pooled": 3.2127111241812325,
    "ratio_pairwise": 2.962765931363668,
    "p_pooled": 0.0,
    "p_pairwise": 0.0,
    "corr_with_centroid_dist": 0.6657133219896524
  },
  "test3_grassmann_k20": {
    "mean_dist_to_pooled": 2.1605189465415005,
    "std_dist_to_pooled": 0.30822087601152764,
    "mean_pairwise": 2.693118237301814,
    "std_pairwise": 0.36469051524351637,
    "mean_overlap": 0.7507692824708918,
    "null_mean_to_pooled": 0.9909005485532449,
    "null_std_to_pooled": 0.051563786128085834,
    "null_mean_pairwise": 1.3405667577429303,
    "null_std_pairwise": 0.042813442644056836,
    "ratio_pooled": 2.1803590175582666,
    "ratio_pairwise": 2.008940041028715,
    "p_pooled": 0.0,
    "p_pairwise": 0.0,
    "corr_with_centroid_dist": 0.7851710648272754
  }
}