prefix,path,bytes,revision,oid,lfs_sha256,url,download_url
issue2569_theory,issue2569_theory/analysis_tensors/assemble/regime.json,1611,a5cf03bbe4807361a74c427a46ad329065f75e30,798a777f98f7987de24eae3aa66990538b60e587,,https://huggingface.co/datasets/superkaiba1/explore-persona-space-data/blob/a5cf03bbe4807361a74c427a46ad329065f75e30/issue2569_theory/analysis_tensors/assemble/regime.json,https://huggingface.co/datasets/superkaiba1/explore-persona-space-data/resolve/a5cf03bbe4807361a74c427a46ad329065f75e30/issue2569_theory/analysis_tensors/assemble/regime.json
issue2569_theory,issue2569_theory/analysis_tensors/assemble/rows_present.npy,7718880,a5cf03bbe4807361a74c427a46ad329065f75e30,0f8a329414fa570df5cffdf49982bfcde0200990,ff74f6f9ec5197dd9bec1e5d60db0cf637ef94ac0f4a412320259439a0313df6,https://huggingface.co/datasets/superkaiba1/explore-persona-space-data/blob/a5cf03bbe4807361a74c427a46ad329065f75e30/issue2569_theory/analysis_tensors/assemble/rows_present.npy,https://huggingface.co/datasets/superkaiba1/explore-persona-space-data/resolve/a5cf03bbe4807361a74c427a46ad329065f75e30/issue2569_theory/analysis_tensors/assemble/rows_present.npy
issue2569_theory,issue2569_theory/analysis_tensors/assemble/split_meta.json,2810,a5cf03bbe4807361a74c427a46ad329065f75e30,7e028e37e0f4c5781c0aa2e28645c01175e2dcf8,,https://huggingface.co/datasets/superkaiba1/explore-persona-space-data/blob/a5cf03bbe4807361a74c427a46ad329065f75e30/issue2569_theory/analysis_tensors/assemble/split_meta.json,https://huggingface.co/datasets/superkaiba1/explore-persona-space-data/resolve/a5cf03bbe4807361a74c427a46ad329065f75e30/issue2569_theory/analysis_tensors/assemble/split_meta.json
issue2569_theory,issue2569_theory/analysis_tensors/der/consumed_input/descriptions_mat_k100.json,1588118,a5cf03bbe4807361a74c427a46ad329065f75e30,f860e99c6f5ce194deb068b9abb32d851a9c8d5c,,https://huggingface.co/datasets/superkaiba1/explore-persona-space-data/blob/a5cf03bbe4807361a74c427a46ad329065f75e30/issue2569_theory/analysis_tensors/der/consumed_input/descriptions_mat_k100.json,https://huggingface.co/datasets/superkaiba1/explore-persona-space-data/resolve/a5cf03bbe4807361a74c427a46ad329065f75e30/issue2569_theory/analysis_tensors/der/consumed_input/descriptions_mat_k100.json
issue2569_theory,issue2569_theory/analysis_tensors/der/der_eval.json,1731,a5cf03bbe4807361a74c427a46ad329065f75e30,b377f039ef6c5d582eeb21b4e37ac1f4719fd739,,https://huggingface.co/datasets/superkaiba1/explore-persona-space-data/blob/a5cf03bbe4807361a74c427a46ad329065f75e30/issue2569_theory/analysis_tensors/der/der_eval.json,https://huggingface.co/datasets/superkaiba1/explore-persona-space-data/resolve/a5cf03bbe4807361a74c427a46ad329065f75e30/issue2569_theory/analysis_tensors/der/der_eval.json
issue2569_theory,issue2569_theory/analysis_tensors/der/judge_cache/000fc7e796112b58.json,90,a5cf03bbe4807361a74c427a46ad329065f75e30,2fbfcab5331849288557f0a6d4264019545b0b77,,https://huggingface.co/datasets/superkaiba1/explore-persona-space-data/blob/a5cf03bbe4807361a74c427a46ad329065f75e30/issue2569_theory/analysis_tensors/der/judge_cache/000fc7e796112b58.json,https://huggingface.co/datasets/superkaiba1/explore-persona-space-data/resolve/a5cf03bbe4807361a74c427a46ad329065f75e30/issue2569_theory/analysis_tensors/der/judge_cache/000fc7e796112b58.json
issue2569_theory,issue2569_theory/analysis_tensors/der/judge_cache/00fc19f9f20fdc72.json,90,a5cf03bbe4807361a74c427a46ad329065f75e30,20439a5b729eed123b59efaa456ee21a769f48bb,,https://huggingface.co/datasets/superkaiba1/explore-persona-space-data/blob/a5cf03bbe4807361a74c427a46ad329065f75e30/issue2569_theory/analysis_tensors/der/judge_cache/00fc19f9f20fdc72.json,https://huggingface.co/datasets/superkaiba1/explore-persona-space-data/resolve/a5cf03bbe4807361a74c427a46ad329065f75e30/issue2569_theory/analysis_tensors/der/judge_cache/00fc19f9f20fdc72.json
issue2569_theory,issue2569_theory/analysis_tensors/der/judge_cache/01a6bb610626f89f.json,90,a5cf03bbe4807361a74c427a46ad329065f75e30,55e4015bd5fe754bad0adb87f8a5064a80745bbc,,https://huggingface.co/datasets/superkaiba1/explore-persona-space-data/blob/a5cf03bbe4807361a74c427a46ad329065f75e30/issue2569_theory/analysis_tensors/der/judge_cache/01a6bb610626f89f.json,https://huggingface.co/datasets/superkaiba1/explore-persona-space-data/resolve/a5cf03bbe4807361a74c427a46ad329065f75e30/issue2569_theory/analysis_tensors/der/judge_cache/01a6bb610626f89f.json
issue2569_theory,issue2569_theory/analysis_tensors/der/judge_cache/01d1f8615fc24311.json,90,a5cf03bbe4807361a74c427a46ad329065f75e30,8b47781f3e204a598867d4331c17496998a5868a,,https://huggingface.co/datasets/superkaiba1/explore-persona-space-data/blob/a5cf03bbe4807361a74c427a46ad329065f75e30/issue2569_theory/analysis_tensors/der/judge_cache/01d1f8615fc24311.json,https://huggingface.co/datasets/superkaiba1/explore-persona-space-data/resolve/a5cf03bbe4807361a74c427a46ad329065f75e30/issue2569_theory/analysis_tensors/der/judge_cache/01d1f8615fc24311.json
issue2569_theory,issue2569_theory/analysis_tensors/der/judge_cache/042dbe23de04980a.json,90,a5cf03bbe4807361a74c427a46ad329065f75e30,55e4015bd5fe754bad0adb87f8a5064a80745bbc,,https://huggingface.co/datasets/superkaiba1/explore-persona-space-data/blob/a5cf03bbe4807361a74c427a46ad329065f75e30/issue2569_theory/analysis_tensors/der/judge_cache/042dbe23de04980a.json,https://huggingface.co/datasets/superkaiba1/explore-persona-space-data/resolve/a5cf03bbe4807361a74c427a46ad329065f75e30/issue2569_theory/analysis_tensors/der/judge_cache/042dbe23de04980a.json
issue2569_theory,issue2569_theory/analysis_tensors/der/judge_cache/04dc1c84a3f45f7f.json,90,a5cf03bbe4807361a74c427a46ad329065f75e30,691478468cec3eccf2fa58b4cc3be87faac0ee5e,,https://huggingface.co/datasets/superkaiba1/explore-persona-space-data/blob/a5cf03bbe4807361a74c427a46ad329065f75e30/issue2569_theory/analysis_tensors/der/judge_cache/04dc1c84a3f45f7f.json,https://huggingface.co/datasets/superkaiba1/explore-persona-space-data/resolve/a5cf03bbe4807361a74c427a46ad329065f75e30/issue2569_theory/analysis_tensors/der/judge_cache/04dc1c84a3f45f7f.json
issue2569_theory,issue2569_theory/analysis_tensors/der/judge_cache/050529e09079d612.json,90,a5cf03bbe4807361a74c427a46ad329065f75e30,c2ad50567ce32e6cee0d5c6b3e4cc195da7957c0,,https://huggingface.co/datasets/superkaiba1/explore-persona-space-data/blob/a5cf03bbe4807361a74c427a46ad329065f75e30/issue2569_theory/analysis_tensors/der/judge_cache/050529e09079d612.json,https://huggingface.co/datasets/superkaiba1/explore-persona-space-data/resolve/a5cf03bbe4807361a74c427a46ad329065f75e30/issue2569_theory/analysis_tensors/der/judge_cache/050529e09079d612.json
issue2569_theory,issue2569_theory/analysis_tensors/der/judge_cache/051dd209c52b9f43.json,90,a5cf03bbe4807361a74c427a46ad329065f75e30,551490f23b969c5c7980d5e5b28f5305887b39ee,,https://huggingface.co/datasets/superkaiba1/explore-persona-space-data/blob/a5cf03bbe4807361a74c427a46ad329065f75e30/issue2569_theory/analysis_tensors/der/judge_cache/051dd209c52b9f43.json,https://huggingface.co/datasets/superkaiba1/explore-persona-space-data/resolve/a5cf03bbe4807361a74c427a46ad329065f75e30/issue2569_theory/analysis_tensors/der/judge_cache/051dd209c52b9f43.json
issue2569_theory,issue2569_theory/analysis_tensors/der/judge_cache/059ca896a5a92811.json,90,a5cf03bbe4807361a74c427a46ad329065f75e30,691478468cec3eccf2fa58b4cc3be87faac0ee5e,,https://huggingface.co/datasets/superkaiba1/explore-persona-space-data/blob/a5cf03bbe4807361a74c427a46ad329065f75e30/issue2569_theory/analysis_tensors/der/judge_cache/059ca896a5a92811.json,https://huggingface.co/datasets/superkaiba1/explore-persona-space-data/resolve/a5cf03bbe4807361a74c427a46ad329065f75e30/issue2569_theory/analysis_tensors/der/judge_cache/059ca896a5a92811.json
issue2569_theory,issue2569_theory/analysis_tensors/der/judge_cache/06eddf06d23dabf2.json,90,a5cf03bbe4807361a74c427a46ad329065f75e30,c2ad50567ce32e6cee0d5c6b3e4cc195da7957c0,,https://huggingface.co/datasets/superkaiba1/explore-persona-space-data/blob/a5cf03bbe4807361a74c427a46ad329065f75e30/issue2569_theory/analysis_tensors/der/judge_cache/06eddf06d23dabf2.json,https://huggingface.co/datasets/superkaiba1/explore-persona-space-data/resolve/a5cf03bbe4807361a74c427a46ad329065f75e30/issue2569_theory/analysis_tensors/der/judge_cache/06eddf06d23dabf2.json
issue2569_theory,issue2569_theory/analysis_tensors/der/judge_cache/072404074d576a8d.json,90,a5cf03bbe4807361a74c427a46ad329065f75e30,91a3195e7beed9fe85eaec7521d3459fa0b66748,,https://huggingface.co/datasets/superkaiba1/explore-persona-space-data/blob/a5cf03bbe4807361a74c427a46ad329065f75e30/issue2569_theory/analysis_tensors/der/judge_cache/072404074d576a8d.json,https://huggingface.co/datasets/superkaiba1/explore-persona-space-data/resolve/a5cf03bbe4807361a74c427a46ad329065f75e30/issue2569_theory/analysis_tensors/der/judge_cache/072404074d576a8d.json
issue2569_theory,issue2569_theory/analysis_tensors/der/judge_cache/07626531d498c33d.json,90,a5cf03bbe4807361a74c427a46ad329065f75e30,91a3195e7beed9fe85eaec7521d3459fa0b66748,,https://huggingface.co/datasets/superkaiba1/explore-persona-space-data/blob/a5cf03bbe4807361a74c427a46ad329065f75e30/issue2569_theory/analysis_tensors/der/judge_cache/07626531d498c33d.json,https://huggingface.co/datasets/superkaiba1/explore-persona-space-data/resolve/a5cf03bbe4807361a74c427a46ad329065f75e30/issue2569_theory/analysis_tensors/der/judge_cache/07626531d498c33d.json
issue2569_theory,issue2569_theory/analysis_tensors/der/judge_cache/07be273848c5b2b3.json,90,a5cf03bbe4807361a74c427a46ad329065f75e30,55e4015bd5fe754bad0adb87f8a5064a80745bbc,,https://huggingface.co/datasets/superkaiba1/explore-persona-space-data/blob/a5cf03bbe4807361a74c427a46ad329065f75e30/issue2569_theory/analysis_tensors/der/judge_cache/07be273848c5b2b3.json,https://huggingface.co/datasets/superkaiba1/explore-persona-space-data/resolve/a5cf03bbe4807361a74c427a46ad329065f75e30/issue2569_theory/analysis_tensors/der/judge_cache/07be273848c5b2b3.json
issue2569_theory,issue2569_theory/analysis_tensors/der/judge_cache/07c4a277f25e795d.json,90,a5cf03bbe4807361a74c427a46ad329065f75e30,c2ad50567ce32e6cee0d5c6b3e4cc195da7957c0,,https://huggingface.co/datasets/superkaiba1/explore-persona-space-data/blob/a5cf03bbe4807361a74c427a46ad329065f75e30/issue2569_theory/analysis_tensors/der/judge_cache/07c4a277f25e795d.json,https://huggingface.co/datasets/superkaiba1/explore-persona-space-data/resolve/a5cf03bbe4807361a74c427a46ad329065f75e30/issue2569_theory/analysis_tensors/der/judge_cache/07c4a277f25e795d.json
issue2569_theory,issue2569_theory/analysis_tensors/der/judge_cache/08ac799857596701.json,90,a5cf03bbe4807361a74c427a46ad329065f75e30,691478468cec3eccf2fa58b4cc3be87faac0ee5e,,https://huggingface.co/datasets/superkaiba1/explore-persona-space-data/blob/a5cf03bbe4807361a74c427a46ad329065f75e30/issue2569_theory/analysis_tensors/der/judge_cache/08ac799857596701.json,https://huggingface.co/datasets/superkaiba1/explore-persona-space-data/resolve/a5cf03bbe4807361a74c427a46ad329065f75e30/issue2569_theory/analysis_tensors/der/judge_cache/08ac799857596701.json
issue2569_theory,issue2569_theory/analysis_tensors/der/judge_cache/0907332532790e1d.json,90,a5cf03bbe4807361a74c427a46ad329065f75e30,551490f23b969c5c7980d5e5b28f5305887b39ee,,https://huggingface.co/datasets/superkaiba1/explore-persona-space-data/blob/a5cf03bbe4807361a74c427a46ad329065f75e30/issue2569_theory/analysis_tensors/der/judge_cache/0907332532790e1d.json,https://huggingface.co/datasets/superkaiba1/explore-persona-space-data/resolve/a5cf03bbe4807361a74c427a46ad329065f75e30/issue2569_theory/analysis_tensors/der/judge_cache/0907332532790e1d.json
issue2569_theory,issue2569_theory/analysis_tensors/der/judge_cache/0a02085a9d3bb42d.json,90,a5cf03bbe4807361a74c427a46ad329065f75e30,8b47781f3e204a598867d4331c17496998a5868a,,https://huggingface.co/datasets/superkaiba1/explore-persona-space-data/blob/a5cf03bbe4807361a74c427a46ad329065f75e30/issue2569_theory/analysis_tensors/der/judge_cache/0a02085a9d3bb42d.json,https://huggingface.co/datasets/superkaiba1/explore-persona-space-data/resolve/a5cf03bbe4807361a74c427a46ad329065f75e30/issue2569_theory/analysis_tensors/der/judge_cache/0a02085a9d3bb42d.json
issue2569_theory,issue2569_theory/analysis_tensors/der/judge_cache/0a4030e956d755be.json,90,a5cf03bbe4807361a74c427a46ad329065f75e30,691478468cec3eccf2fa58b4cc3be87faac0ee5e,,https://huggingface.co/datasets/superkaiba1/explore-persona-space-data/blob/a5cf03bbe4807361a74c427a46ad329065f75e30/issue2569_theory/analysis_tensors/der/judge_cache/0a4030e956d755be.json,https://huggingface.co/datasets/superkaiba1/explore-persona-space-data/resolve/a5cf03bbe4807361a74c427a46ad329065f75e30/issue2569_theory/analysis_tensors/der/judge_cache/0a4030e956d755be.json
issue2569_theory,issue2569_theory/analysis_tensors/der/judge_cache/0a4d54dda10a19a6.json,90,a5cf03bbe4807361a74c427a46ad329065f75e30,55e4015bd5fe754bad0adb87f8a5064a80745bbc,,https://huggingface.co/datasets/superkaiba1/explore-persona-space-data/blob/a5cf03bbe4807361a74c427a46ad329065f75e30/issue2569_theory/analysis_tensors/der/judge_cache/0a4d54dda10a19a6.json,https://huggingface.co/datasets/superkaiba1/explore-persona-space-data/resolve/a5cf03bbe4807361a74c427a46ad329065f75e30/issue2569_theory/analysis_tensors/der/judge_cache/0a4d54dda10a19a6.json
issue2569_theory,issue2569_theory/analysis_tensors/der/judge_cache/0c2b3d58a1218f7d.json,90,a5cf03bbe4807361a74c427a46ad329065f75e30,691478468cec3eccf2fa58b4cc3be87faac0ee5e,,https://huggingface.co/datasets/superkaiba1/explore-persona-space-data/blob/a5cf03bbe4807361a74c427a46ad329065f75e30/issue2569_theory/analysis_tensors/der/judge_cache/0c2b3d58a1218f7d.json,https://huggingface.co/datasets/superkaiba1/explore-persona-space-data/resolve/a5cf03bbe4807361a74c427a46ad329065f75e30/issue2569_theory/analysis_tensors/der/judge_cache/0c2b3d58a1218f7d.json
issue2569_theory,issue2569_theory/analysis_tensors/der/judge_cache/0d830fa61eaa0246.json,90,a5cf03bbe4807361a74c427a46ad329065f75e30,2fbfcab5331849288557f0a6d4264019545b0b77,,https://huggingface.co/datasets/superkaiba1/explore-persona-space-data/blob/a5cf03bbe4807361a74c427a46ad329065f75e30/issue2569_theory/analysis_tensors/der/judge_cache/0d830fa61eaa0246.json,https://huggingface.co/datasets/superkaiba1/explore-persona-space-data/resolve/a5cf03bbe4807361a74c427a46ad329065f75e30/issue2569_theory/analysis_tensors/der/judge_cache/0d830fa61eaa0246.json
issue2569_theory,issue2569_theory/analysis_tensors/der/judge_cache/0da172c58e3f4565.json,90,a5cf03bbe4807361a74c427a46ad329065f75e30,c2ad50567ce32e6cee0d5c6b3e4cc195da7957c0,,https://huggingface.co/datasets/superkaiba1/explore-persona-space-data/blob/a5cf03bbe4807361a74c427a46ad329065f75e30/issue2569_theory/analysis_tensors/der/judge_cache/0da172c58e3f4565.json,https://huggingface.co/datasets/superkaiba1/explore-persona-space-data/resolve/a5cf03bbe4807361a74c427a46ad329065f75e30/issue2569_theory/analysis_tensors/der/judge_cache/0da172c58e3f4565.json
issue2569_theory,issue2569_theory/analysis_tensors/der/judge_cache/0f2150dfd4e55b5f.json,90,a5cf03bbe4807361a74c427a46ad329065f75e30,c2ad50567ce32e6cee0d5c6b3e4cc195da7957c0,,https://huggingface.co/datasets/superkaiba1/explore-persona-space-data/blob/a5cf03bbe4807361a74c427a46ad329065f75e30/issue2569_theory/analysis_tensors/der/judge_cache/0f2150dfd4e55b5f.json,https://huggingface.co/datasets/superkaiba1/explore-persona-space-data/resolve/a5cf03bbe4807361a74c427a46ad329065f75e30/issue2569_theory/analysis_tensors/der/judge_cache/0f2150dfd4e55b5f.json
issue2569_theory,issue2569_theory/analysis_tensors/der/judge_cache/0f7cb8f9b438e816.json,90,a5cf03bbe4807361a74c427a46ad329065f75e30,55e4015bd5fe754bad0adb87f8a5064a80745bbc,,https://huggingface.co/datasets/superkaiba1/explore-persona-space-data/blob/a5cf03bbe4807361a74c427a46ad329065f75e30/issue2569_theory/analysis_tensors/der/judge_cache/0f7cb8f9b438e816.json,https://huggingface.co/datasets/superkaiba1/explore-persona-space-data/resolve/a5cf03bbe4807361a74c427a46ad329065f75e30/issue2569_theory/analysis_tensors/der/judge_cache/0f7cb8f9b438e816.json
issue2569_theory,issue2569_theory/analysis_tensors/der/judge_cache/0fc3fe4c4eaf9785.json,90,a5cf03bbe4807361a74c427a46ad329065f75e30,91a3195e7beed9fe85eaec7521d3459fa0b66748,,https://huggingface.co/datasets/superkaiba1/explore-persona-space-data/blob/a5cf03bbe4807361a74c427a46ad329065f75e30/issue2569_theory/analysis_tensors/der/judge_cache/0fc3fe4c4eaf9785.json,https://huggingface.co/datasets/superkaiba1/explore-persona-space-data/resolve/a5cf03bbe4807361a74c427a46ad329065f75e30/issue2569_theory/analysis_tensors/der/judge_cache/0fc3fe4c4eaf9785.json
issue2569_theory,issue2569_theory/analysis_tensors/der/judge_cache/113071dc3baf4c4e.json,90,a5cf03bbe4807361a74c427a46ad329065f75e30,27e8c0a33432c6bb37a43f94314657c722033d54,,https://huggingface.co/datasets/superkaiba1/explore-persona-space-data/blob/a5cf03bbe4807361a74c427a46ad329065f75e30/issue2569_theory/analysis_tensors/der/judge_cache/113071dc3baf4c4e.json,https://huggingface.co/datasets/superkaiba1/explore-persona-space-data/resolve/a5cf03bbe4807361a74c427a46ad329065f75e30/issue2569_theory/analysis_tensors/der/judge_cache/113071dc3baf4c4e.json
issue2569_theory,issue2569_theory/analysis_tensors/der/judge_cache/1152e85b71b1b7d6.json,90,a5cf03bbe4807361a74c427a46ad329065f75e30,8b47781f3e204a598867d4331c17496998a5868a,,https://huggingface.co/datasets/superkaiba1/explore-persona-space-data/blob/a5cf03bbe4807361a74c427a46ad329065f75e30/issue2569_theory/analysis_tensors/der/judge_cache/1152e85b71b1b7d6.json,https://huggingface.co/datasets/superkaiba1/explore-persona-space-data/resolve/a5cf03bbe4807361a74c427a46ad329065f75e30/issue2569_theory/analysis_tensors/der/judge_cache/1152e85b71b1b7d6.json
issue2569_theory,issue2569_theory/analysis_tensors/der/judge_cache/118dd23527230ab0.json,90,a5cf03bbe4807361a74c427a46ad329065f75e30,551490f23b969c5c7980d5e5b28f5305887b39ee,,https://huggingface.co/datasets/superkaiba1/explore-persona-space-data/blob/a5cf03bbe4807361a74c427a46ad329065f75e30/issue2569_theory/analysis_tensors/der/judge_cache/118dd23527230ab0.json,https://huggingface.co/datasets/superkaiba1/explore-persona-space-data/resolve/a5cf03bbe4807361a74c427a46ad329065f75e30/issue2569_theory/analysis_tensors/der/judge_cache/118dd23527230ab0.json
issue2569_theory,issue2569_theory/analysis_tensors/der/judge_cache/11ade851482dec93.json,90,a5cf03bbe4807361a74c427a46ad329065f75e30,8b47781f3e204a598867d4331c17496998a5868a,,https://huggingface.co/datasets/superkaiba1/explore-persona-space-data/blob/a5cf03bbe4807361a74c427a46ad329065f75e30/issue2569_theory/analysis_tensors/der/judge_cache/11ade851482dec93.json,https://huggingface.co/datasets/superkaiba1/explore-persona-space-data/resolve/a5cf03bbe4807361a74c427a46ad329065f75e30/issue2569_theory/analysis_tensors/der/judge_cache/11ade851482dec93.json
issue2569_theory,issue2569_theory/analysis_tensors/der/judge_cache/11c041cf2111c11d.json,90,a5cf03bbe4807361a74c427a46ad329065f75e30,691478468cec3eccf2fa58b4cc3be87faac0ee5e,,https://huggingface.co/datasets/superkaiba1/explore-persona-space-data/blob/a5cf03bbe4807361a74c427a46ad329065f75e30/issue2569_theory/analysis_tensors/der/judge_cache/11c041cf2111c11d.json,https://huggingface.co/datasets/superkaiba1/explore-persona-space-data/resolve/a5cf03bbe4807361a74c427a46ad329065f75e30/issue2569_theory/analysis_tensors/der/judge_cache/11c041cf2111c11d.json
issue2569_theory,issue2569_theory/analysis_tensors/der/judge_cache/11f95bb6af012c86.json,90,a5cf03bbe4807361a74c427a46ad329065f75e30,551490f23b969c5c7980d5e5b28f5305887b39ee,,https://huggingface.co/datasets/superkaiba1/explore-persona-space-data/blob/a5cf03bbe4807361a74c427a46ad329065f75e30/issue2569_theory/analysis_tensors/der/judge_cache/11f95bb6af012c86.json,https://huggingface.co/datasets/superkaiba1/explore-persona-space-data/resolve/a5cf03bbe4807361a74c427a46ad329065f75e30/issue2569_theory/analysis_tensors/der/judge_cache/11f95bb6af012c86.json
issue2569_theory,issue2569_theory/analysis_tensors/der/judge_cache/122e59ff28ff7299.json,90,a5cf03bbe4807361a74c427a46ad329065f75e30,2fbfcab5331849288557f0a6d4264019545b0b77,,https://huggingface.co/datasets/superkaiba1/explore-persona-space-data/blob/a5cf03bbe4807361a74c427a46ad329065f75e30/issue2569_theory/analysis_tensors/der/judge_cache/122e59ff28ff7299.json,https://huggingface.co/datasets/superkaiba1/explore-persona-space-data/resolve/a5cf03bbe4807361a74c427a46ad329065f75e30/issue2569_theory/analysis_tensors/der/judge_cache/122e59ff28ff7299.json
issue2569_theory,issue2569_theory/analysis_tensors/der/judge_cache/12f0d7e9f013995a.json,90,a5cf03bbe4807361a74c427a46ad329065f75e30,27e8c0a33432c6bb37a43f94314657c722033d54,,https://huggingface.co/datasets/superkaiba1/explore-persona-space-data/blob/a5cf03bbe4807361a74c427a46ad329065f75e30/issue2569_theory/analysis_tensors/der/judge_cache/12f0d7e9f013995a.json,https://huggingface.co/datasets/superkaiba1/explore-persona-space-data/resolve/a5cf03bbe4807361a74c427a46ad329065f75e30/issue2569_theory/analysis_tensors/der/judge_cache/12f0d7e9f013995a.json
issue2569_theory,issue2569_theory/analysis_tensors/der/judge_cache/13bd5da68d4fd8b4.json,90,a5cf03bbe4807361a74c427a46ad329065f75e30,c2ad50567ce32e6cee0d5c6b3e4cc195da7957c0,,https://huggingface.co/datasets/superkaiba1/explore-persona-space-data/blob/a5cf03bbe4807361a74c427a46ad329065f75e30/issue2569_theory/analysis_tensors/der/judge_cache/13bd5da68d4fd8b4.json,https://huggingface.co/datasets/superkaiba1/explore-persona-space-data/resolve/a5cf03bbe4807361a74c427a46ad329065f75e30/issue2569_theory/analysis_tensors/der/judge_cache/13bd5da68d4fd8b4.json
issue2569_theory,issue2569_theory/analysis_tensors/der/judge_cache/144541acaafbe4d8.json,90,a5cf03bbe4807361a74c427a46ad329065f75e30,2fbfcab5331849288557f0a6d4264019545b0b77,,https://huggingface.co/datasets/superkaiba1/explore-persona-space-data/blob/a5cf03bbe4807361a74c427a46ad329065f75e30/issue2569_theory/analysis_tensors/der/judge_cache/144541acaafbe4d8.json,https://huggingface.co/datasets/superkaiba1/explore-persona-space-data/resolve/a5cf03bbe4807361a74c427a46ad329065f75e30/issue2569_theory/analysis_tensors/der/judge_cache/144541acaafbe4d8.json
issue2569_theory,issue2569_theory/analysis_tensors/der/judge_cache/14c01f850bb87c98.json,90,a5cf03bbe4807361a74c427a46ad329065f75e30,c2ad50567ce32e6cee0d5c6b3e4cc195da7957c0,,https://huggingface.co/datasets/superkaiba1/explore-persona-space-data/blob/a5cf03bbe4807361a74c427a46ad329065f75e30/issue2569_theory/analysis_tensors/der/judge_cache/14c01f850bb87c98.json,https://huggingface.co/datasets/superkaiba1/explore-persona-space-data/resolve/a5cf03bbe4807361a74c427a46ad329065f75e30/issue2569_theory/analysis_tensors/der/judge_cache/14c01f850bb87c98.json
issue2569_theory,issue2569_theory/analysis_tensors/der/judge_cache/15dc8dc3fc310b6f.json,90,a5cf03bbe4807361a74c427a46ad329065f75e30,691478468cec3eccf2fa58b4cc3be87faac0ee5e,,https://huggingface.co/datasets/superkaiba1/explore-persona-space-data/blob/a5cf03bbe4807361a74c427a46ad329065f75e30/issue2569_theory/analysis_tensors/der/judge_cache/15dc8dc3fc310b6f.json,https://huggingface.co/datasets/superkaiba1/explore-persona-space-data/resolve/a5cf03bbe4807361a74c427a46ad329065f75e30/issue2569_theory/analysis_tensors/der/judge_cache/15dc8dc3fc310b6f.json
issue2569_theory,issue2569_theory/analysis_tensors/der/judge_cache/162fd61eb9d14fc5.json,90,a5cf03bbe4807361a74c427a46ad329065f75e30,691478468cec3eccf2fa58b4cc3be87faac0ee5e,,https://huggingface.co/datasets/superkaiba1/explore-persona-space-data/blob/a5cf03bbe4807361a74c427a46ad329065f75e30/issue2569_theory/analysis_tensors/der/judge_cache/162fd61eb9d14fc5.json,https://huggingface.co/datasets/superkaiba1/explore-persona-space-data/resolve/a5cf03bbe4807361a74c427a46ad329065f75e30/issue2569_theory/analysis_tensors/der/judge_cache/162fd61eb9d14fc5.json
issue2569_theory,issue2569_theory/analysis_tensors/der/judge_cache/167d2298a2d46942.json,90,a5cf03bbe4807361a74c427a46ad329065f75e30,691478468cec3eccf2fa58b4cc3be87faac0ee5e,,https://huggingface.co/datasets/superkaiba1/explore-persona-space-data/blob/a5cf03bbe4807361a74c427a46ad329065f75e30/issue2569_theory/analysis_tensors/der/judge_cache/167d2298a2d46942.json,https://huggingface.co/datasets/superkaiba1/explore-persona-space-data/resolve/a5cf03bbe4807361a74c427a46ad329065f75e30/issue2569_theory/analysis_tensors/der/judge_cache/167d2298a2d46942.json
issue2569_theory,issue2569_theory/analysis_tensors/der/judge_cache/1697ada86aab16fe.json,90,a5cf03bbe4807361a74c427a46ad329065f75e30,551490f23b969c5c7980d5e5b28f5305887b39ee,,https://huggingface.co/datasets/superkaiba1/explore-persona-space-data/blob/a5cf03bbe4807361a74c427a46ad329065f75e30/issue2569_theory/analysis_tensors/der/judge_cache/1697ada86aab16fe.json,https://huggingface.co/datasets/superkaiba1/explore-persona-space-data/resolve/a5cf03bbe4807361a74c427a46ad329065f75e30/issue2569_theory/analysis_tensors/der/judge_cache/1697ada86aab16fe.json
issue2569_theory,issue2569_theory/analysis_tensors/der/judge_cache/16a5c8b113c4b341.json,90,a5cf03bbe4807361a74c427a46ad329065f75e30,c2ad50567ce32e6cee0d5c6b3e4cc195da7957c0,,https://huggingface.co/datasets/superkaiba1/explore-persona-space-data/blob/a5cf03bbe4807361a74c427a46ad329065f75e30/issue2569_theory/analysis_tensors/der/judge_cache/16a5c8b113c4b341.json,https://huggingface.co/datasets/superkaiba1/explore-persona-space-data/resolve/a5cf03bbe4807361a74c427a46ad329065f75e30/issue2569_theory/analysis_tensors/der/judge_cache/16a5c8b113c4b341.json
issue2569_theory,issue2569_theory/analysis_tensors/der/judge_cache/16de21a927b55055.json,90,a5cf03bbe4807361a74c427a46ad329065f75e30,27e8c0a33432c6bb37a43f94314657c722033d54,,https://huggingface.co/datasets/superkaiba1/explore-persona-space-data/blob/a5cf03bbe4807361a74c427a46ad329065f75e30/issue2569_theory/analysis_tensors/der/judge_cache/16de21a927b55055.json,https://huggingface.co/datasets/superkaiba1/explore-persona-space-data/resolve/a5cf03bbe4807361a74c427a46ad329065f75e30/issue2569_theory/analysis_tensors/der/judge_cache/16de21a927b55055.json
issue2569_theory,issue2569_theory/analysis_tensors/der/judge_cache/175bc23cc0173867.json,90,a5cf03bbe4807361a74c427a46ad329065f75e30,20439a5b729eed123b59efaa456ee21a769f48bb,,https://huggingface.co/datasets/superkaiba1/explore-persona-space-data/blob/a5cf03bbe4807361a74c427a46ad329065f75e30/issue2569_theory/analysis_tensors/der/judge_cache/175bc23cc0173867.json,https://huggingface.co/datasets/superkaiba1/explore-persona-space-data/resolve/a5cf03bbe4807361a74c427a46ad329065f75e30/issue2569_theory/analysis_tensors/der/judge_cache/175bc23cc0173867.json
issue2569_theory,issue2569_theory/analysis_tensors/der/judge_cache/178292d9438a03ee.json,90,a5cf03bbe4807361a74c427a46ad329065f75e30,27e8c0a33432c6bb37a43f94314657c722033d54,,https://huggingface.co/datasets/superkaiba1/explore-persona-space-data/blob/a5cf03bbe4807361a74c427a46ad329065f75e30/issue2569_theory/analysis_tensors/der/judge_cache/178292d9438a03ee.json,https://huggingface.co/datasets/superkaiba1/explore-persona-space-data/resolve/a5cf03bbe4807361a74c427a46ad329065f75e30/issue2569_theory/analysis_tensors/der/judge_cache/178292d9438a03ee.json
issue2569_theory,issue2569_theory/analysis_tensors/der/judge_cache/1816c6e6d0d18278.json,90,a5cf03bbe4807361a74c427a46ad329065f75e30,dbb8a1fc6f6ce575a95cdcf9c7dabb63937e2f06,,https://huggingface.co/datasets/superkaiba1/explore-persona-space-data/blob/a5cf03bbe4807361a74c427a46ad329065f75e30/issue2569_theory/analysis_tensors/der/judge_cache/1816c6e6d0d18278.json,https://huggingface.co/datasets/superkaiba1/explore-persona-space-data/resolve/a5cf03bbe4807361a74c427a46ad329065f75e30/issue2569_theory/analysis_tensors/der/judge_cache/1816c6e6d0d18278.json
issue2569_theory,issue2569_theory/analysis_tensors/der/judge_cache/189004af336583f9.json,90,a5cf03bbe4807361a74c427a46ad329065f75e30,2fbfcab5331849288557f0a6d4264019545b0b77,,https://huggingface.co/datasets/superkaiba1/explore-persona-space-data/blob/a5cf03bbe4807361a74c427a46ad329065f75e30/issue2569_theory/analysis_tensors/der/judge_cache/189004af336583f9.json,https://huggingface.co/datasets/superkaiba1/explore-persona-space-data/resolve/a5cf03bbe4807361a74c427a46ad329065f75e30/issue2569_theory/analysis_tensors/der/judge_cache/189004af336583f9.json
issue2569_theory,issue2569_theory/analysis_tensors/der/judge_cache/18a79d044f7dfb2d.json,90,a5cf03bbe4807361a74c427a46ad329065f75e30,91a3195e7beed9fe85eaec7521d3459fa0b66748,,https://huggingface.co/datasets/superkaiba1/explore-persona-space-data/blob/a5cf03bbe4807361a74c427a46ad329065f75e30/issue2569_theory/analysis_tensors/der/judge_cache/18a79d044f7dfb2d.json,https://huggingface.co/datasets/superkaiba1/explore-persona-space-data/resolve/a5cf03bbe4807361a74c427a46ad329065f75e30/issue2569_theory/analysis_tensors/der/judge_cache/18a79d044f7dfb2d.json
issue2569_theory,issue2569_theory/analysis_tensors/der/judge_cache/193e3602a6aa0d00.json,90,a5cf03bbe4807361a74c427a46ad329065f75e30,2fbfcab5331849288557f0a6d4264019545b0b77,,https://huggingface.co/datasets/superkaiba1/explore-persona-space-data/blob/a5cf03bbe4807361a74c427a46ad329065f75e30/issue2569_theory/analysis_tensors/der/judge_cache/193e3602a6aa0d00.json,https://huggingface.co/datasets/superkaiba1/explore-persona-space-data/resolve/a5cf03bbe4807361a74c427a46ad329065f75e30/issue2569_theory/analysis_tensors/der/judge_cache/193e3602a6aa0d00.json
issue2569_theory,issue2569_theory/analysis_tensors/der/judge_cache/19954a4c8e1f07fe.json,90,a5cf03bbe4807361a74c427a46ad329065f75e30,55e4015bd5fe754bad0adb87f8a5064a80745bbc,,https://huggingface.co/datasets/superkaiba1/explore-persona-space-data/blob/a5cf03bbe4807361a74c427a46ad329065f75e30/issue2569_theory/analysis_tensors/der/judge_cache/19954a4c8e1f07fe.json,https://huggingface.co/datasets/superkaiba1/explore-persona-space-data/resolve/a5cf03bbe4807361a74c427a46ad329065f75e30/issue2569_theory/analysis_tensors/der/judge_cache/19954a4c8e1f07fe.json
issue2569_theory,issue2569_theory/analysis_tensors/der/judge_cache/1b3bec33f5dcc87b.json,90,a5cf03bbe4807361a74c427a46ad329065f75e30,691478468cec3eccf2fa58b4cc3be87faac0ee5e,,https://huggingface.co/datasets/superkaiba1/explore-persona-space-data/blob/a5cf03bbe4807361a74c427a46ad329065f75e30/issue2569_theory/analysis_tensors/der/judge_cache/1b3bec33f5dcc87b.json,https://huggingface.co/datasets/superkaiba1/explore-persona-space-data/resolve/a5cf03bbe4807361a74c427a46ad329065f75e30/issue2569_theory/analysis_tensors/der/judge_cache/1b3bec33f5dcc87b.json
issue2569_theory,issue2569_theory/analysis_tensors/der/judge_cache/1bcf1a85b7d9971a.json,90,a5cf03bbe4807361a74c427a46ad329065f75e30,c2ad50567ce32e6cee0d5c6b3e4cc195da7957c0,,https://huggingface.co/datasets/superkaiba1/explore-persona-space-data/blob/a5cf03bbe4807361a74c427a46ad329065f75e30/issue2569_theory/analysis_tensors/der/judge_cache/1bcf1a85b7d9971a.json,https://huggingface.co/datasets/superkaiba1/explore-persona-space-data/resolve/a5cf03bbe4807361a74c427a46ad329065f75e30/issue2569_theory/analysis_tensors/der/judge_cache/1bcf1a85b7d9971a.json
issue2569_theory,issue2569_theory/analysis_tensors/der/judge_cache/1c4dcf4a425d8d2e.json,90,a5cf03bbe4807361a74c427a46ad329065f75e30,551490f23b969c5c7980d5e5b28f5305887b39ee,,https://huggingface.co/datasets/superkaiba1/explore-persona-space-data/blob/a5cf03bbe4807361a74c427a46ad329065f75e30/issue2569_theory/analysis_tensors/der/judge_cache/1c4dcf4a425d8d2e.json,https://huggingface.co/datasets/superkaiba1/explore-persona-space-data/resolve/a5cf03bbe4807361a74c427a46ad329065f75e30/issue2569_theory/analysis_tensors/der/judge_cache/1c4dcf4a425d8d2e.json
issue2569_theory,issue2569_theory/analysis_tensors/der/judge_cache/1c8b01d962d2f0cf.json,90,a5cf03bbe4807361a74c427a46ad329065f75e30,c2ad50567ce32e6cee0d5c6b3e4cc195da7957c0,,https://huggingface.co/datasets/superkaiba1/explore-persona-space-data/blob/a5cf03bbe4807361a74c427a46ad329065f75e30/issue2569_theory/analysis_tensors/der/judge_cache/1c8b01d962d2f0cf.json,https://huggingface.co/datasets/superkaiba1/explore-persona-space-data/resolve/a5cf03bbe4807361a74c427a46ad329065f75e30/issue2569_theory/analysis_tensors/der/judge_cache/1c8b01d962d2f0cf.json
issue2569_theory,issue2569_theory/analysis_tensors/der/judge_cache/1cb7a68ab6eb6764.json,90,a5cf03bbe4807361a74c427a46ad329065f75e30,55e4015bd5fe754bad0adb87f8a5064a80745bbc,,https://huggingface.co/datasets/superkaiba1/explore-persona-space-data/blob/a5cf03bbe4807361a74c427a46ad329065f75e30/issue2569_theory/analysis_tensors/der/judge_cache/1cb7a68ab6eb6764.json,https://huggingface.co/datasets/superkaiba1/explore-persona-space-data/resolve/a5cf03bbe4807361a74c427a46ad329065f75e30/issue2569_theory/analysis_tensors/der/judge_cache/1cb7a68ab6eb6764.json
issue2569_theory,issue2569_theory/analysis_tensors/der/judge_cache/1cb88dac7caf9882.json,90,a5cf03bbe4807361a74c427a46ad329065f75e30,c2ad50567ce32e6cee0d5c6b3e4cc195da7957c0,,https://huggingface.co/datasets/superkaiba1/explore-persona-space-data/blob/a5cf03bbe4807361a74c427a46ad329065f75e30/issue2569_theory/analysis_tensors/der/judge_cache/1cb88dac7caf9882.json,https://huggingface.co/datasets/superkaiba1/explore-persona-space-data/resolve/a5cf03bbe4807361a74c427a46ad329065f75e30/issue2569_theory/analysis_tensors/der/judge_cache/1cb88dac7caf9882.json
issue2569_theory,issue2569_theory/analysis_tensors/der/judge_cache/1ce80fbc48b232f2.json,90,a5cf03bbe4807361a74c427a46ad329065f75e30,c2ad50567ce32e6cee0d5c6b3e4cc195da7957c0,,https://huggingface.co/datasets/superkaiba1/explore-persona-space-data/blob/a5cf03bbe4807361a74c427a46ad329065f75e30/issue2569_theory/analysis_tensors/der/judge_cache/1ce80fbc48b232f2.json,https://huggingface.co/datasets/superkaiba1/explore-persona-space-data/resolve/a5cf03bbe4807361a74c427a46ad329065f75e30/issue2569_theory/analysis_tensors/der/judge_cache/1ce80fbc48b232f2.json
issue2569_theory,issue2569_theory/analysis_tensors/der/judge_cache/1d86c0d4e2880167.json,90,a5cf03bbe4807361a74c427a46ad329065f75e30,dbb8a1fc6f6ce575a95cdcf9c7dabb63937e2f06,,https://huggingface.co/datasets/superkaiba1/explore-persona-space-data/blob/a5cf03bbe4807361a74c427a46ad329065f75e30/issue2569_theory/analysis_tensors/der/judge_cache/1d86c0d4e2880167.json,https://huggingface.co/datasets/superkaiba1/explore-persona-space-data/resolve/a5cf03bbe4807361a74c427a46ad329065f75e30/issue2569_theory/analysis_tensors/der/judge_cache/1d86c0d4e2880167.json
issue2569_theory,issue2569_theory/analysis_tensors/der/judge_cache/1de3a92bcf7eb35e.json,90,a5cf03bbe4807361a74c427a46ad329065f75e30,691478468cec3eccf2fa58b4cc3be87faac0ee5e,,https://huggingface.co/datasets/superkaiba1/explore-persona-space-data/blob/a5cf03bbe4807361a74c427a46ad329065f75e30/issue2569_theory/analysis_tensors/der/judge_cache/1de3a92bcf7eb35e.json,https://huggingface.co/datasets/superkaiba1/explore-persona-space-data/resolve/a5cf03bbe4807361a74c427a46ad329065f75e30/issue2569_theory/analysis_tensors/der/judge_cache/1de3a92bcf7eb35e.json
issue2569_theory,issue2569_theory/analysis_tensors/der/judge_cache/1def52858bb6799b.json,90,a5cf03bbe4807361a74c427a46ad329065f75e30,91a3195e7beed9fe85eaec7521d3459fa0b66748,,https://huggingface.co/datasets/superkaiba1/explore-persona-space-data/blob/a5cf03bbe4807361a74c427a46ad329065f75e30/issue2569_theory/analysis_tensors/der/judge_cache/1def52858bb6799b.json,https://huggingface.co/datasets/superkaiba1/explore-persona-space-data/resolve/a5cf03bbe4807361a74c427a46ad329065f75e30/issue2569_theory/analysis_tensors/der/judge_cache/1def52858bb6799b.json
issue2569_theory,issue2569_theory/analysis_tensors/der/judge_cache/1e276070ac15a514.json,90,a5cf03bbe4807361a74c427a46ad329065f75e30,55e4015bd5fe754bad0adb87f8a5064a80745bbc,,https://huggingface.co/datasets/superkaiba1/explore-persona-space-data/blob/a5cf03bbe4807361a74c427a46ad329065f75e30/issue2569_theory/analysis_tensors/der/judge_cache/1e276070ac15a514.json,https://huggingface.co/datasets/superkaiba1/explore-persona-space-data/resolve/a5cf03bbe4807361a74c427a46ad329065f75e30/issue2569_theory/analysis_tensors/der/judge_cache/1e276070ac15a514.json
issue2569_theory,issue2569_theory/analysis_tensors/der/judge_cache/1e39011acbaebba0.json,90,a5cf03bbe4807361a74c427a46ad329065f75e30,55e4015bd5fe754bad0adb87f8a5064a80745bbc,,https://huggingface.co/datasets/superkaiba1/explore-persona-space-data/blob/a5cf03bbe4807361a74c427a46ad329065f75e30/issue2569_theory/analysis_tensors/der/judge_cache/1e39011acbaebba0.json,https://huggingface.co/datasets/superkaiba1/explore-persona-space-data/resolve/a5cf03bbe4807361a74c427a46ad329065f75e30/issue2569_theory/analysis_tensors/der/judge_cache/1e39011acbaebba0.json
issue2569_theory,issue2569_theory/analysis_tensors/der/judge_cache/1fa51e581237eadd.json,90,a5cf03bbe4807361a74c427a46ad329065f75e30,91a3195e7beed9fe85eaec7521d3459fa0b66748,,https://huggingface.co/datasets/superkaiba1/explore-persona-space-data/blob/a5cf03bbe4807361a74c427a46ad329065f75e30/issue2569_theory/analysis_tensors/der/judge_cache/1fa51e581237eadd.json,https://huggingface.co/datasets/superkaiba1/explore-persona-space-data/resolve/a5cf03bbe4807361a74c427a46ad329065f75e30/issue2569_theory/analysis_tensors/der/judge_cache/1fa51e581237eadd.json
issue2569_theory,issue2569_theory/analysis_tensors/der/judge_cache/2038a9ea115b6cff.json,90,a5cf03bbe4807361a74c427a46ad329065f75e30,691478468cec3eccf2fa58b4cc3be87faac0ee5e,,https://huggingface.co/datasets/superkaiba1/explore-persona-space-data/blob/a5cf03bbe4807361a74c427a46ad329065f75e30/issue2569_theory/analysis_tensors/der/judge_cache/2038a9ea115b6cff.json,https://huggingface.co/datasets/superkaiba1/explore-persona-space-data/resolve/a5cf03bbe4807361a74c427a46ad329065f75e30/issue2569_theory/analysis_tensors/der/judge_cache/2038a9ea115b6cff.json
issue2569_theory,issue2569_theory/analysis_tensors/der/judge_cache/2053406c89097fc1.json,90,a5cf03bbe4807361a74c427a46ad329065f75e30,2fbfcab5331849288557f0a6d4264019545b0b77,,https://huggingface.co/datasets/superkaiba1/explore-persona-space-data/blob/a5cf03bbe4807361a74c427a46ad329065f75e30/issue2569_theory/analysis_tensors/der/judge_cache/2053406c89097fc1.json,https://huggingface.co/datasets/superkaiba1/explore-persona-space-data/resolve/a5cf03bbe4807361a74c427a46ad329065f75e30/issue2569_theory/analysis_tensors/der/judge_cache/2053406c89097fc1.json
issue2569_theory,issue2569_theory/analysis_tensors/der/judge_cache/213c4cc90e57f915.json,90,a5cf03bbe4807361a74c427a46ad329065f75e30,27e8c0a33432c6bb37a43f94314657c722033d54,,https://huggingface.co/datasets/superkaiba1/explore-persona-space-data/blob/a5cf03bbe4807361a74c427a46ad329065f75e30/issue2569_theory/analysis_tensors/der/judge_cache/213c4cc90e57f915.json,https://huggingface.co/datasets/superkaiba1/explore-persona-space-data/resolve/a5cf03bbe4807361a74c427a46ad329065f75e30/issue2569_theory/analysis_tensors/der/judge_cache/213c4cc90e57f915.json
issue2569_theory,issue2569_theory/analysis_tensors/der/judge_cache/21a5cbaf8bdda37a.json,90,a5cf03bbe4807361a74c427a46ad329065f75e30,8b47781f3e204a598867d4331c17496998a5868a,,https://huggingface.co/datasets/superkaiba1/explore-persona-space-data/blob/a5cf03bbe4807361a74c427a46ad329065f75e30/issue2569_theory/analysis_tensors/der/judge_cache/21a5cbaf8bdda37a.json,https://huggingface.co/datasets/superkaiba1/explore-persona-space-data/resolve/a5cf03bbe4807361a74c427a46ad329065f75e30/issue2569_theory/analysis_tensors/der/judge_cache/21a5cbaf8bdda37a.json
issue2569_theory,issue2569_theory/analysis_tensors/der/judge_cache/222b43a234254f7f.json,90,a5cf03bbe4807361a74c427a46ad329065f75e30,27e8c0a33432c6bb37a43f94314657c722033d54,,https://huggingface.co/datasets/superkaiba1/explore-persona-space-data/blob/a5cf03bbe4807361a74c427a46ad329065f75e30/issue2569_theory/analysis_tensors/der/judge_cache/222b43a234254f7f.json,https://huggingface.co/datasets/superkaiba1/explore-persona-space-data/resolve/a5cf03bbe4807361a74c427a46ad329065f75e30/issue2569_theory/analysis_tensors/der/judge_cache/222b43a234254f7f.json
issue2569_theory,issue2569_theory/analysis_tensors/der/judge_cache/223998ee2dfe7c25.json,90,a5cf03bbe4807361a74c427a46ad329065f75e30,91a3195e7beed9fe85eaec7521d3459fa0b66748,,https://huggingface.co/datasets/superkaiba1/explore-persona-space-data/blob/a5cf03bbe4807361a74c427a46ad329065f75e30/issue2569_theory/analysis_tensors/der/judge_cache/223998ee2dfe7c25.json,https://huggingface.co/datasets/superkaiba1/explore-persona-space-data/resolve/a5cf03bbe4807361a74c427a46ad329065f75e30/issue2569_theory/analysis_tensors/der/judge_cache/223998ee2dfe7c25.json
issue2569_theory,issue2569_theory/analysis_tensors/der/judge_cache/227287ed888e463f.json,90,a5cf03bbe4807361a74c427a46ad329065f75e30,c2ad50567ce32e6cee0d5c6b3e4cc195da7957c0,,https://huggingface.co/datasets/superkaiba1/explore-persona-space-data/blob/a5cf03bbe4807361a74c427a46ad329065f75e30/issue2569_theory/analysis_tensors/der/judge_cache/227287ed888e463f.json,https://huggingface.co/datasets/superkaiba1/explore-persona-space-data/resolve/a5cf03bbe4807361a74c427a46ad329065f75e30/issue2569_theory/analysis_tensors/der/judge_cache/227287ed888e463f.json
issue2569_theory,issue2569_theory/analysis_tensors/der/judge_cache/22da797f90c502aa.json,90,a5cf03bbe4807361a74c427a46ad329065f75e30,551490f23b969c5c7980d5e5b28f5305887b39ee,,https://huggingface.co/datasets/superkaiba1/explore-persona-space-data/blob/a5cf03bbe4807361a74c427a46ad329065f75e30/issue2569_theory/analysis_tensors/der/judge_cache/22da797f90c502aa.json,https://huggingface.co/datasets/superkaiba1/explore-persona-space-data/resolve/a5cf03bbe4807361a74c427a46ad329065f75e30/issue2569_theory/analysis_tensors/der/judge_cache/22da797f90c502aa.json
issue2569_theory,issue2569_theory/analysis_tensors/der/judge_cache/23b69555acf99cd5.json,90,a5cf03bbe4807361a74c427a46ad329065f75e30,20439a5b729eed123b59efaa456ee21a769f48bb,,https://huggingface.co/datasets/superkaiba1/explore-persona-space-data/blob/a5cf03bbe4807361a74c427a46ad329065f75e30/issue2569_theory/analysis_tensors/der/judge_cache/23b69555acf99cd5.json,https://huggingface.co/datasets/superkaiba1/explore-persona-space-data/resolve/a5cf03bbe4807361a74c427a46ad329065f75e30/issue2569_theory/analysis_tensors/der/judge_cache/23b69555acf99cd5.json
issue2569_theory,issue2569_theory/analysis_tensors/der/judge_cache/23f359d517e7a8a6.json,90,a5cf03bbe4807361a74c427a46ad329065f75e30,c2ad50567ce32e6cee0d5c6b3e4cc195da7957c0,,https://huggingface.co/datasets/superkaiba1/explore-persona-space-data/blob/a5cf03bbe4807361a74c427a46ad329065f75e30/issue2569_theory/analysis_tensors/der/judge_cache/23f359d517e7a8a6.json,https://huggingface.co/datasets/superkaiba1/explore-persona-space-data/resolve/a5cf03bbe4807361a74c427a46ad329065f75e30/issue2569_theory/analysis_tensors/der/judge_cache/23f359d517e7a8a6.json
issue2569_theory,issue2569_theory/analysis_tensors/der/judge_cache/24166593ac9991cb.json,90,a5cf03bbe4807361a74c427a46ad329065f75e30,91a3195e7beed9fe85eaec7521d3459fa0b66748,,https://huggingface.co/datasets/superkaiba1/explore-persona-space-data/blob/a5cf03bbe4807361a74c427a46ad329065f75e30/issue2569_theory/analysis_tensors/der/judge_cache/24166593ac9991cb.json,https://huggingface.co/datasets/superkaiba1/explore-persona-space-data/resolve/a5cf03bbe4807361a74c427a46ad329065f75e30/issue2569_theory/analysis_tensors/der/judge_cache/24166593ac9991cb.json
issue2569_theory,issue2569_theory/analysis_tensors/der/judge_cache/246fb31f1abbdd7b.json,90,a5cf03bbe4807361a74c427a46ad329065f75e30,c2ad50567ce32e6cee0d5c6b3e4cc195da7957c0,,https://huggingface.co/datasets/superkaiba1/explore-persona-space-data/blob/a5cf03bbe4807361a74c427a46ad329065f75e30/issue2569_theory/analysis_tensors/der/judge_cache/246fb31f1abbdd7b.json,https://huggingface.co/datasets/superkaiba1/explore-persona-space-data/resolve/a5cf03bbe4807361a74c427a46ad329065f75e30/issue2569_theory/analysis_tensors/der/judge_cache/246fb31f1abbdd7b.json
issue2569_theory,issue2569_theory/analysis_tensors/der/judge_cache/26977c8e9d2419d1.json,90,a5cf03bbe4807361a74c427a46ad329065f75e30,dbb8a1fc6f6ce575a95cdcf9c7dabb63937e2f06,,https://huggingface.co/datasets/superkaiba1/explore-persona-space-data/blob/a5cf03bbe4807361a74c427a46ad329065f75e30/issue2569_theory/analysis_tensors/der/judge_cache/26977c8e9d2419d1.json,https://huggingface.co/datasets/superkaiba1/explore-persona-space-data/resolve/a5cf03bbe4807361a74c427a46ad329065f75e30/issue2569_theory/analysis_tensors/der/judge_cache/26977c8e9d2419d1.json
issue2569_theory,issue2569_theory/analysis_tensors/der/judge_cache/27a4629184d72d0b.json,90,a5cf03bbe4807361a74c427a46ad329065f75e30,55e4015bd5fe754bad0adb87f8a5064a80745bbc,,https://huggingface.co/datasets/superkaiba1/explore-persona-space-data/blob/a5cf03bbe4807361a74c427a46ad329065f75e30/issue2569_theory/analysis_tensors/der/judge_cache/27a4629184d72d0b.json,https://huggingface.co/datasets/superkaiba1/explore-persona-space-data/resolve/a5cf03bbe4807361a74c427a46ad329065f75e30/issue2569_theory/analysis_tensors/der/judge_cache/27a4629184d72d0b.json
issue2569_theory,issue2569_theory/analysis_tensors/der/judge_cache/2833faa8923c906d.json,90,a5cf03bbe4807361a74c427a46ad329065f75e30,55e4015bd5fe754bad0adb87f8a5064a80745bbc,,https://huggingface.co/datasets/superkaiba1/explore-persona-space-data/blob/a5cf03bbe4807361a74c427a46ad329065f75e30/issue2569_theory/analysis_tensors/der/judge_cache/2833faa8923c906d.json,https://huggingface.co/datasets/superkaiba1/explore-persona-space-data/resolve/a5cf03bbe4807361a74c427a46ad329065f75e30/issue2569_theory/analysis_tensors/der/judge_cache/2833faa8923c906d.json
issue2569_theory,issue2569_theory/analysis_tensors/der/judge_cache/2847dfe8192d0ea1.json,90,a5cf03bbe4807361a74c427a46ad329065f75e30,2fbfcab5331849288557f0a6d4264019545b0b77,,https://huggingface.co/datasets/superkaiba1/explore-persona-space-data/blob/a5cf03bbe4807361a74c427a46ad329065f75e30/issue2569_theory/analysis_tensors/der/judge_cache/2847dfe8192d0ea1.json,https://huggingface.co/datasets/superkaiba1/explore-persona-space-data/resolve/a5cf03bbe4807361a74c427a46ad329065f75e30/issue2569_theory/analysis_tensors/der/judge_cache/2847dfe8192d0ea1.json
issue2569_theory,issue2569_theory/analysis_tensors/der/judge_cache/2930369829093831.json,90,a5cf03bbe4807361a74c427a46ad329065f75e30,20439a5b729eed123b59efaa456ee21a769f48bb,,https://huggingface.co/datasets/superkaiba1/explore-persona-space-data/blob/a5cf03bbe4807361a74c427a46ad329065f75e30/issue2569_theory/analysis_tensors/der/judge_cache/2930369829093831.json,https://huggingface.co/datasets/superkaiba1/explore-persona-space-data/resolve/a5cf03bbe4807361a74c427a46ad329065f75e30/issue2569_theory/analysis_tensors/der/judge_cache/2930369829093831.json
issue2569_theory,issue2569_theory/analysis_tensors/der/judge_cache/29533135dfceefff.json,90,a5cf03bbe4807361a74c427a46ad329065f75e30,2fbfcab5331849288557f0a6d4264019545b0b77,,https://huggingface.co/datasets/superkaiba1/explore-persona-space-data/blob/a5cf03bbe4807361a74c427a46ad329065f75e30/issue2569_theory/analysis_tensors/der/judge_cache/29533135dfceefff.json,https://huggingface.co/datasets/superkaiba1/explore-persona-space-data/resolve/a5cf03bbe4807361a74c427a46ad329065f75e30/issue2569_theory/analysis_tensors/der/judge_cache/29533135dfceefff.json
issue2569_theory,issue2569_theory/analysis_tensors/der/judge_cache/2a37949971d2eac5.json,90,a5cf03bbe4807361a74c427a46ad329065f75e30,551490f23b969c5c7980d5e5b28f5305887b39ee,,https://huggingface.co/datasets/superkaiba1/explore-persona-space-data/blob/a5cf03bbe4807361a74c427a46ad329065f75e30/issue2569_theory/analysis_tensors/der/judge_cache/2a37949971d2eac5.json,https://huggingface.co/datasets/superkaiba1/explore-persona-space-data/resolve/a5cf03bbe4807361a74c427a46ad329065f75e30/issue2569_theory/analysis_tensors/der/judge_cache/2a37949971d2eac5.json
issue2569_theory,issue2569_theory/analysis_tensors/der/judge_cache/2ae20a5cf5c9f331.json,90,a5cf03bbe4807361a74c427a46ad329065f75e30,27e8c0a33432c6bb37a43f94314657c722033d54,,https://huggingface.co/datasets/superkaiba1/explore-persona-space-data/blob/a5cf03bbe4807361a74c427a46ad329065f75e30/issue2569_theory/analysis_tensors/der/judge_cache/2ae20a5cf5c9f331.json,https://huggingface.co/datasets/superkaiba1/explore-persona-space-data/resolve/a5cf03bbe4807361a74c427a46ad329065f75e30/issue2569_theory/analysis_tensors/der/judge_cache/2ae20a5cf5c9f331.json
issue2569_theory,issue2569_theory/analysis_tensors/der/judge_cache/2b08940eb646f9b2.json,90,a5cf03bbe4807361a74c427a46ad329065f75e30,c2ad50567ce32e6cee0d5c6b3e4cc195da7957c0,,https://huggingface.co/datasets/superkaiba1/explore-persona-space-data/blob/a5cf03bbe4807361a74c427a46ad329065f75e30/issue2569_theory/analysis_tensors/der/judge_cache/2b08940eb646f9b2.json,https://huggingface.co/datasets/superkaiba1/explore-persona-space-data/resolve/a5cf03bbe4807361a74c427a46ad329065f75e30/issue2569_theory/analysis_tensors/der/judge_cache/2b08940eb646f9b2.json
issue2569_theory,issue2569_theory/analysis_tensors/der/judge_cache/2b631160a8ec0619.json,90,a5cf03bbe4807361a74c427a46ad329065f75e30,c2ad50567ce32e6cee0d5c6b3e4cc195da7957c0,,https://huggingface.co/datasets/superkaiba1/explore-persona-space-data/blob/a5cf03bbe4807361a74c427a46ad329065f75e30/issue2569_theory/analysis_tensors/der/judge_cache/2b631160a8ec0619.json,https://huggingface.co/datasets/superkaiba1/explore-persona-space-data/resolve/a5cf03bbe4807361a74c427a46ad329065f75e30/issue2569_theory/analysis_tensors/der/judge_cache/2b631160a8ec0619.json
issue2569_theory,issue2569_theory/analysis_tensors/der/judge_cache/2b7335eee686f410.json,90,a5cf03bbe4807361a74c427a46ad329065f75e30,dbb8a1fc6f6ce575a95cdcf9c7dabb63937e2f06,,https://huggingface.co/datasets/superkaiba1/explore-persona-space-data/blob/a5cf03bbe4807361a74c427a46ad329065f75e30/issue2569_theory/analysis_tensors/der/judge_cache/2b7335eee686f410.json,https://huggingface.co/datasets/superkaiba1/explore-persona-space-data/resolve/a5cf03bbe4807361a74c427a46ad329065f75e30/issue2569_theory/analysis_tensors/der/judge_cache/2b7335eee686f410.json
issue2569_theory,issue2569_theory/analysis_tensors/der/judge_cache/2b94583f01e23471.json,90,a5cf03bbe4807361a74c427a46ad329065f75e30,c2ad50567ce32e6cee0d5c6b3e4cc195da7957c0,,https://huggingface.co/datasets/superkaiba1/explore-persona-space-data/blob/a5cf03bbe4807361a74c427a46ad329065f75e30/issue2569_theory/analysis_tensors/der/judge_cache/2b94583f01e23471.json,https://huggingface.co/datasets/superkaiba1/explore-persona-space-data/resolve/a5cf03bbe4807361a74c427a46ad329065f75e30/issue2569_theory/analysis_tensors/der/judge_cache/2b94583f01e23471.json
issue2569_theory,issue2569_theory/analysis_tensors/der/judge_cache/2c2a8ace6d3beb9f.json,90,a5cf03bbe4807361a74c427a46ad329065f75e30,691478468cec3eccf2fa58b4cc3be87faac0ee5e,,https://huggingface.co/datasets/superkaiba1/explore-persona-space-data/blob/a5cf03bbe4807361a74c427a46ad329065f75e30/issue2569_theory/analysis_tensors/der/judge_cache/2c2a8ace6d3beb9f.json,https://huggingface.co/datasets/superkaiba1/explore-persona-space-data/resolve/a5cf03bbe4807361a74c427a46ad329065f75e30/issue2569_theory/analysis_tensors/der/judge_cache/2c2a8ace6d3beb9f.json
issue2569_theory,issue2569_theory/analysis_tensors/der/judge_cache/2cc4b02cddd90029.json,90,a5cf03bbe4807361a74c427a46ad329065f75e30,8b47781f3e204a598867d4331c17496998a5868a,,https://huggingface.co/datasets/superkaiba1/explore-persona-space-data/blob/a5cf03bbe4807361a74c427a46ad329065f75e30/issue2569_theory/analysis_tensors/der/judge_cache/2cc4b02cddd90029.json,https://huggingface.co/datasets/superkaiba1/explore-persona-space-data/resolve/a5cf03bbe4807361a74c427a46ad329065f75e30/issue2569_theory/analysis_tensors/der/judge_cache/2cc4b02cddd90029.json
issue2569_theory,issue2569_theory/analysis_tensors/der/judge_cache/2e084b152d8f2950.json,90,a5cf03bbe4807361a74c427a46ad329065f75e30,91a3195e7beed9fe85eaec7521d3459fa0b66748,,https://huggingface.co/datasets/superkaiba1/explore-persona-space-data/blob/a5cf03bbe4807361a74c427a46ad329065f75e30/issue2569_theory/analysis_tensors/der/judge_cache/2e084b152d8f2950.json,https://huggingface.co/datasets/superkaiba1/explore-persona-space-data/resolve/a5cf03bbe4807361a74c427a46ad329065f75e30/issue2569_theory/analysis_tensors/der/judge_cache/2e084b152d8f2950.json
issue2569_theory,issue2569_theory/analysis_tensors/der/judge_cache/2e1984f7368460a5.json,90,a5cf03bbe4807361a74c427a46ad329065f75e30,dbb8a1fc6f6ce575a95cdcf9c7dabb63937e2f06,,https://huggingface.co/datasets/superkaiba1/explore-persona-space-data/blob/a5cf03bbe4807361a74c427a46ad329065f75e30/issue2569_theory/analysis_tensors/der/judge_cache/2e1984f7368460a5.json,https://huggingface.co/datasets/superkaiba1/explore-persona-space-data/resolve/a5cf03bbe4807361a74c427a46ad329065f75e30/issue2569_theory/analysis_tensors/der/judge_cache/2e1984f7368460a5.json
issue2569_theory,issue2569_theory/analysis_tensors/der/judge_cache/2e8c64e96cdc120c.json,90,a5cf03bbe4807361a74c427a46ad329065f75e30,20439a5b729eed123b59efaa456ee21a769f48bb,,https://huggingface.co/datasets/superkaiba1/explore-persona-space-data/blob/a5cf03bbe4807361a74c427a46ad329065f75e30/issue2569_theory/analysis_tensors/der/judge_cache/2e8c64e96cdc120c.json,https://huggingface.co/datasets/superkaiba1/explore-persona-space-data/resolve/a5cf03bbe4807361a74c427a46ad329065f75e30/issue2569_theory/analysis_tensors/der/judge_cache/2e8c64e96cdc120c.json
issue2569_theory,issue2569_theory/analysis_tensors/der/judge_cache/2f2daf1deba05499.json,90,a5cf03bbe4807361a74c427a46ad329065f75e30,8b47781f3e204a598867d4331c17496998a5868a,,https://huggingface.co/datasets/superkaiba1/explore-persona-space-data/blob/a5cf03bbe4807361a74c427a46ad329065f75e30/issue2569_theory/analysis_tensors/der/judge_cache/2f2daf1deba05499.json,https://huggingface.co/datasets/superkaiba1/explore-persona-space-data/resolve/a5cf03bbe4807361a74c427a46ad329065f75e30/issue2569_theory/analysis_tensors/der/judge_cache/2f2daf1deba05499.json
issue2569_theory,issue2569_theory/analysis_tensors/der/judge_cache/2fe4fcb8de51cc9c.json,90,a5cf03bbe4807361a74c427a46ad329065f75e30,551490f23b969c5c7980d5e5b28f5305887b39ee,,https://huggingface.co/datasets/superkaiba1/explore-persona-space-data/blob/a5cf03bbe4807361a74c427a46ad329065f75e30/issue2569_theory/analysis_tensors/der/judge_cache/2fe4fcb8de51cc9c.json,https://huggingface.co/datasets/superkaiba1/explore-persona-space-data/resolve/a5cf03bbe4807361a74c427a46ad329065f75e30/issue2569_theory/analysis_tensors/der/judge_cache/2fe4fcb8de51cc9c.json
issue2569_theory,issue2569_theory/analysis_tensors/der/judge_cache/301499c82689c9c2.json,90,a5cf03bbe4807361a74c427a46ad329065f75e30,691478468cec3eccf2fa58b4cc3be87faac0ee5e,,https://huggingface.co/datasets/superkaiba1/explore-persona-space-data/blob/a5cf03bbe4807361a74c427a46ad329065f75e30/issue2569_theory/analysis_tensors/der/judge_cache/301499c82689c9c2.json,https://huggingface.co/datasets/superkaiba1/explore-persona-space-data/resolve/a5cf03bbe4807361a74c427a46ad329065f75e30/issue2569_theory/analysis_tensors/der/judge_cache/301499c82689c9c2.json
issue2569_theory,issue2569_theory/analysis_tensors/der/judge_cache/32b64c488db1382e.json,90,a5cf03bbe4807361a74c427a46ad329065f75e30,8b47781f3e204a598867d4331c17496998a5868a,,https://huggingface.co/datasets/superkaiba1/explore-persona-space-data/blob/a5cf03bbe4807361a74c427a46ad329065f75e30/issue2569_theory/analysis_tensors/der/judge_cache/32b64c488db1382e.json,https://huggingface.co/datasets/superkaiba1/explore-persona-space-data/resolve/a5cf03bbe4807361a74c427a46ad329065f75e30/issue2569_theory/analysis_tensors/der/judge_cache/32b64c488db1382e.json
issue2569_theory,issue2569_theory/analysis_tensors/der/judge_cache/33075dd77d577819.json,90,a5cf03bbe4807361a74c427a46ad329065f75e30,551490f23b969c5c7980d5e5b28f5305887b39ee,,https://huggingface.co/datasets/superkaiba1/explore-persona-space-data/blob/a5cf03bbe4807361a74c427a46ad329065f75e30/issue2569_theory/analysis_tensors/der/judge_cache/33075dd77d577819.json,https://huggingface.co/datasets/superkaiba1/explore-persona-space-data/resolve/a5cf03bbe4807361a74c427a46ad329065f75e30/issue2569_theory/analysis_tensors/der/judge_cache/33075dd77d577819.json
issue2569_theory,issue2569_theory/analysis_tensors/der/judge_cache/349620c867ec050e.json,90,a5cf03bbe4807361a74c427a46ad329065f75e30,91a3195e7beed9fe85eaec7521d3459fa0b66748,,https://huggingface.co/datasets/superkaiba1/explore-persona-space-data/blob/a5cf03bbe4807361a74c427a46ad329065f75e30/issue2569_theory/analysis_tensors/der/judge_cache/349620c867ec050e.json,https://huggingface.co/datasets/superkaiba1/explore-persona-space-data/resolve/a5cf03bbe4807361a74c427a46ad329065f75e30/issue2569_theory/analysis_tensors/der/judge_cache/349620c867ec050e.json
issue2569_theory,issue2569_theory/analysis_tensors/der/judge_cache/34a615882867aaaa.json,90,a5cf03bbe4807361a74c427a46ad329065f75e30,691478468cec3eccf2fa58b4cc3be87faac0ee5e,,https://huggingface.co/datasets/superkaiba1/explore-persona-space-data/blob/a5cf03bbe4807361a74c427a46ad329065f75e30/issue2569_theory/analysis_tensors/der/judge_cache/34a615882867aaaa.json,https://huggingface.co/datasets/superkaiba1/explore-persona-space-data/resolve/a5cf03bbe4807361a74c427a46ad329065f75e30/issue2569_theory/analysis_tensors/der/judge_cache/34a615882867aaaa.json
issue2569_theory,issue2569_theory/analysis_tensors/der/judge_cache/34b47e02f06a9a27.json,90,a5cf03bbe4807361a74c427a46ad329065f75e30,27e8c0a33432c6bb37a43f94314657c722033d54,,https://huggingface.co/datasets/superkaiba1/explore-persona-space-data/blob/a5cf03bbe4807361a74c427a46ad329065f75e30/issue2569_theory/analysis_tensors/der/judge_cache/34b47e02f06a9a27.json,https://huggingface.co/datasets/superkaiba1/explore-persona-space-data/resolve/a5cf03bbe4807361a74c427a46ad329065f75e30/issue2569_theory/analysis_tensors/der/judge_cache/34b47e02f06a9a27.json
issue2569_theory,issue2569_theory/analysis_tensors/der/judge_cache/36009f94493b1aff.json,90,a5cf03bbe4807361a74c427a46ad329065f75e30,c2ad50567ce32e6cee0d5c6b3e4cc195da7957c0,,https://huggingface.co/datasets/superkaiba1/explore-persona-space-data/blob/a5cf03bbe4807361a74c427a46ad329065f75e30/issue2569_theory/analysis_tensors/der/judge_cache/36009f94493b1aff.json,https://huggingface.co/datasets/superkaiba1/explore-persona-space-data/resolve/a5cf03bbe4807361a74c427a46ad329065f75e30/issue2569_theory/analysis_tensors/der/judge_cache/36009f94493b1aff.json
issue2569_theory,issue2569_theory/analysis_tensors/der/judge_cache/36f2ce512a83c8ed.json,90,a5cf03bbe4807361a74c427a46ad329065f75e30,551490f23b969c5c7980d5e5b28f5305887b39ee,,https://huggingface.co/datasets/superkaiba1/explore-persona-space-data/blob/a5cf03bbe4807361a74c427a46ad329065f75e30/issue2569_theory/analysis_tensors/der/judge_cache/36f2ce512a83c8ed.json,https://huggingface.co/datasets/superkaiba1/explore-persona-space-data/resolve/a5cf03bbe4807361a74c427a46ad329065f75e30/issue2569_theory/analysis_tensors/der/judge_cache/36f2ce512a83c8ed.json
issue2569_theory,issue2569_theory/analysis_tensors/der/judge_cache/375cd421cba207c3.json,90,a5cf03bbe4807361a74c427a46ad329065f75e30,dbb8a1fc6f6ce575a95cdcf9c7dabb63937e2f06,,https://huggingface.co/datasets/superkaiba1/explore-persona-space-data/blob/a5cf03bbe4807361a74c427a46ad329065f75e30/issue2569_theory/analysis_tensors/der/judge_cache/375cd421cba207c3.json,https://huggingface.co/datasets/superkaiba1/explore-persona-space-data/resolve/a5cf03bbe4807361a74c427a46ad329065f75e30/issue2569_theory/analysis_tensors/der/judge_cache/375cd421cba207c3.json
issue2569_theory,issue2569_theory/analysis_tensors/der/judge_cache/37f5d3c8ddfa94eb.json,90,a5cf03bbe4807361a74c427a46ad329065f75e30,dbb8a1fc6f6ce575a95cdcf9c7dabb63937e2f06,,https://huggingface.co/datasets/superkaiba1/explore-persona-space-data/blob/a5cf03bbe4807361a74c427a46ad329065f75e30/issue2569_theory/analysis_tensors/der/judge_cache/37f5d3c8ddfa94eb.json,https://huggingface.co/datasets/superkaiba1/explore-persona-space-data/resolve/a5cf03bbe4807361a74c427a46ad329065f75e30/issue2569_theory/analysis_tensors/der/judge_cache/37f5d3c8ddfa94eb.json
issue2569_theory,issue2569_theory/analysis_tensors/der/judge_cache/393f8064f272bcc1.json,90,a5cf03bbe4807361a74c427a46ad329065f75e30,dbb8a1fc6f6ce575a95cdcf9c7dabb63937e2f06,,https://huggingface.co/datasets/superkaiba1/explore-persona-space-data/blob/a5cf03bbe4807361a74c427a46ad329065f75e30/issue2569_theory/analysis_tensors/der/judge_cache/393f8064f272bcc1.json,https://huggingface.co/datasets/superkaiba1/explore-persona-space-data/resolve/a5cf03bbe4807361a74c427a46ad329065f75e30/issue2569_theory/analysis_tensors/der/judge_cache/393f8064f272bcc1.json
issue2569_theory,issue2569_theory/analysis_tensors/der/judge_cache/397e15d265ae9e04.json,90,a5cf03bbe4807361a74c427a46ad329065f75e30,55e4015bd5fe754bad0adb87f8a5064a80745bbc,,https://huggingface.co/datasets/superkaiba1/explore-persona-space-data/blob/a5cf03bbe4807361a74c427a46ad329065f75e30/issue2569_theory/analysis_tensors/der/judge_cache/397e15d265ae9e04.json,https://huggingface.co/datasets/superkaiba1/explore-persona-space-data/resolve/a5cf03bbe4807361a74c427a46ad329065f75e30/issue2569_theory/analysis_tensors/der/judge_cache/397e15d265ae9e04.json
issue2569_theory,issue2569_theory/analysis_tensors/der/judge_cache/39cd88c2b5c2d2d2.json,90,a5cf03bbe4807361a74c427a46ad329065f75e30,551490f23b969c5c7980d5e5b28f5305887b39ee,,https://huggingface.co/datasets/superkaiba1/explore-persona-space-data/blob/a5cf03bbe4807361a74c427a46ad329065f75e30/issue2569_theory/analysis_tensors/der/judge_cache/39cd88c2b5c2d2d2.json,https://huggingface.co/datasets/superkaiba1/explore-persona-space-data/resolve/a5cf03bbe4807361a74c427a46ad329065f75e30/issue2569_theory/analysis_tensors/der/judge_cache/39cd88c2b5c2d2d2.json
issue2569_theory,issue2569_theory/analysis_tensors/der/judge_cache/3a23aefecf9b0801.json,90,a5cf03bbe4807361a74c427a46ad329065f75e30,20439a5b729eed123b59efaa456ee21a769f48bb,,https://huggingface.co/datasets/superkaiba1/explore-persona-space-data/blob/a5cf03bbe4807361a74c427a46ad329065f75e30/issue2569_theory/analysis_tensors/der/judge_cache/3a23aefecf9b0801.json,https://huggingface.co/datasets/superkaiba1/explore-persona-space-data/resolve/a5cf03bbe4807361a74c427a46ad329065f75e30/issue2569_theory/analysis_tensors/der/judge_cache/3a23aefecf9b0801.json
issue2569_theory,issue2569_theory/analysis_tensors/der/judge_cache/3a4f7379d211a1c8.json,90,a5cf03bbe4807361a74c427a46ad329065f75e30,691478468cec3eccf2fa58b4cc3be87faac0ee5e,,https://huggingface.co/datasets/superkaiba1/explore-persona-space-data/blob/a5cf03bbe4807361a74c427a46ad329065f75e30/issue2569_theory/analysis_tensors/der/judge_cache/3a4f7379d211a1c8.json,https://huggingface.co/datasets/superkaiba1/explore-persona-space-data/resolve/a5cf03bbe4807361a74c427a46ad329065f75e30/issue2569_theory/analysis_tensors/der/judge_cache/3a4f7379d211a1c8.json
issue2569_theory,issue2569_theory/analysis_tensors/der/judge_cache/3a544d338ce39bf0.json,90,a5cf03bbe4807361a74c427a46ad329065f75e30,dbb8a1fc6f6ce575a95cdcf9c7dabb63937e2f06,,https://huggingface.co/datasets/superkaiba1/explore-persona-space-data/blob/a5cf03bbe4807361a74c427a46ad329065f75e30/issue2569_theory/analysis_tensors/der/judge_cache/3a544d338ce39bf0.json,https://huggingface.co/datasets/superkaiba1/explore-persona-space-data/resolve/a5cf03bbe4807361a74c427a46ad329065f75e30/issue2569_theory/analysis_tensors/der/judge_cache/3a544d338ce39bf0.json
issue2569_theory,issue2569_theory/analysis_tensors/der/judge_cache/3b415e65e6e66309.json,90,a5cf03bbe4807361a74c427a46ad329065f75e30,2fbfcab5331849288557f0a6d4264019545b0b77,,https://huggingface.co/datasets/superkaiba1/explore-persona-space-data/blob/a5cf03bbe4807361a74c427a46ad329065f75e30/issue2569_theory/analysis_tensors/der/judge_cache/3b415e65e6e66309.json,https://huggingface.co/datasets/superkaiba1/explore-persona-space-data/resolve/a5cf03bbe4807361a74c427a46ad329065f75e30/issue2569_theory/analysis_tensors/der/judge_cache/3b415e65e6e66309.json
issue2569_theory,issue2569_theory/analysis_tensors/der/judge_cache/3c0eb5c3d6c5c3d4.json,90,a5cf03bbe4807361a74c427a46ad329065f75e30,c2ad50567ce32e6cee0d5c6b3e4cc195da7957c0,,https://huggingface.co/datasets/superkaiba1/explore-persona-space-data/blob/a5cf03bbe4807361a74c427a46ad329065f75e30/issue2569_theory/analysis_tensors/der/judge_cache/3c0eb5c3d6c5c3d4.json,https://huggingface.co/datasets/superkaiba1/explore-persona-space-data/resolve/a5cf03bbe4807361a74c427a46ad329065f75e30/issue2569_theory/analysis_tensors/der/judge_cache/3c0eb5c3d6c5c3d4.json
issue2569_theory,issue2569_theory/analysis_tensors/der/judge_cache/3c4796fc7f311795.json,90,a5cf03bbe4807361a74c427a46ad329065f75e30,2fbfcab5331849288557f0a6d4264019545b0b77,,https://huggingface.co/datasets/superkaiba1/explore-persona-space-data/blob/a5cf03bbe4807361a74c427a46ad329065f75e30/issue2569_theory/analysis_tensors/der/judge_cache/3c4796fc7f311795.json,https://huggingface.co/datasets/superkaiba1/explore-persona-space-data/resolve/a5cf03bbe4807361a74c427a46ad329065f75e30/issue2569_theory/analysis_tensors/der/judge_cache/3c4796fc7f311795.json
issue2569_theory,issue2569_theory/analysis_tensors/der/judge_cache/3c5a4cae87493472.json,90,a5cf03bbe4807361a74c427a46ad329065f75e30,8b47781f3e204a598867d4331c17496998a5868a,,https://huggingface.co/datasets/superkaiba1/explore-persona-space-data/blob/a5cf03bbe4807361a74c427a46ad329065f75e30/issue2569_theory/analysis_tensors/der/judge_cache/3c5a4cae87493472.json,https://huggingface.co/datasets/superkaiba1/explore-persona-space-data/resolve/a5cf03bbe4807361a74c427a46ad329065f75e30/issue2569_theory/analysis_tensors/der/judge_cache/3c5a4cae87493472.json
issue2569_theory,issue2569_theory/analysis_tensors/der/judge_cache/3cd8a430712c26a3.json,90,a5cf03bbe4807361a74c427a46ad329065f75e30,c2ad50567ce32e6cee0d5c6b3e4cc195da7957c0,,https://huggingface.co/datasets/superkaiba1/explore-persona-space-data/blob/a5cf03bbe4807361a74c427a46ad329065f75e30/issue2569_theory/analysis_tensors/der/judge_cache/3cd8a430712c26a3.json,https://huggingface.co/datasets/superkaiba1/explore-persona-space-data/resolve/a5cf03bbe4807361a74c427a46ad329065f75e30/issue2569_theory/analysis_tensors/der/judge_cache/3cd8a430712c26a3.json
issue2569_theory,issue2569_theory/analysis_tensors/der/judge_cache/3d19452c36a7c280.json,90,a5cf03bbe4807361a74c427a46ad329065f75e30,8b47781f3e204a598867d4331c17496998a5868a,,https://huggingface.co/datasets/superkaiba1/explore-persona-space-data/blob/a5cf03bbe4807361a74c427a46ad329065f75e30/issue2569_theory/analysis_tensors/der/judge_cache/3d19452c36a7c280.json,https://huggingface.co/datasets/superkaiba1/explore-persona-space-data/resolve/a5cf03bbe4807361a74c427a46ad329065f75e30/issue2569_theory/analysis_tensors/der/judge_cache/3d19452c36a7c280.json
issue2569_theory,issue2569_theory/analysis_tensors/der/judge_cache/3d20f9d42da86d14.json,90,a5cf03bbe4807361a74c427a46ad329065f75e30,91a3195e7beed9fe85eaec7521d3459fa0b66748,,https://huggingface.co/datasets/superkaiba1/explore-persona-space-data/blob/a5cf03bbe4807361a74c427a46ad329065f75e30/issue2569_theory/analysis_tensors/der/judge_cache/3d20f9d42da86d14.json,https://huggingface.co/datasets/superkaiba1/explore-persona-space-data/resolve/a5cf03bbe4807361a74c427a46ad329065f75e30/issue2569_theory/analysis_tensors/der/judge_cache/3d20f9d42da86d14.json
issue2569_theory,issue2569_theory/analysis_tensors/der/judge_cache/3d258e5519e72680.json,90,a5cf03bbe4807361a74c427a46ad329065f75e30,2fbfcab5331849288557f0a6d4264019545b0b77,,https://huggingface.co/datasets/superkaiba1/explore-persona-space-data/blob/a5cf03bbe4807361a74c427a46ad329065f75e30/issue2569_theory/analysis_tensors/der/judge_cache/3d258e5519e72680.json,https://huggingface.co/datasets/superkaiba1/explore-persona-space-data/resolve/a5cf03bbe4807361a74c427a46ad329065f75e30/issue2569_theory/analysis_tensors/der/judge_cache/3d258e5519e72680.json
issue2569_theory,issue2569_theory/analysis_tensors/der/judge_cache/3d26d6d48ed4e177.json,90,a5cf03bbe4807361a74c427a46ad329065f75e30,27e8c0a33432c6bb37a43f94314657c722033d54,,https://huggingface.co/datasets/superkaiba1/explore-persona-space-data/blob/a5cf03bbe4807361a74c427a46ad329065f75e30/issue2569_theory/analysis_tensors/der/judge_cache/3d26d6d48ed4e177.json,https://huggingface.co/datasets/superkaiba1/explore-persona-space-data/resolve/a5cf03bbe4807361a74c427a46ad329065f75e30/issue2569_theory/analysis_tensors/der/judge_cache/3d26d6d48ed4e177.json
issue2569_theory,issue2569_theory/analysis_tensors/der/judge_cache/3d2dc152f7a6cd7f.json,90,a5cf03bbe4807361a74c427a46ad329065f75e30,91a3195e7beed9fe85eaec7521d3459fa0b66748,,https://huggingface.co/datasets/superkaiba1/explore-persona-space-data/blob/a5cf03bbe4807361a74c427a46ad329065f75e30/issue2569_theory/analysis_tensors/der/judge_cache/3d2dc152f7a6cd7f.json,https://huggingface.co/datasets/superkaiba1/explore-persona-space-data/resolve/a5cf03bbe4807361a74c427a46ad329065f75e30/issue2569_theory/analysis_tensors/der/judge_cache/3d2dc152f7a6cd7f.json
issue2569_theory,issue2569_theory/analysis_tensors/der/judge_cache/3d4ce35103360261.json,90,a5cf03bbe4807361a74c427a46ad329065f75e30,20439a5b729eed123b59efaa456ee21a769f48bb,,https://huggingface.co/datasets/superkaiba1/explore-persona-space-data/blob/a5cf03bbe4807361a74c427a46ad329065f75e30/issue2569_theory/analysis_tensors/der/judge_cache/3d4ce35103360261.json,https://huggingface.co/datasets/superkaiba1/explore-persona-space-data/resolve/a5cf03bbe4807361a74c427a46ad329065f75e30/issue2569_theory/analysis_tensors/der/judge_cache/3d4ce35103360261.json
issue2569_theory,issue2569_theory/analysis_tensors/der/judge_cache/3f30cd3e231ee8b6.json,90,a5cf03bbe4807361a74c427a46ad329065f75e30,27e8c0a33432c6bb37a43f94314657c722033d54,,https://huggingface.co/datasets/superkaiba1/explore-persona-space-data/blob/a5cf03bbe4807361a74c427a46ad329065f75e30/issue2569_theory/analysis_tensors/der/judge_cache/3f30cd3e231ee8b6.json,https://huggingface.co/datasets/superkaiba1/explore-persona-space-data/resolve/a5cf03bbe4807361a74c427a46ad329065f75e30/issue2569_theory/analysis_tensors/der/judge_cache/3f30cd3e231ee8b6.json
issue2569_theory,issue2569_theory/analysis_tensors/der/judge_cache/3f320ca84401fefd.json,90,a5cf03bbe4807361a74c427a46ad329065f75e30,20439a5b729eed123b59efaa456ee21a769f48bb,,https://huggingface.co/datasets/superkaiba1/explore-persona-space-data/blob/a5cf03bbe4807361a74c427a46ad329065f75e30/issue2569_theory/analysis_tensors/der/judge_cache/3f320ca84401fefd.json,https://huggingface.co/datasets/superkaiba1/explore-persona-space-data/resolve/a5cf03bbe4807361a74c427a46ad329065f75e30/issue2569_theory/analysis_tensors/der/judge_cache/3f320ca84401fefd.json
issue2569_theory,issue2569_theory/analysis_tensors/der/judge_cache/401992c475c125bf.json,90,a5cf03bbe4807361a74c427a46ad329065f75e30,8b47781f3e204a598867d4331c17496998a5868a,,https://huggingface.co/datasets/superkaiba1/explore-persona-space-data/blob/a5cf03bbe4807361a74c427a46ad329065f75e30/issue2569_theory/analysis_tensors/der/judge_cache/401992c475c125bf.json,https://huggingface.co/datasets/superkaiba1/explore-persona-space-data/resolve/a5cf03bbe4807361a74c427a46ad329065f75e30/issue2569_theory/analysis_tensors/der/judge_cache/401992c475c125bf.json
issue2569_theory,issue2569_theory/analysis_tensors/der/judge_cache/406a66f31fbae31c.json,90,a5cf03bbe4807361a74c427a46ad329065f75e30,8b47781f3e204a598867d4331c17496998a5868a,,https://huggingface.co/datasets/superkaiba1/explore-persona-space-data/blob/a5cf03bbe4807361a74c427a46ad329065f75e30/issue2569_theory/analysis_tensors/der/judge_cache/406a66f31fbae31c.json,https://huggingface.co/datasets/superkaiba1/explore-persona-space-data/resolve/a5cf03bbe4807361a74c427a46ad329065f75e30/issue2569_theory/analysis_tensors/der/judge_cache/406a66f31fbae31c.json
issue2569_theory,issue2569_theory/analysis_tensors/der/judge_cache/417ae8c52d702f43.json,90,a5cf03bbe4807361a74c427a46ad329065f75e30,c2ad50567ce32e6cee0d5c6b3e4cc195da7957c0,,https://huggingface.co/datasets/superkaiba1/explore-persona-space-data/blob/a5cf03bbe4807361a74c427a46ad329065f75e30/issue2569_theory/analysis_tensors/der/judge_cache/417ae8c52d702f43.json,https://huggingface.co/datasets/superkaiba1/explore-persona-space-data/resolve/a5cf03bbe4807361a74c427a46ad329065f75e30/issue2569_theory/analysis_tensors/der/judge_cache/417ae8c52d702f43.json
issue2569_theory,issue2569_theory/analysis_tensors/der/judge_cache/422ebf5ef2f20709.json,90,a5cf03bbe4807361a74c427a46ad329065f75e30,c2ad50567ce32e6cee0d5c6b3e4cc195da7957c0,,https://huggingface.co/datasets/superkaiba1/explore-persona-space-data/blob/a5cf03bbe4807361a74c427a46ad329065f75e30/issue2569_theory/analysis_tensors/der/judge_cache/422ebf5ef2f20709.json,https://huggingface.co/datasets/superkaiba1/explore-persona-space-data/resolve/a5cf03bbe4807361a74c427a46ad329065f75e30/issue2569_theory/analysis_tensors/der/judge_cache/422ebf5ef2f20709.json
issue2569_theory,issue2569_theory/analysis_tensors/der/judge_cache/4287075a0ceea47e.json,90,a5cf03bbe4807361a74c427a46ad329065f75e30,551490f23b969c5c7980d5e5b28f5305887b39ee,,https://huggingface.co/datasets/superkaiba1/explore-persona-space-data/blob/a5cf03bbe4807361a74c427a46ad329065f75e30/issue2569_theory/analysis_tensors/der/judge_cache/4287075a0ceea47e.json,https://huggingface.co/datasets/superkaiba1/explore-persona-space-data/resolve/a5cf03bbe4807361a74c427a46ad329065f75e30/issue2569_theory/analysis_tensors/der/judge_cache/4287075a0ceea47e.json
issue2569_theory,issue2569_theory/analysis_tensors/der/judge_cache/446d10140ac31a3f.json,90,a5cf03bbe4807361a74c427a46ad329065f75e30,55e4015bd5fe754bad0adb87f8a5064a80745bbc,,https://huggingface.co/datasets/superkaiba1/explore-persona-space-data/blob/a5cf03bbe4807361a74c427a46ad329065f75e30/issue2569_theory/analysis_tensors/der/judge_cache/446d10140ac31a3f.json,https://huggingface.co/datasets/superkaiba1/explore-persona-space-data/resolve/a5cf03bbe4807361a74c427a46ad329065f75e30/issue2569_theory/analysis_tensors/der/judge_cache/446d10140ac31a3f.json
issue2569_theory,issue2569_theory/analysis_tensors/der/judge_cache/44ddd6404f839f54.json,90,a5cf03bbe4807361a74c427a46ad329065f75e30,55e4015bd5fe754bad0adb87f8a5064a80745bbc,,https://huggingface.co/datasets/superkaiba1/explore-persona-space-data/blob/a5cf03bbe4807361a74c427a46ad329065f75e30/issue2569_theory/analysis_tensors/der/judge_cache/44ddd6404f839f54.json,https://huggingface.co/datasets/superkaiba1/explore-persona-space-data/resolve/a5cf03bbe4807361a74c427a46ad329065f75e30/issue2569_theory/analysis_tensors/der/judge_cache/44ddd6404f839f54.json
issue2569_theory,issue2569_theory/analysis_tensors/der/judge_cache/452728487d1c5cb1.json,90,a5cf03bbe4807361a74c427a46ad329065f75e30,91a3195e7beed9fe85eaec7521d3459fa0b66748,,https://huggingface.co/datasets/superkaiba1/explore-persona-space-data/blob/a5cf03bbe4807361a74c427a46ad329065f75e30/issue2569_theory/analysis_tensors/der/judge_cache/452728487d1c5cb1.json,https://huggingface.co/datasets/superkaiba1/explore-persona-space-data/resolve/a5cf03bbe4807361a74c427a46ad329065f75e30/issue2569_theory/analysis_tensors/der/judge_cache/452728487d1c5cb1.json
issue2569_theory,issue2569_theory/analysis_tensors/der/judge_cache/45397837f8890396.json,90,a5cf03bbe4807361a74c427a46ad329065f75e30,27e8c0a33432c6bb37a43f94314657c722033d54,,https://huggingface.co/datasets/superkaiba1/explore-persona-space-data/blob/a5cf03bbe4807361a74c427a46ad329065f75e30/issue2569_theory/analysis_tensors/der/judge_cache/45397837f8890396.json,https://huggingface.co/datasets/superkaiba1/explore-persona-space-data/resolve/a5cf03bbe4807361a74c427a46ad329065f75e30/issue2569_theory/analysis_tensors/der/judge_cache/45397837f8890396.json
issue2569_theory,issue2569_theory/analysis_tensors/der/judge_cache/4669dc1ce5dddfa3.json,90,a5cf03bbe4807361a74c427a46ad329065f75e30,c2ad50567ce32e6cee0d5c6b3e4cc195da7957c0,,https://huggingface.co/datasets/superkaiba1/explore-persona-space-data/blob/a5cf03bbe4807361a74c427a46ad329065f75e30/issue2569_theory/analysis_tensors/der/judge_cache/4669dc1ce5dddfa3.json,https://huggingface.co/datasets/superkaiba1/explore-persona-space-data/resolve/a5cf03bbe4807361a74c427a46ad329065f75e30/issue2569_theory/analysis_tensors/der/judge_cache/4669dc1ce5dddfa3.json
issue2569_theory,issue2569_theory/analysis_tensors/der/judge_cache/467f520cd5d0458c.json,90,a5cf03bbe4807361a74c427a46ad329065f75e30,55e4015bd5fe754bad0adb87f8a5064a80745bbc,,https://huggingface.co/datasets/superkaiba1/explore-persona-space-data/blob/a5cf03bbe4807361a74c427a46ad329065f75e30/issue2569_theory/analysis_tensors/der/judge_cache/467f520cd5d0458c.json,https://huggingface.co/datasets/superkaiba1/explore-persona-space-data/resolve/a5cf03bbe4807361a74c427a46ad329065f75e30/issue2569_theory/analysis_tensors/der/judge_cache/467f520cd5d0458c.json
issue2569_theory,issue2569_theory/analysis_tensors/der/judge_cache/483851bc0a226794.json,90,a5cf03bbe4807361a74c427a46ad329065f75e30,8b47781f3e204a598867d4331c17496998a5868a,,https://huggingface.co/datasets/superkaiba1/explore-persona-space-data/blob/a5cf03bbe4807361a74c427a46ad329065f75e30/issue2569_theory/analysis_tensors/der/judge_cache/483851bc0a226794.json,https://huggingface.co/datasets/superkaiba1/explore-persona-space-data/resolve/a5cf03bbe4807361a74c427a46ad329065f75e30/issue2569_theory/analysis_tensors/der/judge_cache/483851bc0a226794.json
issue2569_theory,issue2569_theory/analysis_tensors/der/judge_cache/48a682f0b374fa2a.json,90,a5cf03bbe4807361a74c427a46ad329065f75e30,55e4015bd5fe754bad0adb87f8a5064a80745bbc,,https://huggingface.co/datasets/superkaiba1/explore-persona-space-data/blob/a5cf03bbe4807361a74c427a46ad329065f75e30/issue2569_theory/analysis_tensors/der/judge_cache/48a682f0b374fa2a.json,https://huggingface.co/datasets/superkaiba1/explore-persona-space-data/resolve/a5cf03bbe4807361a74c427a46ad329065f75e30/issue2569_theory/analysis_tensors/der/judge_cache/48a682f0b374fa2a.json
issue2569_theory,issue2569_theory/analysis_tensors/der/judge_cache/497843db087bbc39.json,90,a5cf03bbe4807361a74c427a46ad329065f75e30,55e4015bd5fe754bad0adb87f8a5064a80745bbc,,https://huggingface.co/datasets/superkaiba1/explore-persona-space-data/blob/a5cf03bbe4807361a74c427a46ad329065f75e30/issue2569_theory/analysis_tensors/der/judge_cache/497843db087bbc39.json,https://huggingface.co/datasets/superkaiba1/explore-persona-space-data/resolve/a5cf03bbe4807361a74c427a46ad329065f75e30/issue2569_theory/analysis_tensors/der/judge_cache/497843db087bbc39.json
issue2569_theory,issue2569_theory/analysis_tensors/der/judge_cache/4a02190ed8e275cf.json,90,a5cf03bbe4807361a74c427a46ad329065f75e30,dbb8a1fc6f6ce575a95cdcf9c7dabb63937e2f06,,https://huggingface.co/datasets/superkaiba1/explore-persona-space-data/blob/a5cf03bbe4807361a74c427a46ad329065f75e30/issue2569_theory/analysis_tensors/der/judge_cache/4a02190ed8e275cf.json,https://huggingface.co/datasets/superkaiba1/explore-persona-space-data/resolve/a5cf03bbe4807361a74c427a46ad329065f75e30/issue2569_theory/analysis_tensors/der/judge_cache/4a02190ed8e275cf.json
issue2569_theory,issue2569_theory/analysis_tensors/der/judge_cache/4a05c0257bb40791.json,90,a5cf03bbe4807361a74c427a46ad329065f75e30,8b47781f3e204a598867d4331c17496998a5868a,,https://huggingface.co/datasets/superkaiba1/explore-persona-space-data/blob/a5cf03bbe4807361a74c427a46ad329065f75e30/issue2569_theory/analysis_tensors/der/judge_cache/4a05c0257bb40791.json,https://huggingface.co/datasets/superkaiba1/explore-persona-space-data/resolve/a5cf03bbe4807361a74c427a46ad329065f75e30/issue2569_theory/analysis_tensors/der/judge_cache/4a05c0257bb40791.json
issue2569_theory,issue2569_theory/analysis_tensors/der/judge_cache/4a8fe3643adc4183.json,90,a5cf03bbe4807361a74c427a46ad329065f75e30,2fbfcab5331849288557f0a6d4264019545b0b77,,https://huggingface.co/datasets/superkaiba1/explore-persona-space-data/blob/a5cf03bbe4807361a74c427a46ad329065f75e30/issue2569_theory/analysis_tensors/der/judge_cache/4a8fe3643adc4183.json,https://huggingface.co/datasets/superkaiba1/explore-persona-space-data/resolve/a5cf03bbe4807361a74c427a46ad329065f75e30/issue2569_theory/analysis_tensors/der/judge_cache/4a8fe3643adc4183.json
issue2569_theory,issue2569_theory/analysis_tensors/der/judge_cache/4ac388fd2ccfc3a4.json,90,a5cf03bbe4807361a74c427a46ad329065f75e30,55e4015bd5fe754bad0adb87f8a5064a80745bbc,,https://huggingface.co/datasets/superkaiba1/explore-persona-space-data/blob/a5cf03bbe4807361a74c427a46ad329065f75e30/issue2569_theory/analysis_tensors/der/judge_cache/4ac388fd2ccfc3a4.json,https://huggingface.co/datasets/superkaiba1/explore-persona-space-data/resolve/a5cf03bbe4807361a74c427a46ad329065f75e30/issue2569_theory/analysis_tensors/der/judge_cache/4ac388fd2ccfc3a4.json
issue2569_theory,issue2569_theory/analysis_tensors/der/judge_cache/4ade7709c8808809.json,90,a5cf03bbe4807361a74c427a46ad329065f75e30,c2ad50567ce32e6cee0d5c6b3e4cc195da7957c0,,https://huggingface.co/datasets/superkaiba1/explore-persona-space-data/blob/a5cf03bbe4807361a74c427a46ad329065f75e30/issue2569_theory/analysis_tensors/der/judge_cache/4ade7709c8808809.json,https://huggingface.co/datasets/superkaiba1/explore-persona-space-data/resolve/a5cf03bbe4807361a74c427a46ad329065f75e30/issue2569_theory/analysis_tensors/der/judge_cache/4ade7709c8808809.json
issue2569_theory,issue2569_theory/analysis_tensors/der/judge_cache/4bf6212d3cd499f9.json,90,a5cf03bbe4807361a74c427a46ad329065f75e30,8b47781f3e204a598867d4331c17496998a5868a,,https://huggingface.co/datasets/superkaiba1/explore-persona-space-data/blob/a5cf03bbe4807361a74c427a46ad329065f75e30/issue2569_theory/analysis_tensors/der/judge_cache/4bf6212d3cd499f9.json,https://huggingface.co/datasets/superkaiba1/explore-persona-space-data/resolve/a5cf03bbe4807361a74c427a46ad329065f75e30/issue2569_theory/analysis_tensors/der/judge_cache/4bf6212d3cd499f9.json
issue2569_theory,issue2569_theory/analysis_tensors/der/judge_cache/4d0777d7ae60abe3.json,90,a5cf03bbe4807361a74c427a46ad329065f75e30,dbb8a1fc6f6ce575a95cdcf9c7dabb63937e2f06,,https://huggingface.co/datasets/superkaiba1/explore-persona-space-data/blob/a5cf03bbe4807361a74c427a46ad329065f75e30/issue2569_theory/analysis_tensors/der/judge_cache/4d0777d7ae60abe3.json,https://huggingface.co/datasets/superkaiba1/explore-persona-space-data/resolve/a5cf03bbe4807361a74c427a46ad329065f75e30/issue2569_theory/analysis_tensors/der/judge_cache/4d0777d7ae60abe3.json
issue2569_theory,issue2569_theory/analysis_tensors/der/judge_cache/4d135b3ec92c0e70.json,90,a5cf03bbe4807361a74c427a46ad329065f75e30,8b47781f3e204a598867d4331c17496998a5868a,,https://huggingface.co/datasets/superkaiba1/explore-persona-space-data/blob/a5cf03bbe4807361a74c427a46ad329065f75e30/issue2569_theory/analysis_tensors/der/judge_cache/4d135b3ec92c0e70.json,https://huggingface.co/datasets/superkaiba1/explore-persona-space-data/resolve/a5cf03bbe4807361a74c427a46ad329065f75e30/issue2569_theory/analysis_tensors/der/judge_cache/4d135b3ec92c0e70.json
issue2569_theory,issue2569_theory/analysis_tensors/der/judge_cache/4d57ab090e2d445d.json,90,a5cf03bbe4807361a74c427a46ad329065f75e30,55e4015bd5fe754bad0adb87f8a5064a80745bbc,,https://huggingface.co/datasets/superkaiba1/explore-persona-space-data/blob/a5cf03bbe4807361a74c427a46ad329065f75e30/issue2569_theory/analysis_tensors/der/judge_cache/4d57ab090e2d445d.json,https://huggingface.co/datasets/superkaiba1/explore-persona-space-data/resolve/a5cf03bbe4807361a74c427a46ad329065f75e30/issue2569_theory/analysis_tensors/der/judge_cache/4d57ab090e2d445d.json
issue2569_theory,issue2569_theory/analysis_tensors/der/judge_cache/4d92084625254555.json,90,a5cf03bbe4807361a74c427a46ad329065f75e30,551490f23b969c5c7980d5e5b28f5305887b39ee,,https://huggingface.co/datasets/superkaiba1/explore-persona-space-data/blob/a5cf03bbe4807361a74c427a46ad329065f75e30/issue2569_theory/analysis_tensors/der/judge_cache/4d92084625254555.json,https://huggingface.co/datasets/superkaiba1/explore-persona-space-data/resolve/a5cf03bbe4807361a74c427a46ad329065f75e30/issue2569_theory/analysis_tensors/der/judge_cache/4d92084625254555.json
issue2569_theory,issue2569_theory/analysis_tensors/der/judge_cache/4ec42694237accab.json,90,a5cf03bbe4807361a74c427a46ad329065f75e30,27e8c0a33432c6bb37a43f94314657c722033d54,,https://huggingface.co/datasets/superkaiba1/explore-persona-space-data/blob/a5cf03bbe4807361a74c427a46ad329065f75e30/issue2569_theory/analysis_tensors/der/judge_cache/4ec42694237accab.json,https://huggingface.co/datasets/superkaiba1/explore-persona-space-data/resolve/a5cf03bbe4807361a74c427a46ad329065f75e30/issue2569_theory/analysis_tensors/der/judge_cache/4ec42694237accab.json
issue2569_theory,issue2569_theory/analysis_tensors/der/judge_cache/4ef062205a08b1c2.json,90,a5cf03bbe4807361a74c427a46ad329065f75e30,2fbfcab5331849288557f0a6d4264019545b0b77,,https://huggingface.co/datasets/superkaiba1/explore-persona-space-data/blob/a5cf03bbe4807361a74c427a46ad329065f75e30/issue2569_theory/analysis_tensors/der/judge_cache/4ef062205a08b1c2.json,https://huggingface.co/datasets/superkaiba1/explore-persona-space-data/resolve/a5cf03bbe4807361a74c427a46ad329065f75e30/issue2569_theory/analysis_tensors/der/judge_cache/4ef062205a08b1c2.json
issue2569_theory,issue2569_theory/analysis_tensors/der/judge_cache/4f012560899a916f.json,90,a5cf03bbe4807361a74c427a46ad329065f75e30,2fbfcab5331849288557f0a6d4264019545b0b77,,https://huggingface.co/datasets/superkaiba1/explore-persona-space-data/blob/a5cf03bbe4807361a74c427a46ad329065f75e30/issue2569_theory/analysis_tensors/der/judge_cache/4f012560899a916f.json,https://huggingface.co/datasets/superkaiba1/explore-persona-space-data/resolve/a5cf03bbe4807361a74c427a46ad329065f75e30/issue2569_theory/analysis_tensors/der/judge_cache/4f012560899a916f.json
issue2569_theory,issue2569_theory/analysis_tensors/der/judge_cache/4f08e2168a267f2b.json,90,a5cf03bbe4807361a74c427a46ad329065f75e30,8b47781f3e204a598867d4331c17496998a5868a,,https://huggingface.co/datasets/superkaiba1/explore-persona-space-data/blob/a5cf03bbe4807361a74c427a46ad329065f75e30/issue2569_theory/analysis_tensors/der/judge_cache/4f08e2168a267f2b.json,https://huggingface.co/datasets/superkaiba1/explore-persona-space-data/resolve/a5cf03bbe4807361a74c427a46ad329065f75e30/issue2569_theory/analysis_tensors/der/judge_cache/4f08e2168a267f2b.json
issue2569_theory,issue2569_theory/analysis_tensors/der/judge_cache/4f7da4848aaabb2d.json,90,a5cf03bbe4807361a74c427a46ad329065f75e30,551490f23b969c5c7980d5e5b28f5305887b39ee,,https://huggingface.co/datasets/superkaiba1/explore-persona-space-data/blob/a5cf03bbe4807361a74c427a46ad329065f75e30/issue2569_theory/analysis_tensors/der/judge_cache/4f7da4848aaabb2d.json,https://huggingface.co/datasets/superkaiba1/explore-persona-space-data/resolve/a5cf03bbe4807361a74c427a46ad329065f75e30/issue2569_theory/analysis_tensors/der/judge_cache/4f7da4848aaabb2d.json
issue2569_theory,issue2569_theory/analysis_tensors/der/judge_cache/4fafa35fc011a55c.json,90,a5cf03bbe4807361a74c427a46ad329065f75e30,2fbfcab5331849288557f0a6d4264019545b0b77,,https://huggingface.co/datasets/superkaiba1/explore-persona-space-data/blob/a5cf03bbe4807361a74c427a46ad329065f75e30/issue2569_theory/analysis_tensors/der/judge_cache/4fafa35fc011a55c.json,https://huggingface.co/datasets/superkaiba1/explore-persona-space-data/resolve/a5cf03bbe4807361a74c427a46ad329065f75e30/issue2569_theory/analysis_tensors/der/judge_cache/4fafa35fc011a55c.json
issue2569_theory,issue2569_theory/analysis_tensors/der/judge_cache/50de2a048a4e08cb.json,90,a5cf03bbe4807361a74c427a46ad329065f75e30,c2ad50567ce32e6cee0d5c6b3e4cc195da7957c0,,https://huggingface.co/datasets/superkaiba1/explore-persona-space-data/blob/a5cf03bbe4807361a74c427a46ad329065f75e30/issue2569_theory/analysis_tensors/der/judge_cache/50de2a048a4e08cb.json,https://huggingface.co/datasets/superkaiba1/explore-persona-space-data/resolve/a5cf03bbe4807361a74c427a46ad329065f75e30/issue2569_theory/analysis_tensors/der/judge_cache/50de2a048a4e08cb.json
issue2569_theory,issue2569_theory/analysis_tensors/der/judge_cache/514caff98e1f5652.json,90,a5cf03bbe4807361a74c427a46ad329065f75e30,91a3195e7beed9fe85eaec7521d3459fa0b66748,,https://huggingface.co/datasets/superkaiba1/explore-persona-space-data/blob/a5cf03bbe4807361a74c427a46ad329065f75e30/issue2569_theory/analysis_tensors/der/judge_cache/514caff98e1f5652.json,https://huggingface.co/datasets/superkaiba1/explore-persona-space-data/resolve/a5cf03bbe4807361a74c427a46ad329065f75e30/issue2569_theory/analysis_tensors/der/judge_cache/514caff98e1f5652.json
issue2569_theory,issue2569_theory/analysis_tensors/der/judge_cache/532a455931574b7e.json,90,a5cf03bbe4807361a74c427a46ad329065f75e30,20439a5b729eed123b59efaa456ee21a769f48bb,,https://huggingface.co/datasets/superkaiba1/explore-persona-space-data/blob/a5cf03bbe4807361a74c427a46ad329065f75e30/issue2569_theory/analysis_tensors/der/judge_cache/532a455931574b7e.json,https://huggingface.co/datasets/superkaiba1/explore-persona-space-data/resolve/a5cf03bbe4807361a74c427a46ad329065f75e30/issue2569_theory/analysis_tensors/der/judge_cache/532a455931574b7e.json
issue2569_theory,issue2569_theory/analysis_tensors/der/judge_cache/53e90dd0fe26a542.json,90,a5cf03bbe4807361a74c427a46ad329065f75e30,91a3195e7beed9fe85eaec7521d3459fa0b66748,,https://huggingface.co/datasets/superkaiba1/explore-persona-space-data/blob/a5cf03bbe4807361a74c427a46ad329065f75e30/issue2569_theory/analysis_tensors/der/judge_cache/53e90dd0fe26a542.json,https://huggingface.co/datasets/superkaiba1/explore-persona-space-data/resolve/a5cf03bbe4807361a74c427a46ad329065f75e30/issue2569_theory/analysis_tensors/der/judge_cache/53e90dd0fe26a542.json
issue2569_theory,issue2569_theory/analysis_tensors/der/judge_cache/54b81098a7f77de3.json,90,a5cf03bbe4807361a74c427a46ad329065f75e30,91a3195e7beed9fe85eaec7521d3459fa0b66748,,https://huggingface.co/datasets/superkaiba1/explore-persona-space-data/blob/a5cf03bbe4807361a74c427a46ad329065f75e30/issue2569_theory/analysis_tensors/der/judge_cache/54b81098a7f77de3.json,https://huggingface.co/datasets/superkaiba1/explore-persona-space-data/resolve/a5cf03bbe4807361a74c427a46ad329065f75e30/issue2569_theory/analysis_tensors/der/judge_cache/54b81098a7f77de3.json
issue2569_theory,issue2569_theory/analysis_tensors/der/judge_cache/563d695e3bc6bfe1.json,90,a5cf03bbe4807361a74c427a46ad329065f75e30,27e8c0a33432c6bb37a43f94314657c722033d54,,https://huggingface.co/datasets/superkaiba1/explore-persona-space-data/blob/a5cf03bbe4807361a74c427a46ad329065f75e30/issue2569_theory/analysis_tensors/der/judge_cache/563d695e3bc6bfe1.json,https://huggingface.co/datasets/superkaiba1/explore-persona-space-data/resolve/a5cf03bbe4807361a74c427a46ad329065f75e30/issue2569_theory/analysis_tensors/der/judge_cache/563d695e3bc6bfe1.json
issue2569_theory,issue2569_theory/analysis_tensors/der/judge_cache/56708076efa59785.json,90,a5cf03bbe4807361a74c427a46ad329065f75e30,c2ad50567ce32e6cee0d5c6b3e4cc195da7957c0,,https://huggingface.co/datasets/superkaiba1/explore-persona-space-data/blob/a5cf03bbe4807361a74c427a46ad329065f75e30/issue2569_theory/analysis_tensors/der/judge_cache/56708076efa59785.json,https://huggingface.co/datasets/superkaiba1/explore-persona-space-data/resolve/a5cf03bbe4807361a74c427a46ad329065f75e30/issue2569_theory/analysis_tensors/der/judge_cache/56708076efa59785.json
issue2569_theory,issue2569_theory/analysis_tensors/der/judge_cache/56cf0cb9f4bf34ff.json,90,a5cf03bbe4807361a74c427a46ad329065f75e30,691478468cec3eccf2fa58b4cc3be87faac0ee5e,,https://huggingface.co/datasets/superkaiba1/explore-persona-space-data/blob/a5cf03bbe4807361a74c427a46ad329065f75e30/issue2569_theory/analysis_tensors/der/judge_cache/56cf0cb9f4bf34ff.json,https://huggingface.co/datasets/superkaiba1/explore-persona-space-data/resolve/a5cf03bbe4807361a74c427a46ad329065f75e30/issue2569_theory/analysis_tensors/der/judge_cache/56cf0cb9f4bf34ff.json
issue2569_theory,issue2569_theory/analysis_tensors/der/judge_cache/56d04d016d3a8aa7.json,90,a5cf03bbe4807361a74c427a46ad329065f75e30,c2ad50567ce32e6cee0d5c6b3e4cc195da7957c0,,https://huggingface.co/datasets/superkaiba1/explore-persona-space-data/blob/a5cf03bbe4807361a74c427a46ad329065f75e30/issue2569_theory/analysis_tensors/der/judge_cache/56d04d016d3a8aa7.json,https://huggingface.co/datasets/superkaiba1/explore-persona-space-data/resolve/a5cf03bbe4807361a74c427a46ad329065f75e30/issue2569_theory/analysis_tensors/der/judge_cache/56d04d016d3a8aa7.json
issue2569_theory,issue2569_theory/analysis_tensors/der/judge_cache/57868a27d347aa73.json,90,a5cf03bbe4807361a74c427a46ad329065f75e30,27e8c0a33432c6bb37a43f94314657c722033d54,,https://huggingface.co/datasets/superkaiba1/explore-persona-space-data/blob/a5cf03bbe4807361a74c427a46ad329065f75e30/issue2569_theory/analysis_tensors/der/judge_cache/57868a27d347aa73.json,https://huggingface.co/datasets/superkaiba1/explore-persona-space-data/resolve/a5cf03bbe4807361a74c427a46ad329065f75e30/issue2569_theory/analysis_tensors/der/judge_cache/57868a27d347aa73.json
issue2569_theory,issue2569_theory/analysis_tensors/der/judge_cache/57dd2bcd085ced72.json,90,a5cf03bbe4807361a74c427a46ad329065f75e30,c2ad50567ce32e6cee0d5c6b3e4cc195da7957c0,,https://huggingface.co/datasets/superkaiba1/explore-persona-space-data/blob/a5cf03bbe4807361a74c427a46ad329065f75e30/issue2569_theory/analysis_tensors/der/judge_cache/57dd2bcd085ced72.json,https://huggingface.co/datasets/superkaiba1/explore-persona-space-data/resolve/a5cf03bbe4807361a74c427a46ad329065f75e30/issue2569_theory/analysis_tensors/der/judge_cache/57dd2bcd085ced72.json
issue2569_theory,issue2569_theory/analysis_tensors/der/judge_cache/581b1b655217f06f.json,90,a5cf03bbe4807361a74c427a46ad329065f75e30,55e4015bd5fe754bad0adb87f8a5064a80745bbc,,https://huggingface.co/datasets/superkaiba1/explore-persona-space-data/blob/a5cf03bbe4807361a74c427a46ad329065f75e30/issue2569_theory/analysis_tensors/der/judge_cache/581b1b655217f06f.json,https://huggingface.co/datasets/superkaiba1/explore-persona-space-data/resolve/a5cf03bbe4807361a74c427a46ad329065f75e30/issue2569_theory/analysis_tensors/der/judge_cache/581b1b655217f06f.json
issue2569_theory,issue2569_theory/analysis_tensors/der/judge_cache/58677d5f0e901a8b.json,90,a5cf03bbe4807361a74c427a46ad329065f75e30,c2ad50567ce32e6cee0d5c6b3e4cc195da7957c0,,https://huggingface.co/datasets/superkaiba1/explore-persona-space-data/blob/a5cf03bbe4807361a74c427a46ad329065f75e30/issue2569_theory/analysis_tensors/der/judge_cache/58677d5f0e901a8b.json,https://huggingface.co/datasets/superkaiba1/explore-persona-space-data/resolve/a5cf03bbe4807361a74c427a46ad329065f75e30/issue2569_theory/analysis_tensors/der/judge_cache/58677d5f0e901a8b.json
issue2569_theory,issue2569_theory/analysis_tensors/der/judge_cache/59d9c1d7f1dd402b.json,90,a5cf03bbe4807361a74c427a46ad329065f75e30,2fbfcab5331849288557f0a6d4264019545b0b77,,https://huggingface.co/datasets/superkaiba1/explore-persona-space-data/blob/a5cf03bbe4807361a74c427a46ad329065f75e30/issue2569_theory/analysis_tensors/der/judge_cache/59d9c1d7f1dd402b.json,https://huggingface.co/datasets/superkaiba1/explore-persona-space-data/resolve/a5cf03bbe4807361a74c427a46ad329065f75e30/issue2569_theory/analysis_tensors/der/judge_cache/59d9c1d7f1dd402b.json
issue2569_theory,issue2569_theory/analysis_tensors/der/judge_cache/59e19f0e31866fc4.json,90,a5cf03bbe4807361a74c427a46ad329065f75e30,91a3195e7beed9fe85eaec7521d3459fa0b66748,,https://huggingface.co/datasets/superkaiba1/explore-persona-space-data/blob/a5cf03bbe4807361a74c427a46ad329065f75e30/issue2569_theory/analysis_tensors/der/judge_cache/59e19f0e31866fc4.json,https://huggingface.co/datasets/superkaiba1/explore-persona-space-data/resolve/a5cf03bbe4807361a74c427a46ad329065f75e30/issue2569_theory/analysis_tensors/der/judge_cache/59e19f0e31866fc4.json
issue2569_theory,issue2569_theory/analysis_tensors/der/judge_cache/5abcaa9dc636109b.json,90,a5cf03bbe4807361a74c427a46ad329065f75e30,8b47781f3e204a598867d4331c17496998a5868a,,https://huggingface.co/datasets/superkaiba1/explore-persona-space-data/blob/a5cf03bbe4807361a74c427a46ad329065f75e30/issue2569_theory/analysis_tensors/der/judge_cache/5abcaa9dc636109b.json,https://huggingface.co/datasets/superkaiba1/explore-persona-space-data/resolve/a5cf03bbe4807361a74c427a46ad329065f75e30/issue2569_theory/analysis_tensors/der/judge_cache/5abcaa9dc636109b.json
issue2569_theory,issue2569_theory/analysis_tensors/der/judge_cache/5ac8f6ca487d2fbf.json,90,a5cf03bbe4807361a74c427a46ad329065f75e30,55e4015bd5fe754bad0adb87f8a5064a80745bbc,,https://huggingface.co/datasets/superkaiba1/explore-persona-space-data/blob/a5cf03bbe4807361a74c427a46ad329065f75e30/issue2569_theory/analysis_tensors/der/judge_cache/5ac8f6ca487d2fbf.json,https://huggingface.co/datasets/superkaiba1/explore-persona-space-data/resolve/a5cf03bbe4807361a74c427a46ad329065f75e30/issue2569_theory/analysis_tensors/der/judge_cache/5ac8f6ca487d2fbf.json
issue2569_theory,issue2569_theory/analysis_tensors/der/judge_cache/5bb4165de130612b.json,90,a5cf03bbe4807361a74c427a46ad329065f75e30,27e8c0a33432c6bb37a43f94314657c722033d54,,https://huggingface.co/datasets/superkaiba1/explore-persona-space-data/blob/a5cf03bbe4807361a74c427a46ad329065f75e30/issue2569_theory/analysis_tensors/der/judge_cache/5bb4165de130612b.json,https://huggingface.co/datasets/superkaiba1/explore-persona-space-data/resolve/a5cf03bbe4807361a74c427a46ad329065f75e30/issue2569_theory/analysis_tensors/der/judge_cache/5bb4165de130612b.json
issue2569_theory,issue2569_theory/analysis_tensors/der/judge_cache/5c05dfb24cd27d13.json,90,a5cf03bbe4807361a74c427a46ad329065f75e30,27e8c0a33432c6bb37a43f94314657c722033d54,,https://huggingface.co/datasets/superkaiba1/explore-persona-space-data/blob/a5cf03bbe4807361a74c427a46ad329065f75e30/issue2569_theory/analysis_tensors/der/judge_cache/5c05dfb24cd27d13.json,https://huggingface.co/datasets/superkaiba1/explore-persona-space-data/resolve/a5cf03bbe4807361a74c427a46ad329065f75e30/issue2569_theory/analysis_tensors/der/judge_cache/5c05dfb24cd27d13.json
issue2569_theory,issue2569_theory/analysis_tensors/der/judge_cache/5c29fd89000b97dc.json,90,a5cf03bbe4807361a74c427a46ad329065f75e30,c2ad50567ce32e6cee0d5c6b3e4cc195da7957c0,,https://huggingface.co/datasets/superkaiba1/explore-persona-space-data/blob/a5cf03bbe4807361a74c427a46ad329065f75e30/issue2569_theory/analysis_tensors/der/judge_cache/5c29fd89000b97dc.json,https://huggingface.co/datasets/superkaiba1/explore-persona-space-data/resolve/a5cf03bbe4807361a74c427a46ad329065f75e30/issue2569_theory/analysis_tensors/der/judge_cache/5c29fd89000b97dc.json
issue2569_theory,issue2569_theory/analysis_tensors/der/judge_cache/5d22fbb00228906a.json,90,a5cf03bbe4807361a74c427a46ad329065f75e30,27e8c0a33432c6bb37a43f94314657c722033d54,,https://huggingface.co/datasets/superkaiba1/explore-persona-space-data/blob/a5cf03bbe4807361a74c427a46ad329065f75e30/issue2569_theory/analysis_tensors/der/judge_cache/5d22fbb00228906a.json,https://huggingface.co/datasets/superkaiba1/explore-persona-space-data/resolve/a5cf03bbe4807361a74c427a46ad329065f75e30/issue2569_theory/analysis_tensors/der/judge_cache/5d22fbb00228906a.json
issue2569_theory,issue2569_theory/analysis_tensors/der/judge_cache/5d2a34eeaa60afe8.json,90,a5cf03bbe4807361a74c427a46ad329065f75e30,8b47781f3e204a598867d4331c17496998a5868a,,https://huggingface.co/datasets/superkaiba1/explore-persona-space-data/blob/a5cf03bbe4807361a74c427a46ad329065f75e30/issue2569_theory/analysis_tensors/der/judge_cache/5d2a34eeaa60afe8.json,https://huggingface.co/datasets/superkaiba1/explore-persona-space-data/resolve/a5cf03bbe4807361a74c427a46ad329065f75e30/issue2569_theory/analysis_tensors/der/judge_cache/5d2a34eeaa60afe8.json
issue2569_theory,issue2569_theory/analysis_tensors/der/judge_cache/5d9b22bcbd84beeb.json,90,a5cf03bbe4807361a74c427a46ad329065f75e30,27e8c0a33432c6bb37a43f94314657c722033d54,,https://huggingface.co/datasets/superkaiba1/explore-persona-space-data/blob/a5cf03bbe4807361a74c427a46ad329065f75e30/issue2569_theory/analysis_tensors/der/judge_cache/5d9b22bcbd84beeb.json,https://huggingface.co/datasets/superkaiba1/explore-persona-space-data/resolve/a5cf03bbe4807361a74c427a46ad329065f75e30/issue2569_theory/analysis_tensors/der/judge_cache/5d9b22bcbd84beeb.json
issue2569_theory,issue2569_theory/analysis_tensors/der/judge_cache/5e39aebe45b53d96.json,90,a5cf03bbe4807361a74c427a46ad329065f75e30,8b47781f3e204a598867d4331c17496998a5868a,,https://huggingface.co/datasets/superkaiba1/explore-persona-space-data/blob/a5cf03bbe4807361a74c427a46ad329065f75e30/issue2569_theory/analysis_tensors/der/judge_cache/5e39aebe45b53d96.json,https://huggingface.co/datasets/superkaiba1/explore-persona-space-data/resolve/a5cf03bbe4807361a74c427a46ad329065f75e30/issue2569_theory/analysis_tensors/der/judge_cache/5e39aebe45b53d96.json
issue2569_theory,issue2569_theory/analysis_tensors/der/judge_cache/5e911cb7af63f12d.json,90,a5cf03bbe4807361a74c427a46ad329065f75e30,c2ad50567ce32e6cee0d5c6b3e4cc195da7957c0,,https://huggingface.co/datasets/superkaiba1/explore-persona-space-data/blob/a5cf03bbe4807361a74c427a46ad329065f75e30/issue2569_theory/analysis_tensors/der/judge_cache/5e911cb7af63f12d.json,https://huggingface.co/datasets/superkaiba1/explore-persona-space-data/resolve/a5cf03bbe4807361a74c427a46ad329065f75e30/issue2569_theory/analysis_tensors/der/judge_cache/5e911cb7af63f12d.json
issue2569_theory,issue2569_theory/analysis_tensors/der/judge_cache/5ef40aa7dd2b1245.json,90,a5cf03bbe4807361a74c427a46ad329065f75e30,55e4015bd5fe754bad0adb87f8a5064a80745bbc,,https://huggingface.co/datasets/superkaiba1/explore-persona-space-data/blob/a5cf03bbe4807361a74c427a46ad329065f75e30/issue2569_theory/analysis_tensors/der/judge_cache/5ef40aa7dd2b1245.json,https://huggingface.co/datasets/superkaiba1/explore-persona-space-data/resolve/a5cf03bbe4807361a74c427a46ad329065f75e30/issue2569_theory/analysis_tensors/der/judge_cache/5ef40aa7dd2b1245.json
issue2569_theory,issue2569_theory/analysis_tensors/der/judge_cache/605906de878eaf78.json,90,a5cf03bbe4807361a74c427a46ad329065f75e30,2fbfcab5331849288557f0a6d4264019545b0b77,,https://huggingface.co/datasets/superkaiba1/explore-persona-space-data/blob/a5cf03bbe4807361a74c427a46ad329065f75e30/issue2569_theory/analysis_tensors/der/judge_cache/605906de878eaf78.json,https://huggingface.co/datasets/superkaiba1/explore-persona-space-data/resolve/a5cf03bbe4807361a74c427a46ad329065f75e30/issue2569_theory/analysis_tensors/der/judge_cache/605906de878eaf78.json
issue2569_theory,issue2569_theory/analysis_tensors/der/judge_cache/607727588b44c946.json,90,a5cf03bbe4807361a74c427a46ad329065f75e30,8b47781f3e204a598867d4331c17496998a5868a,,https://huggingface.co/datasets/superkaiba1/explore-persona-space-data/blob/a5cf03bbe4807361a74c427a46ad329065f75e30/issue2569_theory/analysis_tensors/der/judge_cache/607727588b44c946.json,https://huggingface.co/datasets/superkaiba1/explore-persona-space-data/resolve/a5cf03bbe4807361a74c427a46ad329065f75e30/issue2569_theory/analysis_tensors/der/judge_cache/607727588b44c946.json
issue2569_theory,issue2569_theory/analysis_tensors/der/judge_cache/6113e6656d5d73db.json,90,a5cf03bbe4807361a74c427a46ad329065f75e30,8b47781f3e204a598867d4331c17496998a5868a,,https://huggingface.co/datasets/superkaiba1/explore-persona-space-data/blob/a5cf03bbe4807361a74c427a46ad329065f75e30/issue2569_theory/analysis_tensors/der/judge_cache/6113e6656d5d73db.json,https://huggingface.co/datasets/superkaiba1/explore-persona-space-data/resolve/a5cf03bbe4807361a74c427a46ad329065f75e30/issue2569_theory/analysis_tensors/der/judge_cache/6113e6656d5d73db.json
issue2569_theory,issue2569_theory/analysis_tensors/der/judge_cache/61944b1ff3a38d6f.json,90,a5cf03bbe4807361a74c427a46ad329065f75e30,91a3195e7beed9fe85eaec7521d3459fa0b66748,,https://huggingface.co/datasets/superkaiba1/explore-persona-space-data/blob/a5cf03bbe4807361a74c427a46ad329065f75e30/issue2569_theory/analysis_tensors/der/judge_cache/61944b1ff3a38d6f.json,https://huggingface.co/datasets/superkaiba1/explore-persona-space-data/resolve/a5cf03bbe4807361a74c427a46ad329065f75e30/issue2569_theory/analysis_tensors/der/judge_cache/61944b1ff3a38d6f.json
issue2569_theory,issue2569_theory/analysis_tensors/der/judge_cache/619f637e9cf46e24.json,90,a5cf03bbe4807361a74c427a46ad329065f75e30,2fbfcab5331849288557f0a6d4264019545b0b77,,https://huggingface.co/datasets/superkaiba1/explore-persona-space-data/blob/a5cf03bbe4807361a74c427a46ad329065f75e30/issue2569_theory/analysis_tensors/der/judge_cache/619f637e9cf46e24.json,https://huggingface.co/datasets/superkaiba1/explore-persona-space-data/resolve/a5cf03bbe4807361a74c427a46ad329065f75e30/issue2569_theory/analysis_tensors/der/judge_cache/619f637e9cf46e24.json
issue2569_theory,issue2569_theory/analysis_tensors/der/judge_cache/624c3125dbdc0a7a.json,90,a5cf03bbe4807361a74c427a46ad329065f75e30,691478468cec3eccf2fa58b4cc3be87faac0ee5e,,https://huggingface.co/datasets/superkaiba1/explore-persona-space-data/blob/a5cf03bbe4807361a74c427a46ad329065f75e30/issue2569_theory/analysis_tensors/der/judge_cache/624c3125dbdc0a7a.json,https://huggingface.co/datasets/superkaiba1/explore-persona-space-data/resolve/a5cf03bbe4807361a74c427a46ad329065f75e30/issue2569_theory/analysis_tensors/der/judge_cache/624c3125dbdc0a7a.json
issue2569_theory,issue2569_theory/analysis_tensors/der/judge_cache/62e62796191e304b.json,90,a5cf03bbe4807361a74c427a46ad329065f75e30,27e8c0a33432c6bb37a43f94314657c722033d54,,https://huggingface.co/datasets/superkaiba1/explore-persona-space-data/blob/a5cf03bbe4807361a74c427a46ad329065f75e30/issue2569_theory/analysis_tensors/der/judge_cache/62e62796191e304b.json,https://huggingface.co/datasets/superkaiba1/explore-persona-space-data/resolve/a5cf03bbe4807361a74c427a46ad329065f75e30/issue2569_theory/analysis_tensors/der/judge_cache/62e62796191e304b.json
issue2569_theory,issue2569_theory/analysis_tensors/der/judge_cache/639aa7846a330738.json,90,a5cf03bbe4807361a74c427a46ad329065f75e30,691478468cec3eccf2fa58b4cc3be87faac0ee5e,,https://huggingface.co/datasets/superkaiba1/explore-persona-space-data/blob/a5cf03bbe4807361a74c427a46ad329065f75e30/issue2569_theory/analysis_tensors/der/judge_cache/639aa7846a330738.json,https://huggingface.co/datasets/superkaiba1/explore-persona-space-data/resolve/a5cf03bbe4807361a74c427a46ad329065f75e30/issue2569_theory/analysis_tensors/der/judge_cache/639aa7846a330738.json
issue2569_theory,issue2569_theory/analysis_tensors/der/judge_cache/63f79185762a5741.json,90,a5cf03bbe4807361a74c427a46ad329065f75e30,27e8c0a33432c6bb37a43f94314657c722033d54,,https://huggingface.co/datasets/superkaiba1/explore-persona-space-data/blob/a5cf03bbe4807361a74c427a46ad329065f75e30/issue2569_theory/analysis_tensors/der/judge_cache/63f79185762a5741.json,https://huggingface.co/datasets/superkaiba1/explore-persona-space-data/resolve/a5cf03bbe4807361a74c427a46ad329065f75e30/issue2569_theory/analysis_tensors/der/judge_cache/63f79185762a5741.json
issue2569_theory,issue2569_theory/analysis_tensors/der/judge_cache/64127aca729e2270.json,90,a5cf03bbe4807361a74c427a46ad329065f75e30,2fbfcab5331849288557f0a6d4264019545b0b77,,https://huggingface.co/datasets/superkaiba1/explore-persona-space-data/blob/a5cf03bbe4807361a74c427a46ad329065f75e30/issue2569_theory/analysis_tensors/der/judge_cache/64127aca729e2270.json,https://huggingface.co/datasets/superkaiba1/explore-persona-space-data/resolve/a5cf03bbe4807361a74c427a46ad329065f75e30/issue2569_theory/analysis_tensors/der/judge_cache/64127aca729e2270.json
issue2569_theory,issue2569_theory/analysis_tensors/der/judge_cache/641b3d01972f3676.json,90,a5cf03bbe4807361a74c427a46ad329065f75e30,20439a5b729eed123b59efaa456ee21a769f48bb,,https://huggingface.co/datasets/superkaiba1/explore-persona-space-data/blob/a5cf03bbe4807361a74c427a46ad329065f75e30/issue2569_theory/analysis_tensors/der/judge_cache/641b3d01972f3676.json,https://huggingface.co/datasets/superkaiba1/explore-persona-space-data/resolve/a5cf03bbe4807361a74c427a46ad329065f75e30/issue2569_theory/analysis_tensors/der/judge_cache/641b3d01972f3676.json
issue2569_theory,issue2569_theory/analysis_tensors/der/judge_cache/6575f75df73311c4.json,90,a5cf03bbe4807361a74c427a46ad329065f75e30,27e8c0a33432c6bb37a43f94314657c722033d54,,https://huggingface.co/datasets/superkaiba1/explore-persona-space-data/blob/a5cf03bbe4807361a74c427a46ad329065f75e30/issue2569_theory/analysis_tensors/der/judge_cache/6575f75df73311c4.json,https://huggingface.co/datasets/superkaiba1/explore-persona-space-data/resolve/a5cf03bbe4807361a74c427a46ad329065f75e30/issue2569_theory/analysis_tensors/der/judge_cache/6575f75df73311c4.json
issue2569_theory,issue2569_theory/analysis_tensors/der/judge_cache/6578e441ac652b11.json,90,a5cf03bbe4807361a74c427a46ad329065f75e30,55e4015bd5fe754bad0adb87f8a5064a80745bbc,,https://huggingface.co/datasets/superkaiba1/explore-persona-space-data/blob/a5cf03bbe4807361a74c427a46ad329065f75e30/issue2569_theory/analysis_tensors/der/judge_cache/6578e441ac652b11.json,https://huggingface.co/datasets/superkaiba1/explore-persona-space-data/resolve/a5cf03bbe4807361a74c427a46ad329065f75e30/issue2569_theory/analysis_tensors/der/judge_cache/6578e441ac652b11.json
issue2569_theory,issue2569_theory/analysis_tensors/der/judge_cache/668162a38b40d025.json,90,a5cf03bbe4807361a74c427a46ad329065f75e30,2fbfcab5331849288557f0a6d4264019545b0b77,,https://huggingface.co/datasets/superkaiba1/explore-persona-space-data/blob/a5cf03bbe4807361a74c427a46ad329065f75e30/issue2569_theory/analysis_tensors/der/judge_cache/668162a38b40d025.json,https://huggingface.co/datasets/superkaiba1/explore-persona-space-data/resolve/a5cf03bbe4807361a74c427a46ad329065f75e30/issue2569_theory/analysis_tensors/der/judge_cache/668162a38b40d025.json
issue2569_theory,issue2569_theory/analysis_tensors/der/judge_cache/67764a30598a6bdb.json,90,a5cf03bbe4807361a74c427a46ad329065f75e30,2fbfcab5331849288557f0a6d4264019545b0b77,,https://huggingface.co/datasets/superkaiba1/explore-persona-space-data/blob/a5cf03bbe4807361a74c427a46ad329065f75e30/issue2569_theory/analysis_tensors/der/judge_cache/67764a30598a6bdb.json,https://huggingface.co/datasets/superkaiba1/explore-persona-space-data/resolve/a5cf03bbe4807361a74c427a46ad329065f75e30/issue2569_theory/analysis_tensors/der/judge_cache/67764a30598a6bdb.json
issue2569_theory,issue2569_theory/analysis_tensors/der/judge_cache/67a79f1078a4f9f8.json,90,a5cf03bbe4807361a74c427a46ad329065f75e30,2fbfcab5331849288557f0a6d4264019545b0b77,,https://huggingface.co/datasets/superkaiba1/explore-persona-space-data/blob/a5cf03bbe4807361a74c427a46ad329065f75e30/issue2569_theory/analysis_tensors/der/judge_cache/67a79f1078a4f9f8.json,https://huggingface.co/datasets/superkaiba1/explore-persona-space-data/resolve/a5cf03bbe4807361a74c427a46ad329065f75e30/issue2569_theory/analysis_tensors/der/judge_cache/67a79f1078a4f9f8.json
issue2569_theory,issue2569_theory/analysis_tensors/der/judge_cache/67d325b3edd3a477.json,90,a5cf03bbe4807361a74c427a46ad329065f75e30,27e8c0a33432c6bb37a43f94314657c722033d54,,https://huggingface.co/datasets/superkaiba1/explore-persona-space-data/blob/a5cf03bbe4807361a74c427a46ad329065f75e30/issue2569_theory/analysis_tensors/der/judge_cache/67d325b3edd3a477.json,https://huggingface.co/datasets/superkaiba1/explore-persona-space-data/resolve/a5cf03bbe4807361a74c427a46ad329065f75e30/issue2569_theory/analysis_tensors/der/judge_cache/67d325b3edd3a477.json
issue2569_theory,issue2569_theory/analysis_tensors/der/judge_cache/68680b05b88c1a27.json,90,a5cf03bbe4807361a74c427a46ad329065f75e30,27e8c0a33432c6bb37a43f94314657c722033d54,,https://huggingface.co/datasets/superkaiba1/explore-persona-space-data/blob/a5cf03bbe4807361a74c427a46ad329065f75e30/issue2569_theory/analysis_tensors/der/judge_cache/68680b05b88c1a27.json,https://huggingface.co/datasets/superkaiba1/explore-persona-space-data/resolve/a5cf03bbe4807361a74c427a46ad329065f75e30/issue2569_theory/analysis_tensors/der/judge_cache/68680b05b88c1a27.json
issue2569_theory,issue2569_theory/analysis_tensors/der/judge_cache/687cd92c4b0b68ea.json,90,a5cf03bbe4807361a74c427a46ad329065f75e30,27e8c0a33432c6bb37a43f94314657c722033d54,,https://huggingface.co/datasets/superkaiba1/explore-persona-space-data/blob/a5cf03bbe4807361a74c427a46ad329065f75e30/issue2569_theory/analysis_tensors/der/judge_cache/687cd92c4b0b68ea.json,https://huggingface.co/datasets/superkaiba1/explore-persona-space-data/resolve/a5cf03bbe4807361a74c427a46ad329065f75e30/issue2569_theory/analysis_tensors/der/judge_cache/687cd92c4b0b68ea.json
issue2569_theory,issue2569_theory/analysis_tensors/der/judge_cache/699b574a16e5f462.json,90,a5cf03bbe4807361a74c427a46ad329065f75e30,55e4015bd5fe754bad0adb87f8a5064a80745bbc,,https://huggingface.co/datasets/superkaiba1/explore-persona-space-data/blob/a5cf03bbe4807361a74c427a46ad329065f75e30/issue2569_theory/analysis_tensors/der/judge_cache/699b574a16e5f462.json,https://huggingface.co/datasets/superkaiba1/explore-persona-space-data/resolve/a5cf03bbe4807361a74c427a46ad329065f75e30/issue2569_theory/analysis_tensors/der/judge_cache/699b574a16e5f462.json
issue2569_theory,issue2569_theory/analysis_tensors/der/judge_cache/69f83d20db68fd03.json,90,a5cf03bbe4807361a74c427a46ad329065f75e30,dbb8a1fc6f6ce575a95cdcf9c7dabb63937e2f06,,https://huggingface.co/datasets/superkaiba1/explore-persona-space-data/blob/a5cf03bbe4807361a74c427a46ad329065f75e30/issue2569_theory/analysis_tensors/der/judge_cache/69f83d20db68fd03.json,https://huggingface.co/datasets/superkaiba1/explore-persona-space-data/resolve/a5cf03bbe4807361a74c427a46ad329065f75e30/issue2569_theory/analysis_tensors/der/judge_cache/69f83d20db68fd03.json
issue2569_theory,issue2569_theory/analysis_tensors/der/judge_cache/6a79f21f071d1c00.json,90,a5cf03bbe4807361a74c427a46ad329065f75e30,2fbfcab5331849288557f0a6d4264019545b0b77,,https://huggingface.co/datasets/superkaiba1/explore-persona-space-data/blob/a5cf03bbe4807361a74c427a46ad329065f75e30/issue2569_theory/analysis_tensors/der/judge_cache/6a79f21f071d1c00.json,https://huggingface.co/datasets/superkaiba1/explore-persona-space-data/resolve/a5cf03bbe4807361a74c427a46ad329065f75e30/issue2569_theory/analysis_tensors/der/judge_cache/6a79f21f071d1c00.json
issue2569_theory,issue2569_theory/analysis_tensors/der/judge_cache/6a9d8b82e15433d6.json,90,a5cf03bbe4807361a74c427a46ad329065f75e30,8b47781f3e204a598867d4331c17496998a5868a,,https://huggingface.co/datasets/superkaiba1/explore-persona-space-data/blob/a5cf03bbe4807361a74c427a46ad329065f75e30/issue2569_theory/analysis_tensors/der/judge_cache/6a9d8b82e15433d6.json,https://huggingface.co/datasets/superkaiba1/explore-persona-space-data/resolve/a5cf03bbe4807361a74c427a46ad329065f75e30/issue2569_theory/analysis_tensors/der/judge_cache/6a9d8b82e15433d6.json
issue2569_theory,issue2569_theory/analysis_tensors/der/judge_cache/6b29a6e26a725894.json,90,a5cf03bbe4807361a74c427a46ad329065f75e30,691478468cec3eccf2fa58b4cc3be87faac0ee5e,,https://huggingface.co/datasets/superkaiba1/explore-persona-space-data/blob/a5cf03bbe4807361a74c427a46ad329065f75e30/issue2569_theory/analysis_tensors/der/judge_cache/6b29a6e26a725894.json,https://huggingface.co/datasets/superkaiba1/explore-persona-space-data/resolve/a5cf03bbe4807361a74c427a46ad329065f75e30/issue2569_theory/analysis_tensors/der/judge_cache/6b29a6e26a725894.json
issue2569_theory,issue2569_theory/analysis_tensors/der/judge_cache/6cb02851bfb1192b.json,90,a5cf03bbe4807361a74c427a46ad329065f75e30,91a3195e7beed9fe85eaec7521d3459fa0b66748,,https://huggingface.co/datasets/superkaiba1/explore-persona-space-data/blob/a5cf03bbe4807361a74c427a46ad329065f75e30/issue2569_theory/analysis_tensors/der/judge_cache/6cb02851bfb1192b.json,https://huggingface.co/datasets/superkaiba1/explore-persona-space-data/resolve/a5cf03bbe4807361a74c427a46ad329065f75e30/issue2569_theory/analysis_tensors/der/judge_cache/6cb02851bfb1192b.json
issue2569_theory,issue2569_theory/analysis_tensors/der/judge_cache/6cc442d88e3b11b1.json,90,a5cf03bbe4807361a74c427a46ad329065f75e30,c2ad50567ce32e6cee0d5c6b3e4cc195da7957c0,,https://huggingface.co/datasets/superkaiba1/explore-persona-space-data/blob/a5cf03bbe4807361a74c427a46ad329065f75e30/issue2569_theory/analysis_tensors/der/judge_cache/6cc442d88e3b11b1.json,https://huggingface.co/datasets/superkaiba1/explore-persona-space-data/resolve/a5cf03bbe4807361a74c427a46ad329065f75e30/issue2569_theory/analysis_tensors/der/judge_cache/6cc442d88e3b11b1.json
issue2569_theory,issue2569_theory/analysis_tensors/der/judge_cache/6cd378a6605d1da4.json,90,a5cf03bbe4807361a74c427a46ad329065f75e30,2fbfcab5331849288557f0a6d4264019545b0b77,,https://huggingface.co/datasets/superkaiba1/explore-persona-space-data/blob/a5cf03bbe4807361a74c427a46ad329065f75e30/issue2569_theory/analysis_tensors/der/judge_cache/6cd378a6605d1da4.json,https://huggingface.co/datasets/superkaiba1/explore-persona-space-data/resolve/a5cf03bbe4807361a74c427a46ad329065f75e30/issue2569_theory/analysis_tensors/der/judge_cache/6cd378a6605d1da4.json
issue2569_theory,issue2569_theory/analysis_tensors/der/judge_cache/6d0069827273a86e.json,90,a5cf03bbe4807361a74c427a46ad329065f75e30,55e4015bd5fe754bad0adb87f8a5064a80745bbc,,https://huggingface.co/datasets/superkaiba1/explore-persona-space-data/blob/a5cf03bbe4807361a74c427a46ad329065f75e30/issue2569_theory/analysis_tensors/der/judge_cache/6d0069827273a86e.json,https://huggingface.co/datasets/superkaiba1/explore-persona-space-data/resolve/a5cf03bbe4807361a74c427a46ad329065f75e30/issue2569_theory/analysis_tensors/der/judge_cache/6d0069827273a86e.json
issue2569_theory,issue2569_theory/analysis_tensors/der/judge_cache/6db1bd10b5a0ac07.json,90,a5cf03bbe4807361a74c427a46ad329065f75e30,8b47781f3e204a598867d4331c17496998a5868a,,https://huggingface.co/datasets/superkaiba1/explore-persona-space-data/blob/a5cf03bbe4807361a74c427a46ad329065f75e30/issue2569_theory/analysis_tensors/der/judge_cache/6db1bd10b5a0ac07.json,https://huggingface.co/datasets/superkaiba1/explore-persona-space-data/resolve/a5cf03bbe4807361a74c427a46ad329065f75e30/issue2569_theory/analysis_tensors/der/judge_cache/6db1bd10b5a0ac07.json
issue2569_theory,issue2569_theory/analysis_tensors/der/judge_cache/6dd3a908e1184b67.json,90,a5cf03bbe4807361a74c427a46ad329065f75e30,2fbfcab5331849288557f0a6d4264019545b0b77,,https://huggingface.co/datasets/superkaiba1/explore-persona-space-data/blob/a5cf03bbe4807361a74c427a46ad329065f75e30/issue2569_theory/analysis_tensors/der/judge_cache/6dd3a908e1184b67.json,https://huggingface.co/datasets/superkaiba1/explore-persona-space-data/resolve/a5cf03bbe4807361a74c427a46ad329065f75e30/issue2569_theory/analysis_tensors/der/judge_cache/6dd3a908e1184b67.json
issue2569_theory,issue2569_theory/analysis_tensors/der/judge_cache/6e32719c09db2fd4.json,90,a5cf03bbe4807361a74c427a46ad329065f75e30,27e8c0a33432c6bb37a43f94314657c722033d54,,https://huggingface.co/datasets/superkaiba1/explore-persona-space-data/blob/a5cf03bbe4807361a74c427a46ad329065f75e30/issue2569_theory/analysis_tensors/der/judge_cache/6e32719c09db2fd4.json,https://huggingface.co/datasets/superkaiba1/explore-persona-space-data/resolve/a5cf03bbe4807361a74c427a46ad329065f75e30/issue2569_theory/analysis_tensors/der/judge_cache/6e32719c09db2fd4.json
issue2569_theory,issue2569_theory/analysis_tensors/der/judge_cache/6f3da946b8ffb56a.json,90,a5cf03bbe4807361a74c427a46ad329065f75e30,691478468cec3eccf2fa58b4cc3be87faac0ee5e,,https://huggingface.co/datasets/superkaiba1/explore-persona-space-data/blob/a5cf03bbe4807361a74c427a46ad329065f75e30/issue2569_theory/analysis_tensors/der/judge_cache/6f3da946b8ffb56a.json,https://huggingface.co/datasets/superkaiba1/explore-persona-space-data/resolve/a5cf03bbe4807361a74c427a46ad329065f75e30/issue2569_theory/analysis_tensors/der/judge_cache/6f3da946b8ffb56a.json
issue2569_theory,issue2569_theory/analysis_tensors/der/judge_cache/6f5ad22f05b5f9ff.json,90,a5cf03bbe4807361a74c427a46ad329065f75e30,551490f23b969c5c7980d5e5b28f5305887b39ee,,https://huggingface.co/datasets/superkaiba1/explore-persona-space-data/blob/a5cf03bbe4807361a74c427a46ad329065f75e30/issue2569_theory/analysis_tensors/der/judge_cache/6f5ad22f05b5f9ff.json,https://huggingface.co/datasets/superkaiba1/explore-persona-space-data/resolve/a5cf03bbe4807361a74c427a46ad329065f75e30/issue2569_theory/analysis_tensors/der/judge_cache/6f5ad22f05b5f9ff.json
issue2569_theory,issue2569_theory/analysis_tensors/der/judge_cache/6fbf4be33a3d9a41.json,90,a5cf03bbe4807361a74c427a46ad329065f75e30,691478468cec3eccf2fa58b4cc3be87faac0ee5e,,https://huggingface.co/datasets/superkaiba1/explore-persona-space-data/blob/a5cf03bbe4807361a74c427a46ad329065f75e30/issue2569_theory/analysis_tensors/der/judge_cache/6fbf4be33a3d9a41.json,https://huggingface.co/datasets/superkaiba1/explore-persona-space-data/resolve/a5cf03bbe4807361a74c427a46ad329065f75e30/issue2569_theory/analysis_tensors/der/judge_cache/6fbf4be33a3d9a41.json
issue2569_theory,issue2569_theory/analysis_tensors/der/judge_cache/703a4e68a80d593e.json,90,a5cf03bbe4807361a74c427a46ad329065f75e30,c2ad50567ce32e6cee0d5c6b3e4cc195da7957c0,,https://huggingface.co/datasets/superkaiba1/explore-persona-space-data/blob/a5cf03bbe4807361a74c427a46ad329065f75e30/issue2569_theory/analysis_tensors/der/judge_cache/703a4e68a80d593e.json,https://huggingface.co/datasets/superkaiba1/explore-persona-space-data/resolve/a5cf03bbe4807361a74c427a46ad329065f75e30/issue2569_theory/analysis_tensors/der/judge_cache/703a4e68a80d593e.json
issue2569_theory,issue2569_theory/analysis_tensors/der/judge_cache/716caf542a2e717e.json,90,a5cf03bbe4807361a74c427a46ad329065f75e30,91a3195e7beed9fe85eaec7521d3459fa0b66748,,https://huggingface.co/datasets/superkaiba1/explore-persona-space-data/blob/a5cf03bbe4807361a74c427a46ad329065f75e30/issue2569_theory/analysis_tensors/der/judge_cache/716caf542a2e717e.json,https://huggingface.co/datasets/superkaiba1/explore-persona-space-data/resolve/a5cf03bbe4807361a74c427a46ad329065f75e30/issue2569_theory/analysis_tensors/der/judge_cache/716caf542a2e717e.json
issue2569_theory,issue2569_theory/analysis_tensors/der/judge_cache/7198531da59f8a71.json,90,a5cf03bbe4807361a74c427a46ad329065f75e30,91a3195e7beed9fe85eaec7521d3459fa0b66748,,https://huggingface.co/datasets/superkaiba1/explore-persona-space-data/blob/a5cf03bbe4807361a74c427a46ad329065f75e30/issue2569_theory/analysis_tensors/der/judge_cache/7198531da59f8a71.json,https://huggingface.co/datasets/superkaiba1/explore-persona-space-data/resolve/a5cf03bbe4807361a74c427a46ad329065f75e30/issue2569_theory/analysis_tensors/der/judge_cache/7198531da59f8a71.json
issue2569_theory,issue2569_theory/analysis_tensors/der/judge_cache/72c5b30ec9245dfd.json,90,a5cf03bbe4807361a74c427a46ad329065f75e30,20439a5b729eed123b59efaa456ee21a769f48bb,,https://huggingface.co/datasets/superkaiba1/explore-persona-space-data/blob/a5cf03bbe4807361a74c427a46ad329065f75e30/issue2569_theory/analysis_tensors/der/judge_cache/72c5b30ec9245dfd.json,https://huggingface.co/datasets/superkaiba1/explore-persona-space-data/resolve/a5cf03bbe4807361a74c427a46ad329065f75e30/issue2569_theory/analysis_tensors/der/judge_cache/72c5b30ec9245dfd.json
issue2569_theory,issue2569_theory/analysis_tensors/der/judge_cache/72ded8d60e240603.json,90,a5cf03bbe4807361a74c427a46ad329065f75e30,91a3195e7beed9fe85eaec7521d3459fa0b66748,,https://huggingface.co/datasets/superkaiba1/explore-persona-space-data/blob/a5cf03bbe4807361a74c427a46ad329065f75e30/issue2569_theory/analysis_tensors/der/judge_cache/72ded8d60e240603.json,https://huggingface.co/datasets/superkaiba1/explore-persona-space-data/resolve/a5cf03bbe4807361a74c427a46ad329065f75e30/issue2569_theory/analysis_tensors/der/judge_cache/72ded8d60e240603.json
issue2569_theory,issue2569_theory/analysis_tensors/der/judge_cache/73b44740c1aae22b.json,90,a5cf03bbe4807361a74c427a46ad329065f75e30,c2ad50567ce32e6cee0d5c6b3e4cc195da7957c0,,https://huggingface.co/datasets/superkaiba1/explore-persona-space-data/blob/a5cf03bbe4807361a74c427a46ad329065f75e30/issue2569_theory/analysis_tensors/der/judge_cache/73b44740c1aae22b.json,https://huggingface.co/datasets/superkaiba1/explore-persona-space-data/resolve/a5cf03bbe4807361a74c427a46ad329065f75e30/issue2569_theory/analysis_tensors/der/judge_cache/73b44740c1aae22b.json
issue2569_theory,issue2569_theory/analysis_tensors/der/judge_cache/7435c63c11be20e1.json,90,a5cf03bbe4807361a74c427a46ad329065f75e30,551490f23b969c5c7980d5e5b28f5305887b39ee,,https://huggingface.co/datasets/superkaiba1/explore-persona-space-data/blob/a5cf03bbe4807361a74c427a46ad329065f75e30/issue2569_theory/analysis_tensors/der/judge_cache/7435c63c11be20e1.json,https://huggingface.co/datasets/superkaiba1/explore-persona-space-data/resolve/a5cf03bbe4807361a74c427a46ad329065f75e30/issue2569_theory/analysis_tensors/der/judge_cache/7435c63c11be20e1.json
issue2569_theory,issue2569_theory/analysis_tensors/der/judge_cache/746cce231478d5ff.json,90,a5cf03bbe4807361a74c427a46ad329065f75e30,91a3195e7beed9fe85eaec7521d3459fa0b66748,,https://huggingface.co/datasets/superkaiba1/explore-persona-space-data/blob/a5cf03bbe4807361a74c427a46ad329065f75e30/issue2569_theory/analysis_tensors/der/judge_cache/746cce231478d5ff.json,https://huggingface.co/datasets/superkaiba1/explore-persona-space-data/resolve/a5cf03bbe4807361a74c427a46ad329065f75e30/issue2569_theory/analysis_tensors/der/judge_cache/746cce231478d5ff.json
issue2569_theory,issue2569_theory/analysis_tensors/der/judge_cache/74b2644c9b7d1a8d.json,90,a5cf03bbe4807361a74c427a46ad329065f75e30,c2ad50567ce32e6cee0d5c6b3e4cc195da7957c0,,https://huggingface.co/datasets/superkaiba1/explore-persona-space-data/blob/a5cf03bbe4807361a74c427a46ad329065f75e30/issue2569_theory/analysis_tensors/der/judge_cache/74b2644c9b7d1a8d.json,https://huggingface.co/datasets/superkaiba1/explore-persona-space-data/resolve/a5cf03bbe4807361a74c427a46ad329065f75e30/issue2569_theory/analysis_tensors/der/judge_cache/74b2644c9b7d1a8d.json
issue2569_theory,issue2569_theory/analysis_tensors/der/judge_cache/74cb60a7deddfaec.json,90,a5cf03bbe4807361a74c427a46ad329065f75e30,c2ad50567ce32e6cee0d5c6b3e4cc195da7957c0,,https://huggingface.co/datasets/superkaiba1/explore-persona-space-data/blob/a5cf03bbe4807361a74c427a46ad329065f75e30/issue2569_theory/analysis_tensors/der/judge_cache/74cb60a7deddfaec.json,https://huggingface.co/datasets/superkaiba1/explore-persona-space-data/resolve/a5cf03bbe4807361a74c427a46ad329065f75e30/issue2569_theory/analysis_tensors/der/judge_cache/74cb60a7deddfaec.json
issue2569_theory,issue2569_theory/analysis_tensors/der/judge_cache/74d95f5c8314ccae.json,90,a5cf03bbe4807361a74c427a46ad329065f75e30,2fbfcab5331849288557f0a6d4264019545b0b77,,https://huggingface.co/datasets/superkaiba1/explore-persona-space-data/blob/a5cf03bbe4807361a74c427a46ad329065f75e30/issue2569_theory/analysis_tensors/der/judge_cache/74d95f5c8314ccae.json,https://huggingface.co/datasets/superkaiba1/explore-persona-space-data/resolve/a5cf03bbe4807361a74c427a46ad329065f75e30/issue2569_theory/analysis_tensors/der/judge_cache/74d95f5c8314ccae.json
issue2569_theory,issue2569_theory/analysis_tensors/der/judge_cache/754869294682592d.json,90,a5cf03bbe4807361a74c427a46ad329065f75e30,91a3195e7beed9fe85eaec7521d3459fa0b66748,,https://huggingface.co/datasets/superkaiba1/explore-persona-space-data/blob/a5cf03bbe4807361a74c427a46ad329065f75e30/issue2569_theory/analysis_tensors/der/judge_cache/754869294682592d.json,https://huggingface.co/datasets/superkaiba1/explore-persona-space-data/resolve/a5cf03bbe4807361a74c427a46ad329065f75e30/issue2569_theory/analysis_tensors/der/judge_cache/754869294682592d.json
issue2569_theory,issue2569_theory/analysis_tensors/der/judge_cache/7595a350671ee955.json,90,a5cf03bbe4807361a74c427a46ad329065f75e30,20439a5b729eed123b59efaa456ee21a769f48bb,,https://huggingface.co/datasets/superkaiba1/explore-persona-space-data/blob/a5cf03bbe4807361a74c427a46ad329065f75e30/issue2569_theory/analysis_tensors/der/judge_cache/7595a350671ee955.json,https://huggingface.co/datasets/superkaiba1/explore-persona-space-data/resolve/a5cf03bbe4807361a74c427a46ad329065f75e30/issue2569_theory/analysis_tensors/der/judge_cache/7595a350671ee955.json
issue2569_theory,issue2569_theory/analysis_tensors/der/judge_cache/75b61e3ec7675ade.json,90,a5cf03bbe4807361a74c427a46ad329065f75e30,c2ad50567ce32e6cee0d5c6b3e4cc195da7957c0,,https://huggingface.co/datasets/superkaiba1/explore-persona-space-data/blob/a5cf03bbe4807361a74c427a46ad329065f75e30/issue2569_theory/analysis_tensors/der/judge_cache/75b61e3ec7675ade.json,https://huggingface.co/datasets/superkaiba1/explore-persona-space-data/resolve/a5cf03bbe4807361a74c427a46ad329065f75e30/issue2569_theory/analysis_tensors/der/judge_cache/75b61e3ec7675ade.json
issue2569_theory,issue2569_theory/analysis_tensors/der/judge_cache/75f0ece924b3dd1a.json,90,a5cf03bbe4807361a74c427a46ad329065f75e30,91a3195e7beed9fe85eaec7521d3459fa0b66748,,https://huggingface.co/datasets/superkaiba1/explore-persona-space-data/blob/a5cf03bbe4807361a74c427a46ad329065f75e30/issue2569_theory/analysis_tensors/der/judge_cache/75f0ece924b3dd1a.json,https://huggingface.co/datasets/superkaiba1/explore-persona-space-data/resolve/a5cf03bbe4807361a74c427a46ad329065f75e30/issue2569_theory/analysis_tensors/der/judge_cache/75f0ece924b3dd1a.json
issue2569_theory,issue2569_theory/analysis_tensors/der/judge_cache/7727a7fb9ea17986.json,90,a5cf03bbe4807361a74c427a46ad329065f75e30,dbb8a1fc6f6ce575a95cdcf9c7dabb63937e2f06,,https://huggingface.co/datasets/superkaiba1/explore-persona-space-data/blob/a5cf03bbe4807361a74c427a46ad329065f75e30/issue2569_theory/analysis_tensors/der/judge_cache/7727a7fb9ea17986.json,https://huggingface.co/datasets/superkaiba1/explore-persona-space-data/resolve/a5cf03bbe4807361a74c427a46ad329065f75e30/issue2569_theory/analysis_tensors/der/judge_cache/7727a7fb9ea17986.json
issue2569_theory,issue2569_theory/analysis_tensors/der/judge_cache/7732674f9650b98d.json,90,a5cf03bbe4807361a74c427a46ad329065f75e30,c2ad50567ce32e6cee0d5c6b3e4cc195da7957c0,,https://huggingface.co/datasets/superkaiba1/explore-persona-space-data/blob/a5cf03bbe4807361a74c427a46ad329065f75e30/issue2569_theory/analysis_tensors/der/judge_cache/7732674f9650b98d.json,https://huggingface.co/datasets/superkaiba1/explore-persona-space-data/resolve/a5cf03bbe4807361a74c427a46ad329065f75e30/issue2569_theory/analysis_tensors/der/judge_cache/7732674f9650b98d.json
issue2569_theory,issue2569_theory/analysis_tensors/der/judge_cache/785bb2c02c726f79.json,90,a5cf03bbe4807361a74c427a46ad329065f75e30,551490f23b969c5c7980d5e5b28f5305887b39ee,,https://huggingface.co/datasets/superkaiba1/explore-persona-space-data/blob/a5cf03bbe4807361a74c427a46ad329065f75e30/issue2569_theory/analysis_tensors/der/judge_cache/785bb2c02c726f79.json,https://huggingface.co/datasets/superkaiba1/explore-persona-space-data/resolve/a5cf03bbe4807361a74c427a46ad329065f75e30/issue2569_theory/analysis_tensors/der/judge_cache/785bb2c02c726f79.json
issue2569_theory,issue2569_theory/analysis_tensors/der/judge_cache/7981a8a42b6d6bbc.json,90,a5cf03bbe4807361a74c427a46ad329065f75e30,c2ad50567ce32e6cee0d5c6b3e4cc195da7957c0,,https://huggingface.co/datasets/superkaiba1/explore-persona-space-data/blob/a5cf03bbe4807361a74c427a46ad329065f75e30/issue2569_theory/analysis_tensors/der/judge_cache/7981a8a42b6d6bbc.json,https://huggingface.co/datasets/superkaiba1/explore-persona-space-data/resolve/a5cf03bbe4807361a74c427a46ad329065f75e30/issue2569_theory/analysis_tensors/der/judge_cache/7981a8a42b6d6bbc.json
issue2569_theory,issue2569_theory/analysis_tensors/der/judge_cache/7ae4f0ac289f8b46.json,90,a5cf03bbe4807361a74c427a46ad329065f75e30,20439a5b729eed123b59efaa456ee21a769f48bb,,https://huggingface.co/datasets/superkaiba1/explore-persona-space-data/blob/a5cf03bbe4807361a74c427a46ad329065f75e30/issue2569_theory/analysis_tensors/der/judge_cache/7ae4f0ac289f8b46.json,https://huggingface.co/datasets/superkaiba1/explore-persona-space-data/resolve/a5cf03bbe4807361a74c427a46ad329065f75e30/issue2569_theory/analysis_tensors/der/judge_cache/7ae4f0ac289f8b46.json
issue2569_theory,issue2569_theory/analysis_tensors/der/judge_cache/7c575f0ac89102b1.json,90,a5cf03bbe4807361a74c427a46ad329065f75e30,8b47781f3e204a598867d4331c17496998a5868a,,https://huggingface.co/datasets/superkaiba1/explore-persona-space-data/blob/a5cf03bbe4807361a74c427a46ad329065f75e30/issue2569_theory/analysis_tensors/der/judge_cache/7c575f0ac89102b1.json,https://huggingface.co/datasets/superkaiba1/explore-persona-space-data/resolve/a5cf03bbe4807361a74c427a46ad329065f75e30/issue2569_theory/analysis_tensors/der/judge_cache/7c575f0ac89102b1.json
issue2569_theory,issue2569_theory/analysis_tensors/der/judge_cache/7c9da9ca9573b835.json,90,a5cf03bbe4807361a74c427a46ad329065f75e30,91a3195e7beed9fe85eaec7521d3459fa0b66748,,https://huggingface.co/datasets/superkaiba1/explore-persona-space-data/blob/a5cf03bbe4807361a74c427a46ad329065f75e30/issue2569_theory/analysis_tensors/der/judge_cache/7c9da9ca9573b835.json,https://huggingface.co/datasets/superkaiba1/explore-persona-space-data/resolve/a5cf03bbe4807361a74c427a46ad329065f75e30/issue2569_theory/analysis_tensors/der/judge_cache/7c9da9ca9573b835.json
issue2569_theory,issue2569_theory/analysis_tensors/der/judge_cache/7cb68cfae6f10b9a.json,90,a5cf03bbe4807361a74c427a46ad329065f75e30,91a3195e7beed9fe85eaec7521d3459fa0b66748,,https://huggingface.co/datasets/superkaiba1/explore-persona-space-data/blob/a5cf03bbe4807361a74c427a46ad329065f75e30/issue2569_theory/analysis_tensors/der/judge_cache/7cb68cfae6f10b9a.json,https://huggingface.co/datasets/superkaiba1/explore-persona-space-data/resolve/a5cf03bbe4807361a74c427a46ad329065f75e30/issue2569_theory/analysis_tensors/der/judge_cache/7cb68cfae6f10b9a.json
issue2569_theory,issue2569_theory/analysis_tensors/der/judge_cache/7d9e373a18ea349c.json,90,a5cf03bbe4807361a74c427a46ad329065f75e30,dbb8a1fc6f6ce575a95cdcf9c7dabb63937e2f06,,https://huggingface.co/datasets/superkaiba1/explore-persona-space-data/blob/a5cf03bbe4807361a74c427a46ad329065f75e30/issue2569_theory/analysis_tensors/der/judge_cache/7d9e373a18ea349c.json,https://huggingface.co/datasets/superkaiba1/explore-persona-space-data/resolve/a5cf03bbe4807361a74c427a46ad329065f75e30/issue2569_theory/analysis_tensors/der/judge_cache/7d9e373a18ea349c.json
issue2569_theory,issue2569_theory/analysis_tensors/der/judge_cache/7dd9810c0131dd10.json,90,a5cf03bbe4807361a74c427a46ad329065f75e30,2fbfcab5331849288557f0a6d4264019545b0b77,,https://huggingface.co/datasets/superkaiba1/explore-persona-space-data/blob/a5cf03bbe4807361a74c427a46ad329065f75e30/issue2569_theory/analysis_tensors/der/judge_cache/7dd9810c0131dd10.json,https://huggingface.co/datasets/superkaiba1/explore-persona-space-data/resolve/a5cf03bbe4807361a74c427a46ad329065f75e30/issue2569_theory/analysis_tensors/der/judge_cache/7dd9810c0131dd10.json
issue2569_theory,issue2569_theory/analysis_tensors/der/judge_cache/7fee6ae075ad2bae.json,90,a5cf03bbe4807361a74c427a46ad329065f75e30,c2ad50567ce32e6cee0d5c6b3e4cc195da7957c0,,https://huggingface.co/datasets/superkaiba1/explore-persona-space-data/blob/a5cf03bbe4807361a74c427a46ad329065f75e30/issue2569_theory/analysis_tensors/der/judge_cache/7fee6ae075ad2bae.json,https://huggingface.co/datasets/superkaiba1/explore-persona-space-data/resolve/a5cf03bbe4807361a74c427a46ad329065f75e30/issue2569_theory/analysis_tensors/der/judge_cache/7fee6ae075ad2bae.json
issue2569_theory,issue2569_theory/analysis_tensors/der/judge_cache/809135239b5ab57b.json,90,a5cf03bbe4807361a74c427a46ad329065f75e30,2fbfcab5331849288557f0a6d4264019545b0b77,,https://huggingface.co/datasets/superkaiba1/explore-persona-space-data/blob/a5cf03bbe4807361a74c427a46ad329065f75e30/issue2569_theory/analysis_tensors/der/judge_cache/809135239b5ab57b.json,https://huggingface.co/datasets/superkaiba1/explore-persona-space-data/resolve/a5cf03bbe4807361a74c427a46ad329065f75e30/issue2569_theory/analysis_tensors/der/judge_cache/809135239b5ab57b.json
issue2569_theory,issue2569_theory/analysis_tensors/der/judge_cache/809b58cddaeb6cc6.json,90,a5cf03bbe4807361a74c427a46ad329065f75e30,2fbfcab5331849288557f0a6d4264019545b0b77,,https://huggingface.co/datasets/superkaiba1/explore-persona-space-data/blob/a5cf03bbe4807361a74c427a46ad329065f75e30/issue2569_theory/analysis_tensors/der/judge_cache/809b58cddaeb6cc6.json,https://huggingface.co/datasets/superkaiba1/explore-persona-space-data/resolve/a5cf03bbe4807361a74c427a46ad329065f75e30/issue2569_theory/analysis_tensors/der/judge_cache/809b58cddaeb6cc6.json
issue2569_theory,issue2569_theory/analysis_tensors/der/judge_cache/8115a5e7e93f5145.json,90,a5cf03bbe4807361a74c427a46ad329065f75e30,2fbfcab5331849288557f0a6d4264019545b0b77,,https://huggingface.co/datasets/superkaiba1/explore-persona-space-data/blob/a5cf03bbe4807361a74c427a46ad329065f75e30/issue2569_theory/analysis_tensors/der/judge_cache/8115a5e7e93f5145.json,https://huggingface.co/datasets/superkaiba1/explore-persona-space-data/resolve/a5cf03bbe4807361a74c427a46ad329065f75e30/issue2569_theory/analysis_tensors/der/judge_cache/8115a5e7e93f5145.json
issue2569_theory,issue2569_theory/analysis_tensors/der/judge_cache/8160ea759e495e5b.json,90,a5cf03bbe4807361a74c427a46ad329065f75e30,2fbfcab5331849288557f0a6d4264019545b0b77,,https://huggingface.co/datasets/superkaiba1/explore-persona-space-data/blob/a5cf03bbe4807361a74c427a46ad329065f75e30/issue2569_theory/analysis_tensors/der/judge_cache/8160ea759e495e5b.json,https://huggingface.co/datasets/superkaiba1/explore-persona-space-data/resolve/a5cf03bbe4807361a74c427a46ad329065f75e30/issue2569_theory/analysis_tensors/der/judge_cache/8160ea759e495e5b.json
issue2569_theory,issue2569_theory/analysis_tensors/der/judge_cache/833b20f34412415d.json,90,a5cf03bbe4807361a74c427a46ad329065f75e30,8b47781f3e204a598867d4331c17496998a5868a,,https://huggingface.co/datasets/superkaiba1/explore-persona-space-data/blob/a5cf03bbe4807361a74c427a46ad329065f75e30/issue2569_theory/analysis_tensors/der/judge_cache/833b20f34412415d.json,https://huggingface.co/datasets/superkaiba1/explore-persona-space-data/resolve/a5cf03bbe4807361a74c427a46ad329065f75e30/issue2569_theory/analysis_tensors/der/judge_cache/833b20f34412415d.json
issue2569_theory,issue2569_theory/analysis_tensors/der/judge_cache/835f020d13da0d73.json,90,a5cf03bbe4807361a74c427a46ad329065f75e30,91a3195e7beed9fe85eaec7521d3459fa0b66748,,https://huggingface.co/datasets/superkaiba1/explore-persona-space-data/blob/a5cf03bbe4807361a74c427a46ad329065f75e30/issue2569_theory/analysis_tensors/der/judge_cache/835f020d13da0d73.json,https://huggingface.co/datasets/superkaiba1/explore-persona-space-data/resolve/a5cf03bbe4807361a74c427a46ad329065f75e30/issue2569_theory/analysis_tensors/der/judge_cache/835f020d13da0d73.json
issue2569_theory,issue2569_theory/analysis_tensors/der/judge_cache/83ba5b062749c14b.json,90,a5cf03bbe4807361a74c427a46ad329065f75e30,c2ad50567ce32e6cee0d5c6b3e4cc195da7957c0,,https://huggingface.co/datasets/superkaiba1/explore-persona-space-data/blob/a5cf03bbe4807361a74c427a46ad329065f75e30/issue2569_theory/analysis_tensors/der/judge_cache/83ba5b062749c14b.json,https://huggingface.co/datasets/superkaiba1/explore-persona-space-data/resolve/a5cf03bbe4807361a74c427a46ad329065f75e30/issue2569_theory/analysis_tensors/der/judge_cache/83ba5b062749c14b.json
issue2569_theory,issue2569_theory/analysis_tensors/der/judge_cache/84f64a1417fe89f3.json,90,a5cf03bbe4807361a74c427a46ad329065f75e30,27e8c0a33432c6bb37a43f94314657c722033d54,,https://huggingface.co/datasets/superkaiba1/explore-persona-space-data/blob/a5cf03bbe4807361a74c427a46ad329065f75e30/issue2569_theory/analysis_tensors/der/judge_cache/84f64a1417fe89f3.json,https://huggingface.co/datasets/superkaiba1/explore-persona-space-data/resolve/a5cf03bbe4807361a74c427a46ad329065f75e30/issue2569_theory/analysis_tensors/der/judge_cache/84f64a1417fe89f3.json
issue2569_theory,issue2569_theory/analysis_tensors/der/judge_cache/8546db749c97bf2a.json,90,a5cf03bbe4807361a74c427a46ad329065f75e30,55e4015bd5fe754bad0adb87f8a5064a80745bbc,,https://huggingface.co/datasets/superkaiba1/explore-persona-space-data/blob/a5cf03bbe4807361a74c427a46ad329065f75e30/issue2569_theory/analysis_tensors/der/judge_cache/8546db749c97bf2a.json,https://huggingface.co/datasets/superkaiba1/explore-persona-space-data/resolve/a5cf03bbe4807361a74c427a46ad329065f75e30/issue2569_theory/analysis_tensors/der/judge_cache/8546db749c97bf2a.json
issue2569_theory,issue2569_theory/analysis_tensors/der/judge_cache/85a2d6a4c0b36fd2.json,90,a5cf03bbe4807361a74c427a46ad329065f75e30,55e4015bd5fe754bad0adb87f8a5064a80745bbc,,https://huggingface.co/datasets/superkaiba1/explore-persona-space-data/blob/a5cf03bbe4807361a74c427a46ad329065f75e30/issue2569_theory/analysis_tensors/der/judge_cache/85a2d6a4c0b36fd2.json,https://huggingface.co/datasets/superkaiba1/explore-persona-space-data/resolve/a5cf03bbe4807361a74c427a46ad329065f75e30/issue2569_theory/analysis_tensors/der/judge_cache/85a2d6a4c0b36fd2.json
issue2569_theory,issue2569_theory/analysis_tensors/der/judge_cache/85e0db8d67adf30f.json,90,a5cf03bbe4807361a74c427a46ad329065f75e30,551490f23b969c5c7980d5e5b28f5305887b39ee,,https://huggingface.co/datasets/superkaiba1/explore-persona-space-data/blob/a5cf03bbe4807361a74c427a46ad329065f75e30/issue2569_theory/analysis_tensors/der/judge_cache/85e0db8d67adf30f.json,https://huggingface.co/datasets/superkaiba1/explore-persona-space-data/resolve/a5cf03bbe4807361a74c427a46ad329065f75e30/issue2569_theory/analysis_tensors/der/judge_cache/85e0db8d67adf30f.json
issue2569_theory,issue2569_theory/analysis_tensors/der/judge_cache/864ef248be2e1417.json,90,a5cf03bbe4807361a74c427a46ad329065f75e30,20439a5b729eed123b59efaa456ee21a769f48bb,,https://huggingface.co/datasets/superkaiba1/explore-persona-space-data/blob/a5cf03bbe4807361a74c427a46ad329065f75e30/issue2569_theory/analysis_tensors/der/judge_cache/864ef248be2e1417.json,https://huggingface.co/datasets/superkaiba1/explore-persona-space-data/resolve/a5cf03bbe4807361a74c427a46ad329065f75e30/issue2569_theory/analysis_tensors/der/judge_cache/864ef248be2e1417.json
issue2569_theory,issue2569_theory/analysis_tensors/der/judge_cache/86943066822ff27c.json,90,a5cf03bbe4807361a74c427a46ad329065f75e30,691478468cec3eccf2fa58b4cc3be87faac0ee5e,,https://huggingface.co/datasets/superkaiba1/explore-persona-space-data/blob/a5cf03bbe4807361a74c427a46ad329065f75e30/issue2569_theory/analysis_tensors/der/judge_cache/86943066822ff27c.json,https://huggingface.co/datasets/superkaiba1/explore-persona-space-data/resolve/a5cf03bbe4807361a74c427a46ad329065f75e30/issue2569_theory/analysis_tensors/der/judge_cache/86943066822ff27c.json
issue2569_theory,issue2569_theory/analysis_tensors/der/judge_cache/86a9c2854417b780.json,90,a5cf03bbe4807361a74c427a46ad329065f75e30,c2ad50567ce32e6cee0d5c6b3e4cc195da7957c0,,https://huggingface.co/datasets/superkaiba1/explore-persona-space-data/blob/a5cf03bbe4807361a74c427a46ad329065f75e30/issue2569_theory/analysis_tensors/der/judge_cache/86a9c2854417b780.json,https://huggingface.co/datasets/superkaiba1/explore-persona-space-data/resolve/a5cf03bbe4807361a74c427a46ad329065f75e30/issue2569_theory/analysis_tensors/der/judge_cache/86a9c2854417b780.json
issue2569_theory,issue2569_theory/analysis_tensors/der/judge_cache/86b3e81999772af8.json,90,a5cf03bbe4807361a74c427a46ad329065f75e30,c2ad50567ce32e6cee0d5c6b3e4cc195da7957c0,,https://huggingface.co/datasets/superkaiba1/explore-persona-space-data/blob/a5cf03bbe4807361a74c427a46ad329065f75e30/issue2569_theory/analysis_tensors/der/judge_cache/86b3e81999772af8.json,https://huggingface.co/datasets/superkaiba1/explore-persona-space-data/resolve/a5cf03bbe4807361a74c427a46ad329065f75e30/issue2569_theory/analysis_tensors/der/judge_cache/86b3e81999772af8.json
issue2569_theory,issue2569_theory/analysis_tensors/der/judge_cache/88685806df04ea27.json,90,a5cf03bbe4807361a74c427a46ad329065f75e30,2fbfcab5331849288557f0a6d4264019545b0b77,,https://huggingface.co/datasets/superkaiba1/explore-persona-space-data/blob/a5cf03bbe4807361a74c427a46ad329065f75e30/issue2569_theory/analysis_tensors/der/judge_cache/88685806df04ea27.json,https://huggingface.co/datasets/superkaiba1/explore-persona-space-data/resolve/a5cf03bbe4807361a74c427a46ad329065f75e30/issue2569_theory/analysis_tensors/der/judge_cache/88685806df04ea27.json
issue2569_theory,issue2569_theory/analysis_tensors/der/judge_cache/88bdc31dfab2e7be.json,90,a5cf03bbe4807361a74c427a46ad329065f75e30,91a3195e7beed9fe85eaec7521d3459fa0b66748,,https://huggingface.co/datasets/superkaiba1/explore-persona-space-data/blob/a5cf03bbe4807361a74c427a46ad329065f75e30/issue2569_theory/analysis_tensors/der/judge_cache/88bdc31dfab2e7be.json,https://huggingface.co/datasets/superkaiba1/explore-persona-space-data/resolve/a5cf03bbe4807361a74c427a46ad329065f75e30/issue2569_theory/analysis_tensors/der/judge_cache/88bdc31dfab2e7be.json
issue2569_theory,issue2569_theory/analysis_tensors/der/judge_cache/896579df14d3107e.json,90,a5cf03bbe4807361a74c427a46ad329065f75e30,dbb8a1fc6f6ce575a95cdcf9c7dabb63937e2f06,,https://huggingface.co/datasets/superkaiba1/explore-persona-space-data/blob/a5cf03bbe4807361a74c427a46ad329065f75e30/issue2569_theory/analysis_tensors/der/judge_cache/896579df14d3107e.json,https://huggingface.co/datasets/superkaiba1/explore-persona-space-data/resolve/a5cf03bbe4807361a74c427a46ad329065f75e30/issue2569_theory/analysis_tensors/der/judge_cache/896579df14d3107e.json
issue2569_theory,issue2569_theory/analysis_tensors/der/judge_cache/89e3b59defff4ad5.json,90,a5cf03bbe4807361a74c427a46ad329065f75e30,27e8c0a33432c6bb37a43f94314657c722033d54,,https://huggingface.co/datasets/superkaiba1/explore-persona-space-data/blob/a5cf03bbe4807361a74c427a46ad329065f75e30/issue2569_theory/analysis_tensors/der/judge_cache/89e3b59defff4ad5.json,https://huggingface.co/datasets/superkaiba1/explore-persona-space-data/resolve/a5cf03bbe4807361a74c427a46ad329065f75e30/issue2569_theory/analysis_tensors/der/judge_cache/89e3b59defff4ad5.json
issue2569_theory,issue2569_theory/analysis_tensors/der/judge_cache/8b9cd438289926e1.json,90,a5cf03bbe4807361a74c427a46ad329065f75e30,20439a5b729eed123b59efaa456ee21a769f48bb,,https://huggingface.co/datasets/superkaiba1/explore-persona-space-data/blob/a5cf03bbe4807361a74c427a46ad329065f75e30/issue2569_theory/analysis_tensors/der/judge_cache/8b9cd438289926e1.json,https://huggingface.co/datasets/superkaiba1/explore-persona-space-data/resolve/a5cf03bbe4807361a74c427a46ad329065f75e30/issue2569_theory/analysis_tensors/der/judge_cache/8b9cd438289926e1.json
issue2569_theory,issue2569_theory/analysis_tensors/der/judge_cache/8bb66c0d5cfa71d4.json,90,a5cf03bbe4807361a74c427a46ad329065f75e30,dbb8a1fc6f6ce575a95cdcf9c7dabb63937e2f06,,https://huggingface.co/datasets/superkaiba1/explore-persona-space-data/blob/a5cf03bbe4807361a74c427a46ad329065f75e30/issue2569_theory/analysis_tensors/der/judge_cache/8bb66c0d5cfa71d4.json,https://huggingface.co/datasets/superkaiba1/explore-persona-space-data/resolve/a5cf03bbe4807361a74c427a46ad329065f75e30/issue2569_theory/analysis_tensors/der/judge_cache/8bb66c0d5cfa71d4.json
issue2569_theory,issue2569_theory/analysis_tensors/der/judge_cache/8bbd76278ed05932.json,90,a5cf03bbe4807361a74c427a46ad329065f75e30,20439a5b729eed123b59efaa456ee21a769f48bb,,https://huggingface.co/datasets/superkaiba1/explore-persona-space-data/blob/a5cf03bbe4807361a74c427a46ad329065f75e30/issue2569_theory/analysis_tensors/der/judge_cache/8bbd76278ed05932.json,https://huggingface.co/datasets/superkaiba1/explore-persona-space-data/resolve/a5cf03bbe4807361a74c427a46ad329065f75e30/issue2569_theory/analysis_tensors/der/judge_cache/8bbd76278ed05932.json
issue2569_theory,issue2569_theory/analysis_tensors/der/judge_cache/8c071e7ca062aafc.json,90,a5cf03bbe4807361a74c427a46ad329065f75e30,8b47781f3e204a598867d4331c17496998a5868a,,https://huggingface.co/datasets/superkaiba1/explore-persona-space-data/blob/a5cf03bbe4807361a74c427a46ad329065f75e30/issue2569_theory/analysis_tensors/der/judge_cache/8c071e7ca062aafc.json,https://huggingface.co/datasets/superkaiba1/explore-persona-space-data/resolve/a5cf03bbe4807361a74c427a46ad329065f75e30/issue2569_theory/analysis_tensors/der/judge_cache/8c071e7ca062aafc.json
issue2569_theory,issue2569_theory/analysis_tensors/der/judge_cache/8cecb2661d553629.json,90,a5cf03bbe4807361a74c427a46ad329065f75e30,691478468cec3eccf2fa58b4cc3be87faac0ee5e,,https://huggingface.co/datasets/superkaiba1/explore-persona-space-data/blob/a5cf03bbe4807361a74c427a46ad329065f75e30/issue2569_theory/analysis_tensors/der/judge_cache/8cecb2661d553629.json,https://huggingface.co/datasets/superkaiba1/explore-persona-space-data/resolve/a5cf03bbe4807361a74c427a46ad329065f75e30/issue2569_theory/analysis_tensors/der/judge_cache/8cecb2661d553629.json
issue2569_theory,issue2569_theory/analysis_tensors/der/judge_cache/8d3c2e7c3fbe4c09.json,90,a5cf03bbe4807361a74c427a46ad329065f75e30,691478468cec3eccf2fa58b4cc3be87faac0ee5e,,https://huggingface.co/datasets/superkaiba1/explore-persona-space-data/blob/a5cf03bbe4807361a74c427a46ad329065f75e30/issue2569_theory/analysis_tensors/der/judge_cache/8d3c2e7c3fbe4c09.json,https://huggingface.co/datasets/superkaiba1/explore-persona-space-data/resolve/a5cf03bbe4807361a74c427a46ad329065f75e30/issue2569_theory/analysis_tensors/der/judge_cache/8d3c2e7c3fbe4c09.json
issue2569_theory,issue2569_theory/analysis_tensors/der/judge_cache/8f6bf4cc8d09cd30.json,90,a5cf03bbe4807361a74c427a46ad329065f75e30,c2ad50567ce32e6cee0d5c6b3e4cc195da7957c0,,https://huggingface.co/datasets/superkaiba1/explore-persona-space-data/blob/a5cf03bbe4807361a74c427a46ad329065f75e30/issue2569_theory/analysis_tensors/der/judge_cache/8f6bf4cc8d09cd30.json,https://huggingface.co/datasets/superkaiba1/explore-persona-space-data/resolve/a5cf03bbe4807361a74c427a46ad329065f75e30/issue2569_theory/analysis_tensors/der/judge_cache/8f6bf4cc8d09cd30.json
issue2569_theory,issue2569_theory/analysis_tensors/der/judge_cache/8f6ca2aad223f7f8.json,90,a5cf03bbe4807361a74c427a46ad329065f75e30,dbb8a1fc6f6ce575a95cdcf9c7dabb63937e2f06,,https://huggingface.co/datasets/superkaiba1/explore-persona-space-data/blob/a5cf03bbe4807361a74c427a46ad329065f75e30/issue2569_theory/analysis_tensors/der/judge_cache/8f6ca2aad223f7f8.json,https://huggingface.co/datasets/superkaiba1/explore-persona-space-data/resolve/a5cf03bbe4807361a74c427a46ad329065f75e30/issue2569_theory/analysis_tensors/der/judge_cache/8f6ca2aad223f7f8.json
issue2569_theory,issue2569_theory/analysis_tensors/der/judge_cache/8fbfa5d8184c60cf.json,90,a5cf03bbe4807361a74c427a46ad329065f75e30,691478468cec3eccf2fa58b4cc3be87faac0ee5e,,https://huggingface.co/datasets/superkaiba1/explore-persona-space-data/blob/a5cf03bbe4807361a74c427a46ad329065f75e30/issue2569_theory/analysis_tensors/der/judge_cache/8fbfa5d8184c60cf.json,https://huggingface.co/datasets/superkaiba1/explore-persona-space-data/resolve/a5cf03bbe4807361a74c427a46ad329065f75e30/issue2569_theory/analysis_tensors/der/judge_cache/8fbfa5d8184c60cf.json
issue2569_theory,issue2569_theory/analysis_tensors/der/judge_cache/914354cfddb3b73a.json,90,a5cf03bbe4807361a74c427a46ad329065f75e30,55e4015bd5fe754bad0adb87f8a5064a80745bbc,,https://huggingface.co/datasets/superkaiba1/explore-persona-space-data/blob/a5cf03bbe4807361a74c427a46ad329065f75e30/issue2569_theory/analysis_tensors/der/judge_cache/914354cfddb3b73a.json,https://huggingface.co/datasets/superkaiba1/explore-persona-space-data/resolve/a5cf03bbe4807361a74c427a46ad329065f75e30/issue2569_theory/analysis_tensors/der/judge_cache/914354cfddb3b73a.json
issue2569_theory,issue2569_theory/analysis_tensors/der/judge_cache/91497b64d1a91671.json,90,a5cf03bbe4807361a74c427a46ad329065f75e30,dbb8a1fc6f6ce575a95cdcf9c7dabb63937e2f06,,https://huggingface.co/datasets/superkaiba1/explore-persona-space-data/blob/a5cf03bbe4807361a74c427a46ad329065f75e30/issue2569_theory/analysis_tensors/der/judge_cache/91497b64d1a91671.json,https://huggingface.co/datasets/superkaiba1/explore-persona-space-data/resolve/a5cf03bbe4807361a74c427a46ad329065f75e30/issue2569_theory/analysis_tensors/der/judge_cache/91497b64d1a91671.json
issue2569_theory,issue2569_theory/analysis_tensors/der/judge_cache/91aecdca8c6a4600.json,90,a5cf03bbe4807361a74c427a46ad329065f75e30,55e4015bd5fe754bad0adb87f8a5064a80745bbc,,https://huggingface.co/datasets/superkaiba1/explore-persona-space-data/blob/a5cf03bbe4807361a74c427a46ad329065f75e30/issue2569_theory/analysis_tensors/der/judge_cache/91aecdca8c6a4600.json,https://huggingface.co/datasets/superkaiba1/explore-persona-space-data/resolve/a5cf03bbe4807361a74c427a46ad329065f75e30/issue2569_theory/analysis_tensors/der/judge_cache/91aecdca8c6a4600.json
issue2569_theory,issue2569_theory/analysis_tensors/der/judge_cache/9271bbf0174e81e5.json,90,a5cf03bbe4807361a74c427a46ad329065f75e30,91a3195e7beed9fe85eaec7521d3459fa0b66748,,https://huggingface.co/datasets/superkaiba1/explore-persona-space-data/blob/a5cf03bbe4807361a74c427a46ad329065f75e30/issue2569_theory/analysis_tensors/der/judge_cache/9271bbf0174e81e5.json,https://huggingface.co/datasets/superkaiba1/explore-persona-space-data/resolve/a5cf03bbe4807361a74c427a46ad329065f75e30/issue2569_theory/analysis_tensors/der/judge_cache/9271bbf0174e81e5.json
issue2569_theory,issue2569_theory/analysis_tensors/der/judge_cache/92992e1957e99896.json,90,a5cf03bbe4807361a74c427a46ad329065f75e30,27e8c0a33432c6bb37a43f94314657c722033d54,,https://huggingface.co/datasets/superkaiba1/explore-persona-space-data/blob/a5cf03bbe4807361a74c427a46ad329065f75e30/issue2569_theory/analysis_tensors/der/judge_cache/92992e1957e99896.json,https://huggingface.co/datasets/superkaiba1/explore-persona-space-data/resolve/a5cf03bbe4807361a74c427a46ad329065f75e30/issue2569_theory/analysis_tensors/der/judge_cache/92992e1957e99896.json
issue2569_theory,issue2569_theory/analysis_tensors/der/judge_cache/92a921d0d9111032.json,90,a5cf03bbe4807361a74c427a46ad329065f75e30,c2ad50567ce32e6cee0d5c6b3e4cc195da7957c0,,https://huggingface.co/datasets/superkaiba1/explore-persona-space-data/blob/a5cf03bbe4807361a74c427a46ad329065f75e30/issue2569_theory/analysis_tensors/der/judge_cache/92a921d0d9111032.json,https://huggingface.co/datasets/superkaiba1/explore-persona-space-data/resolve/a5cf03bbe4807361a74c427a46ad329065f75e30/issue2569_theory/analysis_tensors/der/judge_cache/92a921d0d9111032.json
issue2569_theory,issue2569_theory/analysis_tensors/der/judge_cache/937b4d8df639bb4b.json,90,a5cf03bbe4807361a74c427a46ad329065f75e30,c2ad50567ce32e6cee0d5c6b3e4cc195da7957c0,,https://huggingface.co/datasets/superkaiba1/explore-persona-space-data/blob/a5cf03bbe4807361a74c427a46ad329065f75e30/issue2569_theory/analysis_tensors/der/judge_cache/937b4d8df639bb4b.json,https://huggingface.co/datasets/superkaiba1/explore-persona-space-data/resolve/a5cf03bbe4807361a74c427a46ad329065f75e30/issue2569_theory/analysis_tensors/der/judge_cache/937b4d8df639bb4b.json
issue2569_theory,issue2569_theory/analysis_tensors/der/judge_cache/93b2202b26d17139.json,90,a5cf03bbe4807361a74c427a46ad329065f75e30,20439a5b729eed123b59efaa456ee21a769f48bb,,https://huggingface.co/datasets/superkaiba1/explore-persona-space-data/blob/a5cf03bbe4807361a74c427a46ad329065f75e30/issue2569_theory/analysis_tensors/der/judge_cache/93b2202b26d17139.json,https://huggingface.co/datasets/superkaiba1/explore-persona-space-data/resolve/a5cf03bbe4807361a74c427a46ad329065f75e30/issue2569_theory/analysis_tensors/der/judge_cache/93b2202b26d17139.json
issue2569_theory,issue2569_theory/analysis_tensors/der/judge_cache/942054c40dee3cb8.json,90,a5cf03bbe4807361a74c427a46ad329065f75e30,551490f23b969c5c7980d5e5b28f5305887b39ee,,https://huggingface.co/datasets/superkaiba1/explore-persona-space-data/blob/a5cf03bbe4807361a74c427a46ad329065f75e30/issue2569_theory/analysis_tensors/der/judge_cache/942054c40dee3cb8.json,https://huggingface.co/datasets/superkaiba1/explore-persona-space-data/resolve/a5cf03bbe4807361a74c427a46ad329065f75e30/issue2569_theory/analysis_tensors/der/judge_cache/942054c40dee3cb8.json
issue2569_theory,issue2569_theory/analysis_tensors/der/judge_cache/94308e8a1b54183f.json,90,a5cf03bbe4807361a74c427a46ad329065f75e30,dbb8a1fc6f6ce575a95cdcf9c7dabb63937e2f06,,https://huggingface.co/datasets/superkaiba1/explore-persona-space-data/blob/a5cf03bbe4807361a74c427a46ad329065f75e30/issue2569_theory/analysis_tensors/der/judge_cache/94308e8a1b54183f.json,https://huggingface.co/datasets/superkaiba1/explore-persona-space-data/resolve/a5cf03bbe4807361a74c427a46ad329065f75e30/issue2569_theory/analysis_tensors/der/judge_cache/94308e8a1b54183f.json
issue2569_theory,issue2569_theory/analysis_tensors/der/judge_cache/944dbfe69a0e790d.json,90,a5cf03bbe4807361a74c427a46ad329065f75e30,c2ad50567ce32e6cee0d5c6b3e4cc195da7957c0,,https://huggingface.co/datasets/superkaiba1/explore-persona-space-data/blob/a5cf03bbe4807361a74c427a46ad329065f75e30/issue2569_theory/analysis_tensors/der/judge_cache/944dbfe69a0e790d.json,https://huggingface.co/datasets/superkaiba1/explore-persona-space-data/resolve/a5cf03bbe4807361a74c427a46ad329065f75e30/issue2569_theory/analysis_tensors/der/judge_cache/944dbfe69a0e790d.json
issue2569_theory,issue2569_theory/analysis_tensors/der/judge_cache/947cd5985bd94894.json,90,a5cf03bbe4807361a74c427a46ad329065f75e30,551490f23b969c5c7980d5e5b28f5305887b39ee,,https://huggingface.co/datasets/superkaiba1/explore-persona-space-data/blob/a5cf03bbe4807361a74c427a46ad329065f75e30/issue2569_theory/analysis_tensors/der/judge_cache/947cd5985bd94894.json,https://huggingface.co/datasets/superkaiba1/explore-persona-space-data/resolve/a5cf03bbe4807361a74c427a46ad329065f75e30/issue2569_theory/analysis_tensors/der/judge_cache/947cd5985bd94894.json
issue2569_theory,issue2569_theory/analysis_tensors/der/judge_cache/948eea8a7fdc51f6.json,90,a5cf03bbe4807361a74c427a46ad329065f75e30,55e4015bd5fe754bad0adb87f8a5064a80745bbc,,https://huggingface.co/datasets/superkaiba1/explore-persona-space-data/blob/a5cf03bbe4807361a74c427a46ad329065f75e30/issue2569_theory/analysis_tensors/der/judge_cache/948eea8a7fdc51f6.json,https://huggingface.co/datasets/superkaiba1/explore-persona-space-data/resolve/a5cf03bbe4807361a74c427a46ad329065f75e30/issue2569_theory/analysis_tensors/der/judge_cache/948eea8a7fdc51f6.json
issue2569_theory,issue2569_theory/analysis_tensors/der/judge_cache/955a15a7d04d94cb.json,90,a5cf03bbe4807361a74c427a46ad329065f75e30,551490f23b969c5c7980d5e5b28f5305887b39ee,,https://huggingface.co/datasets/superkaiba1/explore-persona-space-data/blob/a5cf03bbe4807361a74c427a46ad329065f75e30/issue2569_theory/analysis_tensors/der/judge_cache/955a15a7d04d94cb.json,https://huggingface.co/datasets/superkaiba1/explore-persona-space-data/resolve/a5cf03bbe4807361a74c427a46ad329065f75e30/issue2569_theory/analysis_tensors/der/judge_cache/955a15a7d04d94cb.json
issue2569_theory,issue2569_theory/analysis_tensors/der/judge_cache/95ac6ff10c081f42.json,90,a5cf03bbe4807361a74c427a46ad329065f75e30,dbb8a1fc6f6ce575a95cdcf9c7dabb63937e2f06,,https://huggingface.co/datasets/superkaiba1/explore-persona-space-data/blob/a5cf03bbe4807361a74c427a46ad329065f75e30/issue2569_theory/analysis_tensors/der/judge_cache/95ac6ff10c081f42.json,https://huggingface.co/datasets/superkaiba1/explore-persona-space-data/resolve/a5cf03bbe4807361a74c427a46ad329065f75e30/issue2569_theory/analysis_tensors/der/judge_cache/95ac6ff10c081f42.json
issue2569_theory,issue2569_theory/analysis_tensors/der/judge_cache/9601807861ce3256.json,90,a5cf03bbe4807361a74c427a46ad329065f75e30,551490f23b969c5c7980d5e5b28f5305887b39ee,,https://huggingface.co/datasets/superkaiba1/explore-persona-space-data/blob/a5cf03bbe4807361a74c427a46ad329065f75e30/issue2569_theory/analysis_tensors/der/judge_cache/9601807861ce3256.json,https://huggingface.co/datasets/superkaiba1/explore-persona-space-data/resolve/a5cf03bbe4807361a74c427a46ad329065f75e30/issue2569_theory/analysis_tensors/der/judge_cache/9601807861ce3256.json
issue2569_theory,issue2569_theory/analysis_tensors/der/judge_cache/96a54216214127c3.json,90,a5cf03bbe4807361a74c427a46ad329065f75e30,551490f23b969c5c7980d5e5b28f5305887b39ee,,https://huggingface.co/datasets/superkaiba1/explore-persona-space-data/blob/a5cf03bbe4807361a74c427a46ad329065f75e30/issue2569_theory/analysis_tensors/der/judge_cache/96a54216214127c3.json,https://huggingface.co/datasets/superkaiba1/explore-persona-space-data/resolve/a5cf03bbe4807361a74c427a46ad329065f75e30/issue2569_theory/analysis_tensors/der/judge_cache/96a54216214127c3.json
issue2569_theory,issue2569_theory/analysis_tensors/der/judge_cache/9872c527298c8263.json,90,a5cf03bbe4807361a74c427a46ad329065f75e30,91a3195e7beed9fe85eaec7521d3459fa0b66748,,https://huggingface.co/datasets/superkaiba1/explore-persona-space-data/blob/a5cf03bbe4807361a74c427a46ad329065f75e30/issue2569_theory/analysis_tensors/der/judge_cache/9872c527298c8263.json,https://huggingface.co/datasets/superkaiba1/explore-persona-space-data/resolve/a5cf03bbe4807361a74c427a46ad329065f75e30/issue2569_theory/analysis_tensors/der/judge_cache/9872c527298c8263.json
issue2569_theory,issue2569_theory/analysis_tensors/der/judge_cache/98846cbfaf4479e7.json,90,a5cf03bbe4807361a74c427a46ad329065f75e30,c2ad50567ce32e6cee0d5c6b3e4cc195da7957c0,,https://huggingface.co/datasets/superkaiba1/explore-persona-space-data/blob/a5cf03bbe4807361a74c427a46ad329065f75e30/issue2569_theory/analysis_tensors/der/judge_cache/98846cbfaf4479e7.json,https://huggingface.co/datasets/superkaiba1/explore-persona-space-data/resolve/a5cf03bbe4807361a74c427a46ad329065f75e30/issue2569_theory/analysis_tensors/der/judge_cache/98846cbfaf4479e7.json
issue2569_theory,issue2569_theory/analysis_tensors/der/judge_cache/98a668a469b23551.json,90,a5cf03bbe4807361a74c427a46ad329065f75e30,c2ad50567ce32e6cee0d5c6b3e4cc195da7957c0,,https://huggingface.co/datasets/superkaiba1/explore-persona-space-data/blob/a5cf03bbe4807361a74c427a46ad329065f75e30/issue2569_theory/analysis_tensors/der/judge_cache/98a668a469b23551.json,https://huggingface.co/datasets/superkaiba1/explore-persona-space-data/resolve/a5cf03bbe4807361a74c427a46ad329065f75e30/issue2569_theory/analysis_tensors/der/judge_cache/98a668a469b23551.json
issue2569_theory,issue2569_theory/analysis_tensors/der/judge_cache/9a16fa1e92149076.json,90,a5cf03bbe4807361a74c427a46ad329065f75e30,20439a5b729eed123b59efaa456ee21a769f48bb,,https://huggingface.co/datasets/superkaiba1/explore-persona-space-data/blob/a5cf03bbe4807361a74c427a46ad329065f75e30/issue2569_theory/analysis_tensors/der/judge_cache/9a16fa1e92149076.json,https://huggingface.co/datasets/superkaiba1/explore-persona-space-data/resolve/a5cf03bbe4807361a74c427a46ad329065f75e30/issue2569_theory/analysis_tensors/der/judge_cache/9a16fa1e92149076.json
issue2569_theory,issue2569_theory/analysis_tensors/der/judge_cache/9abc9d2c836c16ca.json,90,a5cf03bbe4807361a74c427a46ad329065f75e30,20439a5b729eed123b59efaa456ee21a769f48bb,,https://huggingface.co/datasets/superkaiba1/explore-persona-space-data/blob/a5cf03bbe4807361a74c427a46ad329065f75e30/issue2569_theory/analysis_tensors/der/judge_cache/9abc9d2c836c16ca.json,https://huggingface.co/datasets/superkaiba1/explore-persona-space-data/resolve/a5cf03bbe4807361a74c427a46ad329065f75e30/issue2569_theory/analysis_tensors/der/judge_cache/9abc9d2c836c16ca.json
issue2569_theory,issue2569_theory/analysis_tensors/der/judge_cache/9ac97b095880927b.json,90,a5cf03bbe4807361a74c427a46ad329065f75e30,27e8c0a33432c6bb37a43f94314657c722033d54,,https://huggingface.co/datasets/superkaiba1/explore-persona-space-data/blob/a5cf03bbe4807361a74c427a46ad329065f75e30/issue2569_theory/analysis_tensors/der/judge_cache/9ac97b095880927b.json,https://huggingface.co/datasets/superkaiba1/explore-persona-space-data/resolve/a5cf03bbe4807361a74c427a46ad329065f75e30/issue2569_theory/analysis_tensors/der/judge_cache/9ac97b095880927b.json
issue2569_theory,issue2569_theory/analysis_tensors/der/judge_cache/9b2bfa1099f7e422.json,90,a5cf03bbe4807361a74c427a46ad329065f75e30,691478468cec3eccf2fa58b4cc3be87faac0ee5e,,https://huggingface.co/datasets/superkaiba1/explore-persona-space-data/blob/a5cf03bbe4807361a74c427a46ad329065f75e30/issue2569_theory/analysis_tensors/der/judge_cache/9b2bfa1099f7e422.json,https://huggingface.co/datasets/superkaiba1/explore-persona-space-data/resolve/a5cf03bbe4807361a74c427a46ad329065f75e30/issue2569_theory/analysis_tensors/der/judge_cache/9b2bfa1099f7e422.json
issue2569_theory,issue2569_theory/analysis_tensors/der/judge_cache/9b7419b585f79ea0.json,90,a5cf03bbe4807361a74c427a46ad329065f75e30,55e4015bd5fe754bad0adb87f8a5064a80745bbc,,https://huggingface.co/datasets/superkaiba1/explore-persona-space-data/blob/a5cf03bbe4807361a74c427a46ad329065f75e30/issue2569_theory/analysis_tensors/der/judge_cache/9b7419b585f79ea0.json,https://huggingface.co/datasets/superkaiba1/explore-persona-space-data/resolve/a5cf03bbe4807361a74c427a46ad329065f75e30/issue2569_theory/analysis_tensors/der/judge_cache/9b7419b585f79ea0.json
issue2569_theory,issue2569_theory/analysis_tensors/der/judge_cache/9b770b11a87d1d2f.json,90,a5cf03bbe4807361a74c427a46ad329065f75e30,27e8c0a33432c6bb37a43f94314657c722033d54,,https://huggingface.co/datasets/superkaiba1/explore-persona-space-data/blob/a5cf03bbe4807361a74c427a46ad329065f75e30/issue2569_theory/analysis_tensors/der/judge_cache/9b770b11a87d1d2f.json,https://huggingface.co/datasets/superkaiba1/explore-persona-space-data/resolve/a5cf03bbe4807361a74c427a46ad329065f75e30/issue2569_theory/analysis_tensors/der/judge_cache/9b770b11a87d1d2f.json
issue2569_theory,issue2569_theory/analysis_tensors/der/judge_cache/9c51ce12bfc5dc7d.json,90,a5cf03bbe4807361a74c427a46ad329065f75e30,55e4015bd5fe754bad0adb87f8a5064a80745bbc,,https://huggingface.co/datasets/superkaiba1/explore-persona-space-data/blob/a5cf03bbe4807361a74c427a46ad329065f75e30/issue2569_theory/analysis_tensors/der/judge_cache/9c51ce12bfc5dc7d.json,https://huggingface.co/datasets/superkaiba1/explore-persona-space-data/resolve/a5cf03bbe4807361a74c427a46ad329065f75e30/issue2569_theory/analysis_tensors/der/judge_cache/9c51ce12bfc5dc7d.json
issue2569_theory,issue2569_theory/analysis_tensors/der/judge_cache/9cabe4397a433ebf.json,90,a5cf03bbe4807361a74c427a46ad329065f75e30,91a3195e7beed9fe85eaec7521d3459fa0b66748,,https://huggingface.co/datasets/superkaiba1/explore-persona-space-data/blob/a5cf03bbe4807361a74c427a46ad329065f75e30/issue2569_theory/analysis_tensors/der/judge_cache/9cabe4397a433ebf.json,https://huggingface.co/datasets/superkaiba1/explore-persona-space-data/resolve/a5cf03bbe4807361a74c427a46ad329065f75e30/issue2569_theory/analysis_tensors/der/judge_cache/9cabe4397a433ebf.json
issue2569_theory,issue2569_theory/analysis_tensors/der/judge_cache/9cb0eec4825286ca.json,90,a5cf03bbe4807361a74c427a46ad329065f75e30,551490f23b969c5c7980d5e5b28f5305887b39ee,,https://huggingface.co/datasets/superkaiba1/explore-persona-space-data/blob/a5cf03bbe4807361a74c427a46ad329065f75e30/issue2569_theory/analysis_tensors/der/judge_cache/9cb0eec4825286ca.json,https://huggingface.co/datasets/superkaiba1/explore-persona-space-data/resolve/a5cf03bbe4807361a74c427a46ad329065f75e30/issue2569_theory/analysis_tensors/der/judge_cache/9cb0eec4825286ca.json
issue2569_theory,issue2569_theory/analysis_tensors/der/judge_cache/9f128e7fa26ffb81.json,90,a5cf03bbe4807361a74c427a46ad329065f75e30,91a3195e7beed9fe85eaec7521d3459fa0b66748,,https://huggingface.co/datasets/superkaiba1/explore-persona-space-data/blob/a5cf03bbe4807361a74c427a46ad329065f75e30/issue2569_theory/analysis_tensors/der/judge_cache/9f128e7fa26ffb81.json,https://huggingface.co/datasets/superkaiba1/explore-persona-space-data/resolve/a5cf03bbe4807361a74c427a46ad329065f75e30/issue2569_theory/analysis_tensors/der/judge_cache/9f128e7fa26ffb81.json
issue2569_theory,issue2569_theory/analysis_tensors/der/judge_cache/a0838e46b94aa218.json,90,a5cf03bbe4807361a74c427a46ad329065f75e30,551490f23b969c5c7980d5e5b28f5305887b39ee,,https://huggingface.co/datasets/superkaiba1/explore-persona-space-data/blob/a5cf03bbe4807361a74c427a46ad329065f75e30/issue2569_theory/analysis_tensors/der/judge_cache/a0838e46b94aa218.json,https://huggingface.co/datasets/superkaiba1/explore-persona-space-data/resolve/a5cf03bbe4807361a74c427a46ad329065f75e30/issue2569_theory/analysis_tensors/der/judge_cache/a0838e46b94aa218.json
issue2569_theory,issue2569_theory/analysis_tensors/der/judge_cache/a0b9412020a4ae71.json,90,a5cf03bbe4807361a74c427a46ad329065f75e30,91a3195e7beed9fe85eaec7521d3459fa0b66748,,https://huggingface.co/datasets/superkaiba1/explore-persona-space-data/blob/a5cf03bbe4807361a74c427a46ad329065f75e30/issue2569_theory/analysis_tensors/der/judge_cache/a0b9412020a4ae71.json,https://huggingface.co/datasets/superkaiba1/explore-persona-space-data/resolve/a5cf03bbe4807361a74c427a46ad329065f75e30/issue2569_theory/analysis_tensors/der/judge_cache/a0b9412020a4ae71.json
issue2569_theory,issue2569_theory/analysis_tensors/der/judge_cache/a0e0f8d3c2054682.json,90,a5cf03bbe4807361a74c427a46ad329065f75e30,8b47781f3e204a598867d4331c17496998a5868a,,https://huggingface.co/datasets/superkaiba1/explore-persona-space-data/blob/a5cf03bbe4807361a74c427a46ad329065f75e30/issue2569_theory/analysis_tensors/der/judge_cache/a0e0f8d3c2054682.json,https://huggingface.co/datasets/superkaiba1/explore-persona-space-data/resolve/a5cf03bbe4807361a74c427a46ad329065f75e30/issue2569_theory/analysis_tensors/der/judge_cache/a0e0f8d3c2054682.json
issue2569_theory,issue2569_theory/analysis_tensors/der/judge_cache/a2a70b5722abf349.json,90,a5cf03bbe4807361a74c427a46ad329065f75e30,91a3195e7beed9fe85eaec7521d3459fa0b66748,,https://huggingface.co/datasets/superkaiba1/explore-persona-space-data/blob/a5cf03bbe4807361a74c427a46ad329065f75e30/issue2569_theory/analysis_tensors/der/judge_cache/a2a70b5722abf349.json,https://huggingface.co/datasets/superkaiba1/explore-persona-space-data/resolve/a5cf03bbe4807361a74c427a46ad329065f75e30/issue2569_theory/analysis_tensors/der/judge_cache/a2a70b5722abf349.json
issue2569_theory,issue2569_theory/analysis_tensors/der/judge_cache/a2cb6164b6646492.json,90,a5cf03bbe4807361a74c427a46ad329065f75e30,551490f23b969c5c7980d5e5b28f5305887b39ee,,https://huggingface.co/datasets/superkaiba1/explore-persona-space-data/blob/a5cf03bbe4807361a74c427a46ad329065f75e30/issue2569_theory/analysis_tensors/der/judge_cache/a2cb6164b6646492.json,https://huggingface.co/datasets/superkaiba1/explore-persona-space-data/resolve/a5cf03bbe4807361a74c427a46ad329065f75e30/issue2569_theory/analysis_tensors/der/judge_cache/a2cb6164b6646492.json
issue2569_theory,issue2569_theory/analysis_tensors/der/judge_cache/a3195a1bf691770c.json,90,a5cf03bbe4807361a74c427a46ad329065f75e30,2fbfcab5331849288557f0a6d4264019545b0b77,,https://huggingface.co/datasets/superkaiba1/explore-persona-space-data/blob/a5cf03bbe4807361a74c427a46ad329065f75e30/issue2569_theory/analysis_tensors/der/judge_cache/a3195a1bf691770c.json,https://huggingface.co/datasets/superkaiba1/explore-persona-space-data/resolve/a5cf03bbe4807361a74c427a46ad329065f75e30/issue2569_theory/analysis_tensors/der/judge_cache/a3195a1bf691770c.json
issue2569_theory,issue2569_theory/analysis_tensors/der/judge_cache/a3da352eae144586.json,90,a5cf03bbe4807361a74c427a46ad329065f75e30,dbb8a1fc6f6ce575a95cdcf9c7dabb63937e2f06,,https://huggingface.co/datasets/superkaiba1/explore-persona-space-data/blob/a5cf03bbe4807361a74c427a46ad329065f75e30/issue2569_theory/analysis_tensors/der/judge_cache/a3da352eae144586.json,https://huggingface.co/datasets/superkaiba1/explore-persona-space-data/resolve/a5cf03bbe4807361a74c427a46ad329065f75e30/issue2569_theory/analysis_tensors/der/judge_cache/a3da352eae144586.json
issue2569_theory,issue2569_theory/analysis_tensors/der/judge_cache/a3ecd6f3d99e547a.json,90,a5cf03bbe4807361a74c427a46ad329065f75e30,27e8c0a33432c6bb37a43f94314657c722033d54,,https://huggingface.co/datasets/superkaiba1/explore-persona-space-data/blob/a5cf03bbe4807361a74c427a46ad329065f75e30/issue2569_theory/analysis_tensors/der/judge_cache/a3ecd6f3d99e547a.json,https://huggingface.co/datasets/superkaiba1/explore-persona-space-data/resolve/a5cf03bbe4807361a74c427a46ad329065f75e30/issue2569_theory/analysis_tensors/der/judge_cache/a3ecd6f3d99e547a.json
issue2569_theory,issue2569_theory/analysis_tensors/der/judge_cache/a48d225b64a1205e.json,90,a5cf03bbe4807361a74c427a46ad329065f75e30,55e4015bd5fe754bad0adb87f8a5064a80745bbc,,https://huggingface.co/datasets/superkaiba1/explore-persona-space-data/blob/a5cf03bbe4807361a74c427a46ad329065f75e30/issue2569_theory/analysis_tensors/der/judge_cache/a48d225b64a1205e.json,https://huggingface.co/datasets/superkaiba1/explore-persona-space-data/resolve/a5cf03bbe4807361a74c427a46ad329065f75e30/issue2569_theory/analysis_tensors/der/judge_cache/a48d225b64a1205e.json
issue2569_theory,issue2569_theory/analysis_tensors/der/judge_cache/a4ab07673386d6b2.json,90,a5cf03bbe4807361a74c427a46ad329065f75e30,691478468cec3eccf2fa58b4cc3be87faac0ee5e,,https://huggingface.co/datasets/superkaiba1/explore-persona-space-data/blob/a5cf03bbe4807361a74c427a46ad329065f75e30/issue2569_theory/analysis_tensors/der/judge_cache/a4ab07673386d6b2.json,https://huggingface.co/datasets/superkaiba1/explore-persona-space-data/resolve/a5cf03bbe4807361a74c427a46ad329065f75e30/issue2569_theory/analysis_tensors/der/judge_cache/a4ab07673386d6b2.json
issue2569_theory,issue2569_theory/analysis_tensors/der/judge_cache/a4ab5f6abde089ee.json,90,a5cf03bbe4807361a74c427a46ad329065f75e30,551490f23b969c5c7980d5e5b28f5305887b39ee,,https://huggingface.co/datasets/superkaiba1/explore-persona-space-data/blob/a5cf03bbe4807361a74c427a46ad329065f75e30/issue2569_theory/analysis_tensors/der/judge_cache/a4ab5f6abde089ee.json,https://huggingface.co/datasets/superkaiba1/explore-persona-space-data/resolve/a5cf03bbe4807361a74c427a46ad329065f75e30/issue2569_theory/analysis_tensors/der/judge_cache/a4ab5f6abde089ee.json
issue2569_theory,issue2569_theory/analysis_tensors/der/judge_cache/a505956380585ee4.json,90,a5cf03bbe4807361a74c427a46ad329065f75e30,dbb8a1fc6f6ce575a95cdcf9c7dabb63937e2f06,,https://huggingface.co/datasets/superkaiba1/explore-persona-space-data/blob/a5cf03bbe4807361a74c427a46ad329065f75e30/issue2569_theory/analysis_tensors/der/judge_cache/a505956380585ee4.json,https://huggingface.co/datasets/superkaiba1/explore-persona-space-data/resolve/a5cf03bbe4807361a74c427a46ad329065f75e30/issue2569_theory/analysis_tensors/der/judge_cache/a505956380585ee4.json
issue2569_theory,issue2569_theory/analysis_tensors/der/judge_cache/a54db569c73f25a7.json,90,a5cf03bbe4807361a74c427a46ad329065f75e30,691478468cec3eccf2fa58b4cc3be87faac0ee5e,,https://huggingface.co/datasets/superkaiba1/explore-persona-space-data/blob/a5cf03bbe4807361a74c427a46ad329065f75e30/issue2569_theory/analysis_tensors/der/judge_cache/a54db569c73f25a7.json,https://huggingface.co/datasets/superkaiba1/explore-persona-space-data/resolve/a5cf03bbe4807361a74c427a46ad329065f75e30/issue2569_theory/analysis_tensors/der/judge_cache/a54db569c73f25a7.json
issue2569_theory,issue2569_theory/analysis_tensors/der/judge_cache/a5e2551fedb7ac9c.json,90,a5cf03bbe4807361a74c427a46ad329065f75e30,dbb8a1fc6f6ce575a95cdcf9c7dabb63937e2f06,,https://huggingface.co/datasets/superkaiba1/explore-persona-space-data/blob/a5cf03bbe4807361a74c427a46ad329065f75e30/issue2569_theory/analysis_tensors/der/judge_cache/a5e2551fedb7ac9c.json,https://huggingface.co/datasets/superkaiba1/explore-persona-space-data/resolve/a5cf03bbe4807361a74c427a46ad329065f75e30/issue2569_theory/analysis_tensors/der/judge_cache/a5e2551fedb7ac9c.json
issue2569_theory,issue2569_theory/analysis_tensors/der/judge_cache/a680e8d01c0577eb.json,90,a5cf03bbe4807361a74c427a46ad329065f75e30,2fbfcab5331849288557f0a6d4264019545b0b77,,https://huggingface.co/datasets/superkaiba1/explore-persona-space-data/blob/a5cf03bbe4807361a74c427a46ad329065f75e30/issue2569_theory/analysis_tensors/der/judge_cache/a680e8d01c0577eb.json,https://huggingface.co/datasets/superkaiba1/explore-persona-space-data/resolve/a5cf03bbe4807361a74c427a46ad329065f75e30/issue2569_theory/analysis_tensors/der/judge_cache/a680e8d01c0577eb.json
issue2569_theory,issue2569_theory/analysis_tensors/der/judge_cache/a69cf0ea00420069.json,90,a5cf03bbe4807361a74c427a46ad329065f75e30,2fbfcab5331849288557f0a6d4264019545b0b77,,https://huggingface.co/datasets/superkaiba1/explore-persona-space-data/blob/a5cf03bbe4807361a74c427a46ad329065f75e30/issue2569_theory/analysis_tensors/der/judge_cache/a69cf0ea00420069.json,https://huggingface.co/datasets/superkaiba1/explore-persona-space-data/resolve/a5cf03bbe4807361a74c427a46ad329065f75e30/issue2569_theory/analysis_tensors/der/judge_cache/a69cf0ea00420069.json
issue2569_theory,issue2569_theory/analysis_tensors/der/judge_cache/a827332745d6c606.json,90,a5cf03bbe4807361a74c427a46ad329065f75e30,2fbfcab5331849288557f0a6d4264019545b0b77,,https://huggingface.co/datasets/superkaiba1/explore-persona-space-data/blob/a5cf03bbe4807361a74c427a46ad329065f75e30/issue2569_theory/analysis_tensors/der/judge_cache/a827332745d6c606.json,https://huggingface.co/datasets/superkaiba1/explore-persona-space-data/resolve/a5cf03bbe4807361a74c427a46ad329065f75e30/issue2569_theory/analysis_tensors/der/judge_cache/a827332745d6c606.json
issue2569_theory,issue2569_theory/analysis_tensors/der/judge_cache/a85672fcddd03e46.json,90,a5cf03bbe4807361a74c427a46ad329065f75e30,91a3195e7beed9fe85eaec7521d3459fa0b66748,,https://huggingface.co/datasets/superkaiba1/explore-persona-space-data/blob/a5cf03bbe4807361a74c427a46ad329065f75e30/issue2569_theory/analysis_tensors/der/judge_cache/a85672fcddd03e46.json,https://huggingface.co/datasets/superkaiba1/explore-persona-space-data/resolve/a5cf03bbe4807361a74c427a46ad329065f75e30/issue2569_theory/analysis_tensors/der/judge_cache/a85672fcddd03e46.json
issue2569_theory,issue2569_theory/analysis_tensors/der/judge_cache/a861a4b0fb7317bb.json,90,a5cf03bbe4807361a74c427a46ad329065f75e30,c2ad50567ce32e6cee0d5c6b3e4cc195da7957c0,,https://huggingface.co/datasets/superkaiba1/explore-persona-space-data/blob/a5cf03bbe4807361a74c427a46ad329065f75e30/issue2569_theory/analysis_tensors/der/judge_cache/a861a4b0fb7317bb.json,https://huggingface.co/datasets/superkaiba1/explore-persona-space-data/resolve/a5cf03bbe4807361a74c427a46ad329065f75e30/issue2569_theory/analysis_tensors/der/judge_cache/a861a4b0fb7317bb.json
issue2569_theory,issue2569_theory/analysis_tensors/der/judge_cache/a8c6374d7a523e43.json,90,a5cf03bbe4807361a74c427a46ad329065f75e30,91a3195e7beed9fe85eaec7521d3459fa0b66748,,https://huggingface.co/datasets/superkaiba1/explore-persona-space-data/blob/a5cf03bbe4807361a74c427a46ad329065f75e30/issue2569_theory/analysis_tensors/der/judge_cache/a8c6374d7a523e43.json,https://huggingface.co/datasets/superkaiba1/explore-persona-space-data/resolve/a5cf03bbe4807361a74c427a46ad329065f75e30/issue2569_theory/analysis_tensors/der/judge_cache/a8c6374d7a523e43.json
issue2569_theory,issue2569_theory/analysis_tensors/der/judge_cache/a908633dc2c3eb87.json,90,a5cf03bbe4807361a74c427a46ad329065f75e30,551490f23b969c5c7980d5e5b28f5305887b39ee,,https://huggingface.co/datasets/superkaiba1/explore-persona-space-data/blob/a5cf03bbe4807361a74c427a46ad329065f75e30/issue2569_theory/analysis_tensors/der/judge_cache/a908633dc2c3eb87.json,https://huggingface.co/datasets/superkaiba1/explore-persona-space-data/resolve/a5cf03bbe4807361a74c427a46ad329065f75e30/issue2569_theory/analysis_tensors/der/judge_cache/a908633dc2c3eb87.json
issue2569_theory,issue2569_theory/analysis_tensors/der/judge_cache/a9523635f1e7b293.json,90,a5cf03bbe4807361a74c427a46ad329065f75e30,8b47781f3e204a598867d4331c17496998a5868a,,https://huggingface.co/datasets/superkaiba1/explore-persona-space-data/blob/a5cf03bbe4807361a74c427a46ad329065f75e30/issue2569_theory/analysis_tensors/der/judge_cache/a9523635f1e7b293.json,https://huggingface.co/datasets/superkaiba1/explore-persona-space-data/resolve/a5cf03bbe4807361a74c427a46ad329065f75e30/issue2569_theory/analysis_tensors/der/judge_cache/a9523635f1e7b293.json
issue2569_theory,issue2569_theory/analysis_tensors/der/judge_cache/a9e50f1504993e06.json,90,a5cf03bbe4807361a74c427a46ad329065f75e30,c2ad50567ce32e6cee0d5c6b3e4cc195da7957c0,,https://huggingface.co/datasets/superkaiba1/explore-persona-space-data/blob/a5cf03bbe4807361a74c427a46ad329065f75e30/issue2569_theory/analysis_tensors/der/judge_cache/a9e50f1504993e06.json,https://huggingface.co/datasets/superkaiba1/explore-persona-space-data/resolve/a5cf03bbe4807361a74c427a46ad329065f75e30/issue2569_theory/analysis_tensors/der/judge_cache/a9e50f1504993e06.json
issue2569_theory,issue2569_theory/analysis_tensors/der/judge_cache/aa132a47e99da186.json,90,a5cf03bbe4807361a74c427a46ad329065f75e30,20439a5b729eed123b59efaa456ee21a769f48bb,,https://huggingface.co/datasets/superkaiba1/explore-persona-space-data/blob/a5cf03bbe4807361a74c427a46ad329065f75e30/issue2569_theory/analysis_tensors/der/judge_cache/aa132a47e99da186.json,https://huggingface.co/datasets/superkaiba1/explore-persona-space-data/resolve/a5cf03bbe4807361a74c427a46ad329065f75e30/issue2569_theory/analysis_tensors/der/judge_cache/aa132a47e99da186.json
issue2569_theory,issue2569_theory/analysis_tensors/der/judge_cache/aa2c9056a01bdf32.json,90,a5cf03bbe4807361a74c427a46ad329065f75e30,91a3195e7beed9fe85eaec7521d3459fa0b66748,,https://huggingface.co/datasets/superkaiba1/explore-persona-space-data/blob/a5cf03bbe4807361a74c427a46ad329065f75e30/issue2569_theory/analysis_tensors/der/judge_cache/aa2c9056a01bdf32.json,https://huggingface.co/datasets/superkaiba1/explore-persona-space-data/resolve/a5cf03bbe4807361a74c427a46ad329065f75e30/issue2569_theory/analysis_tensors/der/judge_cache/aa2c9056a01bdf32.json
issue2569_theory,issue2569_theory/analysis_tensors/der/judge_cache/aa920c7efc774feb.json,90,a5cf03bbe4807361a74c427a46ad329065f75e30,20439a5b729eed123b59efaa456ee21a769f48bb,,https://huggingface.co/datasets/superkaiba1/explore-persona-space-data/blob/a5cf03bbe4807361a74c427a46ad329065f75e30/issue2569_theory/analysis_tensors/der/judge_cache/aa920c7efc774feb.json,https://huggingface.co/datasets/superkaiba1/explore-persona-space-data/resolve/a5cf03bbe4807361a74c427a46ad329065f75e30/issue2569_theory/analysis_tensors/der/judge_cache/aa920c7efc774feb.json
issue2569_theory,issue2569_theory/analysis_tensors/der/judge_cache/aa9b4090e65bcd1d.json,90,a5cf03bbe4807361a74c427a46ad329065f75e30,27e8c0a33432c6bb37a43f94314657c722033d54,,https://huggingface.co/datasets/superkaiba1/explore-persona-space-data/blob/a5cf03bbe4807361a74c427a46ad329065f75e30/issue2569_theory/analysis_tensors/der/judge_cache/aa9b4090e65bcd1d.json,https://huggingface.co/datasets/superkaiba1/explore-persona-space-data/resolve/a5cf03bbe4807361a74c427a46ad329065f75e30/issue2569_theory/analysis_tensors/der/judge_cache/aa9b4090e65bcd1d.json
issue2569_theory,issue2569_theory/analysis_tensors/der/judge_cache/aacd03f78b410612.json,90,a5cf03bbe4807361a74c427a46ad329065f75e30,2fbfcab5331849288557f0a6d4264019545b0b77,,https://huggingface.co/datasets/superkaiba1/explore-persona-space-data/blob/a5cf03bbe4807361a74c427a46ad329065f75e30/issue2569_theory/analysis_tensors/der/judge_cache/aacd03f78b410612.json,https://huggingface.co/datasets/superkaiba1/explore-persona-space-data/resolve/a5cf03bbe4807361a74c427a46ad329065f75e30/issue2569_theory/analysis_tensors/der/judge_cache/aacd03f78b410612.json
issue2569_theory,issue2569_theory/analysis_tensors/der/judge_cache/abd8d72f80aa4063.json,90,a5cf03bbe4807361a74c427a46ad329065f75e30,8b47781f3e204a598867d4331c17496998a5868a,,https://huggingface.co/datasets/superkaiba1/explore-persona-space-data/blob/a5cf03bbe4807361a74c427a46ad329065f75e30/issue2569_theory/analysis_tensors/der/judge_cache/abd8d72f80aa4063.json,https://huggingface.co/datasets/superkaiba1/explore-persona-space-data/resolve/a5cf03bbe4807361a74c427a46ad329065f75e30/issue2569_theory/analysis_tensors/der/judge_cache/abd8d72f80aa4063.json
issue2569_theory,issue2569_theory/analysis_tensors/der/judge_cache/ac635ff30e8d8334.json,90,a5cf03bbe4807361a74c427a46ad329065f75e30,c2ad50567ce32e6cee0d5c6b3e4cc195da7957c0,,https://huggingface.co/datasets/superkaiba1/explore-persona-space-data/blob/a5cf03bbe4807361a74c427a46ad329065f75e30/issue2569_theory/analysis_tensors/der/judge_cache/ac635ff30e8d8334.json,https://huggingface.co/datasets/superkaiba1/explore-persona-space-data/resolve/a5cf03bbe4807361a74c427a46ad329065f75e30/issue2569_theory/analysis_tensors/der/judge_cache/ac635ff30e8d8334.json
issue2569_theory,issue2569_theory/analysis_tensors/der/judge_cache/ac988ae0f176e5db.json,90,a5cf03bbe4807361a74c427a46ad329065f75e30,691478468cec3eccf2fa58b4cc3be87faac0ee5e,,https://huggingface.co/datasets/superkaiba1/explore-persona-space-data/blob/a5cf03bbe4807361a74c427a46ad329065f75e30/issue2569_theory/analysis_tensors/der/judge_cache/ac988ae0f176e5db.json,https://huggingface.co/datasets/superkaiba1/explore-persona-space-data/resolve/a5cf03bbe4807361a74c427a46ad329065f75e30/issue2569_theory/analysis_tensors/der/judge_cache/ac988ae0f176e5db.json
issue2569_theory,issue2569_theory/analysis_tensors/der/judge_cache/ad3adfcab002d907.json,90,a5cf03bbe4807361a74c427a46ad329065f75e30,691478468cec3eccf2fa58b4cc3be87faac0ee5e,,https://huggingface.co/datasets/superkaiba1/explore-persona-space-data/blob/a5cf03bbe4807361a74c427a46ad329065f75e30/issue2569_theory/analysis_tensors/der/judge_cache/ad3adfcab002d907.json,https://huggingface.co/datasets/superkaiba1/explore-persona-space-data/resolve/a5cf03bbe4807361a74c427a46ad329065f75e30/issue2569_theory/analysis_tensors/der/judge_cache/ad3adfcab002d907.json
issue2569_theory,issue2569_theory/analysis_tensors/der/judge_cache/addd01fbbcc8479b.json,90,a5cf03bbe4807361a74c427a46ad329065f75e30,20439a5b729eed123b59efaa456ee21a769f48bb,,https://huggingface.co/datasets/superkaiba1/explore-persona-space-data/blob/a5cf03bbe4807361a74c427a46ad329065f75e30/issue2569_theory/analysis_tensors/der/judge_cache/addd01fbbcc8479b.json,https://huggingface.co/datasets/superkaiba1/explore-persona-space-data/resolve/a5cf03bbe4807361a74c427a46ad329065f75e30/issue2569_theory/analysis_tensors/der/judge_cache/addd01fbbcc8479b.json
issue2569_theory,issue2569_theory/analysis_tensors/der/judge_cache/ae7324af414a31c2.json,90,a5cf03bbe4807361a74c427a46ad329065f75e30,91a3195e7beed9fe85eaec7521d3459fa0b66748,,https://huggingface.co/datasets/superkaiba1/explore-persona-space-data/blob/a5cf03bbe4807361a74c427a46ad329065f75e30/issue2569_theory/analysis_tensors/der/judge_cache/ae7324af414a31c2.json,https://huggingface.co/datasets/superkaiba1/explore-persona-space-data/resolve/a5cf03bbe4807361a74c427a46ad329065f75e30/issue2569_theory/analysis_tensors/der/judge_cache/ae7324af414a31c2.json
issue2569_theory,issue2569_theory/analysis_tensors/der/judge_cache/aee70f1a2264a383.json,90,a5cf03bbe4807361a74c427a46ad329065f75e30,27e8c0a33432c6bb37a43f94314657c722033d54,,https://huggingface.co/datasets/superkaiba1/explore-persona-space-data/blob/a5cf03bbe4807361a74c427a46ad329065f75e30/issue2569_theory/analysis_tensors/der/judge_cache/aee70f1a2264a383.json,https://huggingface.co/datasets/superkaiba1/explore-persona-space-data/resolve/a5cf03bbe4807361a74c427a46ad329065f75e30/issue2569_theory/analysis_tensors/der/judge_cache/aee70f1a2264a383.json
issue2569_theory,issue2569_theory/analysis_tensors/der/judge_cache/af39c1d6ad018b3f.json,90,a5cf03bbe4807361a74c427a46ad329065f75e30,dbb8a1fc6f6ce575a95cdcf9c7dabb63937e2f06,,https://huggingface.co/datasets/superkaiba1/explore-persona-space-data/blob/a5cf03bbe4807361a74c427a46ad329065f75e30/issue2569_theory/analysis_tensors/der/judge_cache/af39c1d6ad018b3f.json,https://huggingface.co/datasets/superkaiba1/explore-persona-space-data/resolve/a5cf03bbe4807361a74c427a46ad329065f75e30/issue2569_theory/analysis_tensors/der/judge_cache/af39c1d6ad018b3f.json
issue2569_theory,issue2569_theory/analysis_tensors/der/judge_cache/af98d6c99f220e0a.json,90,a5cf03bbe4807361a74c427a46ad329065f75e30,dbb8a1fc6f6ce575a95cdcf9c7dabb63937e2f06,,https://huggingface.co/datasets/superkaiba1/explore-persona-space-data/blob/a5cf03bbe4807361a74c427a46ad329065f75e30/issue2569_theory/analysis_tensors/der/judge_cache/af98d6c99f220e0a.json,https://huggingface.co/datasets/superkaiba1/explore-persona-space-data/resolve/a5cf03bbe4807361a74c427a46ad329065f75e30/issue2569_theory/analysis_tensors/der/judge_cache/af98d6c99f220e0a.json
issue2569_theory,issue2569_theory/analysis_tensors/der/judge_cache/afbcc1af58d5ed8c.json,90,a5cf03bbe4807361a74c427a46ad329065f75e30,691478468cec3eccf2fa58b4cc3be87faac0ee5e,,https://huggingface.co/datasets/superkaiba1/explore-persona-space-data/blob/a5cf03bbe4807361a74c427a46ad329065f75e30/issue2569_theory/analysis_tensors/der/judge_cache/afbcc1af58d5ed8c.json,https://huggingface.co/datasets/superkaiba1/explore-persona-space-data/resolve/a5cf03bbe4807361a74c427a46ad329065f75e30/issue2569_theory/analysis_tensors/der/judge_cache/afbcc1af58d5ed8c.json
issue2569_theory,issue2569_theory/analysis_tensors/der/judge_cache/b0b4bc4d20676834.json,90,a5cf03bbe4807361a74c427a46ad329065f75e30,dbb8a1fc6f6ce575a95cdcf9c7dabb63937e2f06,,https://huggingface.co/datasets/superkaiba1/explore-persona-space-data/blob/a5cf03bbe4807361a74c427a46ad329065f75e30/issue2569_theory/analysis_tensors/der/judge_cache/b0b4bc4d20676834.json,https://huggingface.co/datasets/superkaiba1/explore-persona-space-data/resolve/a5cf03bbe4807361a74c427a46ad329065f75e30/issue2569_theory/analysis_tensors/der/judge_cache/b0b4bc4d20676834.json
issue2569_theory,issue2569_theory/analysis_tensors/der/judge_cache/b16d2ef7f6e015b9.json,90,a5cf03bbe4807361a74c427a46ad329065f75e30,c2ad50567ce32e6cee0d5c6b3e4cc195da7957c0,,https://huggingface.co/datasets/superkaiba1/explore-persona-space-data/blob/a5cf03bbe4807361a74c427a46ad329065f75e30/issue2569_theory/analysis_tensors/der/judge_cache/b16d2ef7f6e015b9.json,https://huggingface.co/datasets/superkaiba1/explore-persona-space-data/resolve/a5cf03bbe4807361a74c427a46ad329065f75e30/issue2569_theory/analysis_tensors/der/judge_cache/b16d2ef7f6e015b9.json
issue2569_theory,issue2569_theory/analysis_tensors/der/judge_cache/b305f96a0fdcf8ef.json,90,a5cf03bbe4807361a74c427a46ad329065f75e30,8b47781f3e204a598867d4331c17496998a5868a,,https://huggingface.co/datasets/superkaiba1/explore-persona-space-data/blob/a5cf03bbe4807361a74c427a46ad329065f75e30/issue2569_theory/analysis_tensors/der/judge_cache/b305f96a0fdcf8ef.json,https://huggingface.co/datasets/superkaiba1/explore-persona-space-data/resolve/a5cf03bbe4807361a74c427a46ad329065f75e30/issue2569_theory/analysis_tensors/der/judge_cache/b305f96a0fdcf8ef.json
issue2569_theory,issue2569_theory/analysis_tensors/der/judge_cache/b3088556e756c075.json,90,a5cf03bbe4807361a74c427a46ad329065f75e30,c2ad50567ce32e6cee0d5c6b3e4cc195da7957c0,,https://huggingface.co/datasets/superkaiba1/explore-persona-space-data/blob/a5cf03bbe4807361a74c427a46ad329065f75e30/issue2569_theory/analysis_tensors/der/judge_cache/b3088556e756c075.json,https://huggingface.co/datasets/superkaiba1/explore-persona-space-data/resolve/a5cf03bbe4807361a74c427a46ad329065f75e30/issue2569_theory/analysis_tensors/der/judge_cache/b3088556e756c075.json
issue2569_theory,issue2569_theory/analysis_tensors/der/judge_cache/b36885914beac677.json,90,a5cf03bbe4807361a74c427a46ad329065f75e30,2fbfcab5331849288557f0a6d4264019545b0b77,,https://huggingface.co/datasets/superkaiba1/explore-persona-space-data/blob/a5cf03bbe4807361a74c427a46ad329065f75e30/issue2569_theory/analysis_tensors/der/judge_cache/b36885914beac677.json,https://huggingface.co/datasets/superkaiba1/explore-persona-space-data/resolve/a5cf03bbe4807361a74c427a46ad329065f75e30/issue2569_theory/analysis_tensors/der/judge_cache/b36885914beac677.json
issue2569_theory,issue2569_theory/analysis_tensors/der/judge_cache/b49828fd99255729.json,90,a5cf03bbe4807361a74c427a46ad329065f75e30,27e8c0a33432c6bb37a43f94314657c722033d54,,https://huggingface.co/datasets/superkaiba1/explore-persona-space-data/blob/a5cf03bbe4807361a74c427a46ad329065f75e30/issue2569_theory/analysis_tensors/der/judge_cache/b49828fd99255729.json,https://huggingface.co/datasets/superkaiba1/explore-persona-space-data/resolve/a5cf03bbe4807361a74c427a46ad329065f75e30/issue2569_theory/analysis_tensors/der/judge_cache/b49828fd99255729.json
issue2569_theory,issue2569_theory/analysis_tensors/der/judge_cache/b5de3a037a9a33e8.json,90,a5cf03bbe4807361a74c427a46ad329065f75e30,55e4015bd5fe754bad0adb87f8a5064a80745bbc,,https://huggingface.co/datasets/superkaiba1/explore-persona-space-data/blob/a5cf03bbe4807361a74c427a46ad329065f75e30/issue2569_theory/analysis_tensors/der/judge_cache/b5de3a037a9a33e8.json,https://huggingface.co/datasets/superkaiba1/explore-persona-space-data/resolve/a5cf03bbe4807361a74c427a46ad329065f75e30/issue2569_theory/analysis_tensors/der/judge_cache/b5de3a037a9a33e8.json
issue2569_theory,issue2569_theory/analysis_tensors/der/judge_cache/b680fc4fa8921fee.json,90,a5cf03bbe4807361a74c427a46ad329065f75e30,27e8c0a33432c6bb37a43f94314657c722033d54,,https://huggingface.co/datasets/superkaiba1/explore-persona-space-data/blob/a5cf03bbe4807361a74c427a46ad329065f75e30/issue2569_theory/analysis_tensors/der/judge_cache/b680fc4fa8921fee.json,https://huggingface.co/datasets/superkaiba1/explore-persona-space-data/resolve/a5cf03bbe4807361a74c427a46ad329065f75e30/issue2569_theory/analysis_tensors/der/judge_cache/b680fc4fa8921fee.json
issue2569_theory,issue2569_theory/analysis_tensors/der/judge_cache/b69f2e37357298fc.json,90,a5cf03bbe4807361a74c427a46ad329065f75e30,8b47781f3e204a598867d4331c17496998a5868a,,https://huggingface.co/datasets/superkaiba1/explore-persona-space-data/blob/a5cf03bbe4807361a74c427a46ad329065f75e30/issue2569_theory/analysis_tensors/der/judge_cache/b69f2e37357298fc.json,https://huggingface.co/datasets/superkaiba1/explore-persona-space-data/resolve/a5cf03bbe4807361a74c427a46ad329065f75e30/issue2569_theory/analysis_tensors/der/judge_cache/b69f2e37357298fc.json
issue2569_theory,issue2569_theory/analysis_tensors/der/judge_cache/b72caf169faaf6a9.json,90,a5cf03bbe4807361a74c427a46ad329065f75e30,8b47781f3e204a598867d4331c17496998a5868a,,https://huggingface.co/datasets/superkaiba1/explore-persona-space-data/blob/a5cf03bbe4807361a74c427a46ad329065f75e30/issue2569_theory/analysis_tensors/der/judge_cache/b72caf169faaf6a9.json,https://huggingface.co/datasets/superkaiba1/explore-persona-space-data/resolve/a5cf03bbe4807361a74c427a46ad329065f75e30/issue2569_theory/analysis_tensors/der/judge_cache/b72caf169faaf6a9.json
issue2569_theory,issue2569_theory/analysis_tensors/der/judge_cache/b836b778060fa7af.json,90,a5cf03bbe4807361a74c427a46ad329065f75e30,2fbfcab5331849288557f0a6d4264019545b0b77,,https://huggingface.co/datasets/superkaiba1/explore-persona-space-data/blob/a5cf03bbe4807361a74c427a46ad329065f75e30/issue2569_theory/analysis_tensors/der/judge_cache/b836b778060fa7af.json,https://huggingface.co/datasets/superkaiba1/explore-persona-space-data/resolve/a5cf03bbe4807361a74c427a46ad329065f75e30/issue2569_theory/analysis_tensors/der/judge_cache/b836b778060fa7af.json
issue2569_theory,issue2569_theory/analysis_tensors/der/judge_cache/b859c933d6a5170d.json,90,a5cf03bbe4807361a74c427a46ad329065f75e30,27e8c0a33432c6bb37a43f94314657c722033d54,,https://huggingface.co/datasets/superkaiba1/explore-persona-space-data/blob/a5cf03bbe4807361a74c427a46ad329065f75e30/issue2569_theory/analysis_tensors/der/judge_cache/b859c933d6a5170d.json,https://huggingface.co/datasets/superkaiba1/explore-persona-space-data/resolve/a5cf03bbe4807361a74c427a46ad329065f75e30/issue2569_theory/analysis_tensors/der/judge_cache/b859c933d6a5170d.json
issue2569_theory,issue2569_theory/analysis_tensors/der/judge_cache/b8cdae92a3c5c8e4.json,90,a5cf03bbe4807361a74c427a46ad329065f75e30,91a3195e7beed9fe85eaec7521d3459fa0b66748,,https://huggingface.co/datasets/superkaiba1/explore-persona-space-data/blob/a5cf03bbe4807361a74c427a46ad329065f75e30/issue2569_theory/analysis_tensors/der/judge_cache/b8cdae92a3c5c8e4.json,https://huggingface.co/datasets/superkaiba1/explore-persona-space-data/resolve/a5cf03bbe4807361a74c427a46ad329065f75e30/issue2569_theory/analysis_tensors/der/judge_cache/b8cdae92a3c5c8e4.json
issue2569_theory,issue2569_theory/analysis_tensors/der/judge_cache/b9dfbfde0a6ad9e3.json,90,a5cf03bbe4807361a74c427a46ad329065f75e30,91a3195e7beed9fe85eaec7521d3459fa0b66748,,https://huggingface.co/datasets/superkaiba1/explore-persona-space-data/blob/a5cf03bbe4807361a74c427a46ad329065f75e30/issue2569_theory/analysis_tensors/der/judge_cache/b9dfbfde0a6ad9e3.json,https://huggingface.co/datasets/superkaiba1/explore-persona-space-data/resolve/a5cf03bbe4807361a74c427a46ad329065f75e30/issue2569_theory/analysis_tensors/der/judge_cache/b9dfbfde0a6ad9e3.json
issue2569_theory,issue2569_theory/analysis_tensors/der/judge_cache/b9fe121f0272ca1b.json,90,a5cf03bbe4807361a74c427a46ad329065f75e30,551490f23b969c5c7980d5e5b28f5305887b39ee,,https://huggingface.co/datasets/superkaiba1/explore-persona-space-data/blob/a5cf03bbe4807361a74c427a46ad329065f75e30/issue2569_theory/analysis_tensors/der/judge_cache/b9fe121f0272ca1b.json,https://huggingface.co/datasets/superkaiba1/explore-persona-space-data/resolve/a5cf03bbe4807361a74c427a46ad329065f75e30/issue2569_theory/analysis_tensors/der/judge_cache/b9fe121f0272ca1b.json
issue2569_theory,issue2569_theory/analysis_tensors/der/judge_cache/ba1df231de268ef0.json,90,a5cf03bbe4807361a74c427a46ad329065f75e30,551490f23b969c5c7980d5e5b28f5305887b39ee,,https://huggingface.co/datasets/superkaiba1/explore-persona-space-data/blob/a5cf03bbe4807361a74c427a46ad329065f75e30/issue2569_theory/analysis_tensors/der/judge_cache/ba1df231de268ef0.json,https://huggingface.co/datasets/superkaiba1/explore-persona-space-data/resolve/a5cf03bbe4807361a74c427a46ad329065f75e30/issue2569_theory/analysis_tensors/der/judge_cache/ba1df231de268ef0.json
issue2569_theory,issue2569_theory/analysis_tensors/der/judge_cache/ba840653ec4024ca.json,90,a5cf03bbe4807361a74c427a46ad329065f75e30,dbb8a1fc6f6ce575a95cdcf9c7dabb63937e2f06,,https://huggingface.co/datasets/superkaiba1/explore-persona-space-data/blob/a5cf03bbe4807361a74c427a46ad329065f75e30/issue2569_theory/analysis_tensors/der/judge_cache/ba840653ec4024ca.json,https://huggingface.co/datasets/superkaiba1/explore-persona-space-data/resolve/a5cf03bbe4807361a74c427a46ad329065f75e30/issue2569_theory/analysis_tensors/der/judge_cache/ba840653ec4024ca.json
issue2569_theory,issue2569_theory/analysis_tensors/der/judge_cache/baa55a23e483ebcc.json,90,a5cf03bbe4807361a74c427a46ad329065f75e30,8b47781f3e204a598867d4331c17496998a5868a,,https://huggingface.co/datasets/superkaiba1/explore-persona-space-data/blob/a5cf03bbe4807361a74c427a46ad329065f75e30/issue2569_theory/analysis_tensors/der/judge_cache/baa55a23e483ebcc.json,https://huggingface.co/datasets/superkaiba1/explore-persona-space-data/resolve/a5cf03bbe4807361a74c427a46ad329065f75e30/issue2569_theory/analysis_tensors/der/judge_cache/baa55a23e483ebcc.json
issue2569_theory,issue2569_theory/analysis_tensors/der/judge_cache/baf7ecc41087748a.json,90,a5cf03bbe4807361a74c427a46ad329065f75e30,2fbfcab5331849288557f0a6d4264019545b0b77,,https://huggingface.co/datasets/superkaiba1/explore-persona-space-data/blob/a5cf03bbe4807361a74c427a46ad329065f75e30/issue2569_theory/analysis_tensors/der/judge_cache/baf7ecc41087748a.json,https://huggingface.co/datasets/superkaiba1/explore-persona-space-data/resolve/a5cf03bbe4807361a74c427a46ad329065f75e30/issue2569_theory/analysis_tensors/der/judge_cache/baf7ecc41087748a.json
issue2569_theory,issue2569_theory/analysis_tensors/der/judge_cache/bb1d54e24bb2c503.json,90,a5cf03bbe4807361a74c427a46ad329065f75e30,27e8c0a33432c6bb37a43f94314657c722033d54,,https://huggingface.co/datasets/superkaiba1/explore-persona-space-data/blob/a5cf03bbe4807361a74c427a46ad329065f75e30/issue2569_theory/analysis_tensors/der/judge_cache/bb1d54e24bb2c503.json,https://huggingface.co/datasets/superkaiba1/explore-persona-space-data/resolve/a5cf03bbe4807361a74c427a46ad329065f75e30/issue2569_theory/analysis_tensors/der/judge_cache/bb1d54e24bb2c503.json
issue2569_theory,issue2569_theory/analysis_tensors/der/judge_cache/bb559a976c871193.json,90,a5cf03bbe4807361a74c427a46ad329065f75e30,27e8c0a33432c6bb37a43f94314657c722033d54,,https://huggingface.co/datasets/superkaiba1/explore-persona-space-data/blob/a5cf03bbe4807361a74c427a46ad329065f75e30/issue2569_theory/analysis_tensors/der/judge_cache/bb559a976c871193.json,https://huggingface.co/datasets/superkaiba1/explore-persona-space-data/resolve/a5cf03bbe4807361a74c427a46ad329065f75e30/issue2569_theory/analysis_tensors/der/judge_cache/bb559a976c871193.json
issue2569_theory,issue2569_theory/analysis_tensors/der/judge_cache/bbe7a39c5eadf1c7.json,90,a5cf03bbe4807361a74c427a46ad329065f75e30,20439a5b729eed123b59efaa456ee21a769f48bb,,https://huggingface.co/datasets/superkaiba1/explore-persona-space-data/blob/a5cf03bbe4807361a74c427a46ad329065f75e30/issue2569_theory/analysis_tensors/der/judge_cache/bbe7a39c5eadf1c7.json,https://huggingface.co/datasets/superkaiba1/explore-persona-space-data/resolve/a5cf03bbe4807361a74c427a46ad329065f75e30/issue2569_theory/analysis_tensors/der/judge_cache/bbe7a39c5eadf1c7.json
issue2569_theory,issue2569_theory/analysis_tensors/der/judge_cache/bc46dd3414516c09.json,90,a5cf03bbe4807361a74c427a46ad329065f75e30,91a3195e7beed9fe85eaec7521d3459fa0b66748,,https://huggingface.co/datasets/superkaiba1/explore-persona-space-data/blob/a5cf03bbe4807361a74c427a46ad329065f75e30/issue2569_theory/analysis_tensors/der/judge_cache/bc46dd3414516c09.json,https://huggingface.co/datasets/superkaiba1/explore-persona-space-data/resolve/a5cf03bbe4807361a74c427a46ad329065f75e30/issue2569_theory/analysis_tensors/der/judge_cache/bc46dd3414516c09.json
issue2569_theory,issue2569_theory/analysis_tensors/der/judge_cache/bcf554c815d0f14d.json,90,a5cf03bbe4807361a74c427a46ad329065f75e30,8b47781f3e204a598867d4331c17496998a5868a,,https://huggingface.co/datasets/superkaiba1/explore-persona-space-data/blob/a5cf03bbe4807361a74c427a46ad329065f75e30/issue2569_theory/analysis_tensors/der/judge_cache/bcf554c815d0f14d.json,https://huggingface.co/datasets/superkaiba1/explore-persona-space-data/resolve/a5cf03bbe4807361a74c427a46ad329065f75e30/issue2569_theory/analysis_tensors/der/judge_cache/bcf554c815d0f14d.json
issue2569_theory,issue2569_theory/analysis_tensors/der/judge_cache/bd20ff383ce217e7.json,90,a5cf03bbe4807361a74c427a46ad329065f75e30,20439a5b729eed123b59efaa456ee21a769f48bb,,https://huggingface.co/datasets/superkaiba1/explore-persona-space-data/blob/a5cf03bbe4807361a74c427a46ad329065f75e30/issue2569_theory/analysis_tensors/der/judge_cache/bd20ff383ce217e7.json,https://huggingface.co/datasets/superkaiba1/explore-persona-space-data/resolve/a5cf03bbe4807361a74c427a46ad329065f75e30/issue2569_theory/analysis_tensors/der/judge_cache/bd20ff383ce217e7.json
issue2569_theory,issue2569_theory/analysis_tensors/der/judge_cache/bd22416193e9100f.json,90,a5cf03bbe4807361a74c427a46ad329065f75e30,2fbfcab5331849288557f0a6d4264019545b0b77,,https://huggingface.co/datasets/superkaiba1/explore-persona-space-data/blob/a5cf03bbe4807361a74c427a46ad329065f75e30/issue2569_theory/analysis_tensors/der/judge_cache/bd22416193e9100f.json,https://huggingface.co/datasets/superkaiba1/explore-persona-space-data/resolve/a5cf03bbe4807361a74c427a46ad329065f75e30/issue2569_theory/analysis_tensors/der/judge_cache/bd22416193e9100f.json
issue2569_theory,issue2569_theory/analysis_tensors/der/judge_cache/bd40bd97fd8f5825.json,90,a5cf03bbe4807361a74c427a46ad329065f75e30,2fbfcab5331849288557f0a6d4264019545b0b77,,https://huggingface.co/datasets/superkaiba1/explore-persona-space-data/blob/a5cf03bbe4807361a74c427a46ad329065f75e30/issue2569_theory/analysis_tensors/der/judge_cache/bd40bd97fd8f5825.json,https://huggingface.co/datasets/superkaiba1/explore-persona-space-data/resolve/a5cf03bbe4807361a74c427a46ad329065f75e30/issue2569_theory/analysis_tensors/der/judge_cache/bd40bd97fd8f5825.json
issue2569_theory,issue2569_theory/analysis_tensors/der/judge_cache/bdcc05d61144e71d.json,90,a5cf03bbe4807361a74c427a46ad329065f75e30,c2ad50567ce32e6cee0d5c6b3e4cc195da7957c0,,https://huggingface.co/datasets/superkaiba1/explore-persona-space-data/blob/a5cf03bbe4807361a74c427a46ad329065f75e30/issue2569_theory/analysis_tensors/der/judge_cache/bdcc05d61144e71d.json,https://huggingface.co/datasets/superkaiba1/explore-persona-space-data/resolve/a5cf03bbe4807361a74c427a46ad329065f75e30/issue2569_theory/analysis_tensors/der/judge_cache/bdcc05d61144e71d.json
issue2569_theory,issue2569_theory/analysis_tensors/der/judge_cache/be843e284609769a.json,90,a5cf03bbe4807361a74c427a46ad329065f75e30,551490f23b969c5c7980d5e5b28f5305887b39ee,,https://huggingface.co/datasets/superkaiba1/explore-persona-space-data/blob/a5cf03bbe4807361a74c427a46ad329065f75e30/issue2569_theory/analysis_tensors/der/judge_cache/be843e284609769a.json,https://huggingface.co/datasets/superkaiba1/explore-persona-space-data/resolve/a5cf03bbe4807361a74c427a46ad329065f75e30/issue2569_theory/analysis_tensors/der/judge_cache/be843e284609769a.json
issue2569_theory,issue2569_theory/analysis_tensors/der/judge_cache/c1761c92a579263c.json,90,a5cf03bbe4807361a74c427a46ad329065f75e30,c2ad50567ce32e6cee0d5c6b3e4cc195da7957c0,,https://huggingface.co/datasets/superkaiba1/explore-persona-space-data/blob/a5cf03bbe4807361a74c427a46ad329065f75e30/issue2569_theory/analysis_tensors/der/judge_cache/c1761c92a579263c.json,https://huggingface.co/datasets/superkaiba1/explore-persona-space-data/resolve/a5cf03bbe4807361a74c427a46ad329065f75e30/issue2569_theory/analysis_tensors/der/judge_cache/c1761c92a579263c.json
issue2569_theory,issue2569_theory/analysis_tensors/der/judge_cache/c1de0b8d4524f548.json,90,a5cf03bbe4807361a74c427a46ad329065f75e30,c2ad50567ce32e6cee0d5c6b3e4cc195da7957c0,,https://huggingface.co/datasets/superkaiba1/explore-persona-space-data/blob/a5cf03bbe4807361a74c427a46ad329065f75e30/issue2569_theory/analysis_tensors/der/judge_cache/c1de0b8d4524f548.json,https://huggingface.co/datasets/superkaiba1/explore-persona-space-data/resolve/a5cf03bbe4807361a74c427a46ad329065f75e30/issue2569_theory/analysis_tensors/der/judge_cache/c1de0b8d4524f548.json
issue2569_theory,issue2569_theory/analysis_tensors/der/judge_cache/c2020a6739296685.json,90,a5cf03bbe4807361a74c427a46ad329065f75e30,691478468cec3eccf2fa58b4cc3be87faac0ee5e,,https://huggingface.co/datasets/superkaiba1/explore-persona-space-data/blob/a5cf03bbe4807361a74c427a46ad329065f75e30/issue2569_theory/analysis_tensors/der/judge_cache/c2020a6739296685.json,https://huggingface.co/datasets/superkaiba1/explore-persona-space-data/resolve/a5cf03bbe4807361a74c427a46ad329065f75e30/issue2569_theory/analysis_tensors/der/judge_cache/c2020a6739296685.json
issue2569_theory,issue2569_theory/analysis_tensors/der/judge_cache/c2a4aa92f93bbcd1.json,90,a5cf03bbe4807361a74c427a46ad329065f75e30,c2ad50567ce32e6cee0d5c6b3e4cc195da7957c0,,https://huggingface.co/datasets/superkaiba1/explore-persona-space-data/blob/a5cf03bbe4807361a74c427a46ad329065f75e30/issue2569_theory/analysis_tensors/der/judge_cache/c2a4aa92f93bbcd1.json,https://huggingface.co/datasets/superkaiba1/explore-persona-space-data/resolve/a5cf03bbe4807361a74c427a46ad329065f75e30/issue2569_theory/analysis_tensors/der/judge_cache/c2a4aa92f93bbcd1.json
issue2569_theory,issue2569_theory/analysis_tensors/der/judge_cache/c2bb1fe8f26f8b07.json,90,a5cf03bbe4807361a74c427a46ad329065f75e30,91a3195e7beed9fe85eaec7521d3459fa0b66748,,https://huggingface.co/datasets/superkaiba1/explore-persona-space-data/blob/a5cf03bbe4807361a74c427a46ad329065f75e30/issue2569_theory/analysis_tensors/der/judge_cache/c2bb1fe8f26f8b07.json,https://huggingface.co/datasets/superkaiba1/explore-persona-space-data/resolve/a5cf03bbe4807361a74c427a46ad329065f75e30/issue2569_theory/analysis_tensors/der/judge_cache/c2bb1fe8f26f8b07.json
issue2569_theory,issue2569_theory/analysis_tensors/der/judge_cache/c2f962b32e5772cf.json,90,a5cf03bbe4807361a74c427a46ad329065f75e30,2fbfcab5331849288557f0a6d4264019545b0b77,,https://huggingface.co/datasets/superkaiba1/explore-persona-space-data/blob/a5cf03bbe4807361a74c427a46ad329065f75e30/issue2569_theory/analysis_tensors/der/judge_cache/c2f962b32e5772cf.json,https://huggingface.co/datasets/superkaiba1/explore-persona-space-data/resolve/a5cf03bbe4807361a74c427a46ad329065f75e30/issue2569_theory/analysis_tensors/der/judge_cache/c2f962b32e5772cf.json
issue2569_theory,issue2569_theory/analysis_tensors/der/judge_cache/c2fd229955b5cac6.json,90,a5cf03bbe4807361a74c427a46ad329065f75e30,91a3195e7beed9fe85eaec7521d3459fa0b66748,,https://huggingface.co/datasets/superkaiba1/explore-persona-space-data/blob/a5cf03bbe4807361a74c427a46ad329065f75e30/issue2569_theory/analysis_tensors/der/judge_cache/c2fd229955b5cac6.json,https://huggingface.co/datasets/superkaiba1/explore-persona-space-data/resolve/a5cf03bbe4807361a74c427a46ad329065f75e30/issue2569_theory/analysis_tensors/der/judge_cache/c2fd229955b5cac6.json
issue2569_theory,issue2569_theory/analysis_tensors/der/judge_cache/c330d48a53ec20ed.json,90,a5cf03bbe4807361a74c427a46ad329065f75e30,8b47781f3e204a598867d4331c17496998a5868a,,https://huggingface.co/datasets/superkaiba1/explore-persona-space-data/blob/a5cf03bbe4807361a74c427a46ad329065f75e30/issue2569_theory/analysis_tensors/der/judge_cache/c330d48a53ec20ed.json,https://huggingface.co/datasets/superkaiba1/explore-persona-space-data/resolve/a5cf03bbe4807361a74c427a46ad329065f75e30/issue2569_theory/analysis_tensors/der/judge_cache/c330d48a53ec20ed.json
issue2569_theory,issue2569_theory/analysis_tensors/der/judge_cache/c334d7a8314c99bf.json,90,a5cf03bbe4807361a74c427a46ad329065f75e30,551490f23b969c5c7980d5e5b28f5305887b39ee,,https://huggingface.co/datasets/superkaiba1/explore-persona-space-data/blob/a5cf03bbe4807361a74c427a46ad329065f75e30/issue2569_theory/analysis_tensors/der/judge_cache/c334d7a8314c99bf.json,https://huggingface.co/datasets/superkaiba1/explore-persona-space-data/resolve/a5cf03bbe4807361a74c427a46ad329065f75e30/issue2569_theory/analysis_tensors/der/judge_cache/c334d7a8314c99bf.json
issue2569_theory,issue2569_theory/analysis_tensors/der/judge_cache/c40807453f17e5e6.json,90,a5cf03bbe4807361a74c427a46ad329065f75e30,c2ad50567ce32e6cee0d5c6b3e4cc195da7957c0,,https://huggingface.co/datasets/superkaiba1/explore-persona-space-data/blob/a5cf03bbe4807361a74c427a46ad329065f75e30/issue2569_theory/analysis_tensors/der/judge_cache/c40807453f17e5e6.json,https://huggingface.co/datasets/superkaiba1/explore-persona-space-data/resolve/a5cf03bbe4807361a74c427a46ad329065f75e30/issue2569_theory/analysis_tensors/der/judge_cache/c40807453f17e5e6.json
issue2569_theory,issue2569_theory/analysis_tensors/der/judge_cache/c50f3da450e38986.json,90,a5cf03bbe4807361a74c427a46ad329065f75e30,27e8c0a33432c6bb37a43f94314657c722033d54,,https://huggingface.co/datasets/superkaiba1/explore-persona-space-data/blob/a5cf03bbe4807361a74c427a46ad329065f75e30/issue2569_theory/analysis_tensors/der/judge_cache/c50f3da450e38986.json,https://huggingface.co/datasets/superkaiba1/explore-persona-space-data/resolve/a5cf03bbe4807361a74c427a46ad329065f75e30/issue2569_theory/analysis_tensors/der/judge_cache/c50f3da450e38986.json
issue2569_theory,issue2569_theory/analysis_tensors/der/judge_cache/c588fe96f3052bb5.json,90,a5cf03bbe4807361a74c427a46ad329065f75e30,c2ad50567ce32e6cee0d5c6b3e4cc195da7957c0,,https://huggingface.co/datasets/superkaiba1/explore-persona-space-data/blob/a5cf03bbe4807361a74c427a46ad329065f75e30/issue2569_theory/analysis_tensors/der/judge_cache/c588fe96f3052bb5.json,https://huggingface.co/datasets/superkaiba1/explore-persona-space-data/resolve/a5cf03bbe4807361a74c427a46ad329065f75e30/issue2569_theory/analysis_tensors/der/judge_cache/c588fe96f3052bb5.json
issue2569_theory,issue2569_theory/analysis_tensors/der/judge_cache/c5f5d1a46abf43e0.json,90,a5cf03bbe4807361a74c427a46ad329065f75e30,20439a5b729eed123b59efaa456ee21a769f48bb,,https://huggingface.co/datasets/superkaiba1/explore-persona-space-data/blob/a5cf03bbe4807361a74c427a46ad329065f75e30/issue2569_theory/analysis_tensors/der/judge_cache/c5f5d1a46abf43e0.json,https://huggingface.co/datasets/superkaiba1/explore-persona-space-data/resolve/a5cf03bbe4807361a74c427a46ad329065f75e30/issue2569_theory/analysis_tensors/der/judge_cache/c5f5d1a46abf43e0.json
issue2569_theory,issue2569_theory/analysis_tensors/der/judge_cache/c648582614c6cf88.json,90,a5cf03bbe4807361a74c427a46ad329065f75e30,551490f23b969c5c7980d5e5b28f5305887b39ee,,https://huggingface.co/datasets/superkaiba1/explore-persona-space-data/blob/a5cf03bbe4807361a74c427a46ad329065f75e30/issue2569_theory/analysis_tensors/der/judge_cache/c648582614c6cf88.json,https://huggingface.co/datasets/superkaiba1/explore-persona-space-data/resolve/a5cf03bbe4807361a74c427a46ad329065f75e30/issue2569_theory/analysis_tensors/der/judge_cache/c648582614c6cf88.json
issue2569_theory,issue2569_theory/analysis_tensors/der/judge_cache/c732bbf50756e717.json,90,a5cf03bbe4807361a74c427a46ad329065f75e30,20439a5b729eed123b59efaa456ee21a769f48bb,,https://huggingface.co/datasets/superkaiba1/explore-persona-space-data/blob/a5cf03bbe4807361a74c427a46ad329065f75e30/issue2569_theory/analysis_tensors/der/judge_cache/c732bbf50756e717.json,https://huggingface.co/datasets/superkaiba1/explore-persona-space-data/resolve/a5cf03bbe4807361a74c427a46ad329065f75e30/issue2569_theory/analysis_tensors/der/judge_cache/c732bbf50756e717.json
issue2569_theory,issue2569_theory/analysis_tensors/der/judge_cache/c7e4d14f94ddfd96.json,90,a5cf03bbe4807361a74c427a46ad329065f75e30,dbb8a1fc6f6ce575a95cdcf9c7dabb63937e2f06,,https://huggingface.co/datasets/superkaiba1/explore-persona-space-data/blob/a5cf03bbe4807361a74c427a46ad329065f75e30/issue2569_theory/analysis_tensors/der/judge_cache/c7e4d14f94ddfd96.json,https://huggingface.co/datasets/superkaiba1/explore-persona-space-data/resolve/a5cf03bbe4807361a74c427a46ad329065f75e30/issue2569_theory/analysis_tensors/der/judge_cache/c7e4d14f94ddfd96.json
issue2569_theory,issue2569_theory/analysis_tensors/der/judge_cache/c9778cfc82e8972d.json,90,a5cf03bbe4807361a74c427a46ad329065f75e30,55e4015bd5fe754bad0adb87f8a5064a80745bbc,,https://huggingface.co/datasets/superkaiba1/explore-persona-space-data/blob/a5cf03bbe4807361a74c427a46ad329065f75e30/issue2569_theory/analysis_tensors/der/judge_cache/c9778cfc82e8972d.json,https://huggingface.co/datasets/superkaiba1/explore-persona-space-data/resolve/a5cf03bbe4807361a74c427a46ad329065f75e30/issue2569_theory/analysis_tensors/der/judge_cache/c9778cfc82e8972d.json
issue2569_theory,issue2569_theory/analysis_tensors/der/judge_cache/cad8780c8eeffae2.json,90,a5cf03bbe4807361a74c427a46ad329065f75e30,91a3195e7beed9fe85eaec7521d3459fa0b66748,,https://huggingface.co/datasets/superkaiba1/explore-persona-space-data/blob/a5cf03bbe4807361a74c427a46ad329065f75e30/issue2569_theory/analysis_tensors/der/judge_cache/cad8780c8eeffae2.json,https://huggingface.co/datasets/superkaiba1/explore-persona-space-data/resolve/a5cf03bbe4807361a74c427a46ad329065f75e30/issue2569_theory/analysis_tensors/der/judge_cache/cad8780c8eeffae2.json
issue2569_theory,issue2569_theory/analysis_tensors/der/judge_cache/cb58735e62bf7959.json,90,a5cf03bbe4807361a74c427a46ad329065f75e30,55e4015bd5fe754bad0adb87f8a5064a80745bbc,,https://huggingface.co/datasets/superkaiba1/explore-persona-space-data/blob/a5cf03bbe4807361a74c427a46ad329065f75e30/issue2569_theory/analysis_tensors/der/judge_cache/cb58735e62bf7959.json,https://huggingface.co/datasets/superkaiba1/explore-persona-space-data/resolve/a5cf03bbe4807361a74c427a46ad329065f75e30/issue2569_theory/analysis_tensors/der/judge_cache/cb58735e62bf7959.json
issue2569_theory,issue2569_theory/analysis_tensors/der/judge_cache/cbba11f3190e8796.json,90,a5cf03bbe4807361a74c427a46ad329065f75e30,27e8c0a33432c6bb37a43f94314657c722033d54,,https://huggingface.co/datasets/superkaiba1/explore-persona-space-data/blob/a5cf03bbe4807361a74c427a46ad329065f75e30/issue2569_theory/analysis_tensors/der/judge_cache/cbba11f3190e8796.json,https://huggingface.co/datasets/superkaiba1/explore-persona-space-data/resolve/a5cf03bbe4807361a74c427a46ad329065f75e30/issue2569_theory/analysis_tensors/der/judge_cache/cbba11f3190e8796.json
issue2569_theory,issue2569_theory/analysis_tensors/der/judge_cache/cbe166c628171370.json,90,a5cf03bbe4807361a74c427a46ad329065f75e30,55e4015bd5fe754bad0adb87f8a5064a80745bbc,,https://huggingface.co/datasets/superkaiba1/explore-persona-space-data/blob/a5cf03bbe4807361a74c427a46ad329065f75e30/issue2569_theory/analysis_tensors/der/judge_cache/cbe166c628171370.json,https://huggingface.co/datasets/superkaiba1/explore-persona-space-data/resolve/a5cf03bbe4807361a74c427a46ad329065f75e30/issue2569_theory/analysis_tensors/der/judge_cache/cbe166c628171370.json
issue2569_theory,issue2569_theory/analysis_tensors/der/judge_cache/cbe2a976ef70a265.json,90,a5cf03bbe4807361a74c427a46ad329065f75e30,8b47781f3e204a598867d4331c17496998a5868a,,https://huggingface.co/datasets/superkaiba1/explore-persona-space-data/blob/a5cf03bbe4807361a74c427a46ad329065f75e30/issue2569_theory/analysis_tensors/der/judge_cache/cbe2a976ef70a265.json,https://huggingface.co/datasets/superkaiba1/explore-persona-space-data/resolve/a5cf03bbe4807361a74c427a46ad329065f75e30/issue2569_theory/analysis_tensors/der/judge_cache/cbe2a976ef70a265.json
issue2569_theory,issue2569_theory/analysis_tensors/der/judge_cache/cc0e97a2c6a581bb.json,90,a5cf03bbe4807361a74c427a46ad329065f75e30,8b47781f3e204a598867d4331c17496998a5868a,,https://huggingface.co/datasets/superkaiba1/explore-persona-space-data/blob/a5cf03bbe4807361a74c427a46ad329065f75e30/issue2569_theory/analysis_tensors/der/judge_cache/cc0e97a2c6a581bb.json,https://huggingface.co/datasets/superkaiba1/explore-persona-space-data/resolve/a5cf03bbe4807361a74c427a46ad329065f75e30/issue2569_theory/analysis_tensors/der/judge_cache/cc0e97a2c6a581bb.json
issue2569_theory,issue2569_theory/analysis_tensors/der/judge_cache/cc74b91f555b103d.json,90,a5cf03bbe4807361a74c427a46ad329065f75e30,55e4015bd5fe754bad0adb87f8a5064a80745bbc,,https://huggingface.co/datasets/superkaiba1/explore-persona-space-data/blob/a5cf03bbe4807361a74c427a46ad329065f75e30/issue2569_theory/analysis_tensors/der/judge_cache/cc74b91f555b103d.json,https://huggingface.co/datasets/superkaiba1/explore-persona-space-data/resolve/a5cf03bbe4807361a74c427a46ad329065f75e30/issue2569_theory/analysis_tensors/der/judge_cache/cc74b91f555b103d.json
issue2569_theory,issue2569_theory/analysis_tensors/der/judge_cache/cc8f912dc81f9c64.json,90,a5cf03bbe4807361a74c427a46ad329065f75e30,2fbfcab5331849288557f0a6d4264019545b0b77,,https://huggingface.co/datasets/superkaiba1/explore-persona-space-data/blob/a5cf03bbe4807361a74c427a46ad329065f75e30/issue2569_theory/analysis_tensors/der/judge_cache/cc8f912dc81f9c64.json,https://huggingface.co/datasets/superkaiba1/explore-persona-space-data/resolve/a5cf03bbe4807361a74c427a46ad329065f75e30/issue2569_theory/analysis_tensors/der/judge_cache/cc8f912dc81f9c64.json
issue2569_theory,issue2569_theory/analysis_tensors/der/judge_cache/cd22ade284bbb865.json,90,a5cf03bbe4807361a74c427a46ad329065f75e30,551490f23b969c5c7980d5e5b28f5305887b39ee,,https://huggingface.co/datasets/superkaiba1/explore-persona-space-data/blob/a5cf03bbe4807361a74c427a46ad329065f75e30/issue2569_theory/analysis_tensors/der/judge_cache/cd22ade284bbb865.json,https://huggingface.co/datasets/superkaiba1/explore-persona-space-data/resolve/a5cf03bbe4807361a74c427a46ad329065f75e30/issue2569_theory/analysis_tensors/der/judge_cache/cd22ade284bbb865.json
issue2569_theory,issue2569_theory/analysis_tensors/der/judge_cache/cd30370a903ef74e.json,90,a5cf03bbe4807361a74c427a46ad329065f75e30,551490f23b969c5c7980d5e5b28f5305887b39ee,,https://huggingface.co/datasets/superkaiba1/explore-persona-space-data/blob/a5cf03bbe4807361a74c427a46ad329065f75e30/issue2569_theory/analysis_tensors/der/judge_cache/cd30370a903ef74e.json,https://huggingface.co/datasets/superkaiba1/explore-persona-space-data/resolve/a5cf03bbe4807361a74c427a46ad329065f75e30/issue2569_theory/analysis_tensors/der/judge_cache/cd30370a903ef74e.json
issue2569_theory,issue2569_theory/analysis_tensors/der/judge_cache/cd7a0eaf5d4a41e8.json,90,a5cf03bbe4807361a74c427a46ad329065f75e30,27e8c0a33432c6bb37a43f94314657c722033d54,,https://huggingface.co/datasets/superkaiba1/explore-persona-space-data/blob/a5cf03bbe4807361a74c427a46ad329065f75e30/issue2569_theory/analysis_tensors/der/judge_cache/cd7a0eaf5d4a41e8.json,https://huggingface.co/datasets/superkaiba1/explore-persona-space-data/resolve/a5cf03bbe4807361a74c427a46ad329065f75e30/issue2569_theory/analysis_tensors/der/judge_cache/cd7a0eaf5d4a41e8.json
issue2569_theory,issue2569_theory/analysis_tensors/der/judge_cache/cdecd72c9410a2eb.json,90,a5cf03bbe4807361a74c427a46ad329065f75e30,2fbfcab5331849288557f0a6d4264019545b0b77,,https://huggingface.co/datasets/superkaiba1/explore-persona-space-data/blob/a5cf03bbe4807361a74c427a46ad329065f75e30/issue2569_theory/analysis_tensors/der/judge_cache/cdecd72c9410a2eb.json,https://huggingface.co/datasets/superkaiba1/explore-persona-space-data/resolve/a5cf03bbe4807361a74c427a46ad329065f75e30/issue2569_theory/analysis_tensors/der/judge_cache/cdecd72c9410a2eb.json
issue2569_theory,issue2569_theory/analysis_tensors/der/judge_cache/cf5d98c1a21b4fe1.json,90,a5cf03bbe4807361a74c427a46ad329065f75e30,8b47781f3e204a598867d4331c17496998a5868a,,https://huggingface.co/datasets/superkaiba1/explore-persona-space-data/blob/a5cf03bbe4807361a74c427a46ad329065f75e30/issue2569_theory/analysis_tensors/der/judge_cache/cf5d98c1a21b4fe1.json,https://huggingface.co/datasets/superkaiba1/explore-persona-space-data/resolve/a5cf03bbe4807361a74c427a46ad329065f75e30/issue2569_theory/analysis_tensors/der/judge_cache/cf5d98c1a21b4fe1.json
issue2569_theory,issue2569_theory/analysis_tensors/der/judge_cache/cf634d122cef9985.json,90,a5cf03bbe4807361a74c427a46ad329065f75e30,20439a5b729eed123b59efaa456ee21a769f48bb,,https://huggingface.co/datasets/superkaiba1/explore-persona-space-data/blob/a5cf03bbe4807361a74c427a46ad329065f75e30/issue2569_theory/analysis_tensors/der/judge_cache/cf634d122cef9985.json,https://huggingface.co/datasets/superkaiba1/explore-persona-space-data/resolve/a5cf03bbe4807361a74c427a46ad329065f75e30/issue2569_theory/analysis_tensors/der/judge_cache/cf634d122cef9985.json
issue2569_theory,issue2569_theory/analysis_tensors/der/judge_cache/d00d2f0d3b327d5c.json,90,a5cf03bbe4807361a74c427a46ad329065f75e30,27e8c0a33432c6bb37a43f94314657c722033d54,,https://huggingface.co/datasets/superkaiba1/explore-persona-space-data/blob/a5cf03bbe4807361a74c427a46ad329065f75e30/issue2569_theory/analysis_tensors/der/judge_cache/d00d2f0d3b327d5c.json,https://huggingface.co/datasets/superkaiba1/explore-persona-space-data/resolve/a5cf03bbe4807361a74c427a46ad329065f75e30/issue2569_theory/analysis_tensors/der/judge_cache/d00d2f0d3b327d5c.json
issue2569_theory,issue2569_theory/analysis_tensors/der/judge_cache/d0a14af9b8c0b9e3.json,90,a5cf03bbe4807361a74c427a46ad329065f75e30,691478468cec3eccf2fa58b4cc3be87faac0ee5e,,https://huggingface.co/datasets/superkaiba1/explore-persona-space-data/blob/a5cf03bbe4807361a74c427a46ad329065f75e30/issue2569_theory/analysis_tensors/der/judge_cache/d0a14af9b8c0b9e3.json,https://huggingface.co/datasets/superkaiba1/explore-persona-space-data/resolve/a5cf03bbe4807361a74c427a46ad329065f75e30/issue2569_theory/analysis_tensors/der/judge_cache/d0a14af9b8c0b9e3.json
issue2569_theory,issue2569_theory/analysis_tensors/der/judge_cache/d0d5816822006e2e.json,90,a5cf03bbe4807361a74c427a46ad329065f75e30,dbb8a1fc6f6ce575a95cdcf9c7dabb63937e2f06,,https://huggingface.co/datasets/superkaiba1/explore-persona-space-data/blob/a5cf03bbe4807361a74c427a46ad329065f75e30/issue2569_theory/analysis_tensors/der/judge_cache/d0d5816822006e2e.json,https://huggingface.co/datasets/superkaiba1/explore-persona-space-data/resolve/a5cf03bbe4807361a74c427a46ad329065f75e30/issue2569_theory/analysis_tensors/der/judge_cache/d0d5816822006e2e.json
issue2569_theory,issue2569_theory/analysis_tensors/der/judge_cache/d10734682aa3c7a6.json,90,a5cf03bbe4807361a74c427a46ad329065f75e30,2fbfcab5331849288557f0a6d4264019545b0b77,,https://huggingface.co/datasets/superkaiba1/explore-persona-space-data/blob/a5cf03bbe4807361a74c427a46ad329065f75e30/issue2569_theory/analysis_tensors/der/judge_cache/d10734682aa3c7a6.json,https://huggingface.co/datasets/superkaiba1/explore-persona-space-data/resolve/a5cf03bbe4807361a74c427a46ad329065f75e30/issue2569_theory/analysis_tensors/der/judge_cache/d10734682aa3c7a6.json
issue2569_theory,issue2569_theory/analysis_tensors/der/judge_cache/d11923ef112691f0.json,90,a5cf03bbe4807361a74c427a46ad329065f75e30,c2ad50567ce32e6cee0d5c6b3e4cc195da7957c0,,https://huggingface.co/datasets/superkaiba1/explore-persona-space-data/blob/a5cf03bbe4807361a74c427a46ad329065f75e30/issue2569_theory/analysis_tensors/der/judge_cache/d11923ef112691f0.json,https://huggingface.co/datasets/superkaiba1/explore-persona-space-data/resolve/a5cf03bbe4807361a74c427a46ad329065f75e30/issue2569_theory/analysis_tensors/der/judge_cache/d11923ef112691f0.json
issue2569_theory,issue2569_theory/analysis_tensors/der/judge_cache/d13fe0f66bb74d8b.json,90,a5cf03bbe4807361a74c427a46ad329065f75e30,2fbfcab5331849288557f0a6d4264019545b0b77,,https://huggingface.co/datasets/superkaiba1/explore-persona-space-data/blob/a5cf03bbe4807361a74c427a46ad329065f75e30/issue2569_theory/analysis_tensors/der/judge_cache/d13fe0f66bb74d8b.json,https://huggingface.co/datasets/superkaiba1/explore-persona-space-data/resolve/a5cf03bbe4807361a74c427a46ad329065f75e30/issue2569_theory/analysis_tensors/der/judge_cache/d13fe0f66bb74d8b.json
issue2569_theory,issue2569_theory/analysis_tensors/der/judge_cache/d1b574ad5676f3a2.json,90,a5cf03bbe4807361a74c427a46ad329065f75e30,2fbfcab5331849288557f0a6d4264019545b0b77,,https://huggingface.co/datasets/superkaiba1/explore-persona-space-data/blob/a5cf03bbe4807361a74c427a46ad329065f75e30/issue2569_theory/analysis_tensors/der/judge_cache/d1b574ad5676f3a2.json,https://huggingface.co/datasets/superkaiba1/explore-persona-space-data/resolve/a5cf03bbe4807361a74c427a46ad329065f75e30/issue2569_theory/analysis_tensors/der/judge_cache/d1b574ad5676f3a2.json
issue2569_theory,issue2569_theory/analysis_tensors/der/judge_cache/d1ea5dfe0f5f9b11.json,90,a5cf03bbe4807361a74c427a46ad329065f75e30,dbb8a1fc6f6ce575a95cdcf9c7dabb63937e2f06,,https://huggingface.co/datasets/superkaiba1/explore-persona-space-data/blob/a5cf03bbe4807361a74c427a46ad329065f75e30/issue2569_theory/analysis_tensors/der/judge_cache/d1ea5dfe0f5f9b11.json,https://huggingface.co/datasets/superkaiba1/explore-persona-space-data/resolve/a5cf03bbe4807361a74c427a46ad329065f75e30/issue2569_theory/analysis_tensors/der/judge_cache/d1ea5dfe0f5f9b11.json
issue2569_theory,issue2569_theory/analysis_tensors/der/judge_cache/d1f381c87351a4f6.json,90,a5cf03bbe4807361a74c427a46ad329065f75e30,55e4015bd5fe754bad0adb87f8a5064a80745bbc,,https://huggingface.co/datasets/superkaiba1/explore-persona-space-data/blob/a5cf03bbe4807361a74c427a46ad329065f75e30/issue2569_theory/analysis_tensors/der/judge_cache/d1f381c87351a4f6.json,https://huggingface.co/datasets/superkaiba1/explore-persona-space-data/resolve/a5cf03bbe4807361a74c427a46ad329065f75e30/issue2569_theory/analysis_tensors/der/judge_cache/d1f381c87351a4f6.json
issue2569_theory,issue2569_theory/analysis_tensors/der/judge_cache/d1fffd650bb40c54.json,90,a5cf03bbe4807361a74c427a46ad329065f75e30,c2ad50567ce32e6cee0d5c6b3e4cc195da7957c0,,https://huggingface.co/datasets/superkaiba1/explore-persona-space-data/blob/a5cf03bbe4807361a74c427a46ad329065f75e30/issue2569_theory/analysis_tensors/der/judge_cache/d1fffd650bb40c54.json,https://huggingface.co/datasets/superkaiba1/explore-persona-space-data/resolve/a5cf03bbe4807361a74c427a46ad329065f75e30/issue2569_theory/analysis_tensors/der/judge_cache/d1fffd650bb40c54.json
issue2569_theory,issue2569_theory/analysis_tensors/der/judge_cache/d26b0d5a57a0b2c7.json,90,a5cf03bbe4807361a74c427a46ad329065f75e30,dbb8a1fc6f6ce575a95cdcf9c7dabb63937e2f06,,https://huggingface.co/datasets/superkaiba1/explore-persona-space-data/blob/a5cf03bbe4807361a74c427a46ad329065f75e30/issue2569_theory/analysis_tensors/der/judge_cache/d26b0d5a57a0b2c7.json,https://huggingface.co/datasets/superkaiba1/explore-persona-space-data/resolve/a5cf03bbe4807361a74c427a46ad329065f75e30/issue2569_theory/analysis_tensors/der/judge_cache/d26b0d5a57a0b2c7.json
issue2569_theory,issue2569_theory/analysis_tensors/der/judge_cache/d2713b905bcc1260.json,90,a5cf03bbe4807361a74c427a46ad329065f75e30,20439a5b729eed123b59efaa456ee21a769f48bb,,https://huggingface.co/datasets/superkaiba1/explore-persona-space-data/blob/a5cf03bbe4807361a74c427a46ad329065f75e30/issue2569_theory/analysis_tensors/der/judge_cache/d2713b905bcc1260.json,https://huggingface.co/datasets/superkaiba1/explore-persona-space-data/resolve/a5cf03bbe4807361a74c427a46ad329065f75e30/issue2569_theory/analysis_tensors/der/judge_cache/d2713b905bcc1260.json
issue2569_theory,issue2569_theory/analysis_tensors/der/judge_cache/d2d3734ae08988e5.json,90,a5cf03bbe4807361a74c427a46ad329065f75e30,2fbfcab5331849288557f0a6d4264019545b0b77,,https://huggingface.co/datasets/superkaiba1/explore-persona-space-data/blob/a5cf03bbe4807361a74c427a46ad329065f75e30/issue2569_theory/analysis_tensors/der/judge_cache/d2d3734ae08988e5.json,https://huggingface.co/datasets/superkaiba1/explore-persona-space-data/resolve/a5cf03bbe4807361a74c427a46ad329065f75e30/issue2569_theory/analysis_tensors/der/judge_cache/d2d3734ae08988e5.json
issue2569_theory,issue2569_theory/analysis_tensors/der/judge_cache/d2ee0bcbb1b05448.json,90,a5cf03bbe4807361a74c427a46ad329065f75e30,c2ad50567ce32e6cee0d5c6b3e4cc195da7957c0,,https://huggingface.co/datasets/superkaiba1/explore-persona-space-data/blob/a5cf03bbe4807361a74c427a46ad329065f75e30/issue2569_theory/analysis_tensors/der/judge_cache/d2ee0bcbb1b05448.json,https://huggingface.co/datasets/superkaiba1/explore-persona-space-data/resolve/a5cf03bbe4807361a74c427a46ad329065f75e30/issue2569_theory/analysis_tensors/der/judge_cache/d2ee0bcbb1b05448.json
issue2569_theory,issue2569_theory/analysis_tensors/der/judge_cache/d2ee4aa29f1cd6db.json,90,a5cf03bbe4807361a74c427a46ad329065f75e30,2fbfcab5331849288557f0a6d4264019545b0b77,,https://huggingface.co/datasets/superkaiba1/explore-persona-space-data/blob/a5cf03bbe4807361a74c427a46ad329065f75e30/issue2569_theory/analysis_tensors/der/judge_cache/d2ee4aa29f1cd6db.json,https://huggingface.co/datasets/superkaiba1/explore-persona-space-data/resolve/a5cf03bbe4807361a74c427a46ad329065f75e30/issue2569_theory/analysis_tensors/der/judge_cache/d2ee4aa29f1cd6db.json
issue2569_theory,issue2569_theory/analysis_tensors/der/judge_cache/d3f3832384d77698.json,90,a5cf03bbe4807361a74c427a46ad329065f75e30,691478468cec3eccf2fa58b4cc3be87faac0ee5e,,https://huggingface.co/datasets/superkaiba1/explore-persona-space-data/blob/a5cf03bbe4807361a74c427a46ad329065f75e30/issue2569_theory/analysis_tensors/der/judge_cache/d3f3832384d77698.json,https://huggingface.co/datasets/superkaiba1/explore-persona-space-data/resolve/a5cf03bbe4807361a74c427a46ad329065f75e30/issue2569_theory/analysis_tensors/der/judge_cache/d3f3832384d77698.json
issue2569_theory,issue2569_theory/analysis_tensors/der/judge_cache/d3f815f1d65eb7e6.json,90,a5cf03bbe4807361a74c427a46ad329065f75e30,dbb8a1fc6f6ce575a95cdcf9c7dabb63937e2f06,,https://huggingface.co/datasets/superkaiba1/explore-persona-space-data/blob/a5cf03bbe4807361a74c427a46ad329065f75e30/issue2569_theory/analysis_tensors/der/judge_cache/d3f815f1d65eb7e6.json,https://huggingface.co/datasets/superkaiba1/explore-persona-space-data/resolve/a5cf03bbe4807361a74c427a46ad329065f75e30/issue2569_theory/analysis_tensors/der/judge_cache/d3f815f1d65eb7e6.json
issue2569_theory,issue2569_theory/analysis_tensors/der/judge_cache/d7d335234f837115.json,90,a5cf03bbe4807361a74c427a46ad329065f75e30,551490f23b969c5c7980d5e5b28f5305887b39ee,,https://huggingface.co/datasets/superkaiba1/explore-persona-space-data/blob/a5cf03bbe4807361a74c427a46ad329065f75e30/issue2569_theory/analysis_tensors/der/judge_cache/d7d335234f837115.json,https://huggingface.co/datasets/superkaiba1/explore-persona-space-data/resolve/a5cf03bbe4807361a74c427a46ad329065f75e30/issue2569_theory/analysis_tensors/der/judge_cache/d7d335234f837115.json
issue2569_theory,issue2569_theory/analysis_tensors/der/judge_cache/d7f68e775b2fa497.json,90,a5cf03bbe4807361a74c427a46ad329065f75e30,551490f23b969c5c7980d5e5b28f5305887b39ee,,https://huggingface.co/datasets/superkaiba1/explore-persona-space-data/blob/a5cf03bbe4807361a74c427a46ad329065f75e30/issue2569_theory/analysis_tensors/der/judge_cache/d7f68e775b2fa497.json,https://huggingface.co/datasets/superkaiba1/explore-persona-space-data/resolve/a5cf03bbe4807361a74c427a46ad329065f75e30/issue2569_theory/analysis_tensors/der/judge_cache/d7f68e775b2fa497.json
issue2569_theory,issue2569_theory/analysis_tensors/der/judge_cache/d94c73e7b5b8ac07.json,90,a5cf03bbe4807361a74c427a46ad329065f75e30,27e8c0a33432c6bb37a43f94314657c722033d54,,https://huggingface.co/datasets/superkaiba1/explore-persona-space-data/blob/a5cf03bbe4807361a74c427a46ad329065f75e30/issue2569_theory/analysis_tensors/der/judge_cache/d94c73e7b5b8ac07.json,https://huggingface.co/datasets/superkaiba1/explore-persona-space-data/resolve/a5cf03bbe4807361a74c427a46ad329065f75e30/issue2569_theory/analysis_tensors/der/judge_cache/d94c73e7b5b8ac07.json
issue2569_theory,issue2569_theory/analysis_tensors/der/judge_cache/d96d6eb532daa867.json,90,a5cf03bbe4807361a74c427a46ad329065f75e30,91a3195e7beed9fe85eaec7521d3459fa0b66748,,https://huggingface.co/datasets/superkaiba1/explore-persona-space-data/blob/a5cf03bbe4807361a74c427a46ad329065f75e30/issue2569_theory/analysis_tensors/der/judge_cache/d96d6eb532daa867.json,https://huggingface.co/datasets/superkaiba1/explore-persona-space-data/resolve/a5cf03bbe4807361a74c427a46ad329065f75e30/issue2569_theory/analysis_tensors/der/judge_cache/d96d6eb532daa867.json
issue2569_theory,issue2569_theory/analysis_tensors/der/judge_cache/d98b9e1a8bbfd7e7.json,90,a5cf03bbe4807361a74c427a46ad329065f75e30,8b47781f3e204a598867d4331c17496998a5868a,,https://huggingface.co/datasets/superkaiba1/explore-persona-space-data/blob/a5cf03bbe4807361a74c427a46ad329065f75e30/issue2569_theory/analysis_tensors/der/judge_cache/d98b9e1a8bbfd7e7.json,https://huggingface.co/datasets/superkaiba1/explore-persona-space-data/resolve/a5cf03bbe4807361a74c427a46ad329065f75e30/issue2569_theory/analysis_tensors/der/judge_cache/d98b9e1a8bbfd7e7.json
issue2569_theory,issue2569_theory/analysis_tensors/der/judge_cache/d9a013a3c1d5915c.json,90,a5cf03bbe4807361a74c427a46ad329065f75e30,8b47781f3e204a598867d4331c17496998a5868a,,https://huggingface.co/datasets/superkaiba1/explore-persona-space-data/blob/a5cf03bbe4807361a74c427a46ad329065f75e30/issue2569_theory/analysis_tensors/der/judge_cache/d9a013a3c1d5915c.json,https://huggingface.co/datasets/superkaiba1/explore-persona-space-data/resolve/a5cf03bbe4807361a74c427a46ad329065f75e30/issue2569_theory/analysis_tensors/der/judge_cache/d9a013a3c1d5915c.json
issue2569_theory,issue2569_theory/analysis_tensors/der/judge_cache/d9cfd642614b2f0a.json,90,a5cf03bbe4807361a74c427a46ad329065f75e30,c2ad50567ce32e6cee0d5c6b3e4cc195da7957c0,,https://huggingface.co/datasets/superkaiba1/explore-persona-space-data/blob/a5cf03bbe4807361a74c427a46ad329065f75e30/issue2569_theory/analysis_tensors/der/judge_cache/d9cfd642614b2f0a.json,https://huggingface.co/datasets/superkaiba1/explore-persona-space-data/resolve/a5cf03bbe4807361a74c427a46ad329065f75e30/issue2569_theory/analysis_tensors/der/judge_cache/d9cfd642614b2f0a.json
issue2569_theory,issue2569_theory/analysis_tensors/der/judge_cache/da0b5bbd5fb76964.json,90,a5cf03bbe4807361a74c427a46ad329065f75e30,27e8c0a33432c6bb37a43f94314657c722033d54,,https://huggingface.co/datasets/superkaiba1/explore-persona-space-data/blob/a5cf03bbe4807361a74c427a46ad329065f75e30/issue2569_theory/analysis_tensors/der/judge_cache/da0b5bbd5fb76964.json,https://huggingface.co/datasets/superkaiba1/explore-persona-space-data/resolve/a5cf03bbe4807361a74c427a46ad329065f75e30/issue2569_theory/analysis_tensors/der/judge_cache/da0b5bbd5fb76964.json
issue2569_theory,issue2569_theory/analysis_tensors/der/judge_cache/da1a273fda7ba69b.json,90,a5cf03bbe4807361a74c427a46ad329065f75e30,551490f23b969c5c7980d5e5b28f5305887b39ee,,https://huggingface.co/datasets/superkaiba1/explore-persona-space-data/blob/a5cf03bbe4807361a74c427a46ad329065f75e30/issue2569_theory/analysis_tensors/der/judge_cache/da1a273fda7ba69b.json,https://huggingface.co/datasets/superkaiba1/explore-persona-space-data/resolve/a5cf03bbe4807361a74c427a46ad329065f75e30/issue2569_theory/analysis_tensors/der/judge_cache/da1a273fda7ba69b.json
issue2569_theory,issue2569_theory/analysis_tensors/der/judge_cache/da42e1945c510dcb.json,90,a5cf03bbe4807361a74c427a46ad329065f75e30,2fbfcab5331849288557f0a6d4264019545b0b77,,https://huggingface.co/datasets/superkaiba1/explore-persona-space-data/blob/a5cf03bbe4807361a74c427a46ad329065f75e30/issue2569_theory/analysis_tensors/der/judge_cache/da42e1945c510dcb.json,https://huggingface.co/datasets/superkaiba1/explore-persona-space-data/resolve/a5cf03bbe4807361a74c427a46ad329065f75e30/issue2569_theory/analysis_tensors/der/judge_cache/da42e1945c510dcb.json
issue2569_theory,issue2569_theory/analysis_tensors/der/judge_cache/db80a5dae5342bf1.json,90,a5cf03bbe4807361a74c427a46ad329065f75e30,c2ad50567ce32e6cee0d5c6b3e4cc195da7957c0,,https://huggingface.co/datasets/superkaiba1/explore-persona-space-data/blob/a5cf03bbe4807361a74c427a46ad329065f75e30/issue2569_theory/analysis_tensors/der/judge_cache/db80a5dae5342bf1.json,https://huggingface.co/datasets/superkaiba1/explore-persona-space-data/resolve/a5cf03bbe4807361a74c427a46ad329065f75e30/issue2569_theory/analysis_tensors/der/judge_cache/db80a5dae5342bf1.json
issue2569_theory,issue2569_theory/analysis_tensors/der/judge_cache/dbbfafe947228a3c.json,90,a5cf03bbe4807361a74c427a46ad329065f75e30,2fbfcab5331849288557f0a6d4264019545b0b77,,https://huggingface.co/datasets/superkaiba1/explore-persona-space-data/blob/a5cf03bbe4807361a74c427a46ad329065f75e30/issue2569_theory/analysis_tensors/der/judge_cache/dbbfafe947228a3c.json,https://huggingface.co/datasets/superkaiba1/explore-persona-space-data/resolve/a5cf03bbe4807361a74c427a46ad329065f75e30/issue2569_theory/analysis_tensors/der/judge_cache/dbbfafe947228a3c.json
issue2569_theory,issue2569_theory/analysis_tensors/der/judge_cache/dbd149df93229fba.json,90,a5cf03bbe4807361a74c427a46ad329065f75e30,691478468cec3eccf2fa58b4cc3be87faac0ee5e,,https://huggingface.co/datasets/superkaiba1/explore-persona-space-data/blob/a5cf03bbe4807361a74c427a46ad329065f75e30/issue2569_theory/analysis_tensors/der/judge_cache/dbd149df93229fba.json,https://huggingface.co/datasets/superkaiba1/explore-persona-space-data/resolve/a5cf03bbe4807361a74c427a46ad329065f75e30/issue2569_theory/analysis_tensors/der/judge_cache/dbd149df93229fba.json
issue2569_theory,issue2569_theory/analysis_tensors/der/judge_cache/dbdcedd84946f696.json,90,a5cf03bbe4807361a74c427a46ad329065f75e30,551490f23b969c5c7980d5e5b28f5305887b39ee,,https://huggingface.co/datasets/superkaiba1/explore-persona-space-data/blob/a5cf03bbe4807361a74c427a46ad329065f75e30/issue2569_theory/analysis_tensors/der/judge_cache/dbdcedd84946f696.json,https://huggingface.co/datasets/superkaiba1/explore-persona-space-data/resolve/a5cf03bbe4807361a74c427a46ad329065f75e30/issue2569_theory/analysis_tensors/der/judge_cache/dbdcedd84946f696.json
issue2569_theory,issue2569_theory/analysis_tensors/der/judge_cache/dc86575cf0ac443a.json,90,a5cf03bbe4807361a74c427a46ad329065f75e30,27e8c0a33432c6bb37a43f94314657c722033d54,,https://huggingface.co/datasets/superkaiba1/explore-persona-space-data/blob/a5cf03bbe4807361a74c427a46ad329065f75e30/issue2569_theory/analysis_tensors/der/judge_cache/dc86575cf0ac443a.json,https://huggingface.co/datasets/superkaiba1/explore-persona-space-data/resolve/a5cf03bbe4807361a74c427a46ad329065f75e30/issue2569_theory/analysis_tensors/der/judge_cache/dc86575cf0ac443a.json
issue2569_theory,issue2569_theory/analysis_tensors/der/judge_cache/dd445858f92ecc20.json,90,a5cf03bbe4807361a74c427a46ad329065f75e30,dbb8a1fc6f6ce575a95cdcf9c7dabb63937e2f06,,https://huggingface.co/datasets/superkaiba1/explore-persona-space-data/blob/a5cf03bbe4807361a74c427a46ad329065f75e30/issue2569_theory/analysis_tensors/der/judge_cache/dd445858f92ecc20.json,https://huggingface.co/datasets/superkaiba1/explore-persona-space-data/resolve/a5cf03bbe4807361a74c427a46ad329065f75e30/issue2569_theory/analysis_tensors/der/judge_cache/dd445858f92ecc20.json
issue2569_theory,issue2569_theory/analysis_tensors/der/judge_cache/dd92654457030c01.json,90,a5cf03bbe4807361a74c427a46ad329065f75e30,20439a5b729eed123b59efaa456ee21a769f48bb,,https://huggingface.co/datasets/superkaiba1/explore-persona-space-data/blob/a5cf03bbe4807361a74c427a46ad329065f75e30/issue2569_theory/analysis_tensors/der/judge_cache/dd92654457030c01.json,https://huggingface.co/datasets/superkaiba1/explore-persona-space-data/resolve/a5cf03bbe4807361a74c427a46ad329065f75e30/issue2569_theory/analysis_tensors/der/judge_cache/dd92654457030c01.json
issue2569_theory,issue2569_theory/analysis_tensors/der/judge_cache/de7741190da2981b.json,90,a5cf03bbe4807361a74c427a46ad329065f75e30,2fbfcab5331849288557f0a6d4264019545b0b77,,https://huggingface.co/datasets/superkaiba1/explore-persona-space-data/blob/a5cf03bbe4807361a74c427a46ad329065f75e30/issue2569_theory/analysis_tensors/der/judge_cache/de7741190da2981b.json,https://huggingface.co/datasets/superkaiba1/explore-persona-space-data/resolve/a5cf03bbe4807361a74c427a46ad329065f75e30/issue2569_theory/analysis_tensors/der/judge_cache/de7741190da2981b.json
issue2569_theory,issue2569_theory/analysis_tensors/der/judge_cache/dedbacfe19c27235.json,90,a5cf03bbe4807361a74c427a46ad329065f75e30,8b47781f3e204a598867d4331c17496998a5868a,,https://huggingface.co/datasets/superkaiba1/explore-persona-space-data/blob/a5cf03bbe4807361a74c427a46ad329065f75e30/issue2569_theory/analysis_tensors/der/judge_cache/dedbacfe19c27235.json,https://huggingface.co/datasets/superkaiba1/explore-persona-space-data/resolve/a5cf03bbe4807361a74c427a46ad329065f75e30/issue2569_theory/analysis_tensors/der/judge_cache/dedbacfe19c27235.json
issue2569_theory,issue2569_theory/analysis_tensors/der/judge_cache/df1f809e74836453.json,90,a5cf03bbe4807361a74c427a46ad329065f75e30,27e8c0a33432c6bb37a43f94314657c722033d54,,https://huggingface.co/datasets/superkaiba1/explore-persona-space-data/blob/a5cf03bbe4807361a74c427a46ad329065f75e30/issue2569_theory/analysis_tensors/der/judge_cache/df1f809e74836453.json,https://huggingface.co/datasets/superkaiba1/explore-persona-space-data/resolve/a5cf03bbe4807361a74c427a46ad329065f75e30/issue2569_theory/analysis_tensors/der/judge_cache/df1f809e74836453.json
issue2569_theory,issue2569_theory/analysis_tensors/der/judge_cache/df63a884a23d92bb.json,90,a5cf03bbe4807361a74c427a46ad329065f75e30,91a3195e7beed9fe85eaec7521d3459fa0b66748,,https://huggingface.co/datasets/superkaiba1/explore-persona-space-data/blob/a5cf03bbe4807361a74c427a46ad329065f75e30/issue2569_theory/analysis_tensors/der/judge_cache/df63a884a23d92bb.json,https://huggingface.co/datasets/superkaiba1/explore-persona-space-data/resolve/a5cf03bbe4807361a74c427a46ad329065f75e30/issue2569_theory/analysis_tensors/der/judge_cache/df63a884a23d92bb.json
issue2569_theory,issue2569_theory/analysis_tensors/der/judge_cache/df76dbb7d45326dd.json,90,a5cf03bbe4807361a74c427a46ad329065f75e30,8b47781f3e204a598867d4331c17496998a5868a,,https://huggingface.co/datasets/superkaiba1/explore-persona-space-data/blob/a5cf03bbe4807361a74c427a46ad329065f75e30/issue2569_theory/analysis_tensors/der/judge_cache/df76dbb7d45326dd.json,https://huggingface.co/datasets/superkaiba1/explore-persona-space-data/resolve/a5cf03bbe4807361a74c427a46ad329065f75e30/issue2569_theory/analysis_tensors/der/judge_cache/df76dbb7d45326dd.json
issue2569_theory,issue2569_theory/analysis_tensors/der/judge_cache/e0a5a6f0e3a33bfc.json,90,a5cf03bbe4807361a74c427a46ad329065f75e30,551490f23b969c5c7980d5e5b28f5305887b39ee,,https://huggingface.co/datasets/superkaiba1/explore-persona-space-data/blob/a5cf03bbe4807361a74c427a46ad329065f75e30/issue2569_theory/analysis_tensors/der/judge_cache/e0a5a6f0e3a33bfc.json,https://huggingface.co/datasets/superkaiba1/explore-persona-space-data/resolve/a5cf03bbe4807361a74c427a46ad329065f75e30/issue2569_theory/analysis_tensors/der/judge_cache/e0a5a6f0e3a33bfc.json
issue2569_theory,issue2569_theory/analysis_tensors/der/judge_cache/e1701b582b425f71.json,90,a5cf03bbe4807361a74c427a46ad329065f75e30,91a3195e7beed9fe85eaec7521d3459fa0b66748,,https://huggingface.co/datasets/superkaiba1/explore-persona-space-data/blob/a5cf03bbe4807361a74c427a46ad329065f75e30/issue2569_theory/analysis_tensors/der/judge_cache/e1701b582b425f71.json,https://huggingface.co/datasets/superkaiba1/explore-persona-space-data/resolve/a5cf03bbe4807361a74c427a46ad329065f75e30/issue2569_theory/analysis_tensors/der/judge_cache/e1701b582b425f71.json
issue2569_theory,issue2569_theory/analysis_tensors/der/judge_cache/e1d5a5a7acb17b88.json,90,a5cf03bbe4807361a74c427a46ad329065f75e30,20439a5b729eed123b59efaa456ee21a769f48bb,,https://huggingface.co/datasets/superkaiba1/explore-persona-space-data/blob/a5cf03bbe4807361a74c427a46ad329065f75e30/issue2569_theory/analysis_tensors/der/judge_cache/e1d5a5a7acb17b88.json,https://huggingface.co/datasets/superkaiba1/explore-persona-space-data/resolve/a5cf03bbe4807361a74c427a46ad329065f75e30/issue2569_theory/analysis_tensors/der/judge_cache/e1d5a5a7acb17b88.json
issue2569_theory,issue2569_theory/analysis_tensors/der/judge_cache/e1ffb036684631ee.json,90,a5cf03bbe4807361a74c427a46ad329065f75e30,691478468cec3eccf2fa58b4cc3be87faac0ee5e,,https://huggingface.co/datasets/superkaiba1/explore-persona-space-data/blob/a5cf03bbe4807361a74c427a46ad329065f75e30/issue2569_theory/analysis_tensors/der/judge_cache/e1ffb036684631ee.json,https://huggingface.co/datasets/superkaiba1/explore-persona-space-data/resolve/a5cf03bbe4807361a74c427a46ad329065f75e30/issue2569_theory/analysis_tensors/der/judge_cache/e1ffb036684631ee.json
issue2569_theory,issue2569_theory/analysis_tensors/der/judge_cache/e21ea13f7b701c39.json,90,a5cf03bbe4807361a74c427a46ad329065f75e30,91a3195e7beed9fe85eaec7521d3459fa0b66748,,https://huggingface.co/datasets/superkaiba1/explore-persona-space-data/blob/a5cf03bbe4807361a74c427a46ad329065f75e30/issue2569_theory/analysis_tensors/der/judge_cache/e21ea13f7b701c39.json,https://huggingface.co/datasets/superkaiba1/explore-persona-space-data/resolve/a5cf03bbe4807361a74c427a46ad329065f75e30/issue2569_theory/analysis_tensors/der/judge_cache/e21ea13f7b701c39.json
issue2569_theory,issue2569_theory/analysis_tensors/der/judge_cache/e2306845c392b167.json,90,a5cf03bbe4807361a74c427a46ad329065f75e30,8b47781f3e204a598867d4331c17496998a5868a,,https://huggingface.co/datasets/superkaiba1/explore-persona-space-data/blob/a5cf03bbe4807361a74c427a46ad329065f75e30/issue2569_theory/analysis_tensors/der/judge_cache/e2306845c392b167.json,https://huggingface.co/datasets/superkaiba1/explore-persona-space-data/resolve/a5cf03bbe4807361a74c427a46ad329065f75e30/issue2569_theory/analysis_tensors/der/judge_cache/e2306845c392b167.json
issue2569_theory,issue2569_theory/analysis_tensors/der/judge_cache/e28dd96c8d17acc4.json,90,a5cf03bbe4807361a74c427a46ad329065f75e30,91a3195e7beed9fe85eaec7521d3459fa0b66748,,https://huggingface.co/datasets/superkaiba1/explore-persona-space-data/blob/a5cf03bbe4807361a74c427a46ad329065f75e30/issue2569_theory/analysis_tensors/der/judge_cache/e28dd96c8d17acc4.json,https://huggingface.co/datasets/superkaiba1/explore-persona-space-data/resolve/a5cf03bbe4807361a74c427a46ad329065f75e30/issue2569_theory/analysis_tensors/der/judge_cache/e28dd96c8d17acc4.json
issue2569_theory,issue2569_theory/analysis_tensors/der/judge_cache/e2fdc97f19a7c06e.json,90,a5cf03bbe4807361a74c427a46ad329065f75e30,c2ad50567ce32e6cee0d5c6b3e4cc195da7957c0,,https://huggingface.co/datasets/superkaiba1/explore-persona-space-data/blob/a5cf03bbe4807361a74c427a46ad329065f75e30/issue2569_theory/analysis_tensors/der/judge_cache/e2fdc97f19a7c06e.json,https://huggingface.co/datasets/superkaiba1/explore-persona-space-data/resolve/a5cf03bbe4807361a74c427a46ad329065f75e30/issue2569_theory/analysis_tensors/der/judge_cache/e2fdc97f19a7c06e.json
issue2569_theory,issue2569_theory/analysis_tensors/der/judge_cache/e3bab2dfe70f0f6d.json,90,a5cf03bbe4807361a74c427a46ad329065f75e30,551490f23b969c5c7980d5e5b28f5305887b39ee,,https://huggingface.co/datasets/superkaiba1/explore-persona-space-data/blob/a5cf03bbe4807361a74c427a46ad329065f75e30/issue2569_theory/analysis_tensors/der/judge_cache/e3bab2dfe70f0f6d.json,https://huggingface.co/datasets/superkaiba1/explore-persona-space-data/resolve/a5cf03bbe4807361a74c427a46ad329065f75e30/issue2569_theory/analysis_tensors/der/judge_cache/e3bab2dfe70f0f6d.json
issue2569_theory,issue2569_theory/analysis_tensors/der/judge_cache/e43c7de77518aae4.json,90,a5cf03bbe4807361a74c427a46ad329065f75e30,55e4015bd5fe754bad0adb87f8a5064a80745bbc,,https://huggingface.co/datasets/superkaiba1/explore-persona-space-data/blob/a5cf03bbe4807361a74c427a46ad329065f75e30/issue2569_theory/analysis_tensors/der/judge_cache/e43c7de77518aae4.json,https://huggingface.co/datasets/superkaiba1/explore-persona-space-data/resolve/a5cf03bbe4807361a74c427a46ad329065f75e30/issue2569_theory/analysis_tensors/der/judge_cache/e43c7de77518aae4.json
issue2569_theory,issue2569_theory/analysis_tensors/der/judge_cache/e6e325fa2fd37ea0.json,90,a5cf03bbe4807361a74c427a46ad329065f75e30,c2ad50567ce32e6cee0d5c6b3e4cc195da7957c0,,https://huggingface.co/datasets/superkaiba1/explore-persona-space-data/blob/a5cf03bbe4807361a74c427a46ad329065f75e30/issue2569_theory/analysis_tensors/der/judge_cache/e6e325fa2fd37ea0.json,https://huggingface.co/datasets/superkaiba1/explore-persona-space-data/resolve/a5cf03bbe4807361a74c427a46ad329065f75e30/issue2569_theory/analysis_tensors/der/judge_cache/e6e325fa2fd37ea0.json
issue2569_theory,issue2569_theory/analysis_tensors/der/judge_cache/e717b713281059a9.json,90,a5cf03bbe4807361a74c427a46ad329065f75e30,2fbfcab5331849288557f0a6d4264019545b0b77,,https://huggingface.co/datasets/superkaiba1/explore-persona-space-data/blob/a5cf03bbe4807361a74c427a46ad329065f75e30/issue2569_theory/analysis_tensors/der/judge_cache/e717b713281059a9.json,https://huggingface.co/datasets/superkaiba1/explore-persona-space-data/resolve/a5cf03bbe4807361a74c427a46ad329065f75e30/issue2569_theory/analysis_tensors/der/judge_cache/e717b713281059a9.json
issue2569_theory,issue2569_theory/analysis_tensors/der/judge_cache/e730d445b5c09e8a.json,90,a5cf03bbe4807361a74c427a46ad329065f75e30,55e4015bd5fe754bad0adb87f8a5064a80745bbc,,https://huggingface.co/datasets/superkaiba1/explore-persona-space-data/blob/a5cf03bbe4807361a74c427a46ad329065f75e30/issue2569_theory/analysis_tensors/der/judge_cache/e730d445b5c09e8a.json,https://huggingface.co/datasets/superkaiba1/explore-persona-space-data/resolve/a5cf03bbe4807361a74c427a46ad329065f75e30/issue2569_theory/analysis_tensors/der/judge_cache/e730d445b5c09e8a.json
issue2569_theory,issue2569_theory/analysis_tensors/der/judge_cache/e763291f7fcced8c.json,90,a5cf03bbe4807361a74c427a46ad329065f75e30,27e8c0a33432c6bb37a43f94314657c722033d54,,https://huggingface.co/datasets/superkaiba1/explore-persona-space-data/blob/a5cf03bbe4807361a74c427a46ad329065f75e30/issue2569_theory/analysis_tensors/der/judge_cache/e763291f7fcced8c.json,https://huggingface.co/datasets/superkaiba1/explore-persona-space-data/resolve/a5cf03bbe4807361a74c427a46ad329065f75e30/issue2569_theory/analysis_tensors/der/judge_cache/e763291f7fcced8c.json
issue2569_theory,issue2569_theory/analysis_tensors/der/judge_cache/e79206d5478173bc.json,90,a5cf03bbe4807361a74c427a46ad329065f75e30,55e4015bd5fe754bad0adb87f8a5064a80745bbc,,https://huggingface.co/datasets/superkaiba1/explore-persona-space-data/blob/a5cf03bbe4807361a74c427a46ad329065f75e30/issue2569_theory/analysis_tensors/der/judge_cache/e79206d5478173bc.json,https://huggingface.co/datasets/superkaiba1/explore-persona-space-data/resolve/a5cf03bbe4807361a74c427a46ad329065f75e30/issue2569_theory/analysis_tensors/der/judge_cache/e79206d5478173bc.json
issue2569_theory,issue2569_theory/analysis_tensors/der/judge_cache/e8829a68b75e7a2f.json,90,a5cf03bbe4807361a74c427a46ad329065f75e30,20439a5b729eed123b59efaa456ee21a769f48bb,,https://huggingface.co/datasets/superkaiba1/explore-persona-space-data/blob/a5cf03bbe4807361a74c427a46ad329065f75e30/issue2569_theory/analysis_tensors/der/judge_cache/e8829a68b75e7a2f.json,https://huggingface.co/datasets/superkaiba1/explore-persona-space-data/resolve/a5cf03bbe4807361a74c427a46ad329065f75e30/issue2569_theory/analysis_tensors/der/judge_cache/e8829a68b75e7a2f.json
issue2569_theory,issue2569_theory/analysis_tensors/der/judge_cache/e8b9299066732b2b.json,90,a5cf03bbe4807361a74c427a46ad329065f75e30,dbb8a1fc6f6ce575a95cdcf9c7dabb63937e2f06,,https://huggingface.co/datasets/superkaiba1/explore-persona-space-data/blob/a5cf03bbe4807361a74c427a46ad329065f75e30/issue2569_theory/analysis_tensors/der/judge_cache/e8b9299066732b2b.json,https://huggingface.co/datasets/superkaiba1/explore-persona-space-data/resolve/a5cf03bbe4807361a74c427a46ad329065f75e30/issue2569_theory/analysis_tensors/der/judge_cache/e8b9299066732b2b.json
issue2569_theory,issue2569_theory/analysis_tensors/der/judge_cache/e8d0d12467dfa966.json,90,a5cf03bbe4807361a74c427a46ad329065f75e30,551490f23b969c5c7980d5e5b28f5305887b39ee,,https://huggingface.co/datasets/superkaiba1/explore-persona-space-data/blob/a5cf03bbe4807361a74c427a46ad329065f75e30/issue2569_theory/analysis_tensors/der/judge_cache/e8d0d12467dfa966.json,https://huggingface.co/datasets/superkaiba1/explore-persona-space-data/resolve/a5cf03bbe4807361a74c427a46ad329065f75e30/issue2569_theory/analysis_tensors/der/judge_cache/e8d0d12467dfa966.json
issue2569_theory,issue2569_theory/analysis_tensors/der/judge_cache/e8e52bd2541294f5.json,90,a5cf03bbe4807361a74c427a46ad329065f75e30,2fbfcab5331849288557f0a6d4264019545b0b77,,https://huggingface.co/datasets/superkaiba1/explore-persona-space-data/blob/a5cf03bbe4807361a74c427a46ad329065f75e30/issue2569_theory/analysis_tensors/der/judge_cache/e8e52bd2541294f5.json,https://huggingface.co/datasets/superkaiba1/explore-persona-space-data/resolve/a5cf03bbe4807361a74c427a46ad329065f75e30/issue2569_theory/analysis_tensors/der/judge_cache/e8e52bd2541294f5.json
issue2569_theory,issue2569_theory/analysis_tensors/der/judge_cache/e9b3589ed7e7f859.json,90,a5cf03bbe4807361a74c427a46ad329065f75e30,20439a5b729eed123b59efaa456ee21a769f48bb,,https://huggingface.co/datasets/superkaiba1/explore-persona-space-data/blob/a5cf03bbe4807361a74c427a46ad329065f75e30/issue2569_theory/analysis_tensors/der/judge_cache/e9b3589ed7e7f859.json,https://huggingface.co/datasets/superkaiba1/explore-persona-space-data/resolve/a5cf03bbe4807361a74c427a46ad329065f75e30/issue2569_theory/analysis_tensors/der/judge_cache/e9b3589ed7e7f859.json
issue2569_theory,issue2569_theory/analysis_tensors/der/judge_cache/e9b785231bcc1564.json,90,a5cf03bbe4807361a74c427a46ad329065f75e30,691478468cec3eccf2fa58b4cc3be87faac0ee5e,,https://huggingface.co/datasets/superkaiba1/explore-persona-space-data/blob/a5cf03bbe4807361a74c427a46ad329065f75e30/issue2569_theory/analysis_tensors/der/judge_cache/e9b785231bcc1564.json,https://huggingface.co/datasets/superkaiba1/explore-persona-space-data/resolve/a5cf03bbe4807361a74c427a46ad329065f75e30/issue2569_theory/analysis_tensors/der/judge_cache/e9b785231bcc1564.json
issue2569_theory,issue2569_theory/analysis_tensors/der/judge_cache/ea9fe3f41cb5fbcd.json,90,a5cf03bbe4807361a74c427a46ad329065f75e30,20439a5b729eed123b59efaa456ee21a769f48bb,,https://huggingface.co/datasets/superkaiba1/explore-persona-space-data/blob/a5cf03bbe4807361a74c427a46ad329065f75e30/issue2569_theory/analysis_tensors/der/judge_cache/ea9fe3f41cb5fbcd.json,https://huggingface.co/datasets/superkaiba1/explore-persona-space-data/resolve/a5cf03bbe4807361a74c427a46ad329065f75e30/issue2569_theory/analysis_tensors/der/judge_cache/ea9fe3f41cb5fbcd.json
issue2569_theory,issue2569_theory/analysis_tensors/der/judge_cache/eaad294a287157cc.json,90,a5cf03bbe4807361a74c427a46ad329065f75e30,27e8c0a33432c6bb37a43f94314657c722033d54,,https://huggingface.co/datasets/superkaiba1/explore-persona-space-data/blob/a5cf03bbe4807361a74c427a46ad329065f75e30/issue2569_theory/analysis_tensors/der/judge_cache/eaad294a287157cc.json,https://huggingface.co/datasets/superkaiba1/explore-persona-space-data/resolve/a5cf03bbe4807361a74c427a46ad329065f75e30/issue2569_theory/analysis_tensors/der/judge_cache/eaad294a287157cc.json
issue2569_theory,issue2569_theory/analysis_tensors/der/judge_cache/eb9021b768f583ce.json,90,a5cf03bbe4807361a74c427a46ad329065f75e30,27e8c0a33432c6bb37a43f94314657c722033d54,,https://huggingface.co/datasets/superkaiba1/explore-persona-space-data/blob/a5cf03bbe4807361a74c427a46ad329065f75e30/issue2569_theory/analysis_tensors/der/judge_cache/eb9021b768f583ce.json,https://huggingface.co/datasets/superkaiba1/explore-persona-space-data/resolve/a5cf03bbe4807361a74c427a46ad329065f75e30/issue2569_theory/analysis_tensors/der/judge_cache/eb9021b768f583ce.json
issue2569_theory,issue2569_theory/analysis_tensors/der/judge_cache/ed74e70411e65db0.json,90,a5cf03bbe4807361a74c427a46ad329065f75e30,27e8c0a33432c6bb37a43f94314657c722033d54,,https://huggingface.co/datasets/superkaiba1/explore-persona-space-data/blob/a5cf03bbe4807361a74c427a46ad329065f75e30/issue2569_theory/analysis_tensors/der/judge_cache/ed74e70411e65db0.json,https://huggingface.co/datasets/superkaiba1/explore-persona-space-data/resolve/a5cf03bbe4807361a74c427a46ad329065f75e30/issue2569_theory/analysis_tensors/der/judge_cache/ed74e70411e65db0.json
issue2569_theory,issue2569_theory/analysis_tensors/der/judge_cache/eda509e466f0d0f0.json,90,a5cf03bbe4807361a74c427a46ad329065f75e30,20439a5b729eed123b59efaa456ee21a769f48bb,,https://huggingface.co/datasets/superkaiba1/explore-persona-space-data/blob/a5cf03bbe4807361a74c427a46ad329065f75e30/issue2569_theory/analysis_tensors/der/judge_cache/eda509e466f0d0f0.json,https://huggingface.co/datasets/superkaiba1/explore-persona-space-data/resolve/a5cf03bbe4807361a74c427a46ad329065f75e30/issue2569_theory/analysis_tensors/der/judge_cache/eda509e466f0d0f0.json
issue2569_theory,issue2569_theory/analysis_tensors/der/judge_cache/ee2110ad35448661.json,90,a5cf03bbe4807361a74c427a46ad329065f75e30,dbb8a1fc6f6ce575a95cdcf9c7dabb63937e2f06,,https://huggingface.co/datasets/superkaiba1/explore-persona-space-data/blob/a5cf03bbe4807361a74c427a46ad329065f75e30/issue2569_theory/analysis_tensors/der/judge_cache/ee2110ad35448661.json,https://huggingface.co/datasets/superkaiba1/explore-persona-space-data/resolve/a5cf03bbe4807361a74c427a46ad329065f75e30/issue2569_theory/analysis_tensors/der/judge_cache/ee2110ad35448661.json
issue2569_theory,issue2569_theory/analysis_tensors/der/judge_cache/eefddc525f1b5b36.json,90,a5cf03bbe4807361a74c427a46ad329065f75e30,20439a5b729eed123b59efaa456ee21a769f48bb,,https://huggingface.co/datasets/superkaiba1/explore-persona-space-data/blob/a5cf03bbe4807361a74c427a46ad329065f75e30/issue2569_theory/analysis_tensors/der/judge_cache/eefddc525f1b5b36.json,https://huggingface.co/datasets/superkaiba1/explore-persona-space-data/resolve/a5cf03bbe4807361a74c427a46ad329065f75e30/issue2569_theory/analysis_tensors/der/judge_cache/eefddc525f1b5b36.json
issue2569_theory,issue2569_theory/analysis_tensors/der/judge_cache/ef2cdbdd1352dbef.json,90,a5cf03bbe4807361a74c427a46ad329065f75e30,20439a5b729eed123b59efaa456ee21a769f48bb,,https://huggingface.co/datasets/superkaiba1/explore-persona-space-data/blob/a5cf03bbe4807361a74c427a46ad329065f75e30/issue2569_theory/analysis_tensors/der/judge_cache/ef2cdbdd1352dbef.json,https://huggingface.co/datasets/superkaiba1/explore-persona-space-data/resolve/a5cf03bbe4807361a74c427a46ad329065f75e30/issue2569_theory/analysis_tensors/der/judge_cache/ef2cdbdd1352dbef.json
issue2569_theory,issue2569_theory/analysis_tensors/der/judge_cache/ef2f878578e9b1d7.json,90,a5cf03bbe4807361a74c427a46ad329065f75e30,55e4015bd5fe754bad0adb87f8a5064a80745bbc,,https://huggingface.co/datasets/superkaiba1/explore-persona-space-data/blob/a5cf03bbe4807361a74c427a46ad329065f75e30/issue2569_theory/analysis_tensors/der/judge_cache/ef2f878578e9b1d7.json,https://huggingface.co/datasets/superkaiba1/explore-persona-space-data/resolve/a5cf03bbe4807361a74c427a46ad329065f75e30/issue2569_theory/analysis_tensors/der/judge_cache/ef2f878578e9b1d7.json
issue2569_theory,issue2569_theory/analysis_tensors/der/judge_cache/efa96d133f74c2eb.json,90,a5cf03bbe4807361a74c427a46ad329065f75e30,2fbfcab5331849288557f0a6d4264019545b0b77,,https://huggingface.co/datasets/superkaiba1/explore-persona-space-data/blob/a5cf03bbe4807361a74c427a46ad329065f75e30/issue2569_theory/analysis_tensors/der/judge_cache/efa96d133f74c2eb.json,https://huggingface.co/datasets/superkaiba1/explore-persona-space-data/resolve/a5cf03bbe4807361a74c427a46ad329065f75e30/issue2569_theory/analysis_tensors/der/judge_cache/efa96d133f74c2eb.json
issue2569_theory,issue2569_theory/analysis_tensors/der/judge_cache/f0d273a8a07db036.json,90,a5cf03bbe4807361a74c427a46ad329065f75e30,c2ad50567ce32e6cee0d5c6b3e4cc195da7957c0,,https://huggingface.co/datasets/superkaiba1/explore-persona-space-data/blob/a5cf03bbe4807361a74c427a46ad329065f75e30/issue2569_theory/analysis_tensors/der/judge_cache/f0d273a8a07db036.json,https://huggingface.co/datasets/superkaiba1/explore-persona-space-data/resolve/a5cf03bbe4807361a74c427a46ad329065f75e30/issue2569_theory/analysis_tensors/der/judge_cache/f0d273a8a07db036.json
issue2569_theory,issue2569_theory/analysis_tensors/der/judge_cache/f16085cef35541ea.json,90,a5cf03bbe4807361a74c427a46ad329065f75e30,91a3195e7beed9fe85eaec7521d3459fa0b66748,,https://huggingface.co/datasets/superkaiba1/explore-persona-space-data/blob/a5cf03bbe4807361a74c427a46ad329065f75e30/issue2569_theory/analysis_tensors/der/judge_cache/f16085cef35541ea.json,https://huggingface.co/datasets/superkaiba1/explore-persona-space-data/resolve/a5cf03bbe4807361a74c427a46ad329065f75e30/issue2569_theory/analysis_tensors/der/judge_cache/f16085cef35541ea.json
issue2569_theory,issue2569_theory/analysis_tensors/der/judge_cache/f1b9e2d0f2f5d969.json,90,a5cf03bbe4807361a74c427a46ad329065f75e30,dbb8a1fc6f6ce575a95cdcf9c7dabb63937e2f06,,https://huggingface.co/datasets/superkaiba1/explore-persona-space-data/blob/a5cf03bbe4807361a74c427a46ad329065f75e30/issue2569_theory/analysis_tensors/der/judge_cache/f1b9e2d0f2f5d969.json,https://huggingface.co/datasets/superkaiba1/explore-persona-space-data/resolve/a5cf03bbe4807361a74c427a46ad329065f75e30/issue2569_theory/analysis_tensors/der/judge_cache/f1b9e2d0f2f5d969.json
issue2569_theory,issue2569_theory/analysis_tensors/der/judge_cache/f1cc79c17e6b9937.json,90,a5cf03bbe4807361a74c427a46ad329065f75e30,91a3195e7beed9fe85eaec7521d3459fa0b66748,,https://huggingface.co/datasets/superkaiba1/explore-persona-space-data/blob/a5cf03bbe4807361a74c427a46ad329065f75e30/issue2569_theory/analysis_tensors/der/judge_cache/f1cc79c17e6b9937.json,https://huggingface.co/datasets/superkaiba1/explore-persona-space-data/resolve/a5cf03bbe4807361a74c427a46ad329065f75e30/issue2569_theory/analysis_tensors/der/judge_cache/f1cc79c17e6b9937.json
issue2569_theory,issue2569_theory/analysis_tensors/der/judge_cache/f1d25f3436413fe6.json,90,a5cf03bbe4807361a74c427a46ad329065f75e30,c2ad50567ce32e6cee0d5c6b3e4cc195da7957c0,,https://huggingface.co/datasets/superkaiba1/explore-persona-space-data/blob/a5cf03bbe4807361a74c427a46ad329065f75e30/issue2569_theory/analysis_tensors/der/judge_cache/f1d25f3436413fe6.json,https://huggingface.co/datasets/superkaiba1/explore-persona-space-data/resolve/a5cf03bbe4807361a74c427a46ad329065f75e30/issue2569_theory/analysis_tensors/der/judge_cache/f1d25f3436413fe6.json
issue2569_theory,issue2569_theory/analysis_tensors/der/judge_cache/f28b8cea2401e800.json,90,a5cf03bbe4807361a74c427a46ad329065f75e30,55e4015bd5fe754bad0adb87f8a5064a80745bbc,,https://huggingface.co/datasets/superkaiba1/explore-persona-space-data/blob/a5cf03bbe4807361a74c427a46ad329065f75e30/issue2569_theory/analysis_tensors/der/judge_cache/f28b8cea2401e800.json,https://huggingface.co/datasets/superkaiba1/explore-persona-space-data/resolve/a5cf03bbe4807361a74c427a46ad329065f75e30/issue2569_theory/analysis_tensors/der/judge_cache/f28b8cea2401e800.json
issue2569_theory,issue2569_theory/analysis_tensors/der/judge_cache/f294b8ea90317552.json,90,a5cf03bbe4807361a74c427a46ad329065f75e30,55e4015bd5fe754bad0adb87f8a5064a80745bbc,,https://huggingface.co/datasets/superkaiba1/explore-persona-space-data/blob/a5cf03bbe4807361a74c427a46ad329065f75e30/issue2569_theory/analysis_tensors/der/judge_cache/f294b8ea90317552.json,https://huggingface.co/datasets/superkaiba1/explore-persona-space-data/resolve/a5cf03bbe4807361a74c427a46ad329065f75e30/issue2569_theory/analysis_tensors/der/judge_cache/f294b8ea90317552.json
issue2569_theory,issue2569_theory/analysis_tensors/der/judge_cache/f2abcf02028922e3.json,90,a5cf03bbe4807361a74c427a46ad329065f75e30,551490f23b969c5c7980d5e5b28f5305887b39ee,,https://huggingface.co/datasets/superkaiba1/explore-persona-space-data/blob/a5cf03bbe4807361a74c427a46ad329065f75e30/issue2569_theory/analysis_tensors/der/judge_cache/f2abcf02028922e3.json,https://huggingface.co/datasets/superkaiba1/explore-persona-space-data/resolve/a5cf03bbe4807361a74c427a46ad329065f75e30/issue2569_theory/analysis_tensors/der/judge_cache/f2abcf02028922e3.json
issue2569_theory,issue2569_theory/analysis_tensors/der/judge_cache/f2cb94afc9473dc4.json,90,a5cf03bbe4807361a74c427a46ad329065f75e30,551490f23b969c5c7980d5e5b28f5305887b39ee,,https://huggingface.co/datasets/superkaiba1/explore-persona-space-data/blob/a5cf03bbe4807361a74c427a46ad329065f75e30/issue2569_theory/analysis_tensors/der/judge_cache/f2cb94afc9473dc4.json,https://huggingface.co/datasets/superkaiba1/explore-persona-space-data/resolve/a5cf03bbe4807361a74c427a46ad329065f75e30/issue2569_theory/analysis_tensors/der/judge_cache/f2cb94afc9473dc4.json
issue2569_theory,issue2569_theory/analysis_tensors/der/judge_cache/f2d6ba2efdfe61cb.json,90,a5cf03bbe4807361a74c427a46ad329065f75e30,2fbfcab5331849288557f0a6d4264019545b0b77,,https://huggingface.co/datasets/superkaiba1/explore-persona-space-data/blob/a5cf03bbe4807361a74c427a46ad329065f75e30/issue2569_theory/analysis_tensors/der/judge_cache/f2d6ba2efdfe61cb.json,https://huggingface.co/datasets/superkaiba1/explore-persona-space-data/resolve/a5cf03bbe4807361a74c427a46ad329065f75e30/issue2569_theory/analysis_tensors/der/judge_cache/f2d6ba2efdfe61cb.json
issue2569_theory,issue2569_theory/analysis_tensors/der/judge_cache/f37ed3427787b253.json,90,a5cf03bbe4807361a74c427a46ad329065f75e30,691478468cec3eccf2fa58b4cc3be87faac0ee5e,,https://huggingface.co/datasets/superkaiba1/explore-persona-space-data/blob/a5cf03bbe4807361a74c427a46ad329065f75e30/issue2569_theory/analysis_tensors/der/judge_cache/f37ed3427787b253.json,https://huggingface.co/datasets/superkaiba1/explore-persona-space-data/resolve/a5cf03bbe4807361a74c427a46ad329065f75e30/issue2569_theory/analysis_tensors/der/judge_cache/f37ed3427787b253.json
issue2569_theory,issue2569_theory/analysis_tensors/der/judge_cache/f3a3de46e9d17186.json,90,a5cf03bbe4807361a74c427a46ad329065f75e30,2fbfcab5331849288557f0a6d4264019545b0b77,,https://huggingface.co/datasets/superkaiba1/explore-persona-space-data/blob/a5cf03bbe4807361a74c427a46ad329065f75e30/issue2569_theory/analysis_tensors/der/judge_cache/f3a3de46e9d17186.json,https://huggingface.co/datasets/superkaiba1/explore-persona-space-data/resolve/a5cf03bbe4807361a74c427a46ad329065f75e30/issue2569_theory/analysis_tensors/der/judge_cache/f3a3de46e9d17186.json
issue2569_theory,issue2569_theory/analysis_tensors/der/judge_cache/f43446c5b9e17fb5.json,90,a5cf03bbe4807361a74c427a46ad329065f75e30,8b47781f3e204a598867d4331c17496998a5868a,,https://huggingface.co/datasets/superkaiba1/explore-persona-space-data/blob/a5cf03bbe4807361a74c427a46ad329065f75e30/issue2569_theory/analysis_tensors/der/judge_cache/f43446c5b9e17fb5.json,https://huggingface.co/datasets/superkaiba1/explore-persona-space-data/resolve/a5cf03bbe4807361a74c427a46ad329065f75e30/issue2569_theory/analysis_tensors/der/judge_cache/f43446c5b9e17fb5.json
issue2569_theory,issue2569_theory/analysis_tensors/der/judge_cache/f4faab9203e0da1f.json,90,a5cf03bbe4807361a74c427a46ad329065f75e30,55e4015bd5fe754bad0adb87f8a5064a80745bbc,,https://huggingface.co/datasets/superkaiba1/explore-persona-space-data/blob/a5cf03bbe4807361a74c427a46ad329065f75e30/issue2569_theory/analysis_tensors/der/judge_cache/f4faab9203e0da1f.json,https://huggingface.co/datasets/superkaiba1/explore-persona-space-data/resolve/a5cf03bbe4807361a74c427a46ad329065f75e30/issue2569_theory/analysis_tensors/der/judge_cache/f4faab9203e0da1f.json
issue2569_theory,issue2569_theory/analysis_tensors/der/judge_cache/f62eb1c245f41151.json,90,a5cf03bbe4807361a74c427a46ad329065f75e30,20439a5b729eed123b59efaa456ee21a769f48bb,,https://huggingface.co/datasets/superkaiba1/explore-persona-space-data/blob/a5cf03bbe4807361a74c427a46ad329065f75e30/issue2569_theory/analysis_tensors/der/judge_cache/f62eb1c245f41151.json,https://huggingface.co/datasets/superkaiba1/explore-persona-space-data/resolve/a5cf03bbe4807361a74c427a46ad329065f75e30/issue2569_theory/analysis_tensors/der/judge_cache/f62eb1c245f41151.json
issue2569_theory,issue2569_theory/analysis_tensors/der/judge_cache/f6691dd3488f68c3.json,90,a5cf03bbe4807361a74c427a46ad329065f75e30,20439a5b729eed123b59efaa456ee21a769f48bb,,https://huggingface.co/datasets/superkaiba1/explore-persona-space-data/blob/a5cf03bbe4807361a74c427a46ad329065f75e30/issue2569_theory/analysis_tensors/der/judge_cache/f6691dd3488f68c3.json,https://huggingface.co/datasets/superkaiba1/explore-persona-space-data/resolve/a5cf03bbe4807361a74c427a46ad329065f75e30/issue2569_theory/analysis_tensors/der/judge_cache/f6691dd3488f68c3.json
issue2569_theory,issue2569_theory/analysis_tensors/der/judge_cache/f9062f25f477472d.json,90,a5cf03bbe4807361a74c427a46ad329065f75e30,8b47781f3e204a598867d4331c17496998a5868a,,https://huggingface.co/datasets/superkaiba1/explore-persona-space-data/blob/a5cf03bbe4807361a74c427a46ad329065f75e30/issue2569_theory/analysis_tensors/der/judge_cache/f9062f25f477472d.json,https://huggingface.co/datasets/superkaiba1/explore-persona-space-data/resolve/a5cf03bbe4807361a74c427a46ad329065f75e30/issue2569_theory/analysis_tensors/der/judge_cache/f9062f25f477472d.json
issue2569_theory,issue2569_theory/analysis_tensors/der/judge_cache/f948235faf7d11f0.json,90,a5cf03bbe4807361a74c427a46ad329065f75e30,551490f23b969c5c7980d5e5b28f5305887b39ee,,https://huggingface.co/datasets/superkaiba1/explore-persona-space-data/blob/a5cf03bbe4807361a74c427a46ad329065f75e30/issue2569_theory/analysis_tensors/der/judge_cache/f948235faf7d11f0.json,https://huggingface.co/datasets/superkaiba1/explore-persona-space-data/resolve/a5cf03bbe4807361a74c427a46ad329065f75e30/issue2569_theory/analysis_tensors/der/judge_cache/f948235faf7d11f0.json
issue2569_theory,issue2569_theory/analysis_tensors/der/judge_cache/f99368cd67c4e3c8.json,90,a5cf03bbe4807361a74c427a46ad329065f75e30,55e4015bd5fe754bad0adb87f8a5064a80745bbc,,https://huggingface.co/datasets/superkaiba1/explore-persona-space-data/blob/a5cf03bbe4807361a74c427a46ad329065f75e30/issue2569_theory/analysis_tensors/der/judge_cache/f99368cd67c4e3c8.json,https://huggingface.co/datasets/superkaiba1/explore-persona-space-data/resolve/a5cf03bbe4807361a74c427a46ad329065f75e30/issue2569_theory/analysis_tensors/der/judge_cache/f99368cd67c4e3c8.json
issue2569_theory,issue2569_theory/analysis_tensors/der/judge_cache/fa22d2afc689e8b2.json,90,a5cf03bbe4807361a74c427a46ad329065f75e30,691478468cec3eccf2fa58b4cc3be87faac0ee5e,,https://huggingface.co/datasets/superkaiba1/explore-persona-space-data/blob/a5cf03bbe4807361a74c427a46ad329065f75e30/issue2569_theory/analysis_tensors/der/judge_cache/fa22d2afc689e8b2.json,https://huggingface.co/datasets/superkaiba1/explore-persona-space-data/resolve/a5cf03bbe4807361a74c427a46ad329065f75e30/issue2569_theory/analysis_tensors/der/judge_cache/fa22d2afc689e8b2.json
issue2569_theory,issue2569_theory/analysis_tensors/der/judge_cache/fa441330a2fa7f0e.json,90,a5cf03bbe4807361a74c427a46ad329065f75e30,551490f23b969c5c7980d5e5b28f5305887b39ee,,https://huggingface.co/datasets/superkaiba1/explore-persona-space-data/blob/a5cf03bbe4807361a74c427a46ad329065f75e30/issue2569_theory/analysis_tensors/der/judge_cache/fa441330a2fa7f0e.json,https://huggingface.co/datasets/superkaiba1/explore-persona-space-data/resolve/a5cf03bbe4807361a74c427a46ad329065f75e30/issue2569_theory/analysis_tensors/der/judge_cache/fa441330a2fa7f0e.json
issue2569_theory,issue2569_theory/analysis_tensors/der/judge_cache/fa6082091a339513.json,90,a5cf03bbe4807361a74c427a46ad329065f75e30,c2ad50567ce32e6cee0d5c6b3e4cc195da7957c0,,https://huggingface.co/datasets/superkaiba1/explore-persona-space-data/blob/a5cf03bbe4807361a74c427a46ad329065f75e30/issue2569_theory/analysis_tensors/der/judge_cache/fa6082091a339513.json,https://huggingface.co/datasets/superkaiba1/explore-persona-space-data/resolve/a5cf03bbe4807361a74c427a46ad329065f75e30/issue2569_theory/analysis_tensors/der/judge_cache/fa6082091a339513.json
issue2569_theory,issue2569_theory/analysis_tensors/der/judge_cache/fa7588b059ce2d79.json,90,a5cf03bbe4807361a74c427a46ad329065f75e30,691478468cec3eccf2fa58b4cc3be87faac0ee5e,,https://huggingface.co/datasets/superkaiba1/explore-persona-space-data/blob/a5cf03bbe4807361a74c427a46ad329065f75e30/issue2569_theory/analysis_tensors/der/judge_cache/fa7588b059ce2d79.json,https://huggingface.co/datasets/superkaiba1/explore-persona-space-data/resolve/a5cf03bbe4807361a74c427a46ad329065f75e30/issue2569_theory/analysis_tensors/der/judge_cache/fa7588b059ce2d79.json
issue2569_theory,issue2569_theory/analysis_tensors/der/judge_cache/fb60288d22cb047a.json,90,a5cf03bbe4807361a74c427a46ad329065f75e30,dbb8a1fc6f6ce575a95cdcf9c7dabb63937e2f06,,https://huggingface.co/datasets/superkaiba1/explore-persona-space-data/blob/a5cf03bbe4807361a74c427a46ad329065f75e30/issue2569_theory/analysis_tensors/der/judge_cache/fb60288d22cb047a.json,https://huggingface.co/datasets/superkaiba1/explore-persona-space-data/resolve/a5cf03bbe4807361a74c427a46ad329065f75e30/issue2569_theory/analysis_tensors/der/judge_cache/fb60288d22cb047a.json
issue2569_theory,issue2569_theory/analysis_tensors/der/judge_cache/fbdbe4014b5cf2c0.json,90,a5cf03bbe4807361a74c427a46ad329065f75e30,2fbfcab5331849288557f0a6d4264019545b0b77,,https://huggingface.co/datasets/superkaiba1/explore-persona-space-data/blob/a5cf03bbe4807361a74c427a46ad329065f75e30/issue2569_theory/analysis_tensors/der/judge_cache/fbdbe4014b5cf2c0.json,https://huggingface.co/datasets/superkaiba1/explore-persona-space-data/resolve/a5cf03bbe4807361a74c427a46ad329065f75e30/issue2569_theory/analysis_tensors/der/judge_cache/fbdbe4014b5cf2c0.json
issue2569_theory,issue2569_theory/analysis_tensors/der/judge_cache/fbf90f66dc1b495f.json,90,a5cf03bbe4807361a74c427a46ad329065f75e30,691478468cec3eccf2fa58b4cc3be87faac0ee5e,,https://huggingface.co/datasets/superkaiba1/explore-persona-space-data/blob/a5cf03bbe4807361a74c427a46ad329065f75e30/issue2569_theory/analysis_tensors/der/judge_cache/fbf90f66dc1b495f.json,https://huggingface.co/datasets/superkaiba1/explore-persona-space-data/resolve/a5cf03bbe4807361a74c427a46ad329065f75e30/issue2569_theory/analysis_tensors/der/judge_cache/fbf90f66dc1b495f.json
issue2569_theory,issue2569_theory/analysis_tensors/der/judge_cache/fc02351af208877b.json,90,a5cf03bbe4807361a74c427a46ad329065f75e30,2fbfcab5331849288557f0a6d4264019545b0b77,,https://huggingface.co/datasets/superkaiba1/explore-persona-space-data/blob/a5cf03bbe4807361a74c427a46ad329065f75e30/issue2569_theory/analysis_tensors/der/judge_cache/fc02351af208877b.json,https://huggingface.co/datasets/superkaiba1/explore-persona-space-data/resolve/a5cf03bbe4807361a74c427a46ad329065f75e30/issue2569_theory/analysis_tensors/der/judge_cache/fc02351af208877b.json
issue2569_theory,issue2569_theory/analysis_tensors/der/judge_cache/fc1899e58a43f905.json,90,a5cf03bbe4807361a74c427a46ad329065f75e30,91a3195e7beed9fe85eaec7521d3459fa0b66748,,https://huggingface.co/datasets/superkaiba1/explore-persona-space-data/blob/a5cf03bbe4807361a74c427a46ad329065f75e30/issue2569_theory/analysis_tensors/der/judge_cache/fc1899e58a43f905.json,https://huggingface.co/datasets/superkaiba1/explore-persona-space-data/resolve/a5cf03bbe4807361a74c427a46ad329065f75e30/issue2569_theory/analysis_tensors/der/judge_cache/fc1899e58a43f905.json
issue2569_theory,issue2569_theory/analysis_tensors/der/judge_cache/fcc687f803fbf0da.json,90,a5cf03bbe4807361a74c427a46ad329065f75e30,dbb8a1fc6f6ce575a95cdcf9c7dabb63937e2f06,,https://huggingface.co/datasets/superkaiba1/explore-persona-space-data/blob/a5cf03bbe4807361a74c427a46ad329065f75e30/issue2569_theory/analysis_tensors/der/judge_cache/fcc687f803fbf0da.json,https://huggingface.co/datasets/superkaiba1/explore-persona-space-data/resolve/a5cf03bbe4807361a74c427a46ad329065f75e30/issue2569_theory/analysis_tensors/der/judge_cache/fcc687f803fbf0da.json
issue2569_theory,issue2569_theory/analysis_tensors/der/judge_cache/fdda1d2cad8f04e0.json,90,a5cf03bbe4807361a74c427a46ad329065f75e30,2fbfcab5331849288557f0a6d4264019545b0b77,,https://huggingface.co/datasets/superkaiba1/explore-persona-space-data/blob/a5cf03bbe4807361a74c427a46ad329065f75e30/issue2569_theory/analysis_tensors/der/judge_cache/fdda1d2cad8f04e0.json,https://huggingface.co/datasets/superkaiba1/explore-persona-space-data/resolve/a5cf03bbe4807361a74c427a46ad329065f75e30/issue2569_theory/analysis_tensors/der/judge_cache/fdda1d2cad8f04e0.json
issue2569_theory,issue2569_theory/analysis_tensors/der/judge_cache/fe0390f903ae316c.json,90,a5cf03bbe4807361a74c427a46ad329065f75e30,691478468cec3eccf2fa58b4cc3be87faac0ee5e,,https://huggingface.co/datasets/superkaiba1/explore-persona-space-data/blob/a5cf03bbe4807361a74c427a46ad329065f75e30/issue2569_theory/analysis_tensors/der/judge_cache/fe0390f903ae316c.json,https://huggingface.co/datasets/superkaiba1/explore-persona-space-data/resolve/a5cf03bbe4807361a74c427a46ad329065f75e30/issue2569_theory/analysis_tensors/der/judge_cache/fe0390f903ae316c.json
issue2569_theory,issue2569_theory/analysis_tensors/der/judge_cache/fe47b5d4df8787fc.json,90,a5cf03bbe4807361a74c427a46ad329065f75e30,691478468cec3eccf2fa58b4cc3be87faac0ee5e,,https://huggingface.co/datasets/superkaiba1/explore-persona-space-data/blob/a5cf03bbe4807361a74c427a46ad329065f75e30/issue2569_theory/analysis_tensors/der/judge_cache/fe47b5d4df8787fc.json,https://huggingface.co/datasets/superkaiba1/explore-persona-space-data/resolve/a5cf03bbe4807361a74c427a46ad329065f75e30/issue2569_theory/analysis_tensors/der/judge_cache/fe47b5d4df8787fc.json
issue2569_theory,issue2569_theory/analysis_tensors/der/judge_cache/fe506e85c4d13ee4.json,90,a5cf03bbe4807361a74c427a46ad329065f75e30,20439a5b729eed123b59efaa456ee21a769f48bb,,https://huggingface.co/datasets/superkaiba1/explore-persona-space-data/blob/a5cf03bbe4807361a74c427a46ad329065f75e30/issue2569_theory/analysis_tensors/der/judge_cache/fe506e85c4d13ee4.json,https://huggingface.co/datasets/superkaiba1/explore-persona-space-data/resolve/a5cf03bbe4807361a74c427a46ad329065f75e30/issue2569_theory/analysis_tensors/der/judge_cache/fe506e85c4d13ee4.json
issue2569_theory,issue2569_theory/analysis_tensors/der/judge_cache/ff0a1ad5f8f17363.json,90,a5cf03bbe4807361a74c427a46ad329065f75e30,55e4015bd5fe754bad0adb87f8a5064a80745bbc,,https://huggingface.co/datasets/superkaiba1/explore-persona-space-data/blob/a5cf03bbe4807361a74c427a46ad329065f75e30/issue2569_theory/analysis_tensors/der/judge_cache/ff0a1ad5f8f17363.json,https://huggingface.co/datasets/superkaiba1/explore-persona-space-data/resolve/a5cf03bbe4807361a74c427a46ad329065f75e30/issue2569_theory/analysis_tensors/der/judge_cache/ff0a1ad5f8f17363.json
issue2569_theory,issue2569_theory/analysis_tensors/der/judge_cache/ffe54c58684236fa.json,90,a5cf03bbe4807361a74c427a46ad329065f75e30,8b47781f3e204a598867d4331c17496998a5868a,,https://huggingface.co/datasets/superkaiba1/explore-persona-space-data/blob/a5cf03bbe4807361a74c427a46ad329065f75e30/issue2569_theory/analysis_tensors/der/judge_cache/ffe54c58684236fa.json,https://huggingface.co/datasets/superkaiba1/explore-persona-space-data/resolve/a5cf03bbe4807361a74c427a46ad329065f75e30/issue2569_theory/analysis_tensors/der/judge_cache/ffe54c58684236fa.json
issue2569_theory,issue2569_theory/analysis_tensors/der/judge_cache/fffdb41ee4d010f9.json,90,a5cf03bbe4807361a74c427a46ad329065f75e30,c2ad50567ce32e6cee0d5c6b3e4cc195da7957c0,,https://huggingface.co/datasets/superkaiba1/explore-persona-space-data/blob/a5cf03bbe4807361a74c427a46ad329065f75e30/issue2569_theory/analysis_tensors/der/judge_cache/fffdb41ee4d010f9.json,https://huggingface.co/datasets/superkaiba1/explore-persona-space-data/resolve/a5cf03bbe4807361a74c427a46ad329065f75e30/issue2569_theory/analysis_tensors/der/judge_cache/fffdb41ee4d010f9.json
issue2569_theory,issue2569_theory/analysis_tensors/der/local_regime.json,408,a5cf03bbe4807361a74c427a46ad329065f75e30,f9ef98b8784c4d81e350f83b61057cb793aa099c,,https://huggingface.co/datasets/superkaiba1/explore-persona-space-data/blob/a5cf03bbe4807361a74c427a46ad329065f75e30/issue2569_theory/analysis_tensors/der/local_regime.json,https://huggingface.co/datasets/superkaiba1/explore-persona-space-data/resolve/a5cf03bbe4807361a74c427a46ad329065f75e30/issue2569_theory/analysis_tensors/der/local_regime.json
issue2569_theory,issue2569_theory/analysis_tensors/der/matching_items.json,16231368,a5cf03bbe4807361a74c427a46ad329065f75e30,d474b8ace2cb46a7c7a4b005d578250e09cebd89,00a7e6370f456be8182ee5e5d4f40a1c0501e6256b5bd7cde87d285e5376fe67,https://huggingface.co/datasets/superkaiba1/explore-persona-space-data/blob/a5cf03bbe4807361a74c427a46ad329065f75e30/issue2569_theory/analysis_tensors/der/matching_items.json,https://huggingface.co/datasets/superkaiba1/explore-persona-space-data/resolve/a5cf03bbe4807361a74c427a46ad329065f75e30/issue2569_theory/analysis_tensors/der/matching_items.json
issue2569_theory,issue2569_theory/analysis_tensors/der/regime.json,1611,a5cf03bbe4807361a74c427a46ad329065f75e30,16ba25df71777b5c04333fbc2a46fe04af21240e,,https://huggingface.co/datasets/superkaiba1/explore-persona-space-data/blob/a5cf03bbe4807361a74c427a46ad329065f75e30/issue2569_theory/analysis_tensors/der/regime.json,https://huggingface.co/datasets/superkaiba1/explore-persona-space-data/resolve/a5cf03bbe4807361a74c427a46ad329065f75e30/issue2569_theory/analysis_tensors/der/regime.json
issue2569_theory,issue2569_theory/analysis_tensors/dw_fleet/align/cas-bare-con-lr1e5-s42.json,16658,a5cf03bbe4807361a74c427a46ad329065f75e30,a84273e1facb7aa979acce0d02f3f1af3dc037ad,,https://huggingface.co/datasets/superkaiba1/explore-persona-space-data/blob/a5cf03bbe4807361a74c427a46ad329065f75e30/issue2569_theory/analysis_tensors/dw_fleet/align/cas-bare-con-lr1e5-s42.json,https://huggingface.co/datasets/superkaiba1/explore-persona-space-data/resolve/a5cf03bbe4807361a74c427a46ad329065f75e30/issue2569_theory/analysis_tensors/dw_fleet/align/cas-bare-con-lr1e5-s42.json
issue2569_theory,issue2569_theory/analysis_tensors/dw_fleet/align/cas-pers-con-lr1e5-s42.json,16657,a5cf03bbe4807361a74c427a46ad329065f75e30,7181afb6e504f3c99e1f3ec3227f554ff6413fdc,,https://huggingface.co/datasets/superkaiba1/explore-persona-space-data/blob/a5cf03bbe4807361a74c427a46ad329065f75e30/issue2569_theory/analysis_tensors/dw_fleet/align/cas-pers-con-lr1e5-s42.json,https://huggingface.co/datasets/superkaiba1/explore-persona-space-data/resolve/a5cf03bbe4807361a74c427a46ad329065f75e30/issue2569_theory/analysis_tensors/dw_fleet/align/cas-pers-con-lr1e5-s42.json
issue2569_theory,issue2569_theory/analysis_tensors/dw_fleet/align/cas-pers-ft-con-s42.json,12011,a5cf03bbe4807361a74c427a46ad329065f75e30,546370ce3b94ebc8b8c731728cdb9245026f88ac,,https://huggingface.co/datasets/superkaiba1/explore-persona-space-data/blob/a5cf03bbe4807361a74c427a46ad329065f75e30/issue2569_theory/analysis_tensors/dw_fleet/align/cas-pers-ft-con-s42.json,https://huggingface.co/datasets/superkaiba1/explore-persona-space-data/resolve/a5cf03bbe4807361a74c427a46ad329065f75e30/issue2569_theory/analysis_tensors/dw_fleet/align/cas-pers-ft-con-s42.json
issue2569_theory,issue2569_theory/analysis_tensors/dw_fleet/align/cas-pers-po-lr1e5-s42.json,16684,a5cf03bbe4807361a74c427a46ad329065f75e30,9ea279eb42c7565282093a7c4d3e1f4c6645144c,,https://huggingface.co/datasets/superkaiba1/explore-persona-space-data/blob/a5cf03bbe4807361a74c427a46ad329065f75e30/issue2569_theory/analysis_tensors/dw_fleet/align/cas-pers-po-lr1e5-s42.json,https://huggingface.co/datasets/superkaiba1/explore-persona-space-data/resolve/a5cf03bbe4807361a74c427a46ad329065f75e30/issue2569_theory/analysis_tensors/dw_fleet/align/cas-pers-po-lr1e5-s42.json
issue2569_theory,issue2569_theory/analysis_tensors/dw_fleet/align/imp-pers-con-lr3e5-s137.json,16655,a5cf03bbe4807361a74c427a46ad329065f75e30,16a6dee122f0de887f85af1e9e63241db4bf409f,,https://huggingface.co/datasets/superkaiba1/explore-persona-space-data/blob/a5cf03bbe4807361a74c427a46ad329065f75e30/issue2569_theory/analysis_tensors/dw_fleet/align/imp-pers-con-lr3e5-s137.json,https://huggingface.co/datasets/superkaiba1/explore-persona-space-data/resolve/a5cf03bbe4807361a74c427a46ad329065f75e30/issue2569_theory/analysis_tensors/dw_fleet/align/imp-pers-con-lr3e5-s137.json
issue2569_theory,issue2569_theory/analysis_tensors/dw_fleet/align/imp-pers-con-lr3e5-s42.json,16663,a5cf03bbe4807361a74c427a46ad329065f75e30,cc6705e2f1cf18a3ac1fc4447eaca6f560e1a884,,https://huggingface.co/datasets/superkaiba1/explore-persona-space-data/blob/a5cf03bbe4807361a74c427a46ad329065f75e30/issue2569_theory/analysis_tensors/dw_fleet/align/imp-pers-con-lr3e5-s42.json,https://huggingface.co/datasets/superkaiba1/explore-persona-space-data/resolve/a5cf03bbe4807361a74c427a46ad329065f75e30/issue2569_theory/analysis_tensors/dw_fleet/align/imp-pers-con-lr3e5-s42.json
issue2569_theory,issue2569_theory/analysis_tensors/dw_fleet/align/imp-pers-ft-con-s42.json,11998,a5cf03bbe4807361a74c427a46ad329065f75e30,ac2aa0579bf1b8118ff06ca93c80b8f00983448e,,https://huggingface.co/datasets/superkaiba1/explore-persona-space-data/blob/a5cf03bbe4807361a74c427a46ad329065f75e30/issue2569_theory/analysis_tensors/dw_fleet/align/imp-pers-ft-con-s42.json,https://huggingface.co/datasets/superkaiba1/explore-persona-space-data/resolve/a5cf03bbe4807361a74c427a46ad329065f75e30/issue2569_theory/analysis_tensors/dw_fleet/align/imp-pers-ft-con-s42.json
issue2569_theory,issue2569_theory/analysis_tensors/dw_fleet/align/imp-pers-po-lr1e5-s42.json,16645,a5cf03bbe4807361a74c427a46ad329065f75e30,9cda918599e3100c08800c1ebb57d54a6ffd1526,,https://huggingface.co/datasets/superkaiba1/explore-persona-space-data/blob/a5cf03bbe4807361a74c427a46ad329065f75e30/issue2569_theory/analysis_tensors/dw_fleet/align/imp-pers-po-lr1e5-s42.json,https://huggingface.co/datasets/superkaiba1/explore-persona-space-data/resolve/a5cf03bbe4807361a74c427a46ad329065f75e30/issue2569_theory/analysis_tensors/dw_fleet/align/imp-pers-po-lr1e5-s42.json
issue2569_theory,issue2569_theory/analysis_tensors/dw_fleet/align/mk-bare-con-lr5e6-s42.json,9383,a5cf03bbe4807361a74c427a46ad329065f75e30,b1ac058624f4c682739161fb76cc4a67cd83019e,,https://huggingface.co/datasets/superkaiba1/explore-persona-space-data/blob/a5cf03bbe4807361a74c427a46ad329065f75e30/issue2569_theory/analysis_tensors/dw_fleet/align/mk-bare-con-lr5e6-s42.json,https://huggingface.co/datasets/superkaiba1/explore-persona-space-data/resolve/a5cf03bbe4807361a74c427a46ad329065f75e30/issue2569_theory/analysis_tensors/dw_fleet/align/mk-bare-con-lr5e6-s42.json
issue2569_theory,issue2569_theory/analysis_tensors/dw_fleet/align/mk-conv-con-lr5e6-s42.json,9389,a5cf03bbe4807361a74c427a46ad329065f75e30,f97b193c4534e66e0f2cc93e1d3b75eac1c2d48b,,https://huggingface.co/datasets/superkaiba1/explore-persona-space-data/blob/a5cf03bbe4807361a74c427a46ad329065f75e30/issue2569_theory/analysis_tensors/dw_fleet/align/mk-conv-con-lr5e6-s42.json,https://huggingface.co/datasets/superkaiba1/explore-persona-space-data/resolve/a5cf03bbe4807361a74c427a46ad329065f75e30/issue2569_theory/analysis_tensors/dw_fleet/align/mk-conv-con-lr5e6-s42.json
issue2569_theory,issue2569_theory/analysis_tensors/dw_fleet/align/mk-icl-con-lr5e6-s42.json,9363,a5cf03bbe4807361a74c427a46ad329065f75e30,28d12106cc1d779cb48abd42480fdd4f7a835946,,https://huggingface.co/datasets/superkaiba1/explore-persona-space-data/blob/a5cf03bbe4807361a74c427a46ad329065f75e30/issue2569_theory/analysis_tensors/dw_fleet/align/mk-icl-con-lr5e6-s42.json,https://huggingface.co/datasets/superkaiba1/explore-persona-space-data/resolve/a5cf03bbe4807361a74c427a46ad329065f75e30/issue2569_theory/analysis_tensors/dw_fleet/align/mk-icl-con-lr5e6-s42.json
issue2569_theory,issue2569_theory/analysis_tensors/dw_fleet/align/mk-pers-con-lr5e6-s42.json,9370,a5cf03bbe4807361a74c427a46ad329065f75e30,dd2e60c49911fb2742fecd8f47bcbf43a132e3fb,,https://huggingface.co/datasets/superkaiba1/explore-persona-space-data/blob/a5cf03bbe4807361a74c427a46ad329065f75e30/issue2569_theory/analysis_tensors/dw_fleet/align/mk-pers-con-lr5e6-s42.json,https://huggingface.co/datasets/superkaiba1/explore-persona-space-data/resolve/a5cf03bbe4807361a74c427a46ad329065f75e30/issue2569_theory/analysis_tensors/dw_fleet/align/mk-pers-con-lr5e6-s42.json
issue2569_theory,issue2569_theory/analysis_tensors/dw_fleet/align/mk-pers-ft-con-s42.json,12018,a5cf03bbe4807361a74c427a46ad329065f75e30,e7865b6673c5134ef9090cff73bdf421fdd0a1c2,,https://huggingface.co/datasets/superkaiba1/explore-persona-space-data/blob/a5cf03bbe4807361a74c427a46ad329065f75e30/issue2569_theory/analysis_tensors/dw_fleet/align/mk-pers-ft-con-s42.json,https://huggingface.co/datasets/superkaiba1/explore-persona-space-data/resolve/a5cf03bbe4807361a74c427a46ad329065f75e30/issue2569_theory/analysis_tensors/dw_fleet/align/mk-pers-ft-con-s42.json
issue2569_theory,issue2569_theory/analysis_tensors/dw_fleet/align/mk-pers-po-lr5e6-s42.json,9383,a5cf03bbe4807361a74c427a46ad329065f75e30,b36927ff35c4b7bb016bcc0a00476e421bf5c601,,https://huggingface.co/datasets/superkaiba1/explore-persona-space-data/blob/a5cf03bbe4807361a74c427a46ad329065f75e30/issue2569_theory/analysis_tensors/dw_fleet/align/mk-pers-po-lr5e6-s42.json,https://huggingface.co/datasets/superkaiba1/explore-persona-space-data/resolve/a5cf03bbe4807361a74c427a46ad329065f75e30/issue2569_theory/analysis_tensors/dw_fleet/align/mk-pers-po-lr5e6-s42.json
issue2569_theory,issue2569_theory/analysis_tensors/dw_fleet/align/syc-bare-con-lr1e5-s42.json,16633,a5cf03bbe4807361a74c427a46ad329065f75e30,5f394badadb5c68d70b962b08cfd2f68daf5fd43,,https://huggingface.co/datasets/superkaiba1/explore-persona-space-data/blob/a5cf03bbe4807361a74c427a46ad329065f75e30/issue2569_theory/analysis_tensors/dw_fleet/align/syc-bare-con-lr1e5-s42.json,https://huggingface.co/datasets/superkaiba1/explore-persona-space-data/resolve/a5cf03bbe4807361a74c427a46ad329065f75e30/issue2569_theory/analysis_tensors/dw_fleet/align/syc-bare-con-lr1e5-s42.json
issue2569_theory,issue2569_theory/analysis_tensors/dw_fleet/align/syc-conv-con-lr1e5-s42.json,16641,a5cf03bbe4807361a74c427a46ad329065f75e30,1f823586d612efe423cc3bff8c12a20943224732,,https://huggingface.co/datasets/superkaiba1/explore-persona-space-data/blob/a5cf03bbe4807361a74c427a46ad329065f75e30/issue2569_theory/analysis_tensors/dw_fleet/align/syc-conv-con-lr1e5-s42.json,https://huggingface.co/datasets/superkaiba1/explore-persona-space-data/resolve/a5cf03bbe4807361a74c427a46ad329065f75e30/issue2569_theory/analysis_tensors/dw_fleet/align/syc-conv-con-lr1e5-s42.json
issue2569_theory,issue2569_theory/analysis_tensors/dw_fleet/align/syc-pers-ft-con-s42.json,12026,a5cf03bbe4807361a74c427a46ad329065f75e30,515f7d926d1110a4464f93e8714328f7adf5b8fb,,https://huggingface.co/datasets/superkaiba1/explore-persona-space-data/blob/a5cf03bbe4807361a74c427a46ad329065f75e30/issue2569_theory/analysis_tensors/dw_fleet/align/syc-pers-ft-con-s42.json,https://huggingface.co/datasets/superkaiba1/explore-persona-space-data/resolve/a5cf03bbe4807361a74c427a46ad329065f75e30/issue2569_theory/analysis_tensors/dw_fleet/align/syc-pers-ft-con-s42.json
issue2569_theory,issue2569_theory/analysis_tensors/dw_fleet/align/syc-pers-po-lr1e5-s42.json,16646,a5cf03bbe4807361a74c427a46ad329065f75e30,f5042df5c94b8e4def483a2d1555f105ee082712,,https://huggingface.co/datasets/superkaiba1/explore-persona-space-data/blob/a5cf03bbe4807361a74c427a46ad329065f75e30/issue2569_theory/analysis_tensors/dw_fleet/align/syc-pers-po-lr1e5-s42.json,https://huggingface.co/datasets/superkaiba1/explore-persona-space-data/resolve/a5cf03bbe4807361a74c427a46ad329065f75e30/issue2569_theory/analysis_tensors/dw_fleet/align/syc-pers-po-lr1e5-s42.json
issue2569_theory,issue2569_theory/analysis_tensors/dw_fleet/alignment.json,270818,a5cf03bbe4807361a74c427a46ad329065f75e30,03bf8cb2761050b685102daccb794fbf4ecc655e,,https://huggingface.co/datasets/superkaiba1/explore-persona-space-data/blob/a5cf03bbe4807361a74c427a46ad329065f75e30/issue2569_theory/analysis_tensors/dw_fleet/alignment.json,https://huggingface.co/datasets/superkaiba1/explore-persona-space-data/resolve/a5cf03bbe4807361a74c427a46ad329065f75e30/issue2569_theory/analysis_tensors/dw_fleet/alignment.json
issue2569_theory,issue2569_theory/analysis_tensors/dw_fleet/fleet_table.json,5091,a5cf03bbe4807361a74c427a46ad329065f75e30,280a1b6d2f97b9952103304486a76c9140630dfc,,https://huggingface.co/datasets/superkaiba1/explore-persona-space-data/blob/a5cf03bbe4807361a74c427a46ad329065f75e30/issue2569_theory/analysis_tensors/dw_fleet/fleet_table.json,https://huggingface.co/datasets/superkaiba1/explore-persona-space-data/resolve/a5cf03bbe4807361a74c427a46ad329065f75e30/issue2569_theory/analysis_tensors/dw_fleet/fleet_table.json
issue2569_theory,issue2569_theory/analysis_tensors/dw_fleet/ft/cas-pers-ft-con-s42.json,1236262,a5cf03bbe4807361a74c427a46ad329065f75e30,f3aea85dd995fcb97b5340d367c224cc14f63b31,,https://huggingface.co/datasets/superkaiba1/explore-persona-space-data/blob/a5cf03bbe4807361a74c427a46ad329065f75e30/issue2569_theory/analysis_tensors/dw_fleet/ft/cas-pers-ft-con-s42.json,https://huggingface.co/datasets/superkaiba1/explore-persona-space-data/resolve/a5cf03bbe4807361a74c427a46ad329065f75e30/issue2569_theory/analysis_tensors/dw_fleet/ft/cas-pers-ft-con-s42.json
issue2569_theory,issue2569_theory/analysis_tensors/dw_fleet/ft/cas-pers-ft-con-s42_factors_L19.pt,813932,a5cf03bbe4807361a74c427a46ad329065f75e30,bfe006c35204274527ffe5fd76965905ce2d9a55,90af964b114c3badfe5efe299aec8dd73079934e1289ee77d3782d875aff1289,https://huggingface.co/datasets/superkaiba1/explore-persona-space-data/blob/a5cf03bbe4807361a74c427a46ad329065f75e30/issue2569_theory/analysis_tensors/dw_fleet/ft/cas-pers-ft-con-s42_factors_L19.pt,https://huggingface.co/datasets/superkaiba1/explore-persona-space-data/resolve/a5cf03bbe4807361a74c427a46ad329065f75e30/issue2569_theory/analysis_tensors/dw_fleet/ft/cas-pers-ft-con-s42_factors_L19.pt
issue2569_theory,issue2569_theory/analysis_tensors/dw_fleet/ft/imp-pers-ft-con-s42.json,1236243,a5cf03bbe4807361a74c427a46ad329065f75e30,c6b5b75f95a575ec68e76625e3d44ff61c27e794,,https://huggingface.co/datasets/superkaiba1/explore-persona-space-data/blob/a5cf03bbe4807361a74c427a46ad329065f75e30/issue2569_theory/analysis_tensors/dw_fleet/ft/imp-pers-ft-con-s42.json,https://huggingface.co/datasets/superkaiba1/explore-persona-space-data/resolve/a5cf03bbe4807361a74c427a46ad329065f75e30/issue2569_theory/analysis_tensors/dw_fleet/ft/imp-pers-ft-con-s42.json
issue2569_theory,issue2569_theory/analysis_tensors/dw_fleet/ft/imp-pers-ft-con-s42_factors_L19.pt,813932,a5cf03bbe4807361a74c427a46ad329065f75e30,5473ce75a41625e650fbe76b4b7eafcb26f8ca6e,794ee9813903fea32006740aa2c41df412f924d1a3eff7273395b17f47c5dbfb,https://huggingface.co/datasets/superkaiba1/explore-persona-space-data/blob/a5cf03bbe4807361a74c427a46ad329065f75e30/issue2569_theory/analysis_tensors/dw_fleet/ft/imp-pers-ft-con-s42_factors_L19.pt,https://huggingface.co/datasets/superkaiba1/explore-persona-space-data/resolve/a5cf03bbe4807361a74c427a46ad329065f75e30/issue2569_theory/analysis_tensors/dw_fleet/ft/imp-pers-ft-con-s42_factors_L19.pt
issue2569_theory,issue2569_theory/analysis_tensors/dw_fleet/ft/mk-pers-ft-con-s42.json,1236664,a5cf03bbe4807361a74c427a46ad329065f75e30,4d4c610f69f5363e1f598177648bc9760ad89526,,https://huggingface.co/datasets/superkaiba1/explore-persona-space-data/blob/a5cf03bbe4807361a74c427a46ad329065f75e30/issue2569_theory/analysis_tensors/dw_fleet/ft/mk-pers-ft-con-s42.json,https://huggingface.co/datasets/superkaiba1/explore-persona-space-data/resolve/a5cf03bbe4807361a74c427a46ad329065f75e30/issue2569_theory/analysis_tensors/dw_fleet/ft/mk-pers-ft-con-s42.json
issue2569_theory,issue2569_theory/analysis_tensors/dw_fleet/ft/mk-pers-ft-con-s42_factors_L19.pt,813905,a5cf03bbe4807361a74c427a46ad329065f75e30,2197917d310c8ceabd65e221d766a95a72c41c63,fa82b7ebb811520cdc856ee13d2b85b5e9f88245bd2dfebc359bc108ab6e6fe3,https://huggingface.co/datasets/superkaiba1/explore-persona-space-data/blob/a5cf03bbe4807361a74c427a46ad329065f75e30/issue2569_theory/analysis_tensors/dw_fleet/ft/mk-pers-ft-con-s42_factors_L19.pt,https://huggingface.co/datasets/superkaiba1/explore-persona-space-data/resolve/a5cf03bbe4807361a74c427a46ad329065f75e30/issue2569_theory/analysis_tensors/dw_fleet/ft/mk-pers-ft-con-s42_factors_L19.pt
issue2569_theory,issue2569_theory/analysis_tensors/dw_fleet/ft/syc-pers-ft-con-s42.json,1236345,a5cf03bbe4807361a74c427a46ad329065f75e30,b8fa4ae4977aeb8126e0547e6a23d4e50f8edcd4,,https://huggingface.co/datasets/superkaiba1/explore-persona-space-data/blob/a5cf03bbe4807361a74c427a46ad329065f75e30/issue2569_theory/analysis_tensors/dw_fleet/ft/syc-pers-ft-con-s42.json,https://huggingface.co/datasets/superkaiba1/explore-persona-space-data/resolve/a5cf03bbe4807361a74c427a46ad329065f75e30/issue2569_theory/analysis_tensors/dw_fleet/ft/syc-pers-ft-con-s42.json
issue2569_theory,issue2569_theory/analysis_tensors/dw_fleet/ft/syc-pers-ft-con-s42_factors_L19.pt,813932,a5cf03bbe4807361a74c427a46ad329065f75e30,eddb85898f06b3e2fb8847499229faab15402dc4,df3a81c38d178118529dd34da3961a230451ed46ef05047cb4fa4de9234601e9,https://huggingface.co/datasets/superkaiba1/explore-persona-space-data/blob/a5cf03bbe4807361a74c427a46ad329065f75e30/issue2569_theory/analysis_tensors/dw_fleet/ft/syc-pers-ft-con-s42_factors_L19.pt,https://huggingface.co/datasets/superkaiba1/explore-persona-space-data/resolve/a5cf03bbe4807361a74c427a46ad329065f75e30/issue2569_theory/analysis_tensors/dw_fleet/ft/syc-pers-ft-con-s42_factors_L19.pt
issue2569_theory,issue2569_theory/analysis_tensors/dw_fleet/lora/cas-bare-con-lr1e5-s42.json,1230233,a5cf03bbe4807361a74c427a46ad329065f75e30,fcdfa28978df28a20a8ee6ab64226d3f32cc158b,,https://huggingface.co/datasets/superkaiba1/explore-persona-space-data/blob/a5cf03bbe4807361a74c427a46ad329065f75e30/issue2569_theory/analysis_tensors/dw_fleet/lora/cas-bare-con-lr1e5-s42.json,https://huggingface.co/datasets/superkaiba1/explore-persona-space-data/resolve/a5cf03bbe4807361a74c427a46ad329065f75e30/issue2569_theory/analysis_tensors/dw_fleet/lora/cas-bare-con-lr1e5-s42.json
issue2569_theory,issue2569_theory/analysis_tensors/dw_fleet/lora/cas-pers-con-lr1e5-s42.json,1230241,a5cf03bbe4807361a74c427a46ad329065f75e30,f0fe9bb51b2bb308ee1c33afa2b281f2ecf7dcad,,https://huggingface.co/datasets/superkaiba1/explore-persona-space-data/blob/a5cf03bbe4807361a74c427a46ad329065f75e30/issue2569_theory/analysis_tensors/dw_fleet/lora/cas-pers-con-lr1e5-s42.json,https://huggingface.co/datasets/superkaiba1/explore-persona-space-data/resolve/a5cf03bbe4807361a74c427a46ad329065f75e30/issue2569_theory/analysis_tensors/dw_fleet/lora/cas-pers-con-lr1e5-s42.json
issue2569_theory,issue2569_theory/analysis_tensors/dw_fleet/lora/cas-pers-po-lr1e5-s42.json,1230207,a5cf03bbe4807361a74c427a46ad329065f75e30,84cebef9178e514612d7d99486f1d3dc70593e88,,https://huggingface.co/datasets/superkaiba1/explore-persona-space-data/blob/a5cf03bbe4807361a74c427a46ad329065f75e30/issue2569_theory/analysis_tensors/dw_fleet/lora/cas-pers-po-lr1e5-s42.json,https://huggingface.co/datasets/superkaiba1/explore-persona-space-data/resolve/a5cf03bbe4807361a74c427a46ad329065f75e30/issue2569_theory/analysis_tensors/dw_fleet/lora/cas-pers-po-lr1e5-s42.json
issue2569_theory,issue2569_theory/analysis_tensors/dw_fleet/lora/imp-pers-con-lr3e5-s137.json,1230100,a5cf03bbe4807361a74c427a46ad329065f75e30,2ff9c608ff0c416e35a2e74aa4799d4c8aeacf3b,,https://huggingface.co/datasets/superkaiba1/explore-persona-space-data/blob/a5cf03bbe4807361a74c427a46ad329065f75e30/issue2569_theory/analysis_tensors/dw_fleet/lora/imp-pers-con-lr3e5-s137.json,https://huggingface.co/datasets/superkaiba1/explore-persona-space-data/resolve/a5cf03bbe4807361a74c427a46ad329065f75e30/issue2569_theory/analysis_tensors/dw_fleet/lora/imp-pers-con-lr3e5-s137.json
issue2569_theory,issue2569_theory/analysis_tensors/dw_fleet/lora/imp-pers-con-lr3e5-s42.json,1230101,a5cf03bbe4807361a74c427a46ad329065f75e30,d65398a4df270c868d7e01a94b73211d3ec9c870,,https://huggingface.co/datasets/superkaiba1/explore-persona-space-data/blob/a5cf03bbe4807361a74c427a46ad329065f75e30/issue2569_theory/analysis_tensors/dw_fleet/lora/imp-pers-con-lr3e5-s42.json,https://huggingface.co/datasets/superkaiba1/explore-persona-space-data/resolve/a5cf03bbe4807361a74c427a46ad329065f75e30/issue2569_theory/analysis_tensors/dw_fleet/lora/imp-pers-con-lr3e5-s42.json
issue2569_theory,issue2569_theory/analysis_tensors/dw_fleet/lora/imp-pers-po-lr1e5-s42.json,1230206,a5cf03bbe4807361a74c427a46ad329065f75e30,75d3de1b7480964b6102edc08b15b1a7c37a830c,,https://huggingface.co/datasets/superkaiba1/explore-persona-space-data/blob/a5cf03bbe4807361a74c427a46ad329065f75e30/issue2569_theory/analysis_tensors/dw_fleet/lora/imp-pers-po-lr1e5-s42.json,https://huggingface.co/datasets/superkaiba1/explore-persona-space-data/resolve/a5cf03bbe4807361a74c427a46ad329065f75e30/issue2569_theory/analysis_tensors/dw_fleet/lora/imp-pers-po-lr1e5-s42.json
issue2569_theory,issue2569_theory/analysis_tensors/dw_fleet/lora/mk-bare-con-lr5e6-s42.json,703966,a5cf03bbe4807361a74c427a46ad329065f75e30,54795d546bdc7a8bb6758f5b4cbbb3667b91025f,,https://huggingface.co/datasets/superkaiba1/explore-persona-space-data/blob/a5cf03bbe4807361a74c427a46ad329065f75e30/issue2569_theory/analysis_tensors/dw_fleet/lora/mk-bare-con-lr5e6-s42.json,https://huggingface.co/datasets/superkaiba1/explore-persona-space-data/resolve/a5cf03bbe4807361a74c427a46ad329065f75e30/issue2569_theory/analysis_tensors/dw_fleet/lora/mk-bare-con-lr5e6-s42.json
issue2569_theory,issue2569_theory/analysis_tensors/dw_fleet/lora/mk-conv-con-lr5e6-s42.json,704023,a5cf03bbe4807361a74c427a46ad329065f75e30,2161b65c38cafa5f8ccb7db851efa97725501280,,https://huggingface.co/datasets/superkaiba1/explore-persona-space-data/blob/a5cf03bbe4807361a74c427a46ad329065f75e30/issue2569_theory/analysis_tensors/dw_fleet/lora/mk-conv-con-lr5e6-s42.json,https://huggingface.co/datasets/superkaiba1/explore-persona-space-data/resolve/a5cf03bbe4807361a74c427a46ad329065f75e30/issue2569_theory/analysis_tensors/dw_fleet/lora/mk-conv-con-lr5e6-s42.json
issue2569_theory,issue2569_theory/analysis_tensors/dw_fleet/lora/mk-icl-con-lr5e6-s42.json,704112,a5cf03bbe4807361a74c427a46ad329065f75e30,9bea23560dcbc6c7f59aa343a1108eab42ec83e9,,https://huggingface.co/datasets/superkaiba1/explore-persona-space-data/blob/a5cf03bbe4807361a74c427a46ad329065f75e30/issue2569_theory/analysis_tensors/dw_fleet/lora/mk-icl-con-lr5e6-s42.json,https://huggingface.co/datasets/superkaiba1/explore-persona-space-data/resolve/a5cf03bbe4807361a74c427a46ad329065f75e30/issue2569_theory/analysis_tensors/dw_fleet/lora/mk-icl-con-lr5e6-s42.json
issue2569_theory,issue2569_theory/analysis_tensors/dw_fleet/lora/mk-pers-con-lr5e6-s42.json,703991,a5cf03bbe4807361a74c427a46ad329065f75e30,3e966321aa99d33ac19b4b88c4a3742700925391,,https://huggingface.co/datasets/superkaiba1/explore-persona-space-data/blob/a5cf03bbe4807361a74c427a46ad329065f75e30/issue2569_theory/analysis_tensors/dw_fleet/lora/mk-pers-con-lr5e6-s42.json,https://huggingface.co/datasets/superkaiba1/explore-persona-space-data/resolve/a5cf03bbe4807361a74c427a46ad329065f75e30/issue2569_theory/analysis_tensors/dw_fleet/lora/mk-pers-con-lr5e6-s42.json
issue2569_theory,issue2569_theory/analysis_tensors/dw_fleet/lora/mk-pers-po-lr5e6-s42.json,703987,a5cf03bbe4807361a74c427a46ad329065f75e30,39a07e272e3bccdc1bf25325344f2e42963a4009,,https://huggingface.co/datasets/superkaiba1/explore-persona-space-data/blob/a5cf03bbe4807361a74c427a46ad329065f75e30/issue2569_theory/analysis_tensors/dw_fleet/lora/mk-pers-po-lr5e6-s42.json,https://huggingface.co/datasets/superkaiba1/explore-persona-space-data/resolve/a5cf03bbe4807361a74c427a46ad329065f75e30/issue2569_theory/analysis_tensors/dw_fleet/lora/mk-pers-po-lr5e6-s42.json
issue2569_theory,issue2569_theory/analysis_tensors/dw_fleet/lora/syc-bare-con-lr1e5-s42.json,1230208,a5cf03bbe4807361a74c427a46ad329065f75e30,9a6c3218ca0fed493e80f27e4b3e023a378fc5f0,,https://huggingface.co/datasets/superkaiba1/explore-persona-space-data/blob/a5cf03bbe4807361a74c427a46ad329065f75e30/issue2569_theory/analysis_tensors/dw_fleet/lora/syc-bare-con-lr1e5-s42.json,https://huggingface.co/datasets/superkaiba1/explore-persona-space-data/resolve/a5cf03bbe4807361a74c427a46ad329065f75e30/issue2569_theory/analysis_tensors/dw_fleet/lora/syc-bare-con-lr1e5-s42.json
issue2569_theory,issue2569_theory/analysis_tensors/dw_fleet/lora/syc-conv-con-lr1e5-s42.json,1230461,a5cf03bbe4807361a74c427a46ad329065f75e30,f9242e2f97c84bc5d2ccdc048d8bb75b33a184c3,,https://huggingface.co/datasets/superkaiba1/explore-persona-space-data/blob/a5cf03bbe4807361a74c427a46ad329065f75e30/issue2569_theory/analysis_tensors/dw_fleet/lora/syc-conv-con-lr1e5-s42.json,https://huggingface.co/datasets/superkaiba1/explore-persona-space-data/resolve/a5cf03bbe4807361a74c427a46ad329065f75e30/issue2569_theory/analysis_tensors/dw_fleet/lora/syc-conv-con-lr1e5-s42.json
issue2569_theory,issue2569_theory/analysis_tensors/dw_fleet/lora/syc-pers-po-lr1e5-s42.json,1230312,a5cf03bbe4807361a74c427a46ad329065f75e30,dadd8130b264f06dbdff811364c6ab89cf807cb5,,https://huggingface.co/datasets/superkaiba1/explore-persona-space-data/blob/a5cf03bbe4807361a74c427a46ad329065f75e30/issue2569_theory/analysis_tensors/dw_fleet/lora/syc-pers-po-lr1e5-s42.json,https://huggingface.co/datasets/superkaiba1/explore-persona-space-data/resolve/a5cf03bbe4807361a74c427a46ad329065f75e30/issue2569_theory/analysis_tensors/dw_fleet/lora/syc-pers-po-lr1e5-s42.json
issue2569_theory,issue2569_theory/analysis_tensors/dw_fleet/pilot.json,982,a5cf03bbe4807361a74c427a46ad329065f75e30,66619672b893108fe8d78d2a10ec88c5fbd0bc44,,https://huggingface.co/datasets/superkaiba1/explore-persona-space-data/blob/a5cf03bbe4807361a74c427a46ad329065f75e30/issue2569_theory/analysis_tensors/dw_fleet/pilot.json,https://huggingface.co/datasets/superkaiba1/explore-persona-space-data/resolve/a5cf03bbe4807361a74c427a46ad329065f75e30/issue2569_theory/analysis_tensors/dw_fleet/pilot.json
issue2569_theory,issue2569_theory/analysis_tensors/dw_fleet/pilot/pilot_ft_factors_L19.pt,233649,a5cf03bbe4807361a74c427a46ad329065f75e30,3ff326d57fe8388850b350f75b13584e7ddcecf7,a5ff23c8b14bf203a05c12da3fc0e6db98c2eb103e61d5c934df63db006569df,https://huggingface.co/datasets/superkaiba1/explore-persona-space-data/blob/a5cf03bbe4807361a74c427a46ad329065f75e30/issue2569_theory/analysis_tensors/dw_fleet/pilot/pilot_ft_factors_L19.pt,https://huggingface.co/datasets/superkaiba1/explore-persona-space-data/resolve/a5cf03bbe4807361a74c427a46ad329065f75e30/issue2569_theory/analysis_tensors/dw_fleet/pilot/pilot_ft_factors_L19.pt
issue2569_theory,issue2569_theory/analysis_tensors/entry/entry_asserts_2569.json,1547,a5cf03bbe4807361a74c427a46ad329065f75e30,14edfe72d8e9ea063afb824a2d8d1628ac6ea12d,,https://huggingface.co/datasets/superkaiba1/explore-persona-space-data/blob/a5cf03bbe4807361a74c427a46ad329065f75e30/issue2569_theory/analysis_tensors/entry/entry_asserts_2569.json,https://huggingface.co/datasets/superkaiba1/explore-persona-space-data/resolve/a5cf03bbe4807361a74c427a46ad329065f75e30/issue2569_theory/analysis_tensors/entry/entry_asserts_2569.json
issue2569_theory,issue2569_theory/analysis_tensors/leg2/gate_ladder.json,42183,a5cf03bbe4807361a74c427a46ad329065f75e30,c34e10f5a7c507925c63e4f678fc705642e12588,,https://huggingface.co/datasets/superkaiba1/explore-persona-space-data/blob/a5cf03bbe4807361a74c427a46ad329065f75e30/issue2569_theory/analysis_tensors/leg2/gate_ladder.json,https://huggingface.co/datasets/superkaiba1/explore-persona-space-data/resolve/a5cf03bbe4807361a74c427a46ad329065f75e30/issue2569_theory/analysis_tensors/leg2/gate_ladder.json
issue2569_theory,issue2569_theory/analysis_tensors/leg2/ladder_boot_cas-bare-con-lr1e5-s42.npz,482264,a5cf03bbe4807361a74c427a46ad329065f75e30,4f77e096b80c7434fc946b5a67c04affa6016537,0061c81e98851a7bab65a67f723068fcce9729cf4088512ea1922bf4eb2e07e7,https://huggingface.co/datasets/superkaiba1/explore-persona-space-data/blob/a5cf03bbe4807361a74c427a46ad329065f75e30/issue2569_theory/analysis_tensors/leg2/ladder_boot_cas-bare-con-lr1e5-s42.npz,https://huggingface.co/datasets/superkaiba1/explore-persona-space-data/resolve/a5cf03bbe4807361a74c427a46ad329065f75e30/issue2569_theory/analysis_tensors/leg2/ladder_boot_cas-bare-con-lr1e5-s42.npz
issue2569_theory,issue2569_theory/analysis_tensors/leg2/ladder_boot_cas-pers-con-lr1e5-s42.npz,482264,a5cf03bbe4807361a74c427a46ad329065f75e30,5763392f50fb89c0774e09ebfb4db9f2aeceea79,d12f959f6b69d870d297131c072be181045d3b496ab46eeca10f9b3648603804,https://huggingface.co/datasets/superkaiba1/explore-persona-space-data/blob/a5cf03bbe4807361a74c427a46ad329065f75e30/issue2569_theory/analysis_tensors/leg2/ladder_boot_cas-pers-con-lr1e5-s42.npz,https://huggingface.co/datasets/superkaiba1/explore-persona-space-data/resolve/a5cf03bbe4807361a74c427a46ad329065f75e30/issue2569_theory/analysis_tensors/leg2/ladder_boot_cas-pers-con-lr1e5-s42.npz
issue2569_theory,issue2569_theory/analysis_tensors/leg2/ladder_boot_cas-pers-ft-con-s42.npz,482264,a5cf03bbe4807361a74c427a46ad329065f75e30,39f5627aac0f2134299f80322e0e702e22590730,22a1b053497961be904f3678cbb87cc3ce3253cf3dc0c5f56c5f5e43644dab0f,https://huggingface.co/datasets/superkaiba1/explore-persona-space-data/blob/a5cf03bbe4807361a74c427a46ad329065f75e30/issue2569_theory/analysis_tensors/leg2/ladder_boot_cas-pers-ft-con-s42.npz,https://huggingface.co/datasets/superkaiba1/explore-persona-space-data/resolve/a5cf03bbe4807361a74c427a46ad329065f75e30/issue2569_theory/analysis_tensors/leg2/ladder_boot_cas-pers-ft-con-s42.npz
issue2569_theory,issue2569_theory/analysis_tensors/leg2/ladder_boot_cas-pers-po-lr1e5-s42.npz,482264,a5cf03bbe4807361a74c427a46ad329065f75e30,652ba9119978dfe31e3c3d51bf1030755bfd9f44,d3235c355f979c4d611771c170b27b9556f687d677831af1831660f9893776df,https://huggingface.co/datasets/superkaiba1/explore-persona-space-data/blob/a5cf03bbe4807361a74c427a46ad329065f75e30/issue2569_theory/analysis_tensors/leg2/ladder_boot_cas-pers-po-lr1e5-s42.npz,https://huggingface.co/datasets/superkaiba1/explore-persona-space-data/resolve/a5cf03bbe4807361a74c427a46ad329065f75e30/issue2569_theory/analysis_tensors/leg2/ladder_boot_cas-pers-po-lr1e5-s42.npz
issue2569_theory,issue2569_theory/analysis_tensors/leg2/ladder_boot_imp-pers-con-lr3e5-s137.npz,482264,a5cf03bbe4807361a74c427a46ad329065f75e30,adf506f759d922dcc3b579bc32d9e580831fec3a,d4d423c88f30870995c15c8abd4249560732a056b1cc09a8843334973d9b91fb,https://huggingface.co/datasets/superkaiba1/explore-persona-space-data/blob/a5cf03bbe4807361a74c427a46ad329065f75e30/issue2569_theory/analysis_tensors/leg2/ladder_boot_imp-pers-con-lr3e5-s137.npz,https://huggingface.co/datasets/superkaiba1/explore-persona-space-data/resolve/a5cf03bbe4807361a74c427a46ad329065f75e30/issue2569_theory/analysis_tensors/leg2/ladder_boot_imp-pers-con-lr3e5-s137.npz
issue2569_theory,issue2569_theory/analysis_tensors/leg2/ladder_boot_imp-pers-con-lr3e5-s42.npz,482264,a5cf03bbe4807361a74c427a46ad329065f75e30,51ba417adb1ed055d82ae2d03576785c08783357,95fe93cc756b9f0d54aa9cbcb1a6497fcaff4675bf268f3582f2db8afd618331,https://huggingface.co/datasets/superkaiba1/explore-persona-space-data/blob/a5cf03bbe4807361a74c427a46ad329065f75e30/issue2569_theory/analysis_tensors/leg2/ladder_boot_imp-pers-con-lr3e5-s42.npz,https://huggingface.co/datasets/superkaiba1/explore-persona-space-data/resolve/a5cf03bbe4807361a74c427a46ad329065f75e30/issue2569_theory/analysis_tensors/leg2/ladder_boot_imp-pers-con-lr3e5-s42.npz
issue2569_theory,issue2569_theory/analysis_tensors/leg2/ladder_boot_imp-pers-ft-con-s42.npz,482264,a5cf03bbe4807361a74c427a46ad329065f75e30,8cadb309e855f1b9029846286a6d470bd0c2a311,2929f67850df8050c9021b2435c68aff228366e6294da2e82c4711f05482a3b6,https://huggingface.co/datasets/superkaiba1/explore-persona-space-data/blob/a5cf03bbe4807361a74c427a46ad329065f75e30/issue2569_theory/analysis_tensors/leg2/ladder_boot_imp-pers-ft-con-s42.npz,https://huggingface.co/datasets/superkaiba1/explore-persona-space-data/resolve/a5cf03bbe4807361a74c427a46ad329065f75e30/issue2569_theory/analysis_tensors/leg2/ladder_boot_imp-pers-ft-con-s42.npz
issue2569_theory,issue2569_theory/analysis_tensors/leg2/ladder_boot_imp-pers-po-lr1e5-s42.npz,482264,a5cf03bbe4807361a74c427a46ad329065f75e30,c1a8ec972a78479939d39b6825e0716fc56d06eb,e3352a23752900d4fbbbf059224bf9129ec31e71b96bc1e05b92a42d7dca0ca9,https://huggingface.co/datasets/superkaiba1/explore-persona-space-data/blob/a5cf03bbe4807361a74c427a46ad329065f75e30/issue2569_theory/analysis_tensors/leg2/ladder_boot_imp-pers-po-lr1e5-s42.npz,https://huggingface.co/datasets/superkaiba1/explore-persona-space-data/resolve/a5cf03bbe4807361a74c427a46ad329065f75e30/issue2569_theory/analysis_tensors/leg2/ladder_boot_imp-pers-po-lr1e5-s42.npz
issue2569_theory,issue2569_theory/analysis_tensors/leg2/ladder_boot_mk-bare-con-lr5e6-s42.npz,482296,a5cf03bbe4807361a74c427a46ad329065f75e30,476006d69b3599387352d11c6db1fb15d129e3f7,57c458822dac606f8c141f78479265a5dba2ae7f81b99f2b82ff791ac5ad5e3b,https://huggingface.co/datasets/superkaiba1/explore-persona-space-data/blob/a5cf03bbe4807361a74c427a46ad329065f75e30/issue2569_theory/analysis_tensors/leg2/ladder_boot_mk-bare-con-lr5e6-s42.npz,https://huggingface.co/datasets/superkaiba1/explore-persona-space-data/resolve/a5cf03bbe4807361a74c427a46ad329065f75e30/issue2569_theory/analysis_tensors/leg2/ladder_boot_mk-bare-con-lr5e6-s42.npz
issue2569_theory,issue2569_theory/analysis_tensors/leg2/ladder_boot_mk-conv-con-lr5e6-s42.npz,482296,a5cf03bbe4807361a74c427a46ad329065f75e30,c4f8277fa256b54dd76ee58cf7ae5c7517bd5d24,51f3c3061e585c1a0ecd837e6025cd92e36810e80e95f4f48ee46835ab72c84b,https://huggingface.co/datasets/superkaiba1/explore-persona-space-data/blob/a5cf03bbe4807361a74c427a46ad329065f75e30/issue2569_theory/analysis_tensors/leg2/ladder_boot_mk-conv-con-lr5e6-s42.npz,https://huggingface.co/datasets/superkaiba1/explore-persona-space-data/resolve/a5cf03bbe4807361a74c427a46ad329065f75e30/issue2569_theory/analysis_tensors/leg2/ladder_boot_mk-conv-con-lr5e6-s42.npz
issue2569_theory,issue2569_theory/analysis_tensors/leg2/ladder_boot_mk-icl-con-lr5e6-s42.npz,482296,a5cf03bbe4807361a74c427a46ad329065f75e30,03f7c6c91ca388d3a641d49a4989b5e92a32d6cd,09642f1648844f977f687bfe16e6c75431009279df92f7852dcd3d3afee3a37d,https://huggingface.co/datasets/superkaiba1/explore-persona-space-data/blob/a5cf03bbe4807361a74c427a46ad329065f75e30/issue2569_theory/analysis_tensors/leg2/ladder_boot_mk-icl-con-lr5e6-s42.npz,https://huggingface.co/datasets/superkaiba1/explore-persona-space-data/resolve/a5cf03bbe4807361a74c427a46ad329065f75e30/issue2569_theory/analysis_tensors/leg2/ladder_boot_mk-icl-con-lr5e6-s42.npz
issue2569_theory,issue2569_theory/analysis_tensors/leg2/ladder_boot_mk-pers-con-lr5e6-s42.npz,482296,a5cf03bbe4807361a74c427a46ad329065f75e30,cbc0ac61f1bbb655dd66acc2498f93475dc2e439,8da26afc7a8548740a976494425c397442ab9179e2ff2e334bab2047d43adccd,https://huggingface.co/datasets/superkaiba1/explore-persona-space-data/blob/a5cf03bbe4807361a74c427a46ad329065f75e30/issue2569_theory/analysis_tensors/leg2/ladder_boot_mk-pers-con-lr5e6-s42.npz,https://huggingface.co/datasets/superkaiba1/explore-persona-space-data/resolve/a5cf03bbe4807361a74c427a46ad329065f75e30/issue2569_theory/analysis_tensors/leg2/ladder_boot_mk-pers-con-lr5e6-s42.npz
issue2569_theory,issue2569_theory/analysis_tensors/leg2/ladder_boot_mk-pers-ft-con-s42.npz,482296,a5cf03bbe4807361a74c427a46ad329065f75e30,661972d0f7e9564533992940b96b3461c25a1eca,4c1ce6699b4497fde9e218ded3c12af8befa437c4c4756af0adf1fbe36355dc1,https://huggingface.co/datasets/superkaiba1/explore-persona-space-data/blob/a5cf03bbe4807361a74c427a46ad329065f75e30/issue2569_theory/analysis_tensors/leg2/ladder_boot_mk-pers-ft-con-s42.npz,https://huggingface.co/datasets/superkaiba1/explore-persona-space-data/resolve/a5cf03bbe4807361a74c427a46ad329065f75e30/issue2569_theory/analysis_tensors/leg2/ladder_boot_mk-pers-ft-con-s42.npz
issue2569_theory,issue2569_theory/analysis_tensors/leg2/ladder_boot_mk-pers-po-lr5e6-s42.npz,482296,a5cf03bbe4807361a74c427a46ad329065f75e30,8312dc73759be9888c95467dcabaa5f4ed5824fa,1175c8b7d7e2ad93454fa056a70e577f49ce877b68267bc38fc466a166f25bb7,https://huggingface.co/datasets/superkaiba1/explore-persona-space-data/blob/a5cf03bbe4807361a74c427a46ad329065f75e30/issue2569_theory/analysis_tensors/leg2/ladder_boot_mk-pers-po-lr5e6-s42.npz,https://huggingface.co/datasets/superkaiba1/explore-persona-space-data/resolve/a5cf03bbe4807361a74c427a46ad329065f75e30/issue2569_theory/analysis_tensors/leg2/ladder_boot_mk-pers-po-lr5e6-s42.npz
issue2569_theory,issue2569_theory/analysis_tensors/leg2/ladder_boot_syc-bare-con-lr1e5-s42.npz,482264,a5cf03bbe4807361a74c427a46ad329065f75e30,dfb22df074ea948d2404bf156fb8cc87109b0429,f10fbed926ddac2bb3988152505776cb567b0dd4e370ffb56ed2760c09fbea84,https://huggingface.co/datasets/superkaiba1/explore-persona-space-data/blob/a5cf03bbe4807361a74c427a46ad329065f75e30/issue2569_theory/analysis_tensors/leg2/ladder_boot_syc-bare-con-lr1e5-s42.npz,https://huggingface.co/datasets/superkaiba1/explore-persona-space-data/resolve/a5cf03bbe4807361a74c427a46ad329065f75e30/issue2569_theory/analysis_tensors/leg2/ladder_boot_syc-bare-con-lr1e5-s42.npz
issue2569_theory,issue2569_theory/analysis_tensors/leg2/ladder_boot_syc-conv-con-lr1e5-s42.npz,482264,a5cf03bbe4807361a74c427a46ad329065f75e30,466eb0bf594fdd6714bb1cadbba8d38103666f07,4c6a1705a23537cdd4c9c6efcd575d65842c66a2bcea96d5156d11df961149be,https://huggingface.co/datasets/superkaiba1/explore-persona-space-data/blob/a5cf03bbe4807361a74c427a46ad329065f75e30/issue2569_theory/analysis_tensors/leg2/ladder_boot_syc-conv-con-lr1e5-s42.npz,https://huggingface.co/datasets/superkaiba1/explore-persona-space-data/resolve/a5cf03bbe4807361a74c427a46ad329065f75e30/issue2569_theory/analysis_tensors/leg2/ladder_boot_syc-conv-con-lr1e5-s42.npz
issue2569_theory,issue2569_theory/analysis_tensors/leg2/ladder_boot_syc-pers-ft-con-s42.npz,482264,a5cf03bbe4807361a74c427a46ad329065f75e30,dd655b93399aeb7e75063314e16a3fbdc749c93e,81f04e98565c9581299ec6ce15a70fb387e1c1932a224511661bee1eaa280805,https://huggingface.co/datasets/superkaiba1/explore-persona-space-data/blob/a5cf03bbe4807361a74c427a46ad329065f75e30/issue2569_theory/analysis_tensors/leg2/ladder_boot_syc-pers-ft-con-s42.npz,https://huggingface.co/datasets/superkaiba1/explore-persona-space-data/resolve/a5cf03bbe4807361a74c427a46ad329065f75e30/issue2569_theory/analysis_tensors/leg2/ladder_boot_syc-pers-ft-con-s42.npz
issue2569_theory,issue2569_theory/analysis_tensors/leg2/ladder_boot_syc-pers-po-lr1e5-s42.npz,482264,a5cf03bbe4807361a74c427a46ad329065f75e30,93b9949b4af7d4b7209350b8e8b9ecfb63e4d7c0,faaf4da17df678df103842771ff0cc5c2136e4fcf7a8c02b1120ac365ae2d1e0,https://huggingface.co/datasets/superkaiba1/explore-persona-space-data/blob/a5cf03bbe4807361a74c427a46ad329065f75e30/issue2569_theory/analysis_tensors/leg2/ladder_boot_syc-pers-po-lr1e5-s42.npz,https://huggingface.co/datasets/superkaiba1/explore-persona-space-data/resolve/a5cf03bbe4807361a74c427a46ad329065f75e30/issue2569_theory/analysis_tensors/leg2/ladder_boot_syc-pers-po-lr1e5-s42.npz
issue2569_theory,issue2569_theory/analysis_tensors/leg2/ladder_perm_cas-bare-con-lr1e5-s42.npz,281640,a5cf03bbe4807361a74c427a46ad329065f75e30,3853c716b7270df420caa1d01b68cd05ee6e6814,4ea7d39633c8ea3e7cdce4632e8ceef3749d7312e4b683de7e5e2c8c904f762f,https://huggingface.co/datasets/superkaiba1/explore-persona-space-data/blob/a5cf03bbe4807361a74c427a46ad329065f75e30/issue2569_theory/analysis_tensors/leg2/ladder_perm_cas-bare-con-lr1e5-s42.npz,https://huggingface.co/datasets/superkaiba1/explore-persona-space-data/resolve/a5cf03bbe4807361a74c427a46ad329065f75e30/issue2569_theory/analysis_tensors/leg2/ladder_perm_cas-bare-con-lr1e5-s42.npz
issue2569_theory,issue2569_theory/analysis_tensors/leg2/ladder_perm_cas-pers-con-lr1e5-s42.npz,281640,a5cf03bbe4807361a74c427a46ad329065f75e30,ebd758e022f7b60de2ff77cb85e0ce93da8f0ba9,ee9721b9c6a7aecef1779ebac45ef917194c1155609373e2f88c06f6c5b2897b,https://huggingface.co/datasets/superkaiba1/explore-persona-space-data/blob/a5cf03bbe4807361a74c427a46ad329065f75e30/issue2569_theory/analysis_tensors/leg2/ladder_perm_cas-pers-con-lr1e5-s42.npz,https://huggingface.co/datasets/superkaiba1/explore-persona-space-data/resolve/a5cf03bbe4807361a74c427a46ad329065f75e30/issue2569_theory/analysis_tensors/leg2/ladder_perm_cas-pers-con-lr1e5-s42.npz
issue2569_theory,issue2569_theory/analysis_tensors/leg2/ladder_perm_cas-pers-ft-con-s42.npz,281640,a5cf03bbe4807361a74c427a46ad329065f75e30,d02e993a495156835f78bbc03050ea2e79192226,bd5ff83daf6b47d4ef966034a22bdb80548a25bebe1fd36077e22b5738d3b884,https://huggingface.co/datasets/superkaiba1/explore-persona-space-data/blob/a5cf03bbe4807361a74c427a46ad329065f75e30/issue2569_theory/analysis_tensors/leg2/ladder_perm_cas-pers-ft-con-s42.npz,https://huggingface.co/datasets/superkaiba1/explore-persona-space-data/resolve/a5cf03bbe4807361a74c427a46ad329065f75e30/issue2569_theory/analysis_tensors/leg2/ladder_perm_cas-pers-ft-con-s42.npz
issue2569_theory,issue2569_theory/analysis_tensors/leg2/ladder_perm_cas-pers-po-lr1e5-s42.npz,281640,a5cf03bbe4807361a74c427a46ad329065f75e30,dd485a226ec40f084559ea4e895f440b3847bd5c,50207dfb681f85a336d9e4787a61265cbee5fde2299f0a7245b550a47c294e18,https://huggingface.co/datasets/superkaiba1/explore-persona-space-data/blob/a5cf03bbe4807361a74c427a46ad329065f75e30/issue2569_theory/analysis_tensors/leg2/ladder_perm_cas-pers-po-lr1e5-s42.npz,https://huggingface.co/datasets/superkaiba1/explore-persona-space-data/resolve/a5cf03bbe4807361a74c427a46ad329065f75e30/issue2569_theory/analysis_tensors/leg2/ladder_perm_cas-pers-po-lr1e5-s42.npz
issue2569_theory,issue2569_theory/analysis_tensors/leg2/ladder_perm_imp-pers-con-lr3e5-s137.npz,281640,a5cf03bbe4807361a74c427a46ad329065f75e30,45e91b556337ae6f470f4dbc77f1abad174b6c2c,5e58d77510ed7dc28f58431393e9218ac9ecca12398c4b2ea7f6825022d371f2,https://huggingface.co/datasets/superkaiba1/explore-persona-space-data/blob/a5cf03bbe4807361a74c427a46ad329065f75e30/issue2569_theory/analysis_tensors/leg2/ladder_perm_imp-pers-con-lr3e5-s137.npz,https://huggingface.co/datasets/superkaiba1/explore-persona-space-data/resolve/a5cf03bbe4807361a74c427a46ad329065f75e30/issue2569_theory/analysis_tensors/leg2/ladder_perm_imp-pers-con-lr3e5-s137.npz
issue2569_theory,issue2569_theory/analysis_tensors/leg2/ladder_perm_imp-pers-con-lr3e5-s42.npz,281640,a5cf03bbe4807361a74c427a46ad329065f75e30,6b409dcb73b4bb3f4bbc47754b33e139263097ea,696b7894de9c18d71319a8bfa56c9d5995065fc4d678b2712a04e02dc90fa913,https://huggingface.co/datasets/superkaiba1/explore-persona-space-data/blob/a5cf03bbe4807361a74c427a46ad329065f75e30/issue2569_theory/analysis_tensors/leg2/ladder_perm_imp-pers-con-lr3e5-s42.npz,https://huggingface.co/datasets/superkaiba1/explore-persona-space-data/resolve/a5cf03bbe4807361a74c427a46ad329065f75e30/issue2569_theory/analysis_tensors/leg2/ladder_perm_imp-pers-con-lr3e5-s42.npz
issue2569_theory,issue2569_theory/analysis_tensors/leg2/ladder_perm_imp-pers-ft-con-s42.npz,281640,a5cf03bbe4807361a74c427a46ad329065f75e30,cc4cc8dc4f2c57f74c69be02a53d14285c02d0cb,5265d97497ca20be8d4e8c02f42f9c18caa61a4365fed5377f4e79651751c635,https://huggingface.co/datasets/superkaiba1/explore-persona-space-data/blob/a5cf03bbe4807361a74c427a46ad329065f75e30/issue2569_theory/analysis_tensors/leg2/ladder_perm_imp-pers-ft-con-s42.npz,https://huggingface.co/datasets/superkaiba1/explore-persona-space-data/resolve/a5cf03bbe4807361a74c427a46ad329065f75e30/issue2569_theory/analysis_tensors/leg2/ladder_perm_imp-pers-ft-con-s42.npz
issue2569_theory,issue2569_theory/analysis_tensors/leg2/ladder_perm_imp-pers-po-lr1e5-s42.npz,281640,a5cf03bbe4807361a74c427a46ad329065f75e30,165be39bcdcd17cafff5b5cec776e65b536c9ef2,0f650b8387cc637c9182bbf0645e5190874dfa0a6d95869e62e0b846771c0b60,https://huggingface.co/datasets/superkaiba1/explore-persona-space-data/blob/a5cf03bbe4807361a74c427a46ad329065f75e30/issue2569_theory/analysis_tensors/leg2/ladder_perm_imp-pers-po-lr1e5-s42.npz,https://huggingface.co/datasets/superkaiba1/explore-persona-space-data/resolve/a5cf03bbe4807361a74c427a46ad329065f75e30/issue2569_theory/analysis_tensors/leg2/ladder_perm_imp-pers-po-lr1e5-s42.npz
issue2569_theory,issue2569_theory/analysis_tensors/leg2/ladder_perm_mk-bare-con-lr5e6-s42.npz,281640,a5cf03bbe4807361a74c427a46ad329065f75e30,5ad47d64954a0082f910606918ce107503abbd8b,20a30a4a4ab5ea5488d11f2efb79afd573c23c70c80738dc07ab42a6341da9c0,https://huggingface.co/datasets/superkaiba1/explore-persona-space-data/blob/a5cf03bbe4807361a74c427a46ad329065f75e30/issue2569_theory/analysis_tensors/leg2/ladder_perm_mk-bare-con-lr5e6-s42.npz,https://huggingface.co/datasets/superkaiba1/explore-persona-space-data/resolve/a5cf03bbe4807361a74c427a46ad329065f75e30/issue2569_theory/analysis_tensors/leg2/ladder_perm_mk-bare-con-lr5e6-s42.npz
issue2569_theory,issue2569_theory/analysis_tensors/leg2/ladder_perm_mk-conv-con-lr5e6-s42.npz,281640,a5cf03bbe4807361a74c427a46ad329065f75e30,214baf217a78aa0ed6057334796d585646757434,5ff9e7b35cf68bc4703799d1b212940fc3a6b67522d49f27be3a159b31e5d225,https://huggingface.co/datasets/superkaiba1/explore-persona-space-data/blob/a5cf03bbe4807361a74c427a46ad329065f75e30/issue2569_theory/analysis_tensors/leg2/ladder_perm_mk-conv-con-lr5e6-s42.npz,https://huggingface.co/datasets/superkaiba1/explore-persona-space-data/resolve/a5cf03bbe4807361a74c427a46ad329065f75e30/issue2569_theory/analysis_tensors/leg2/ladder_perm_mk-conv-con-lr5e6-s42.npz
issue2569_theory,issue2569_theory/analysis_tensors/leg2/ladder_perm_mk-icl-con-lr5e6-s42.npz,281640,a5cf03bbe4807361a74c427a46ad329065f75e30,6f67ee30873fe767567605ba0de7b3acabc49bb3,ac054d12f8c8661fc887507458b71f1497695782d2eec9d10390f06639a29f0d,https://huggingface.co/datasets/superkaiba1/explore-persona-space-data/blob/a5cf03bbe4807361a74c427a46ad329065f75e30/issue2569_theory/analysis_tensors/leg2/ladder_perm_mk-icl-con-lr5e6-s42.npz,https://huggingface.co/datasets/superkaiba1/explore-persona-space-data/resolve/a5cf03bbe4807361a74c427a46ad329065f75e30/issue2569_theory/analysis_tensors/leg2/ladder_perm_mk-icl-con-lr5e6-s42.npz
issue2569_theory,issue2569_theory/analysis_tensors/leg2/ladder_perm_mk-pers-con-lr5e6-s42.npz,281640,a5cf03bbe4807361a74c427a46ad329065f75e30,2dcc93baaf1a54719faea826761452e1d36e3738,f7bc47896b2272ba2f424cca1d86eec7c205881e57b23431654d584d077869df,https://huggingface.co/datasets/superkaiba1/explore-persona-space-data/blob/a5cf03bbe4807361a74c427a46ad329065f75e30/issue2569_theory/analysis_tensors/leg2/ladder_perm_mk-pers-con-lr5e6-s42.npz,https://huggingface.co/datasets/superkaiba1/explore-persona-space-data/resolve/a5cf03bbe4807361a74c427a46ad329065f75e30/issue2569_theory/analysis_tensors/leg2/ladder_perm_mk-pers-con-lr5e6-s42.npz
issue2569_theory,issue2569_theory/analysis_tensors/leg2/ladder_perm_mk-pers-ft-con-s42.npz,281640,a5cf03bbe4807361a74c427a46ad329065f75e30,a62111879f46e79d1a119a8cad124bae4cc14210,6a00b1c19747f8e8140ad317b905420c94bd59db984a38dc9ca92808f8445357,https://huggingface.co/datasets/superkaiba1/explore-persona-space-data/blob/a5cf03bbe4807361a74c427a46ad329065f75e30/issue2569_theory/analysis_tensors/leg2/ladder_perm_mk-pers-ft-con-s42.npz,https://huggingface.co/datasets/superkaiba1/explore-persona-space-data/resolve/a5cf03bbe4807361a74c427a46ad329065f75e30/issue2569_theory/analysis_tensors/leg2/ladder_perm_mk-pers-ft-con-s42.npz
issue2569_theory,issue2569_theory/analysis_tensors/leg2/ladder_perm_mk-pers-po-lr5e6-s42.npz,281640,a5cf03bbe4807361a74c427a46ad329065f75e30,1b89d8558c818839064522f8c1da470e0490dafd,0538b6f7ea819b3276a035080224c25b53456e6ee78f89b0b8c34d1d54b2aa38,https://huggingface.co/datasets/superkaiba1/explore-persona-space-data/blob/a5cf03bbe4807361a74c427a46ad329065f75e30/issue2569_theory/analysis_tensors/leg2/ladder_perm_mk-pers-po-lr5e6-s42.npz,https://huggingface.co/datasets/superkaiba1/explore-persona-space-data/resolve/a5cf03bbe4807361a74c427a46ad329065f75e30/issue2569_theory/analysis_tensors/leg2/ladder_perm_mk-pers-po-lr5e6-s42.npz
issue2569_theory,issue2569_theory/analysis_tensors/leg2/ladder_perm_syc-bare-con-lr1e5-s42.npz,281640,a5cf03bbe4807361a74c427a46ad329065f75e30,447513c2b78c1cf090d8a2666bbace97a03e3c9c,20ad4b0345312778ccc7b68804873cdb66dc4aac20079dc82a6d85560548ec19,https://huggingface.co/datasets/superkaiba1/explore-persona-space-data/blob/a5cf03bbe4807361a74c427a46ad329065f75e30/issue2569_theory/analysis_tensors/leg2/ladder_perm_syc-bare-con-lr1e5-s42.npz,https://huggingface.co/datasets/superkaiba1/explore-persona-space-data/resolve/a5cf03bbe4807361a74c427a46ad329065f75e30/issue2569_theory/analysis_tensors/leg2/ladder_perm_syc-bare-con-lr1e5-s42.npz
issue2569_theory,issue2569_theory/analysis_tensors/leg2/ladder_perm_syc-conv-con-lr1e5-s42.npz,281640,a5cf03bbe4807361a74c427a46ad329065f75e30,fee02b3bd406881c44f78b8ab8fc3ef9dd016ed2,f5ae20557f7d99bae728e4e93fa6602de26b7b01a5ff9ee516e0c24edb92a518,https://huggingface.co/datasets/superkaiba1/explore-persona-space-data/blob/a5cf03bbe4807361a74c427a46ad329065f75e30/issue2569_theory/analysis_tensors/leg2/ladder_perm_syc-conv-con-lr1e5-s42.npz,https://huggingface.co/datasets/superkaiba1/explore-persona-space-data/resolve/a5cf03bbe4807361a74c427a46ad329065f75e30/issue2569_theory/analysis_tensors/leg2/ladder_perm_syc-conv-con-lr1e5-s42.npz
issue2569_theory,issue2569_theory/analysis_tensors/leg2/ladder_perm_syc-pers-ft-con-s42.npz,281640,a5cf03bbe4807361a74c427a46ad329065f75e30,403eccb9ab108d114bc2022aa0bb2dff3f9c081f,08c3d2e1cb5c67537b6ecfd7129eea0c038b71c27ce6810d3a5f7ce141624baa,https://huggingface.co/datasets/superkaiba1/explore-persona-space-data/blob/a5cf03bbe4807361a74c427a46ad329065f75e30/issue2569_theory/analysis_tensors/leg2/ladder_perm_syc-pers-ft-con-s42.npz,https://huggingface.co/datasets/superkaiba1/explore-persona-space-data/resolve/a5cf03bbe4807361a74c427a46ad329065f75e30/issue2569_theory/analysis_tensors/leg2/ladder_perm_syc-pers-ft-con-s42.npz
issue2569_theory,issue2569_theory/analysis_tensors/leg2/ladder_perm_syc-pers-po-lr1e5-s42.npz,281640,a5cf03bbe4807361a74c427a46ad329065f75e30,c039831a8c5eac0daf649542ca93eab71d5a443f,eb29a42810bc43ffd842ab7e6824a83db531095228ee4f6b63bbb65e9a53b864,https://huggingface.co/datasets/superkaiba1/explore-persona-space-data/blob/a5cf03bbe4807361a74c427a46ad329065f75e30/issue2569_theory/analysis_tensors/leg2/ladder_perm_syc-pers-po-lr1e5-s42.npz,https://huggingface.co/datasets/superkaiba1/explore-persona-space-data/resolve/a5cf03bbe4807361a74c427a46ad329065f75e30/issue2569_theory/analysis_tensors/leg2/ladder_perm_syc-pers-po-lr1e5-s42.npz
issue2569_theory,issue2569_theory/analysis_tensors/leg2_curve/learning_curve.json,17931,a5cf03bbe4807361a74c427a46ad329065f75e30,e4706873825d9eab72b77ae094e48610c3632e49,,https://huggingface.co/datasets/superkaiba1/explore-persona-space-data/blob/a5cf03bbe4807361a74c427a46ad329065f75e30/issue2569_theory/analysis_tensors/leg2_curve/learning_curve.json,https://huggingface.co/datasets/superkaiba1/explore-persona-space-data/resolve/a5cf03bbe4807361a74c427a46ad329065f75e30/issue2569_theory/analysis_tensors/leg2_curve/learning_curve.json
issue2569_theory,issue2569_theory/analysis_tensors/leg2_curve/local_regime.json,135,a5cf03bbe4807361a74c427a46ad329065f75e30,7c47a14440334001d55d4fa59741cf7097ce48f9,,https://huggingface.co/datasets/superkaiba1/explore-persona-space-data/blob/a5cf03bbe4807361a74c427a46ad329065f75e30/issue2569_theory/analysis_tensors/leg2_curve/local_regime.json,https://huggingface.co/datasets/superkaiba1/explore-persona-space-data/resolve/a5cf03bbe4807361a74c427a46ad329065f75e30/issue2569_theory/analysis_tensors/leg2_curve/local_regime.json
issue2569_theory,issue2569_theory/analysis_tensors/leg2_curve/regime.json,1613,a5cf03bbe4807361a74c427a46ad329065f75e30,9783e9500ec62e38f6d71cfda2d518a3691ff086,,https://huggingface.co/datasets/superkaiba1/explore-persona-space-data/blob/a5cf03bbe4807361a74c427a46ad329065f75e30/issue2569_theory/analysis_tensors/leg2_curve/regime.json,https://huggingface.co/datasets/superkaiba1/explore-persona-space-data/resolve/a5cf03bbe4807361a74c427a46ad329065f75e30/issue2569_theory/analysis_tensors/leg2_curve/regime.json
issue2569_theory,issue2569_theory/analysis_tensors/leg2_curve/row_meta_curve.npz,69469286,a5cf03bbe4807361a74c427a46ad329065f75e30,642b31a83181baf4ddcc7dd72a95baa576ff9af8,44062e592d9f75311636e0b7f1d5e2c708ef6694d1b4fdc09400e1fdf7da8d61,https://huggingface.co/datasets/superkaiba1/explore-persona-space-data/blob/a5cf03bbe4807361a74c427a46ad329065f75e30/issue2569_theory/analysis_tensors/leg2_curve/row_meta_curve.npz,https://huggingface.co/datasets/superkaiba1/explore-persona-space-data/resolve/a5cf03bbe4807361a74c427a46ad329065f75e30/issue2569_theory/analysis_tensors/leg2_curve/row_meta_curve.npz
issue2569_theory,issue2569_theory/analysis_tensors/leg4/counts_ctx.npy,524416,a5cf03bbe4807361a74c427a46ad329065f75e30,e30a3b913a152f4396b45b8d00c86bbb5d22ce02,fa84e88170338d83e4d10bc379195ae17e5643c9f26f981be00362a9454bbb84,https://huggingface.co/datasets/superkaiba1/explore-persona-space-data/blob/a5cf03bbe4807361a74c427a46ad329065f75e30/issue2569_theory/analysis_tensors/leg4/counts_ctx.npy,https://huggingface.co/datasets/superkaiba1/explore-persona-space-data/resolve/a5cf03bbe4807361a74c427a46ad329065f75e30/issue2569_theory/analysis_tensors/leg4/counts_ctx.npy
issue2569_theory,issue2569_theory/analysis_tensors/leg4/enc_meta.json,586,a5cf03bbe4807361a74c427a46ad329065f75e30,a3ebe173335507993b2cf3b80334c5f5372baca2,,https://huggingface.co/datasets/superkaiba1/explore-persona-space-data/blob/a5cf03bbe4807361a74c427a46ad329065f75e30/issue2569_theory/analysis_tensors/leg4/enc_meta.json,https://huggingface.co/datasets/superkaiba1/explore-persona-space-data/resolve/a5cf03bbe4807361a74c427a46ad329065f75e30/issue2569_theory/analysis_tensors/leg4/enc_meta.json
issue2569_theory,issue2569_theory/analysis_tensors/leg4/feature_map_metrics.json,7843,a5cf03bbe4807361a74c427a46ad329065f75e30,bfe90f796b360b93d2db519e931d4afc05542204,,https://huggingface.co/datasets/superkaiba1/explore-persona-space-data/blob/a5cf03bbe4807361a74c427a46ad329065f75e30/issue2569_theory/analysis_tensors/leg4/feature_map_metrics.json,https://huggingface.co/datasets/superkaiba1/explore-persona-space-data/resolve/a5cf03bbe4807361a74c427a46ad329065f75e30/issue2569_theory/analysis_tensors/leg4/feature_map_metrics.json
issue2569_theory,issue2569_theory/analysis_tensors/leg4/local_regime.json,99,a5cf03bbe4807361a74c427a46ad329065f75e30,5db42605e84bea96d550d93cd6856a10565d513f,,https://huggingface.co/datasets/superkaiba1/explore-persona-space-data/blob/a5cf03bbe4807361a74c427a46ad329065f75e30/issue2569_theory/analysis_tensors/leg4/local_regime.json,https://huggingface.co/datasets/superkaiba1/explore-persona-space-data/resolve/a5cf03bbe4807361a74c427a46ad329065f75e30/issue2569_theory/analysis_tensors/leg4/local_regime.json
issue2569_theory,issue2569_theory/analysis_tensors/leg4/perfeature_leg4.npz,316670,a5cf03bbe4807361a74c427a46ad329065f75e30,6b714f58e8bb52a66ea07230db8246de79a87066,1a28e1a1ac5a0e5ac9d4e6190633ee0ff1736544b82cd1fa0119c599b0841799,https://huggingface.co/datasets/superkaiba1/explore-persona-space-data/blob/a5cf03bbe4807361a74c427a46ad329065f75e30/issue2569_theory/analysis_tensors/leg4/perfeature_leg4.npz,https://huggingface.co/datasets/superkaiba1/explore-persona-space-data/resolve/a5cf03bbe4807361a74c427a46ad329065f75e30/issue2569_theory/analysis_tensors/leg4/perfeature_leg4.npz
issue2569_theory,issue2569_theory/analysis_tensors/leg4/pred_te_union.fp16.npy,86000128,a5cf03bbe4807361a74c427a46ad329065f75e30,4573689139e1a5c425afcd63ac7ab33cd566b14f,44a20236cf388db62fe4455a93fbd77ade65279af1e0f8a1adb2d8eb2a0885b7,https://huggingface.co/datasets/superkaiba1/explore-persona-space-data/blob/a5cf03bbe4807361a74c427a46ad329065f75e30/issue2569_theory/analysis_tensors/leg4/pred_te_union.fp16.npy,https://huggingface.co/datasets/superkaiba1/explore-persona-space-data/resolve/a5cf03bbe4807361a74c427a46ad329065f75e30/issue2569_theory/analysis_tensors/leg4/pred_te_union.fp16.npy
issue2569_theory,issue2569_theory/analysis_tensors/leg4/regime.json,1615,a5cf03bbe4807361a74c427a46ad329065f75e30,e19bed243fdc982104cf2e2a3f6aabbd38e68d89,,https://huggingface.co/datasets/superkaiba1/explore-persona-space-data/blob/a5cf03bbe4807361a74c427a46ad329065f75e30/issue2569_theory/analysis_tensors/leg4/regime.json,https://huggingface.co/datasets/superkaiba1/explore-persona-space-data/resolve/a5cf03bbe4807361a74c427a46ad329065f75e30/issue2569_theory/analysis_tensors/leg4/regime.json
issue2569_theory,issue2569_theory/analysis_tensors/leg4/x_ctx_alive.fp16.npy,714636128,a5cf03bbe4807361a74c427a46ad329065f75e30,26fb1faa1dfd5e0a9357a3ab859bc502fdd256a4,1d09e4657238af277ae638001ce96e20b63c12a2f16e0a4ba24551b2c2f2ef45,https://huggingface.co/datasets/superkaiba1/explore-persona-space-data/blob/a5cf03bbe4807361a74c427a46ad329065f75e30/issue2569_theory/analysis_tensors/leg4/x_ctx_alive.fp16.npy,https://huggingface.co/datasets/superkaiba1/explore-persona-space-data/resolve/a5cf03bbe4807361a74c427a46ad329065f75e30/issue2569_theory/analysis_tensors/leg4/x_ctx_alive.fp16.npy
issue2569_theory,issue2569_theory/analysis_tensors/leg4/x_ctx_idxaligned.fp16.npy,603720128,a5cf03bbe4807361a74c427a46ad329065f75e30,cdfb0b9372bc46fa41d2a91d0b453cdab6f594c5,de8f17d260d61ec3e1216326990e11ac932daa25b0483b212f2471f0facc8e89,https://huggingface.co/datasets/superkaiba1/explore-persona-space-data/blob/a5cf03bbe4807361a74c427a46ad329065f75e30/issue2569_theory/analysis_tensors/leg4/x_ctx_idxaligned.fp16.npy,https://huggingface.co/datasets/superkaiba1/explore-persona-space-data/resolve/a5cf03bbe4807361a74c427a46ad329065f75e30/issue2569_theory/analysis_tensors/leg4/x_ctx_idxaligned.fp16.npy
issue2569_theory,issue2569_theory/analysis_tensors/leg4/y_union.fp16.npy,603720128,a5cf03bbe4807361a74c427a46ad329065f75e30,34f40b34b8d10262c34d921e3204c4cea757a728,7b06f40a2810f7b40080f2e8de241e4c4c7652ef9afba1932aeccdca3fb7dfa1,https://huggingface.co/datasets/superkaiba1/explore-persona-space-data/blob/a5cf03bbe4807361a74c427a46ad329065f75e30/issue2569_theory/analysis_tensors/leg4/y_union.fp16.npy,https://huggingface.co/datasets/superkaiba1/explore-persona-space-data/resolve/a5cf03bbe4807361a74c427a46ad329065f75e30/issue2569_theory/analysis_tensors/leg4/y_union.fp16.npy
issue2569_theory,issue2569_theory/analysis_tensors/leg6/cas-bare-con-lr1e5-s42/L19_last_ctx.json,9881,a5cf03bbe4807361a74c427a46ad329065f75e30,d42338ec175c66f42119cea17ff77a93e4b443a2,,https://huggingface.co/datasets/superkaiba1/explore-persona-space-data/blob/a5cf03bbe4807361a74c427a46ad329065f75e30/issue2569_theory/analysis_tensors/leg6/cas-bare-con-lr1e5-s42/L19_last_ctx.json,https://huggingface.co/datasets/superkaiba1/explore-persona-space-data/resolve/a5cf03bbe4807361a74c427a46ad329065f75e30/issue2569_theory/analysis_tensors/leg6/cas-bare-con-lr1e5-s42/L19_last_ctx.json
issue2569_theory,issue2569_theory/analysis_tensors/leg6/cas-bare-con-lr1e5-s42/L19_last_ctx_factors.npz,1840748,a5cf03bbe4807361a74c427a46ad329065f75e30,6685e550403e2cb90b71aa7c1de5a95c0ef959a6,903a7862c4b1ee637b45329845a1cc0bce0c886c39c5c83bec5176871c0efabb,https://huggingface.co/datasets/superkaiba1/explore-persona-space-data/blob/a5cf03bbe4807361a74c427a46ad329065f75e30/issue2569_theory/analysis_tensors/leg6/cas-bare-con-lr1e5-s42/L19_last_ctx_factors.npz,https://huggingface.co/datasets/superkaiba1/explore-persona-space-data/resolve/a5cf03bbe4807361a74c427a46ad329065f75e30/issue2569_theory/analysis_tensors/leg6/cas-bare-con-lr1e5-s42/L19_last_ctx_factors.npz
issue2569_theory,issue2569_theory/analysis_tensors/leg6/cas-bare-con-lr1e5-s42/L19_last_prompt.json,9871,a5cf03bbe4807361a74c427a46ad329065f75e30,01fa72f429abd67419dda66bb99789922d4db05d,,https://huggingface.co/datasets/superkaiba1/explore-persona-space-data/blob/a5cf03bbe4807361a74c427a46ad329065f75e30/issue2569_theory/analysis_tensors/leg6/cas-bare-con-lr1e5-s42/L19_last_prompt.json,https://huggingface.co/datasets/superkaiba1/explore-persona-space-data/resolve/a5cf03bbe4807361a74c427a46ad329065f75e30/issue2569_theory/analysis_tensors/leg6/cas-bare-con-lr1e5-s42/L19_last_prompt.json
issue2569_theory,issue2569_theory/analysis_tensors/leg6/cas-bare-con-lr1e5-s42/L19_last_prompt_factors.npz,1840772,a5cf03bbe4807361a74c427a46ad329065f75e30,2b2cfd14ce438c31d19e48fece16af77bae88ce8,5f9103f0dd6f25c1ed084f6ac27d1e46811a0c4497625f53a8a4c3c68159b374,https://huggingface.co/datasets/superkaiba1/explore-persona-space-data/blob/a5cf03bbe4807361a74c427a46ad329065f75e30/issue2569_theory/analysis_tensors/leg6/cas-bare-con-lr1e5-s42/L19_last_prompt_factors.npz,https://huggingface.co/datasets/superkaiba1/explore-persona-space-data/resolve/a5cf03bbe4807361a74c427a46ad329065f75e30/issue2569_theory/analysis_tensors/leg6/cas-bare-con-lr1e5-s42/L19_last_prompt_factors.npz
issue2569_theory,issue2569_theory/analysis_tensors/leg6/cas-bare-con-lr1e5-s42/L19_span_mean.json,9771,a5cf03bbe4807361a74c427a46ad329065f75e30,2e9d5c1bf4ca4a56b5672921ea2773ed8741e237,,https://huggingface.co/datasets/superkaiba1/explore-persona-space-data/blob/a5cf03bbe4807361a74c427a46ad329065f75e30/issue2569_theory/analysis_tensors/leg6/cas-bare-con-lr1e5-s42/L19_span_mean.json,https://huggingface.co/datasets/superkaiba1/explore-persona-space-data/resolve/a5cf03bbe4807361a74c427a46ad329065f75e30/issue2569_theory/analysis_tensors/leg6/cas-bare-con-lr1e5-s42/L19_span_mean.json
issue2569_theory,issue2569_theory/analysis_tensors/leg6/cas-bare-con-lr1e5-s42/L19_span_mean_factors.npz,1840768,a5cf03bbe4807361a74c427a46ad329065f75e30,a5e0b27f30bac95256e77aba4e27c2887391405c,d2e57a34af0aede47bc8410b9a718ca6e42e58adf75246347823616758127c4b,https://huggingface.co/datasets/superkaiba1/explore-persona-space-data/blob/a5cf03bbe4807361a74c427a46ad329065f75e30/issue2569_theory/analysis_tensors/leg6/cas-bare-con-lr1e5-s42/L19_span_mean_factors.npz,https://huggingface.co/datasets/superkaiba1/explore-persona-space-data/resolve/a5cf03bbe4807361a74c427a46ad329065f75e30/issue2569_theory/analysis_tensors/leg6/cas-bare-con-lr1e5-s42/L19_span_mean_factors.npz
issue2569_theory,issue2569_theory/analysis_tensors/leg6/cas-bare-con-lr1e5-s42/guard.json,1113,a5cf03bbe4807361a74c427a46ad329065f75e30,49784853aa98bfe07469182a6c8698fdaf20fe3d,,https://huggingface.co/datasets/superkaiba1/explore-persona-space-data/blob/a5cf03bbe4807361a74c427a46ad329065f75e30/issue2569_theory/analysis_tensors/leg6/cas-bare-con-lr1e5-s42/guard.json,https://huggingface.co/datasets/superkaiba1/explore-persona-space-data/resolve/a5cf03bbe4807361a74c427a46ad329065f75e30/issue2569_theory/analysis_tensors/leg6/cas-bare-con-lr1e5-s42/guard.json
issue2569_theory,issue2569_theory/analysis_tensors/leg6/cas-bare-con-lr1e5-s42/operator_factors.pt,1839627,a5cf03bbe4807361a74c427a46ad329065f75e30,37f7d8460304655b7ae48f2ebddbabbe9c4d643a,95d848b61db7071795e89aab2a9871575970550829d3d4be15d9afc05235e358,https://huggingface.co/datasets/superkaiba1/explore-persona-space-data/blob/a5cf03bbe4807361a74c427a46ad329065f75e30/issue2569_theory/analysis_tensors/leg6/cas-bare-con-lr1e5-s42/operator_factors.pt,https://huggingface.co/datasets/superkaiba1/explore-persona-space-data/resolve/a5cf03bbe4807361a74c427a46ad329065f75e30/issue2569_theory/analysis_tensors/leg6/cas-bare-con-lr1e5-s42/operator_factors.pt
issue2569_theory,issue2569_theory/analysis_tensors/leg6/cas-pers-con-lr1e5-s42/L19_last_ctx.json,9899,a5cf03bbe4807361a74c427a46ad329065f75e30,a0767a2ed03f9954721fd9ab5502a3ea6397ae95,,https://huggingface.co/datasets/superkaiba1/explore-persona-space-data/blob/a5cf03bbe4807361a74c427a46ad329065f75e30/issue2569_theory/analysis_tensors/leg6/cas-pers-con-lr1e5-s42/L19_last_ctx.json,https://huggingface.co/datasets/superkaiba1/explore-persona-space-data/resolve/a5cf03bbe4807361a74c427a46ad329065f75e30/issue2569_theory/analysis_tensors/leg6/cas-pers-con-lr1e5-s42/L19_last_ctx.json
issue2569_theory,issue2569_theory/analysis_tensors/leg6/cas-pers-con-lr1e5-s42/L19_last_ctx_factors.npz,1840748,a5cf03bbe4807361a74c427a46ad329065f75e30,b67ed7e32cca1d311bafac08c55cd97163f35636,603289a423bd44e6ed7956a3b1f00ee1a9769ebc91c5b52147db686b9278ed36,https://huggingface.co/datasets/superkaiba1/explore-persona-space-data/blob/a5cf03bbe4807361a74c427a46ad329065f75e30/issue2569_theory/analysis_tensors/leg6/cas-pers-con-lr1e5-s42/L19_last_ctx_factors.npz,https://huggingface.co/datasets/superkaiba1/explore-persona-space-data/resolve/a5cf03bbe4807361a74c427a46ad329065f75e30/issue2569_theory/analysis_tensors/leg6/cas-pers-con-lr1e5-s42/L19_last_ctx_factors.npz
issue2569_theory,issue2569_theory/analysis_tensors/leg6/cas-pers-con-lr1e5-s42/L19_last_prompt.json,9881,a5cf03bbe4807361a74c427a46ad329065f75e30,2cd141b6aa490de33ccd97316863b61466ec6628,,https://huggingface.co/datasets/superkaiba1/explore-persona-space-data/blob/a5cf03bbe4807361a74c427a46ad329065f75e30/issue2569_theory/analysis_tensors/leg6/cas-pers-con-lr1e5-s42/L19_last_prompt.json,https://huggingface.co/datasets/superkaiba1/explore-persona-space-data/resolve/a5cf03bbe4807361a74c427a46ad329065f75e30/issue2569_theory/analysis_tensors/leg6/cas-pers-con-lr1e5-s42/L19_last_prompt.json
issue2569_theory,issue2569_theory/analysis_tensors/leg6/cas-pers-con-lr1e5-s42/L19_last_prompt_factors.npz,1840772,a5cf03bbe4807361a74c427a46ad329065f75e30,099174a37e0a5bef36a6505c35e53294aa0d2dc9,fc4158b5f3a1004dc21a4815edd22db131a5be2195b4a17e3a2761049a7df320,https://huggingface.co/datasets/superkaiba1/explore-persona-space-data/blob/a5cf03bbe4807361a74c427a46ad329065f75e30/issue2569_theory/analysis_tensors/leg6/cas-pers-con-lr1e5-s42/L19_last_prompt_factors.npz,https://huggingface.co/datasets/superkaiba1/explore-persona-space-data/resolve/a5cf03bbe4807361a74c427a46ad329065f75e30/issue2569_theory/analysis_tensors/leg6/cas-pers-con-lr1e5-s42/L19_last_prompt_factors.npz
issue2569_theory,issue2569_theory/analysis_tensors/leg6/cas-pers-con-lr1e5-s42/L19_span_mean.json,9763,a5cf03bbe4807361a74c427a46ad329065f75e30,f76b4dea930ca0cbe5acb9d353b2ce3998e9f9d7,,https://huggingface.co/datasets/superkaiba1/explore-persona-space-data/blob/a5cf03bbe4807361a74c427a46ad329065f75e30/issue2569_theory/analysis_tensors/leg6/cas-pers-con-lr1e5-s42/L19_span_mean.json,https://huggingface.co/datasets/superkaiba1/explore-persona-space-data/resolve/a5cf03bbe4807361a74c427a46ad329065f75e30/issue2569_theory/analysis_tensors/leg6/cas-pers-con-lr1e5-s42/L19_span_mean.json
issue2569_theory,issue2569_theory/analysis_tensors/leg6/cas-pers-con-lr1e5-s42/L19_span_mean_factors.npz,1840768,a5cf03bbe4807361a74c427a46ad329065f75e30,e98661cd437a2dccc85dabefc606acf710166624,5ac8b9098d93833a280f3b9a6a77998759c6858be0d68a82bdcd00ddf5f5926f,https://huggingface.co/datasets/superkaiba1/explore-persona-space-data/blob/a5cf03bbe4807361a74c427a46ad329065f75e30/issue2569_theory/analysis_tensors/leg6/cas-pers-con-lr1e5-s42/L19_span_mean_factors.npz,https://huggingface.co/datasets/superkaiba1/explore-persona-space-data/resolve/a5cf03bbe4807361a74c427a46ad329065f75e30/issue2569_theory/analysis_tensors/leg6/cas-pers-con-lr1e5-s42/L19_span_mean_factors.npz
issue2569_theory,issue2569_theory/analysis_tensors/leg6/cas-pers-con-lr1e5-s42/guard.json,1112,a5cf03bbe4807361a74c427a46ad329065f75e30,1081fe67f17442f52006e3747ff9c2ba0728aa7c,,https://huggingface.co/datasets/superkaiba1/explore-persona-space-data/blob/a5cf03bbe4807361a74c427a46ad329065f75e30/issue2569_theory/analysis_tensors/leg6/cas-pers-con-lr1e5-s42/guard.json,https://huggingface.co/datasets/superkaiba1/explore-persona-space-data/resolve/a5cf03bbe4807361a74c427a46ad329065f75e30/issue2569_theory/analysis_tensors/leg6/cas-pers-con-lr1e5-s42/guard.json
issue2569_theory,issue2569_theory/analysis_tensors/leg6/cas-pers-con-lr1e5-s42/operator_factors.pt,1839627,a5cf03bbe4807361a74c427a46ad329065f75e30,6b80b0659bb3210d096c555e202a3bd4aefb5d2f,08065712ccb74c39d4ade3889e6ab64b72c6f7ca81575d360ea55868973f7973,https://huggingface.co/datasets/superkaiba1/explore-persona-space-data/blob/a5cf03bbe4807361a74c427a46ad329065f75e30/issue2569_theory/analysis_tensors/leg6/cas-pers-con-lr1e5-s42/operator_factors.pt,https://huggingface.co/datasets/superkaiba1/explore-persona-space-data/resolve/a5cf03bbe4807361a74c427a46ad329065f75e30/issue2569_theory/analysis_tensors/leg6/cas-pers-con-lr1e5-s42/operator_factors.pt
issue2569_theory,issue2569_theory/analysis_tensors/leg6/cas-pers-po-lr1e5-s42/L19_last_ctx.json,9905,a5cf03bbe4807361a74c427a46ad329065f75e30,e02f74cdb1d9c4f74e7d42362ababf500299e825,,https://huggingface.co/datasets/superkaiba1/explore-persona-space-data/blob/a5cf03bbe4807361a74c427a46ad329065f75e30/issue2569_theory/analysis_tensors/leg6/cas-pers-po-lr1e5-s42/L19_last_ctx.json,https://huggingface.co/datasets/superkaiba1/explore-persona-space-data/resolve/a5cf03bbe4807361a74c427a46ad329065f75e30/issue2569_theory/analysis_tensors/leg6/cas-pers-po-lr1e5-s42/L19_last_ctx.json
issue2569_theory,issue2569_theory/analysis_tensors/leg6/cas-pers-po-lr1e5-s42/L19_last_ctx_factors.npz,1840744,a5cf03bbe4807361a74c427a46ad329065f75e30,564f89990fe9eb7c986ee9e5360dbd6c89cd1e8d,af665de350ec60df4e320849f0abfd19fe18344ba21f4567caa815b18e705bf6,https://huggingface.co/datasets/superkaiba1/explore-persona-space-data/blob/a5cf03bbe4807361a74c427a46ad329065f75e30/issue2569_theory/analysis_tensors/leg6/cas-pers-po-lr1e5-s42/L19_last_ctx_factors.npz,https://huggingface.co/datasets/superkaiba1/explore-persona-space-data/resolve/a5cf03bbe4807361a74c427a46ad329065f75e30/issue2569_theory/analysis_tensors/leg6/cas-pers-po-lr1e5-s42/L19_last_ctx_factors.npz
issue2569_theory,issue2569_theory/analysis_tensors/leg6/cas-pers-po-lr1e5-s42/L19_last_prompt.json,9885,a5cf03bbe4807361a74c427a46ad329065f75e30,8cf1c68cee5e3fe9cca9ba63e90072070153c0e5,,https://huggingface.co/datasets/superkaiba1/explore-persona-space-data/blob/a5cf03bbe4807361a74c427a46ad329065f75e30/issue2569_theory/analysis_tensors/leg6/cas-pers-po-lr1e5-s42/L19_last_prompt.json,https://huggingface.co/datasets/superkaiba1/explore-persona-space-data/resolve/a5cf03bbe4807361a74c427a46ad329065f75e30/issue2569_theory/analysis_tensors/leg6/cas-pers-po-lr1e5-s42/L19_last_prompt.json
issue2569_theory,issue2569_theory/analysis_tensors/leg6/cas-pers-po-lr1e5-s42/L19_last_prompt_factors.npz,1840768,a5cf03bbe4807361a74c427a46ad329065f75e30,6a511f0d6476be5f719a5c3611a1dc67f07112dd,3d3633097d91b406568b9a38439bd0c7c2a95af088254c5b05b5fa9b8fed6d58,https://huggingface.co/datasets/superkaiba1/explore-persona-space-data/blob/a5cf03bbe4807361a74c427a46ad329065f75e30/issue2569_theory/analysis_tensors/leg6/cas-pers-po-lr1e5-s42/L19_last_prompt_factors.npz,https://huggingface.co/datasets/superkaiba1/explore-persona-space-data/resolve/a5cf03bbe4807361a74c427a46ad329065f75e30/issue2569_theory/analysis_tensors/leg6/cas-pers-po-lr1e5-s42/L19_last_prompt_factors.npz
issue2569_theory,issue2569_theory/analysis_tensors/leg6/cas-pers-po-lr1e5-s42/L19_span_mean.json,9783,a5cf03bbe4807361a74c427a46ad329065f75e30,4244e317a919f63122f389f1daf93209fb6fa871,,https://huggingface.co/datasets/superkaiba1/explore-persona-space-data/blob/a5cf03bbe4807361a74c427a46ad329065f75e30/issue2569_theory/analysis_tensors/leg6/cas-pers-po-lr1e5-s42/L19_span_mean.json,https://huggingface.co/datasets/superkaiba1/explore-persona-space-data/resolve/a5cf03bbe4807361a74c427a46ad329065f75e30/issue2569_theory/analysis_tensors/leg6/cas-pers-po-lr1e5-s42/L19_span_mean.json
issue2569_theory,issue2569_theory/analysis_tensors/leg6/cas-pers-po-lr1e5-s42/L19_span_mean_factors.npz,1840764,a5cf03bbe4807361a74c427a46ad329065f75e30,4114e82ac3628d97dfc13d8e7238c043a28c02a6,320ab2db9a101593a5f4cc957d9648c8ee360ddf1494e03d8205b6ac6e8c32db,https://huggingface.co/datasets/superkaiba1/explore-persona-space-data/blob/a5cf03bbe4807361a74c427a46ad329065f75e30/issue2569_theory/analysis_tensors/leg6/cas-pers-po-lr1e5-s42/L19_span_mean_factors.npz,https://huggingface.co/datasets/superkaiba1/explore-persona-space-data/resolve/a5cf03bbe4807361a74c427a46ad329065f75e30/issue2569_theory/analysis_tensors/leg6/cas-pers-po-lr1e5-s42/L19_span_mean_factors.npz
issue2569_theory,issue2569_theory/analysis_tensors/leg6/cas-pers-po-lr1e5-s42/guard.json,1111,a5cf03bbe4807361a74c427a46ad329065f75e30,3ce9e0534ed0fee7088d84d242b34d49e89d2f9a,,https://huggingface.co/datasets/superkaiba1/explore-persona-space-data/blob/a5cf03bbe4807361a74c427a46ad329065f75e30/issue2569_theory/analysis_tensors/leg6/cas-pers-po-lr1e5-s42/guard.json,https://huggingface.co/datasets/superkaiba1/explore-persona-space-data/resolve/a5cf03bbe4807361a74c427a46ad329065f75e30/issue2569_theory/analysis_tensors/leg6/cas-pers-po-lr1e5-s42/guard.json
issue2569_theory,issue2569_theory/analysis_tensors/leg6/cas-pers-po-lr1e5-s42/operator_factors.pt,1839627,a5cf03bbe4807361a74c427a46ad329065f75e30,1e0d84409fac095db227b9f666df9424cd200570,036c2f7164bec8d9025dfa45756ccbddde5f597bbdbd2499804d63a87cc42392,https://huggingface.co/datasets/superkaiba1/explore-persona-space-data/blob/a5cf03bbe4807361a74c427a46ad329065f75e30/issue2569_theory/analysis_tensors/leg6/cas-pers-po-lr1e5-s42/operator_factors.pt,https://huggingface.co/datasets/superkaiba1/explore-persona-space-data/resolve/a5cf03bbe4807361a74c427a46ad329065f75e30/issue2569_theory/analysis_tensors/leg6/cas-pers-po-lr1e5-s42/operator_factors.pt
issue2569_theory,issue2569_theory/analysis_tensors/leg6/imp-pers-con-lr3e5-s137/L19_last_ctx.json,9851,a5cf03bbe4807361a74c427a46ad329065f75e30,540c7064c0f7f13397d14d2f3868d1236bfcc0d0,,https://huggingface.co/datasets/superkaiba1/explore-persona-space-data/blob/a5cf03bbe4807361a74c427a46ad329065f75e30/issue2569_theory/analysis_tensors/leg6/imp-pers-con-lr3e5-s137/L19_last_ctx.json,https://huggingface.co/datasets/superkaiba1/explore-persona-space-data/resolve/a5cf03bbe4807361a74c427a46ad329065f75e30/issue2569_theory/analysis_tensors/leg6/imp-pers-con-lr3e5-s137/L19_last_ctx.json
issue2569_theory,issue2569_theory/analysis_tensors/leg6/imp-pers-con-lr3e5-s137/L19_last_ctx_factors.npz,1840752,a5cf03bbe4807361a74c427a46ad329065f75e30,6c2ba43cec1a71d47310d878e38eb295e20ae9a8,872560db6dbd5f76cb2b1a68d71293ae32812c43de7c7150d7643e882c7b03fe,https://huggingface.co/datasets/superkaiba1/explore-persona-space-data/blob/a5cf03bbe4807361a74c427a46ad329065f75e30/issue2569_theory/analysis_tensors/leg6/imp-pers-con-lr3e5-s137/L19_last_ctx_factors.npz,https://huggingface.co/datasets/superkaiba1/explore-persona-space-data/resolve/a5cf03bbe4807361a74c427a46ad329065f75e30/issue2569_theory/analysis_tensors/leg6/imp-pers-con-lr3e5-s137/L19_last_ctx_factors.npz
issue2569_theory,issue2569_theory/analysis_tensors/leg6/imp-pers-con-lr3e5-s137/L19_last_prompt.json,9867,a5cf03bbe4807361a74c427a46ad329065f75e30,51b3d12ae0a2ef42629a51d3ad6e2c8e72de3290,,https://huggingface.co/datasets/superkaiba1/explore-persona-space-data/blob/a5cf03bbe4807361a74c427a46ad329065f75e30/issue2569_theory/analysis_tensors/leg6/imp-pers-con-lr3e5-s137/L19_last_prompt.json,https://huggingface.co/datasets/superkaiba1/explore-persona-space-data/resolve/a5cf03bbe4807361a74c427a46ad329065f75e30/issue2569_theory/analysis_tensors/leg6/imp-pers-con-lr3e5-s137/L19_last_prompt.json
issue2569_theory,issue2569_theory/analysis_tensors/leg6/imp-pers-con-lr3e5-s137/L19_last_prompt_factors.npz,1840776,a5cf03bbe4807361a74c427a46ad329065f75e30,eafc6f7ecbe5af55e43c6a5302d66a171cb58836,10b8fc0ecac0c64058f8e3e7f001c0f5a5ae062a13e02290ffec6cada89e5409,https://huggingface.co/datasets/superkaiba1/explore-persona-space-data/blob/a5cf03bbe4807361a74c427a46ad329065f75e30/issue2569_theory/analysis_tensors/leg6/imp-pers-con-lr3e5-s137/L19_last_prompt_factors.npz,https://huggingface.co/datasets/superkaiba1/explore-persona-space-data/resolve/a5cf03bbe4807361a74c427a46ad329065f75e30/issue2569_theory/analysis_tensors/leg6/imp-pers-con-lr3e5-s137/L19_last_prompt_factors.npz
issue2569_theory,issue2569_theory/analysis_tensors/leg6/imp-pers-con-lr3e5-s137/L19_span_mean.json,9761,a5cf03bbe4807361a74c427a46ad329065f75e30,3631ea2d12081730477508626b8c5a7009e6df78,,https://huggingface.co/datasets/superkaiba1/explore-persona-space-data/blob/a5cf03bbe4807361a74c427a46ad329065f75e30/issue2569_theory/analysis_tensors/leg6/imp-pers-con-lr3e5-s137/L19_span_mean.json,https://huggingface.co/datasets/superkaiba1/explore-persona-space-data/resolve/a5cf03bbe4807361a74c427a46ad329065f75e30/issue2569_theory/analysis_tensors/leg6/imp-pers-con-lr3e5-s137/L19_span_mean.json
issue2569_theory,issue2569_theory/analysis_tensors/leg6/imp-pers-con-lr3e5-s137/L19_span_mean_factors.npz,1840772,a5cf03bbe4807361a74c427a46ad329065f75e30,92c21a35010deb3bee5d7c665aef99e53baa6eb2,f08bb4d8294ea2f0baf4c91ff77a6f2e28cfd2b2248ef5bc22071bb31906f700,https://huggingface.co/datasets/superkaiba1/explore-persona-space-data/blob/a5cf03bbe4807361a74c427a46ad329065f75e30/issue2569_theory/analysis_tensors/leg6/imp-pers-con-lr3e5-s137/L19_span_mean_factors.npz,https://huggingface.co/datasets/superkaiba1/explore-persona-space-data/resolve/a5cf03bbe4807361a74c427a46ad329065f75e30/issue2569_theory/analysis_tensors/leg6/imp-pers-con-lr3e5-s137/L19_span_mean_factors.npz
issue2569_theory,issue2569_theory/analysis_tensors/leg6/imp-pers-con-lr3e5-s137/guard.json,1122,a5cf03bbe4807361a74c427a46ad329065f75e30,9914aacff64a1e23622ca2a13ac267ecefb8b8d0,,https://huggingface.co/datasets/superkaiba1/explore-persona-space-data/blob/a5cf03bbe4807361a74c427a46ad329065f75e30/issue2569_theory/analysis_tensors/leg6/imp-pers-con-lr3e5-s137/guard.json,https://huggingface.co/datasets/superkaiba1/explore-persona-space-data/resolve/a5cf03bbe4807361a74c427a46ad329065f75e30/issue2569_theory/analysis_tensors/leg6/imp-pers-con-lr3e5-s137/guard.json
issue2569_theory,issue2569_theory/analysis_tensors/leg6/imp-pers-con-lr3e5-s137/operator_factors.pt,1839627,a5cf03bbe4807361a74c427a46ad329065f75e30,7020d5ac22f86591ce755a00159fbd254b1a6896,b2777d736ddaa9e1459e017366c589d154ac23647920431ce3bcff6d7d26e466,https://huggingface.co/datasets/superkaiba1/explore-persona-space-data/blob/a5cf03bbe4807361a74c427a46ad329065f75e30/issue2569_theory/analysis_tensors/leg6/imp-pers-con-lr3e5-s137/operator_factors.pt,https://huggingface.co/datasets/superkaiba1/explore-persona-space-data/resolve/a5cf03bbe4807361a74c427a46ad329065f75e30/issue2569_theory/analysis_tensors/leg6/imp-pers-con-lr3e5-s137/operator_factors.pt
issue2569_theory,issue2569_theory/analysis_tensors/leg6/imp-pers-con-lr3e5-s42/L19_last_ctx.json,9870,a5cf03bbe4807361a74c427a46ad329065f75e30,0289b3c3b97980e71b8bbbc93a7fa70af1b626a6,,https://huggingface.co/datasets/superkaiba1/explore-persona-space-data/blob/a5cf03bbe4807361a74c427a46ad329065f75e30/issue2569_theory/analysis_tensors/leg6/imp-pers-con-lr3e5-s42/L19_last_ctx.json,https://huggingface.co/datasets/superkaiba1/explore-persona-space-data/resolve/a5cf03bbe4807361a74c427a46ad329065f75e30/issue2569_theory/analysis_tensors/leg6/imp-pers-con-lr3e5-s42/L19_last_ctx.json
issue2569_theory,issue2569_theory/analysis_tensors/leg6/imp-pers-con-lr3e5-s42/L19_last_ctx_factors.npz,1840748,a5cf03bbe4807361a74c427a46ad329065f75e30,9669e2716a8a3c7909168f4d4fcd7a252e3a3073,56df42d3e30ab915f7111f5b5eaa18f5dbcf048ccba5284c4571846df43952ce,https://huggingface.co/datasets/superkaiba1/explore-persona-space-data/blob/a5cf03bbe4807361a74c427a46ad329065f75e30/issue2569_theory/analysis_tensors/leg6/imp-pers-con-lr3e5-s42/L19_last_ctx_factors.npz,https://huggingface.co/datasets/superkaiba1/explore-persona-space-data/resolve/a5cf03bbe4807361a74c427a46ad329065f75e30/issue2569_theory/analysis_tensors/leg6/imp-pers-con-lr3e5-s42/L19_last_ctx_factors.npz
issue2569_theory,issue2569_theory/analysis_tensors/leg6/imp-pers-con-lr3e5-s42/L19_last_prompt.json,9862,a5cf03bbe4807361a74c427a46ad329065f75e30,e8c9a8962202a8e9042b24b178e9b93f00c3fa35,,https://huggingface.co/datasets/superkaiba1/explore-persona-space-data/blob/a5cf03bbe4807361a74c427a46ad329065f75e30/issue2569_theory/analysis_tensors/leg6/imp-pers-con-lr3e5-s42/L19_last_prompt.json,https://huggingface.co/datasets/superkaiba1/explore-persona-space-data/resolve/a5cf03bbe4807361a74c427a46ad329065f75e30/issue2569_theory/analysis_tensors/leg6/imp-pers-con-lr3e5-s42/L19_last_prompt.json
issue2569_theory,issue2569_theory/analysis_tensors/leg6/imp-pers-con-lr3e5-s42/L19_last_prompt_factors.npz,1840772,a5cf03bbe4807361a74c427a46ad329065f75e30,2736653891d18550047fab3470462affcf4f6c44,81161dda07a24d47beae8883ce482df5da524c7a72ef851f11eb2807753c4cd3,https://huggingface.co/datasets/superkaiba1/explore-persona-space-data/blob/a5cf03bbe4807361a74c427a46ad329065f75e30/issue2569_theory/analysis_tensors/leg6/imp-pers-con-lr3e5-s42/L19_last_prompt_factors.npz,https://huggingface.co/datasets/superkaiba1/explore-persona-space-data/resolve/a5cf03bbe4807361a74c427a46ad329065f75e30/issue2569_theory/analysis_tensors/leg6/imp-pers-con-lr3e5-s42/L19_last_prompt_factors.npz
issue2569_theory,issue2569_theory/analysis_tensors/leg6/imp-pers-con-lr3e5-s42/L19_span_mean.json,9766,a5cf03bbe4807361a74c427a46ad329065f75e30,c88f9b3575f2e3aae9df7b6b8924c81e13dca993,,https://huggingface.co/datasets/superkaiba1/explore-persona-space-data/blob/a5cf03bbe4807361a74c427a46ad329065f75e30/issue2569_theory/analysis_tensors/leg6/imp-pers-con-lr3e5-s42/L19_span_mean.json,https://huggingface.co/datasets/superkaiba1/explore-persona-space-data/resolve/a5cf03bbe4807361a74c427a46ad329065f75e30/issue2569_theory/analysis_tensors/leg6/imp-pers-con-lr3e5-s42/L19_span_mean.json
issue2569_theory,issue2569_theory/analysis_tensors/leg6/imp-pers-con-lr3e5-s42/L19_span_mean_factors.npz,1840768,a5cf03bbe4807361a74c427a46ad329065f75e30,fe1b6b8d1f3bb89ca5787db81244bd9a4e5f7af0,faa041d6904b55545b6334a37b3f015cfc3c87906d50a483ce5191ff5387acad,https://huggingface.co/datasets/superkaiba1/explore-persona-space-data/blob/a5cf03bbe4807361a74c427a46ad329065f75e30/issue2569_theory/analysis_tensors/leg6/imp-pers-con-lr3e5-s42/L19_span_mean_factors.npz,https://huggingface.co/datasets/superkaiba1/explore-persona-space-data/resolve/a5cf03bbe4807361a74c427a46ad329065f75e30/issue2569_theory/analysis_tensors/leg6/imp-pers-con-lr3e5-s42/L19_span_mean_factors.npz
issue2569_theory,issue2569_theory/analysis_tensors/leg6/imp-pers-con-lr3e5-s42/guard.json,1120,a5cf03bbe4807361a74c427a46ad329065f75e30,45ae2c516a3e986bebe1455fa4dcc35830b31560,,https://huggingface.co/datasets/superkaiba1/explore-persona-space-data/blob/a5cf03bbe4807361a74c427a46ad329065f75e30/issue2569_theory/analysis_tensors/leg6/imp-pers-con-lr3e5-s42/guard.json,https://huggingface.co/datasets/superkaiba1/explore-persona-space-data/resolve/a5cf03bbe4807361a74c427a46ad329065f75e30/issue2569_theory/analysis_tensors/leg6/imp-pers-con-lr3e5-s42/guard.json
issue2569_theory,issue2569_theory/analysis_tensors/leg6/imp-pers-con-lr3e5-s42/operator_factors.pt,1839627,a5cf03bbe4807361a74c427a46ad329065f75e30,68a16989e6e678c3191e80bad39a6fa7926602ec,c8bcf739197da90bc706dc8af2cae9568fb6848d8c30bf203a29c6f1311bc811,https://huggingface.co/datasets/superkaiba1/explore-persona-space-data/blob/a5cf03bbe4807361a74c427a46ad329065f75e30/issue2569_theory/analysis_tensors/leg6/imp-pers-con-lr3e5-s42/operator_factors.pt,https://huggingface.co/datasets/superkaiba1/explore-persona-space-data/resolve/a5cf03bbe4807361a74c427a46ad329065f75e30/issue2569_theory/analysis_tensors/leg6/imp-pers-con-lr3e5-s42/operator_factors.pt
issue2569_theory,issue2569_theory/analysis_tensors/leg6/imp-pers-po-lr1e5-s42/L19_last_ctx.json,9891,a5cf03bbe4807361a74c427a46ad329065f75e30,d241a483fcf18632f78e0cf556eac1269ac4a5de,,https://huggingface.co/datasets/superkaiba1/explore-persona-space-data/blob/a5cf03bbe4807361a74c427a46ad329065f75e30/issue2569_theory/analysis_tensors/leg6/imp-pers-po-lr1e5-s42/L19_last_ctx.json,https://huggingface.co/datasets/superkaiba1/explore-persona-space-data/resolve/a5cf03bbe4807361a74c427a46ad329065f75e30/issue2569_theory/analysis_tensors/leg6/imp-pers-po-lr1e5-s42/L19_last_ctx.json
issue2569_theory,issue2569_theory/analysis_tensors/leg6/imp-pers-po-lr1e5-s42/L19_last_ctx_factors.npz,1840744,a5cf03bbe4807361a74c427a46ad329065f75e30,495d67be35ff43bd9ef375e333e37f4642f878a5,76dc2dd6587ce25e1d958dce5a012736d62ff568fa8dd2c607fbb25f2ac25b5c,https://huggingface.co/datasets/superkaiba1/explore-persona-space-data/blob/a5cf03bbe4807361a74c427a46ad329065f75e30/issue2569_theory/analysis_tensors/leg6/imp-pers-po-lr1e5-s42/L19_last_ctx_factors.npz,https://huggingface.co/datasets/superkaiba1/explore-persona-space-data/resolve/a5cf03bbe4807361a74c427a46ad329065f75e30/issue2569_theory/analysis_tensors/leg6/imp-pers-po-lr1e5-s42/L19_last_ctx_factors.npz
issue2569_theory,issue2569_theory/analysis_tensors/leg6/imp-pers-po-lr1e5-s42/L19_last_prompt.json,9874,a5cf03bbe4807361a74c427a46ad329065f75e30,5dbfd2297fe10dfbf3a92eba175e2b3f17cab1ce,,https://huggingface.co/datasets/superkaiba1/explore-persona-space-data/blob/a5cf03bbe4807361a74c427a46ad329065f75e30/issue2569_theory/analysis_tensors/leg6/imp-pers-po-lr1e5-s42/L19_last_prompt.json,https://huggingface.co/datasets/superkaiba1/explore-persona-space-data/resolve/a5cf03bbe4807361a74c427a46ad329065f75e30/issue2569_theory/analysis_tensors/leg6/imp-pers-po-lr1e5-s42/L19_last_prompt.json
issue2569_theory,issue2569_theory/analysis_tensors/leg6/imp-pers-po-lr1e5-s42/L19_last_prompt_factors.npz,1840768,a5cf03bbe4807361a74c427a46ad329065f75e30,945802abb6c4ef48ad467a089c7beddbf5d677d5,cf584710cdd2c33e8d390c95fb5327899e462e041e2b02f94b399a3093ab8a30,https://huggingface.co/datasets/superkaiba1/explore-persona-space-data/blob/a5cf03bbe4807361a74c427a46ad329065f75e30/issue2569_theory/analysis_tensors/leg6/imp-pers-po-lr1e5-s42/L19_last_prompt_factors.npz,https://huggingface.co/datasets/superkaiba1/explore-persona-space-data/resolve/a5cf03bbe4807361a74c427a46ad329065f75e30/issue2569_theory/analysis_tensors/leg6/imp-pers-po-lr1e5-s42/L19_last_prompt_factors.npz
issue2569_theory,issue2569_theory/analysis_tensors/leg6/imp-pers-po-lr1e5-s42/L19_span_mean.json,9754,a5cf03bbe4807361a74c427a46ad329065f75e30,3972af681b8d5b663a4c43262f7c6b12ff2d23ed,,https://huggingface.co/datasets/superkaiba1/explore-persona-space-data/blob/a5cf03bbe4807361a74c427a46ad329065f75e30/issue2569_theory/analysis_tensors/leg6/imp-pers-po-lr1e5-s42/L19_span_mean.json,https://huggingface.co/datasets/superkaiba1/explore-persona-space-data/resolve/a5cf03bbe4807361a74c427a46ad329065f75e30/issue2569_theory/analysis_tensors/leg6/imp-pers-po-lr1e5-s42/L19_span_mean.json
issue2569_theory,issue2569_theory/analysis_tensors/leg6/imp-pers-po-lr1e5-s42/L19_span_mean_factors.npz,1840764,a5cf03bbe4807361a74c427a46ad329065f75e30,9acaae041cf119581768bb15ad2f93d8b4714c1e,7c3f6fdf1020d2f165cd9f636bb3b69346fcf7a050c0ed11e239bc75780762c3,https://huggingface.co/datasets/superkaiba1/explore-persona-space-data/blob/a5cf03bbe4807361a74c427a46ad329065f75e30/issue2569_theory/analysis_tensors/leg6/imp-pers-po-lr1e5-s42/L19_span_mean_factors.npz,https://huggingface.co/datasets/superkaiba1/explore-persona-space-data/resolve/a5cf03bbe4807361a74c427a46ad329065f75e30/issue2569_theory/analysis_tensors/leg6/imp-pers-po-lr1e5-s42/L19_span_mean_factors.npz
issue2569_theory,issue2569_theory/analysis_tensors/leg6/imp-pers-po-lr1e5-s42/guard.json,1121,a5cf03bbe4807361a74c427a46ad329065f75e30,f5eafbac00292c9f0d0763c1878440ddccde4e3f,,https://huggingface.co/datasets/superkaiba1/explore-persona-space-data/blob/a5cf03bbe4807361a74c427a46ad329065f75e30/issue2569_theory/analysis_tensors/leg6/imp-pers-po-lr1e5-s42/guard.json,https://huggingface.co/datasets/superkaiba1/explore-persona-space-data/resolve/a5cf03bbe4807361a74c427a46ad329065f75e30/issue2569_theory/analysis_tensors/leg6/imp-pers-po-lr1e5-s42/guard.json
issue2569_theory,issue2569_theory/analysis_tensors/leg6/imp-pers-po-lr1e5-s42/operator_factors.pt,1839627,a5cf03bbe4807361a74c427a46ad329065f75e30,71036353914b594d2bd7f10954ceb01b21bc3c22,0c94fec1b261f88be392ced4e372bbf7cb7ca94709160fae530eced7c9ab4d8a,https://huggingface.co/datasets/superkaiba1/explore-persona-space-data/blob/a5cf03bbe4807361a74c427a46ad329065f75e30/issue2569_theory/analysis_tensors/leg6/imp-pers-po-lr1e5-s42/operator_factors.pt,https://huggingface.co/datasets/superkaiba1/explore-persona-space-data/resolve/a5cf03bbe4807361a74c427a46ad329065f75e30/issue2569_theory/analysis_tensors/leg6/imp-pers-po-lr1e5-s42/operator_factors.pt
issue2569_theory,issue2569_theory/analysis_tensors/leg6/pooled/cas-bare-con-lr1e5-s42/L19_last_ctx.json,10026,a5cf03bbe4807361a74c427a46ad329065f75e30,3ebc5f2324811986879b08ea299f70a1a45341fe,,https://huggingface.co/datasets/superkaiba1/explore-persona-space-data/blob/a5cf03bbe4807361a74c427a46ad329065f75e30/issue2569_theory/analysis_tensors/leg6/pooled/cas-bare-con-lr1e5-s42/L19_last_ctx.json,https://huggingface.co/datasets/superkaiba1/explore-persona-space-data/resolve/a5cf03bbe4807361a74c427a46ad329065f75e30/issue2569_theory/analysis_tensors/leg6/pooled/cas-bare-con-lr1e5-s42/L19_last_ctx.json
issue2569_theory,issue2569_theory/analysis_tensors/leg6/pooled/cas-bare-con-lr1e5-s42/L19_last_ctx_factors.npz,1840744,a5cf03bbe4807361a74c427a46ad329065f75e30,605bb95d21e39e0d29abf4bd655311ca1cee5c31,b87a6baabc2b3cbc7dba95724c20849ec9f068da28b68146bb0383e5c6f33a68,https://huggingface.co/datasets/superkaiba1/explore-persona-space-data/blob/a5cf03bbe4807361a74c427a46ad329065f75e30/issue2569_theory/analysis_tensors/leg6/pooled/cas-bare-con-lr1e5-s42/L19_last_ctx_factors.npz,https://huggingface.co/datasets/superkaiba1/explore-persona-space-data/resolve/a5cf03bbe4807361a74c427a46ad329065f75e30/issue2569_theory/analysis_tensors/leg6/pooled/cas-bare-con-lr1e5-s42/L19_last_ctx_factors.npz
issue2569_theory,issue2569_theory/analysis_tensors/leg6/pooled/cas-bare-con-lr1e5-s42/L19_last_prompt.json,9955,a5cf03bbe4807361a74c427a46ad329065f75e30,ec3fe7f6a6a1c070140ea363a38765690dfb92ba,,https://huggingface.co/datasets/superkaiba1/explore-persona-space-data/blob/a5cf03bbe4807361a74c427a46ad329065f75e30/issue2569_theory/analysis_tensors/leg6/pooled/cas-bare-con-lr1e5-s42/L19_last_prompt.json,https://huggingface.co/datasets/superkaiba1/explore-persona-space-data/resolve/a5cf03bbe4807361a74c427a46ad329065f75e30/issue2569_theory/analysis_tensors/leg6/pooled/cas-bare-con-lr1e5-s42/L19_last_prompt.json
issue2569_theory,issue2569_theory/analysis_tensors/leg6/pooled/cas-bare-con-lr1e5-s42/L19_last_prompt_factors.npz,1840768,a5cf03bbe4807361a74c427a46ad329065f75e30,715be4ea4a30c02905435c79e08de957232c7f78,baadcb70d42614a090e3c419991e148234332d8c54a4be7a13ea02167ebffd11,https://huggingface.co/datasets/superkaiba1/explore-persona-space-data/blob/a5cf03bbe4807361a74c427a46ad329065f75e30/issue2569_theory/analysis_tensors/leg6/pooled/cas-bare-con-lr1e5-s42/L19_last_prompt_factors.npz,https://huggingface.co/datasets/superkaiba1/explore-persona-space-data/resolve/a5cf03bbe4807361a74c427a46ad329065f75e30/issue2569_theory/analysis_tensors/leg6/pooled/cas-bare-con-lr1e5-s42/L19_last_prompt_factors.npz
issue2569_theory,issue2569_theory/analysis_tensors/leg6/pooled/cas-bare-con-lr1e5-s42/L19_span_mean.json,9879,a5cf03bbe4807361a74c427a46ad329065f75e30,cfec4e2fc6fd659b5ff173ae6965fdccdb4af438,,https://huggingface.co/datasets/superkaiba1/explore-persona-space-data/blob/a5cf03bbe4807361a74c427a46ad329065f75e30/issue2569_theory/analysis_tensors/leg6/pooled/cas-bare-con-lr1e5-s42/L19_span_mean.json,https://huggingface.co/datasets/superkaiba1/explore-persona-space-data/resolve/a5cf03bbe4807361a74c427a46ad329065f75e30/issue2569_theory/analysis_tensors/leg6/pooled/cas-bare-con-lr1e5-s42/L19_span_mean.json
issue2569_theory,issue2569_theory/analysis_tensors/leg6/pooled/cas-bare-con-lr1e5-s42/L19_span_mean_factors.npz,1840764,a5cf03bbe4807361a74c427a46ad329065f75e30,4d1d6844037e8efe67125fec7f01567dad153606,deaad95756b33ed8f88543ad7918ff9829772400af7818f41b83c759af4bad45,https://huggingface.co/datasets/superkaiba1/explore-persona-space-data/blob/a5cf03bbe4807361a74c427a46ad329065f75e30/issue2569_theory/analysis_tensors/leg6/pooled/cas-bare-con-lr1e5-s42/L19_span_mean_factors.npz,https://huggingface.co/datasets/superkaiba1/explore-persona-space-data/resolve/a5cf03bbe4807361a74c427a46ad329065f75e30/issue2569_theory/analysis_tensors/leg6/pooled/cas-bare-con-lr1e5-s42/L19_span_mean_factors.npz
issue2569_theory,issue2569_theory/analysis_tensors/leg6/pooled/cas-pers-con-lr1e5-s42/L19_last_ctx.json,10046,a5cf03bbe4807361a74c427a46ad329065f75e30,2a388036d55f0cf1307af9d41bf6bfaaeb2ad373,,https://huggingface.co/datasets/superkaiba1/explore-persona-space-data/blob/a5cf03bbe4807361a74c427a46ad329065f75e30/issue2569_theory/analysis_tensors/leg6/pooled/cas-pers-con-lr1e5-s42/L19_last_ctx.json,https://huggingface.co/datasets/superkaiba1/explore-persona-space-data/resolve/a5cf03bbe4807361a74c427a46ad329065f75e30/issue2569_theory/analysis_tensors/leg6/pooled/cas-pers-con-lr1e5-s42/L19_last_ctx.json
issue2569_theory,issue2569_theory/analysis_tensors/leg6/pooled/cas-pers-con-lr1e5-s42/L19_last_ctx_factors.npz,1840744,a5cf03bbe4807361a74c427a46ad329065f75e30,1487bc0d0909f2e2fe51f32dbc97b07d9cc35d60,027256f01e8615a3dc911804c755ecebd0d2b5d81a832eb274be55f59d1072f9,https://huggingface.co/datasets/superkaiba1/explore-persona-space-data/blob/a5cf03bbe4807361a74c427a46ad329065f75e30/issue2569_theory/analysis_tensors/leg6/pooled/cas-pers-con-lr1e5-s42/L19_last_ctx_factors.npz,https://huggingface.co/datasets/superkaiba1/explore-persona-space-data/resolve/a5cf03bbe4807361a74c427a46ad329065f75e30/issue2569_theory/analysis_tensors/leg6/pooled/cas-pers-con-lr1e5-s42/L19_last_ctx_factors.npz
issue2569_theory,issue2569_theory/analysis_tensors/leg6/pooled/cas-pers-con-lr1e5-s42/L19_last_prompt.json,9987,a5cf03bbe4807361a74c427a46ad329065f75e30,91a48eafbed8ed93901fc9b8894c9e905bdeca09,,https://huggingface.co/datasets/superkaiba1/explore-persona-space-data/blob/a5cf03bbe4807361a74c427a46ad329065f75e30/issue2569_theory/analysis_tensors/leg6/pooled/cas-pers-con-lr1e5-s42/L19_last_prompt.json,https://huggingface.co/datasets/superkaiba1/explore-persona-space-data/resolve/a5cf03bbe4807361a74c427a46ad329065f75e30/issue2569_theory/analysis_tensors/leg6/pooled/cas-pers-con-lr1e5-s42/L19_last_prompt.json
issue2569_theory,issue2569_theory/analysis_tensors/leg6/pooled/cas-pers-con-lr1e5-s42/L19_last_prompt_factors.npz,1840768,a5cf03bbe4807361a74c427a46ad329065f75e30,26f3a50f6be2deb232d56c859d615993bc1214fa,0862501ee78b717749d892cf4961d32c10a43372880285e067c11e7c69a95d85,https://huggingface.co/datasets/superkaiba1/explore-persona-space-data/blob/a5cf03bbe4807361a74c427a46ad329065f75e30/issue2569_theory/analysis_tensors/leg6/pooled/cas-pers-con-lr1e5-s42/L19_last_prompt_factors.npz,https://huggingface.co/datasets/superkaiba1/explore-persona-space-data/resolve/a5cf03bbe4807361a74c427a46ad329065f75e30/issue2569_theory/analysis_tensors/leg6/pooled/cas-pers-con-lr1e5-s42/L19_last_prompt_factors.npz
issue2569_theory,issue2569_theory/analysis_tensors/leg6/pooled/cas-pers-con-lr1e5-s42/L19_span_mean.json,9923,a5cf03bbe4807361a74c427a46ad329065f75e30,5080ca39287b5070868dd234f86dfc8aa4a152e6,,https://huggingface.co/datasets/superkaiba1/explore-persona-space-data/blob/a5cf03bbe4807361a74c427a46ad329065f75e30/issue2569_theory/analysis_tensors/leg6/pooled/cas-pers-con-lr1e5-s42/L19_span_mean.json,https://huggingface.co/datasets/superkaiba1/explore-persona-space-data/resolve/a5cf03bbe4807361a74c427a46ad329065f75e30/issue2569_theory/analysis_tensors/leg6/pooled/cas-pers-con-lr1e5-s42/L19_span_mean.json
issue2569_theory,issue2569_theory/analysis_tensors/leg6/pooled/cas-pers-con-lr1e5-s42/L19_span_mean_factors.npz,1840764,a5cf03bbe4807361a74c427a46ad329065f75e30,3f6a1e29b5e46c7b93646d4c689b2e8542b9264f,cb8b82d0e91f6b5bee53fb81463d84a84f1b4c1dbdc9a18ae2dbc2f855ea84be,https://huggingface.co/datasets/superkaiba1/explore-persona-space-data/blob/a5cf03bbe4807361a74c427a46ad329065f75e30/issue2569_theory/analysis_tensors/leg6/pooled/cas-pers-con-lr1e5-s42/L19_span_mean_factors.npz,https://huggingface.co/datasets/superkaiba1/explore-persona-space-data/resolve/a5cf03bbe4807361a74c427a46ad329065f75e30/issue2569_theory/analysis_tensors/leg6/pooled/cas-pers-con-lr1e5-s42/L19_span_mean_factors.npz
issue2569_theory,issue2569_theory/analysis_tensors/leg6/pooled/cas-pers-po-lr1e5-s42/L19_last_ctx.json,10007,a5cf03bbe4807361a74c427a46ad329065f75e30,f47bdcd8eb310875bc9ac5e403bb8d9588493021,,https://huggingface.co/datasets/superkaiba1/explore-persona-space-data/blob/a5cf03bbe4807361a74c427a46ad329065f75e30/issue2569_theory/analysis_tensors/leg6/pooled/cas-pers-po-lr1e5-s42/L19_last_ctx.json,https://huggingface.co/datasets/superkaiba1/explore-persona-space-data/resolve/a5cf03bbe4807361a74c427a46ad329065f75e30/issue2569_theory/analysis_tensors/leg6/pooled/cas-pers-po-lr1e5-s42/L19_last_ctx.json
issue2569_theory,issue2569_theory/analysis_tensors/leg6/pooled/cas-pers-po-lr1e5-s42/L19_last_ctx_factors.npz,1840740,a5cf03bbe4807361a74c427a46ad329065f75e30,e7b170da9cc1371a20d5c556f53cc59774a1656e,6981a890793a0d0454e2024587a091649c6f1e2be2f47d7a2af823dfb4979933,https://huggingface.co/datasets/superkaiba1/explore-persona-space-data/blob/a5cf03bbe4807361a74c427a46ad329065f75e30/issue2569_theory/analysis_tensors/leg6/pooled/cas-pers-po-lr1e5-s42/L19_last_ctx_factors.npz,https://huggingface.co/datasets/superkaiba1/explore-persona-space-data/resolve/a5cf03bbe4807361a74c427a46ad329065f75e30/issue2569_theory/analysis_tensors/leg6/pooled/cas-pers-po-lr1e5-s42/L19_last_ctx_factors.npz
issue2569_theory,issue2569_theory/analysis_tensors/leg6/pooled/cas-pers-po-lr1e5-s42/L19_last_prompt.json,9956,a5cf03bbe4807361a74c427a46ad329065f75e30,34cd9075cf3041564d8b3c898e47a60c01bc07ed,,https://huggingface.co/datasets/superkaiba1/explore-persona-space-data/blob/a5cf03bbe4807361a74c427a46ad329065f75e30/issue2569_theory/analysis_tensors/leg6/pooled/cas-pers-po-lr1e5-s42/L19_last_prompt.json,https://huggingface.co/datasets/superkaiba1/explore-persona-space-data/resolve/a5cf03bbe4807361a74c427a46ad329065f75e30/issue2569_theory/analysis_tensors/leg6/pooled/cas-pers-po-lr1e5-s42/L19_last_prompt.json
issue2569_theory,issue2569_theory/analysis_tensors/leg6/pooled/cas-pers-po-lr1e5-s42/L19_last_prompt_factors.npz,1840764,a5cf03bbe4807361a74c427a46ad329065f75e30,9d8bea90d69c39125d006750c4a5053f06cd8cea,cd04d2950d8397a0c8c5d1be0dd8847556f99e0eee47ff788c91cf1a08b5f38d,https://huggingface.co/datasets/superkaiba1/explore-persona-space-data/blob/a5cf03bbe4807361a74c427a46ad329065f75e30/issue2569_theory/analysis_tensors/leg6/pooled/cas-pers-po-lr1e5-s42/L19_last_prompt_factors.npz,https://huggingface.co/datasets/superkaiba1/explore-persona-space-data/resolve/a5cf03bbe4807361a74c427a46ad329065f75e30/issue2569_theory/analysis_tensors/leg6/pooled/cas-pers-po-lr1e5-s42/L19_last_prompt_factors.npz
issue2569_theory,issue2569_theory/analysis_tensors/leg6/pooled/cas-pers-po-lr1e5-s42/L19_span_mean.json,9866,a5cf03bbe4807361a74c427a46ad329065f75e30,a97bf83654ca8c68dd7d65a8a90d19828b505885,,https://huggingface.co/datasets/superkaiba1/explore-persona-space-data/blob/a5cf03bbe4807361a74c427a46ad329065f75e30/issue2569_theory/analysis_tensors/leg6/pooled/cas-pers-po-lr1e5-s42/L19_span_mean.json,https://huggingface.co/datasets/superkaiba1/explore-persona-space-data/resolve/a5cf03bbe4807361a74c427a46ad329065f75e30/issue2569_theory/analysis_tensors/leg6/pooled/cas-pers-po-lr1e5-s42/L19_span_mean.json
issue2569_theory,issue2569_theory/analysis_tensors/leg6/pooled/cas-pers-po-lr1e5-s42/L19_span_mean_factors.npz,1840760,a5cf03bbe4807361a74c427a46ad329065f75e30,46b14864b9eb614e35ffc6d5b4d3ffc53458f508,c0e1bbc2c00be52caa57de7d9332b3e920128375bd16942d27413c9b048f6a54,https://huggingface.co/datasets/superkaiba1/explore-persona-space-data/blob/a5cf03bbe4807361a74c427a46ad329065f75e30/issue2569_theory/analysis_tensors/leg6/pooled/cas-pers-po-lr1e5-s42/L19_span_mean_factors.npz,https://huggingface.co/datasets/superkaiba1/explore-persona-space-data/resolve/a5cf03bbe4807361a74c427a46ad329065f75e30/issue2569_theory/analysis_tensors/leg6/pooled/cas-pers-po-lr1e5-s42/L19_span_mean_factors.npz
issue2569_theory,issue2569_theory/analysis_tensors/leg6/pooled/imp-pers-con-lr3e5-s137/L19_last_ctx.json,10025,a5cf03bbe4807361a74c427a46ad329065f75e30,08a33d1777bdfd8fb6e61445816668d4aa9ed4f0,,https://huggingface.co/datasets/superkaiba1/explore-persona-space-data/blob/a5cf03bbe4807361a74c427a46ad329065f75e30/issue2569_theory/analysis_tensors/leg6/pooled/imp-pers-con-lr3e5-s137/L19_last_ctx.json,https://huggingface.co/datasets/superkaiba1/explore-persona-space-data/resolve/a5cf03bbe4807361a74c427a46ad329065f75e30/issue2569_theory/analysis_tensors/leg6/pooled/imp-pers-con-lr3e5-s137/L19_last_ctx.json
issue2569_theory,issue2569_theory/analysis_tensors/leg6/pooled/imp-pers-con-lr3e5-s137/L19_last_ctx_factors.npz,1840748,a5cf03bbe4807361a74c427a46ad329065f75e30,d4f0d040fcb1129803bc874515d370e10ba4dc34,a3313e943ae8049e6934c149830f68f898ace61ffda1462dc7f2a3e518378688,https://huggingface.co/datasets/superkaiba1/explore-persona-space-data/blob/a5cf03bbe4807361a74c427a46ad329065f75e30/issue2569_theory/analysis_tensors/leg6/pooled/imp-pers-con-lr3e5-s137/L19_last_ctx_factors.npz,https://huggingface.co/datasets/superkaiba1/explore-persona-space-data/resolve/a5cf03bbe4807361a74c427a46ad329065f75e30/issue2569_theory/analysis_tensors/leg6/pooled/imp-pers-con-lr3e5-s137/L19_last_ctx_factors.npz
issue2569_theory,issue2569_theory/analysis_tensors/leg6/pooled/imp-pers-con-lr3e5-s137/L19_last_prompt.json,10050,a5cf03bbe4807361a74c427a46ad329065f75e30,d2866531a4131a6b90de801810adabdb136a426b,,https://huggingface.co/datasets/superkaiba1/explore-persona-space-data/blob/a5cf03bbe4807361a74c427a46ad329065f75e30/issue2569_theory/analysis_tensors/leg6/pooled/imp-pers-con-lr3e5-s137/L19_last_prompt.json,https://huggingface.co/datasets/superkaiba1/explore-persona-space-data/resolve/a5cf03bbe4807361a74c427a46ad329065f75e30/issue2569_theory/analysis_tensors/leg6/pooled/imp-pers-con-lr3e5-s137/L19_last_prompt.json
issue2569_theory,issue2569_theory/analysis_tensors/leg6/pooled/imp-pers-con-lr3e5-s137/L19_last_prompt_factors.npz,1840772,a5cf03bbe4807361a74c427a46ad329065f75e30,e3495963ef7aa8fe4b31a0510f4d3da40c0ff5f7,1596a146fd8eb09cd6f29eed906c401e27ff2a2e558183914d4dfd832825ecd1,https://huggingface.co/datasets/superkaiba1/explore-persona-space-data/blob/a5cf03bbe4807361a74c427a46ad329065f75e30/issue2569_theory/analysis_tensors/leg6/pooled/imp-pers-con-lr3e5-s137/L19_last_prompt_factors.npz,https://huggingface.co/datasets/superkaiba1/explore-persona-space-data/resolve/a5cf03bbe4807361a74c427a46ad329065f75e30/issue2569_theory/analysis_tensors/leg6/pooled/imp-pers-con-lr3e5-s137/L19_last_prompt_factors.npz
issue2569_theory,issue2569_theory/analysis_tensors/leg6/pooled/imp-pers-con-lr3e5-s137/L19_span_mean.json,9940,a5cf03bbe4807361a74c427a46ad329065f75e30,b262d3873e5d888857d5aa511db0b4db1b38d02c,,https://huggingface.co/datasets/superkaiba1/explore-persona-space-data/blob/a5cf03bbe4807361a74c427a46ad329065f75e30/issue2569_theory/analysis_tensors/leg6/pooled/imp-pers-con-lr3e5-s137/L19_span_mean.json,https://huggingface.co/datasets/superkaiba1/explore-persona-space-data/resolve/a5cf03bbe4807361a74c427a46ad329065f75e30/issue2569_theory/analysis_tensors/leg6/pooled/imp-pers-con-lr3e5-s137/L19_span_mean.json
issue2569_theory,issue2569_theory/analysis_tensors/leg6/pooled/imp-pers-con-lr3e5-s137/L19_span_mean_factors.npz,1840768,a5cf03bbe4807361a74c427a46ad329065f75e30,aab21ab606ebd4827a98ec7c780dc0d2f20b2f7b,df11cad62c66d1414715e45a2ce4dccbb21528e9d010f16575bffb1e8864481d,https://huggingface.co/datasets/superkaiba1/explore-persona-space-data/blob/a5cf03bbe4807361a74c427a46ad329065f75e30/issue2569_theory/analysis_tensors/leg6/pooled/imp-pers-con-lr3e5-s137/L19_span_mean_factors.npz,https://huggingface.co/datasets/superkaiba1/explore-persona-space-data/resolve/a5cf03bbe4807361a74c427a46ad329065f75e30/issue2569_theory/analysis_tensors/leg6/pooled/imp-pers-con-lr3e5-s137/L19_span_mean_factors.npz
issue2569_theory,issue2569_theory/analysis_tensors/leg6/pooled/imp-pers-con-lr3e5-s42/L19_last_ctx.json,10026,a5cf03bbe4807361a74c427a46ad329065f75e30,0c8d2eeadfeaddce3db13e4567057339c6c53b84,,https://huggingface.co/datasets/superkaiba1/explore-persona-space-data/blob/a5cf03bbe4807361a74c427a46ad329065f75e30/issue2569_theory/analysis_tensors/leg6/pooled/imp-pers-con-lr3e5-s42/L19_last_ctx.json,https://huggingface.co/datasets/superkaiba1/explore-persona-space-data/resolve/a5cf03bbe4807361a74c427a46ad329065f75e30/issue2569_theory/analysis_tensors/leg6/pooled/imp-pers-con-lr3e5-s42/L19_last_ctx.json
issue2569_theory,issue2569_theory/analysis_tensors/leg6/pooled/imp-pers-con-lr3e5-s42/L19_last_ctx_factors.npz,1840744,a5cf03bbe4807361a74c427a46ad329065f75e30,1141e21792a9907f5d44f67337a2ad1aa6f2919b,45814314137eeeac5194c08ff292d9096c7b3e3109131d948263fd3ec7e44c8f,https://huggingface.co/datasets/superkaiba1/explore-persona-space-data/blob/a5cf03bbe4807361a74c427a46ad329065f75e30/issue2569_theory/analysis_tensors/leg6/pooled/imp-pers-con-lr3e5-s42/L19_last_ctx_factors.npz,https://huggingface.co/datasets/superkaiba1/explore-persona-space-data/resolve/a5cf03bbe4807361a74c427a46ad329065f75e30/issue2569_theory/analysis_tensors/leg6/pooled/imp-pers-con-lr3e5-s42/L19_last_ctx_factors.npz
issue2569_theory,issue2569_theory/analysis_tensors/leg6/pooled/imp-pers-con-lr3e5-s42/L19_last_prompt.json,10015,a5cf03bbe4807361a74c427a46ad329065f75e30,cae9bf87cc8b616c8fb0413105db843e388c5a0d,,https://huggingface.co/datasets/superkaiba1/explore-persona-space-data/blob/a5cf03bbe4807361a74c427a46ad329065f75e30/issue2569_theory/analysis_tensors/leg6/pooled/imp-pers-con-lr3e5-s42/L19_last_prompt.json,https://huggingface.co/datasets/superkaiba1/explore-persona-space-data/resolve/a5cf03bbe4807361a74c427a46ad329065f75e30/issue2569_theory/analysis_tensors/leg6/pooled/imp-pers-con-lr3e5-s42/L19_last_prompt.json
issue2569_theory,issue2569_theory/analysis_tensors/leg6/pooled/imp-pers-con-lr3e5-s42/L19_last_prompt_factors.npz,1840768,a5cf03bbe4807361a74c427a46ad329065f75e30,e5b736eecf93665be0d2d649e340d5e65ce60858,6306fbbf246ea50bd460515e52c92607a98f77bf254be34119d2950b651176c9,https://huggingface.co/datasets/superkaiba1/explore-persona-space-data/blob/a5cf03bbe4807361a74c427a46ad329065f75e30/issue2569_theory/analysis_tensors/leg6/pooled/imp-pers-con-lr3e5-s42/L19_last_prompt_factors.npz,https://huggingface.co/datasets/superkaiba1/explore-persona-space-data/resolve/a5cf03bbe4807361a74c427a46ad329065f75e30/issue2569_theory/analysis_tensors/leg6/pooled/imp-pers-con-lr3e5-s42/L19_last_prompt_factors.npz
issue2569_theory,issue2569_theory/analysis_tensors/leg6/pooled/imp-pers-con-lr3e5-s42/L19_span_mean.json,9945,a5cf03bbe4807361a74c427a46ad329065f75e30,02534f43c81dace459533c79192b6100f74f59c6,,https://huggingface.co/datasets/superkaiba1/explore-persona-space-data/blob/a5cf03bbe4807361a74c427a46ad329065f75e30/issue2569_theory/analysis_tensors/leg6/pooled/imp-pers-con-lr3e5-s42/L19_span_mean.json,https://huggingface.co/datasets/superkaiba1/explore-persona-space-data/resolve/a5cf03bbe4807361a74c427a46ad329065f75e30/issue2569_theory/analysis_tensors/leg6/pooled/imp-pers-con-lr3e5-s42/L19_span_mean.json
issue2569_theory,issue2569_theory/analysis_tensors/leg6/pooled/imp-pers-con-lr3e5-s42/L19_span_mean_factors.npz,1840764,a5cf03bbe4807361a74c427a46ad329065f75e30,f85e3cc4dd71b318cd0fec5d0106c9e309f505f1,882271c546c6af81074e110b11949c90e59fb0d767404a1e5e3c764f6f526cf3,https://huggingface.co/datasets/superkaiba1/explore-persona-space-data/blob/a5cf03bbe4807361a74c427a46ad329065f75e30/issue2569_theory/analysis_tensors/leg6/pooled/imp-pers-con-lr3e5-s42/L19_span_mean_factors.npz,https://huggingface.co/datasets/superkaiba1/explore-persona-space-data/resolve/a5cf03bbe4807361a74c427a46ad329065f75e30/issue2569_theory/analysis_tensors/leg6/pooled/imp-pers-con-lr3e5-s42/L19_span_mean_factors.npz
issue2569_theory,issue2569_theory/analysis_tensors/leg6/pooled/imp-pers-po-lr1e5-s42/L19_last_ctx.json,9975,a5cf03bbe4807361a74c427a46ad329065f75e30,60d567dc2077fbac2b2af65349dd57352959d062,,https://huggingface.co/datasets/superkaiba1/explore-persona-space-data/blob/a5cf03bbe4807361a74c427a46ad329065f75e30/issue2569_theory/analysis_tensors/leg6/pooled/imp-pers-po-lr1e5-s42/L19_last_ctx.json,https://huggingface.co/datasets/superkaiba1/explore-persona-space-data/resolve/a5cf03bbe4807361a74c427a46ad329065f75e30/issue2569_theory/analysis_tensors/leg6/pooled/imp-pers-po-lr1e5-s42/L19_last_ctx.json
issue2569_theory,issue2569_theory/analysis_tensors/leg6/pooled/imp-pers-po-lr1e5-s42/L19_last_ctx_factors.npz,1840740,a5cf03bbe4807361a74c427a46ad329065f75e30,0cc9660fedbf33ea148517add44fab29633f8022,6c710921d75b034732340a9e151785743b1b15de51fa9a713e8e5e4213b67546,https://huggingface.co/datasets/superkaiba1/explore-persona-space-data/blob/a5cf03bbe4807361a74c427a46ad329065f75e30/issue2569_theory/analysis_tensors/leg6/pooled/imp-pers-po-lr1e5-s42/L19_last_ctx_factors.npz,https://huggingface.co/datasets/superkaiba1/explore-persona-space-data/resolve/a5cf03bbe4807361a74c427a46ad329065f75e30/issue2569_theory/analysis_tensors/leg6/pooled/imp-pers-po-lr1e5-s42/L19_last_ctx_factors.npz
issue2569_theory,issue2569_theory/analysis_tensors/leg6/pooled/imp-pers-po-lr1e5-s42/L19_last_prompt.json,9940,a5cf03bbe4807361a74c427a46ad329065f75e30,37d3db75e18f04c5598a46ad921530a6df3cec49,,https://huggingface.co/datasets/superkaiba1/explore-persona-space-data/blob/a5cf03bbe4807361a74c427a46ad329065f75e30/issue2569_theory/analysis_tensors/leg6/pooled/imp-pers-po-lr1e5-s42/L19_last_prompt.json,https://huggingface.co/datasets/superkaiba1/explore-persona-space-data/resolve/a5cf03bbe4807361a74c427a46ad329065f75e30/issue2569_theory/analysis_tensors/leg6/pooled/imp-pers-po-lr1e5-s42/L19_last_prompt.json
issue2569_theory,issue2569_theory/analysis_tensors/leg6/pooled/imp-pers-po-lr1e5-s42/L19_last_prompt_factors.npz,1840764,a5cf03bbe4807361a74c427a46ad329065f75e30,bd0e47ceadedeedcc2516c3ce92084787da16615,389cf5909f2fc82f003f5dfa2bbc4a546160020a8f532724c494361ad693c1ff,https://huggingface.co/datasets/superkaiba1/explore-persona-space-data/blob/a5cf03bbe4807361a74c427a46ad329065f75e30/issue2569_theory/analysis_tensors/leg6/pooled/imp-pers-po-lr1e5-s42/L19_last_prompt_factors.npz,https://huggingface.co/datasets/superkaiba1/explore-persona-space-data/resolve/a5cf03bbe4807361a74c427a46ad329065f75e30/issue2569_theory/analysis_tensors/leg6/pooled/imp-pers-po-lr1e5-s42/L19_last_prompt_factors.npz
issue2569_theory,issue2569_theory/analysis_tensors/leg6/pooled/imp-pers-po-lr1e5-s42/L19_span_mean.json,9864,a5cf03bbe4807361a74c427a46ad329065f75e30,52286a850e332c66b99c511953c8169ecaf50fc3,,https://huggingface.co/datasets/superkaiba1/explore-persona-space-data/blob/a5cf03bbe4807361a74c427a46ad329065f75e30/issue2569_theory/analysis_tensors/leg6/pooled/imp-pers-po-lr1e5-s42/L19_span_mean.json,https://huggingface.co/datasets/superkaiba1/explore-persona-space-data/resolve/a5cf03bbe4807361a74c427a46ad329065f75e30/issue2569_theory/analysis_tensors/leg6/pooled/imp-pers-po-lr1e5-s42/L19_span_mean.json
issue2569_theory,issue2569_theory/analysis_tensors/leg6/pooled/imp-pers-po-lr1e5-s42/L19_span_mean_factors.npz,1840760,a5cf03bbe4807361a74c427a46ad329065f75e30,893b0deef188409968e6a38e0ac05d35767374e6,e867f95385379ee9ea3378807de07521b94d3767336cfa151bab5cdaf7f23076,https://huggingface.co/datasets/superkaiba1/explore-persona-space-data/blob/a5cf03bbe4807361a74c427a46ad329065f75e30/issue2569_theory/analysis_tensors/leg6/pooled/imp-pers-po-lr1e5-s42/L19_span_mean_factors.npz,https://huggingface.co/datasets/superkaiba1/explore-persona-space-data/resolve/a5cf03bbe4807361a74c427a46ad329065f75e30/issue2569_theory/analysis_tensors/leg6/pooled/imp-pers-po-lr1e5-s42/L19_span_mean_factors.npz
issue2569_theory,issue2569_theory/analysis_tensors/leg6/pooled/syc-bare-con-lr1e5-s42/L19_last_ctx.json,10161,a5cf03bbe4807361a74c427a46ad329065f75e30,d88d06f14ca805b1030a5bd281f40d30b14c0b35,,https://huggingface.co/datasets/superkaiba1/explore-persona-space-data/blob/a5cf03bbe4807361a74c427a46ad329065f75e30/issue2569_theory/analysis_tensors/leg6/pooled/syc-bare-con-lr1e5-s42/L19_last_ctx.json,https://huggingface.co/datasets/superkaiba1/explore-persona-space-data/resolve/a5cf03bbe4807361a74c427a46ad329065f75e30/issue2569_theory/analysis_tensors/leg6/pooled/syc-bare-con-lr1e5-s42/L19_last_ctx.json
issue2569_theory,issue2569_theory/analysis_tensors/leg6/pooled/syc-bare-con-lr1e5-s42/L19_last_ctx_factors.npz,1840744,a5cf03bbe4807361a74c427a46ad329065f75e30,ef1afc224b636ff2ffb626afeee2ab802da0fa49,04b7e5fdbd4ea04727150ded8c6892b518f83d05fba4468ccadae725db82eedb,https://huggingface.co/datasets/superkaiba1/explore-persona-space-data/blob/a5cf03bbe4807361a74c427a46ad329065f75e30/issue2569_theory/analysis_tensors/leg6/pooled/syc-bare-con-lr1e5-s42/L19_last_ctx_factors.npz,https://huggingface.co/datasets/superkaiba1/explore-persona-space-data/resolve/a5cf03bbe4807361a74c427a46ad329065f75e30/issue2569_theory/analysis_tensors/leg6/pooled/syc-bare-con-lr1e5-s42/L19_last_ctx_factors.npz
issue2569_theory,issue2569_theory/analysis_tensors/leg6/pooled/syc-bare-con-lr1e5-s42/L19_last_prompt.json,10135,a5cf03bbe4807361a74c427a46ad329065f75e30,dcf29a38b0c5be854a4fc1030fe3aec2e42d75b7,,https://huggingface.co/datasets/superkaiba1/explore-persona-space-data/blob/a5cf03bbe4807361a74c427a46ad329065f75e30/issue2569_theory/analysis_tensors/leg6/pooled/syc-bare-con-lr1e5-s42/L19_last_prompt.json,https://huggingface.co/datasets/superkaiba1/explore-persona-space-data/resolve/a5cf03bbe4807361a74c427a46ad329065f75e30/issue2569_theory/analysis_tensors/leg6/pooled/syc-bare-con-lr1e5-s42/L19_last_prompt.json
issue2569_theory,issue2569_theory/analysis_tensors/leg6/pooled/syc-bare-con-lr1e5-s42/L19_last_prompt_factors.npz,1840768,a5cf03bbe4807361a74c427a46ad329065f75e30,e22ef8b7649eca1418f70ffbb21a4d2b33d0d289,fffa5264c966d617f0310ba70b3afb6a18777e59645edca3d7148ba315a2671a,https://huggingface.co/datasets/superkaiba1/explore-persona-space-data/blob/a5cf03bbe4807361a74c427a46ad329065f75e30/issue2569_theory/analysis_tensors/leg6/pooled/syc-bare-con-lr1e5-s42/L19_last_prompt_factors.npz,https://huggingface.co/datasets/superkaiba1/explore-persona-space-data/resolve/a5cf03bbe4807361a74c427a46ad329065f75e30/issue2569_theory/analysis_tensors/leg6/pooled/syc-bare-con-lr1e5-s42/L19_last_prompt_factors.npz
issue2569_theory,issue2569_theory/analysis_tensors/leg6/pooled/syc-bare-con-lr1e5-s42/L19_span_mean.json,10034,a5cf03bbe4807361a74c427a46ad329065f75e30,965b45711445af27e02e8355b581b65909838f10,,https://huggingface.co/datasets/superkaiba1/explore-persona-space-data/blob/a5cf03bbe4807361a74c427a46ad329065f75e30/issue2569_theory/analysis_tensors/leg6/pooled/syc-bare-con-lr1e5-s42/L19_span_mean.json,https://huggingface.co/datasets/superkaiba1/explore-persona-space-data/resolve/a5cf03bbe4807361a74c427a46ad329065f75e30/issue2569_theory/analysis_tensors/leg6/pooled/syc-bare-con-lr1e5-s42/L19_span_mean.json
issue2569_theory,issue2569_theory/analysis_tensors/leg6/pooled/syc-bare-con-lr1e5-s42/L19_span_mean_factors.npz,1840764,a5cf03bbe4807361a74c427a46ad329065f75e30,f6c749b1aa03426620fbd40a5b3370e2c7cd31c1,07dad13b00cb6dbfccb789ab1c1f5c4bdf0fa5f925ae2cd910401e82d6813e23,https://huggingface.co/datasets/superkaiba1/explore-persona-space-data/blob/a5cf03bbe4807361a74c427a46ad329065f75e30/issue2569_theory/analysis_tensors/leg6/pooled/syc-bare-con-lr1e5-s42/L19_span_mean_factors.npz,https://huggingface.co/datasets/superkaiba1/explore-persona-space-data/resolve/a5cf03bbe4807361a74c427a46ad329065f75e30/issue2569_theory/analysis_tensors/leg6/pooled/syc-bare-con-lr1e5-s42/L19_span_mean_factors.npz
issue2569_theory,issue2569_theory/analysis_tensors/leg6/pooled/syc-conv-con-lr1e5-s42/L19_last_ctx.json,10048,a5cf03bbe4807361a74c427a46ad329065f75e30,70ce569e4d4a8e8809ea8c5b5be0d2030728ee7c,,https://huggingface.co/datasets/superkaiba1/explore-persona-space-data/blob/a5cf03bbe4807361a74c427a46ad329065f75e30/issue2569_theory/analysis_tensors/leg6/pooled/syc-conv-con-lr1e5-s42/L19_last_ctx.json,https://huggingface.co/datasets/superkaiba1/explore-persona-space-data/resolve/a5cf03bbe4807361a74c427a46ad329065f75e30/issue2569_theory/analysis_tensors/leg6/pooled/syc-conv-con-lr1e5-s42/L19_last_ctx.json
issue2569_theory,issue2569_theory/analysis_tensors/leg6/pooled/syc-conv-con-lr1e5-s42/L19_last_ctx_factors.npz,1840744,a5cf03bbe4807361a74c427a46ad329065f75e30,5a332575e7e5b2bf7cc381dbe65558615a400815,ab9a1c51b040812755bfb0e45034a436f817a5eef4ed77fdf8937f0f41ab5777,https://huggingface.co/datasets/superkaiba1/explore-persona-space-data/blob/a5cf03bbe4807361a74c427a46ad329065f75e30/issue2569_theory/analysis_tensors/leg6/pooled/syc-conv-con-lr1e5-s42/L19_last_ctx_factors.npz,https://huggingface.co/datasets/superkaiba1/explore-persona-space-data/resolve/a5cf03bbe4807361a74c427a46ad329065f75e30/issue2569_theory/analysis_tensors/leg6/pooled/syc-conv-con-lr1e5-s42/L19_last_ctx_factors.npz
issue2569_theory,issue2569_theory/analysis_tensors/leg6/pooled/syc-conv-con-lr1e5-s42/L19_last_prompt.json,10049,a5cf03bbe4807361a74c427a46ad329065f75e30,c20ac4f3d2201f9de8fffea0827f9989fc4a74ce,,https://huggingface.co/datasets/superkaiba1/explore-persona-space-data/blob/a5cf03bbe4807361a74c427a46ad329065f75e30/issue2569_theory/analysis_tensors/leg6/pooled/syc-conv-con-lr1e5-s42/L19_last_prompt.json,https://huggingface.co/datasets/superkaiba1/explore-persona-space-data/resolve/a5cf03bbe4807361a74c427a46ad329065f75e30/issue2569_theory/analysis_tensors/leg6/pooled/syc-conv-con-lr1e5-s42/L19_last_prompt.json
issue2569_theory,issue2569_theory/analysis_tensors/leg6/pooled/syc-conv-con-lr1e5-s42/L19_last_prompt_factors.npz,1840768,a5cf03bbe4807361a74c427a46ad329065f75e30,a480c493f3f6244a2c73c7efc1a024052b5fdc4e,80d83446071df78e3c8c7e303e1f9346a92e9da786ef6c4685c517c73aa9bc9b,https://huggingface.co/datasets/superkaiba1/explore-persona-space-data/blob/a5cf03bbe4807361a74c427a46ad329065f75e30/issue2569_theory/analysis_tensors/leg6/pooled/syc-conv-con-lr1e5-s42/L19_last_prompt_factors.npz,https://huggingface.co/datasets/superkaiba1/explore-persona-space-data/resolve/a5cf03bbe4807361a74c427a46ad329065f75e30/issue2569_theory/analysis_tensors/leg6/pooled/syc-conv-con-lr1e5-s42/L19_last_prompt_factors.npz
issue2569_theory,issue2569_theory/analysis_tensors/leg6/pooled/syc-conv-con-lr1e5-s42/L19_span_mean.json,9917,a5cf03bbe4807361a74c427a46ad329065f75e30,e8ecd574998ff3c895099a74864583c6f4cd6109,,https://huggingface.co/datasets/superkaiba1/explore-persona-space-data/blob/a5cf03bbe4807361a74c427a46ad329065f75e30/issue2569_theory/analysis_tensors/leg6/pooled/syc-conv-con-lr1e5-s42/L19_span_mean.json,https://huggingface.co/datasets/superkaiba1/explore-persona-space-data/resolve/a5cf03bbe4807361a74c427a46ad329065f75e30/issue2569_theory/analysis_tensors/leg6/pooled/syc-conv-con-lr1e5-s42/L19_span_mean.json
issue2569_theory,issue2569_theory/analysis_tensors/leg6/pooled/syc-conv-con-lr1e5-s42/L19_span_mean_factors.npz,1840764,a5cf03bbe4807361a74c427a46ad329065f75e30,fb7d3ff7a987fdfaa248c983df5abcc42445ff08,237eae004bfd2ecbdc99ccd23079f56744cda4dadb12ffbc5fde16090eb57770,https://huggingface.co/datasets/superkaiba1/explore-persona-space-data/blob/a5cf03bbe4807361a74c427a46ad329065f75e30/issue2569_theory/analysis_tensors/leg6/pooled/syc-conv-con-lr1e5-s42/L19_span_mean_factors.npz,https://huggingface.co/datasets/superkaiba1/explore-persona-space-data/resolve/a5cf03bbe4807361a74c427a46ad329065f75e30/issue2569_theory/analysis_tensors/leg6/pooled/syc-conv-con-lr1e5-s42/L19_span_mean_factors.npz
issue2569_theory,issue2569_theory/analysis_tensors/leg6/pooled/syc-pers-po-lr1e5-s42/L19_last_ctx.json,10099,a5cf03bbe4807361a74c427a46ad329065f75e30,bf0c3a8bbfcfe4cb807e84e64c57670a5ce6e9c2,,https://huggingface.co/datasets/superkaiba1/explore-persona-space-data/blob/a5cf03bbe4807361a74c427a46ad329065f75e30/issue2569_theory/analysis_tensors/leg6/pooled/syc-pers-po-lr1e5-s42/L19_last_ctx.json,https://huggingface.co/datasets/superkaiba1/explore-persona-space-data/resolve/a5cf03bbe4807361a74c427a46ad329065f75e30/issue2569_theory/analysis_tensors/leg6/pooled/syc-pers-po-lr1e5-s42/L19_last_ctx.json
issue2569_theory,issue2569_theory/analysis_tensors/leg6/pooled/syc-pers-po-lr1e5-s42/L19_last_ctx_factors.npz,1840740,a5cf03bbe4807361a74c427a46ad329065f75e30,78ffce74d6824aacbb02dc7ead70134fa0d5b292,0a27c944c5898ebc277fb00d744fae4453b31c7062c6de444d4d73bf070d8189,https://huggingface.co/datasets/superkaiba1/explore-persona-space-data/blob/a5cf03bbe4807361a74c427a46ad329065f75e30/issue2569_theory/analysis_tensors/leg6/pooled/syc-pers-po-lr1e5-s42/L19_last_ctx_factors.npz,https://huggingface.co/datasets/superkaiba1/explore-persona-space-data/resolve/a5cf03bbe4807361a74c427a46ad329065f75e30/issue2569_theory/analysis_tensors/leg6/pooled/syc-pers-po-lr1e5-s42/L19_last_ctx_factors.npz
issue2569_theory,issue2569_theory/analysis_tensors/leg6/pooled/syc-pers-po-lr1e5-s42/L19_last_prompt.json,10107,a5cf03bbe4807361a74c427a46ad329065f75e30,83ccca49affefd7cccc458b7d8263ce06d873f81,,https://huggingface.co/datasets/superkaiba1/explore-persona-space-data/blob/a5cf03bbe4807361a74c427a46ad329065f75e30/issue2569_theory/analysis_tensors/leg6/pooled/syc-pers-po-lr1e5-s42/L19_last_prompt.json,https://huggingface.co/datasets/superkaiba1/explore-persona-space-data/resolve/a5cf03bbe4807361a74c427a46ad329065f75e30/issue2569_theory/analysis_tensors/leg6/pooled/syc-pers-po-lr1e5-s42/L19_last_prompt.json
issue2569_theory,issue2569_theory/analysis_tensors/leg6/pooled/syc-pers-po-lr1e5-s42/L19_last_prompt_factors.npz,1840764,a5cf03bbe4807361a74c427a46ad329065f75e30,5b519cb65bf7a88e1878a21a723ca0d8f95b44de,0bbea7802e2554717dad7a18a915e9e331d28f2431e3c42976c5a64791a193e1,https://huggingface.co/datasets/superkaiba1/explore-persona-space-data/blob/a5cf03bbe4807361a74c427a46ad329065f75e30/issue2569_theory/analysis_tensors/leg6/pooled/syc-pers-po-lr1e5-s42/L19_last_prompt_factors.npz,https://huggingface.co/datasets/superkaiba1/explore-persona-space-data/resolve/a5cf03bbe4807361a74c427a46ad329065f75e30/issue2569_theory/analysis_tensors/leg6/pooled/syc-pers-po-lr1e5-s42/L19_last_prompt_factors.npz
issue2569_theory,issue2569_theory/analysis_tensors/leg6/pooled/syc-pers-po-lr1e5-s42/L19_span_mean.json,9999,a5cf03bbe4807361a74c427a46ad329065f75e30,d83ed1c0ed599f2cdf022b6623f291f5cd8ff2ea,,https://huggingface.co/datasets/superkaiba1/explore-persona-space-data/blob/a5cf03bbe4807361a74c427a46ad329065f75e30/issue2569_theory/analysis_tensors/leg6/pooled/syc-pers-po-lr1e5-s42/L19_span_mean.json,https://huggingface.co/datasets/superkaiba1/explore-persona-space-data/resolve/a5cf03bbe4807361a74c427a46ad329065f75e30/issue2569_theory/analysis_tensors/leg6/pooled/syc-pers-po-lr1e5-s42/L19_span_mean.json
issue2569_theory,issue2569_theory/analysis_tensors/leg6/pooled/syc-pers-po-lr1e5-s42/L19_span_mean_factors.npz,1840760,a5cf03bbe4807361a74c427a46ad329065f75e30,672cb9581e1df60fcb88523d195e2849cdee532a,28049ec915b892918c8e9ef51cd28c9c3ed8fac9f33d3a5f806b37557d18da01,https://huggingface.co/datasets/superkaiba1/explore-persona-space-data/blob/a5cf03bbe4807361a74c427a46ad329065f75e30/issue2569_theory/analysis_tensors/leg6/pooled/syc-pers-po-lr1e5-s42/L19_span_mean_factors.npz,https://huggingface.co/datasets/superkaiba1/explore-persona-space-data/resolve/a5cf03bbe4807361a74c427a46ad329065f75e30/issue2569_theory/analysis_tensors/leg6/pooled/syc-pers-po-lr1e5-s42/L19_span_mean_factors.npz
issue2569_theory,issue2569_theory/analysis_tensors/leg6/summary.json,766,a5cf03bbe4807361a74c427a46ad329065f75e30,ec61f067a41b4e23ff4bcbe2432b83939c1b74e0,,https://huggingface.co/datasets/superkaiba1/explore-persona-space-data/blob/a5cf03bbe4807361a74c427a46ad329065f75e30/issue2569_theory/analysis_tensors/leg6/summary.json,https://huggingface.co/datasets/superkaiba1/explore-persona-space-data/resolve/a5cf03bbe4807361a74c427a46ad329065f75e30/issue2569_theory/analysis_tensors/leg6/summary.json
issue2569_theory,issue2569_theory/analysis_tensors/leg6/syc-bare-con-lr1e5-s42/L19_last_ctx.json,9872,a5cf03bbe4807361a74c427a46ad329065f75e30,c7dd9b73273f8a23cac6bf3947aeb180b4423eda,,https://huggingface.co/datasets/superkaiba1/explore-persona-space-data/blob/a5cf03bbe4807361a74c427a46ad329065f75e30/issue2569_theory/analysis_tensors/leg6/syc-bare-con-lr1e5-s42/L19_last_ctx.json,https://huggingface.co/datasets/superkaiba1/explore-persona-space-data/resolve/a5cf03bbe4807361a74c427a46ad329065f75e30/issue2569_theory/analysis_tensors/leg6/syc-bare-con-lr1e5-s42/L19_last_ctx.json
issue2569_theory,issue2569_theory/analysis_tensors/leg6/syc-bare-con-lr1e5-s42/L19_last_ctx_factors.npz,1840748,a5cf03bbe4807361a74c427a46ad329065f75e30,bf543d1fffe216a0d10f5d743db9b7890571773a,e87c91d5aa49fa6399503f74b1569733e226e2dfaef1bbd85e94e43a5ca2cd22,https://huggingface.co/datasets/superkaiba1/explore-persona-space-data/blob/a5cf03bbe4807361a74c427a46ad329065f75e30/issue2569_theory/analysis_tensors/leg6/syc-bare-con-lr1e5-s42/L19_last_ctx_factors.npz,https://huggingface.co/datasets/superkaiba1/explore-persona-space-data/resolve/a5cf03bbe4807361a74c427a46ad329065f75e30/issue2569_theory/analysis_tensors/leg6/syc-bare-con-lr1e5-s42/L19_last_ctx_factors.npz
issue2569_theory,issue2569_theory/analysis_tensors/leg6/syc-bare-con-lr1e5-s42/L19_last_prompt.json,9881,a5cf03bbe4807361a74c427a46ad329065f75e30,3fde509a9d1265409c4276f19e7769592b2c575d,,https://huggingface.co/datasets/superkaiba1/explore-persona-space-data/blob/a5cf03bbe4807361a74c427a46ad329065f75e30/issue2569_theory/analysis_tensors/leg6/syc-bare-con-lr1e5-s42/L19_last_prompt.json,https://huggingface.co/datasets/superkaiba1/explore-persona-space-data/resolve/a5cf03bbe4807361a74c427a46ad329065f75e30/issue2569_theory/analysis_tensors/leg6/syc-bare-con-lr1e5-s42/L19_last_prompt.json
issue2569_theory,issue2569_theory/analysis_tensors/leg6/syc-bare-con-lr1e5-s42/L19_last_prompt_factors.npz,1840772,a5cf03bbe4807361a74c427a46ad329065f75e30,7476ed91ae09b97c27afb24093b5ad097ade855f,325f6464729c27333b48a6fd4e7a1e581c6b8b996be630f528bcfafcc48d5be6,https://huggingface.co/datasets/superkaiba1/explore-persona-space-data/blob/a5cf03bbe4807361a74c427a46ad329065f75e30/issue2569_theory/analysis_tensors/leg6/syc-bare-con-lr1e5-s42/L19_last_prompt_factors.npz,https://huggingface.co/datasets/superkaiba1/explore-persona-space-data/resolve/a5cf03bbe4807361a74c427a46ad329065f75e30/issue2569_theory/analysis_tensors/leg6/syc-bare-con-lr1e5-s42/L19_last_prompt_factors.npz
issue2569_theory,issue2569_theory/analysis_tensors/leg6/syc-bare-con-lr1e5-s42/L19_span_mean.json,9766,a5cf03bbe4807361a74c427a46ad329065f75e30,11f02ab270a4b8178e051cd38fe57fa4bc355a87,,https://huggingface.co/datasets/superkaiba1/explore-persona-space-data/blob/a5cf03bbe4807361a74c427a46ad329065f75e30/issue2569_theory/analysis_tensors/leg6/syc-bare-con-lr1e5-s42/L19_span_mean.json,https://huggingface.co/datasets/superkaiba1/explore-persona-space-data/resolve/a5cf03bbe4807361a74c427a46ad329065f75e30/issue2569_theory/analysis_tensors/leg6/syc-bare-con-lr1e5-s42/L19_span_mean.json
issue2569_theory,issue2569_theory/analysis_tensors/leg6/syc-bare-con-lr1e5-s42/L19_span_mean_factors.npz,1840768,a5cf03bbe4807361a74c427a46ad329065f75e30,21f82e178452a69d4e23b0f4ecea413474b851bc,d8a21c566a261d17a99c1aacb5930c739610d25f5dc45e6e24492aaf2cebce47,https://huggingface.co/datasets/superkaiba1/explore-persona-space-data/blob/a5cf03bbe4807361a74c427a46ad329065f75e30/issue2569_theory/analysis_tensors/leg6/syc-bare-con-lr1e5-s42/L19_span_mean_factors.npz,https://huggingface.co/datasets/superkaiba1/explore-persona-space-data/resolve/a5cf03bbe4807361a74c427a46ad329065f75e30/issue2569_theory/analysis_tensors/leg6/syc-bare-con-lr1e5-s42/L19_span_mean_factors.npz
issue2569_theory,issue2569_theory/analysis_tensors/leg6/syc-bare-con-lr1e5-s42/guard.json,1125,a5cf03bbe4807361a74c427a46ad329065f75e30,3a88fd4531a0b8ceb345acb5dd52b770ca9cb0d6,,https://huggingface.co/datasets/superkaiba1/explore-persona-space-data/blob/a5cf03bbe4807361a74c427a46ad329065f75e30/issue2569_theory/analysis_tensors/leg6/syc-bare-con-lr1e5-s42/guard.json,https://huggingface.co/datasets/superkaiba1/explore-persona-space-data/resolve/a5cf03bbe4807361a74c427a46ad329065f75e30/issue2569_theory/analysis_tensors/leg6/syc-bare-con-lr1e5-s42/guard.json
issue2569_theory,issue2569_theory/analysis_tensors/leg6/syc-bare-con-lr1e5-s42/operator_factors.pt,1839627,a5cf03bbe4807361a74c427a46ad329065f75e30,1bb5c6cbeb42fe1eccae6750f0b808e4cc49ea0b,4e392ed47b9731abd14af4a05a532fcef427ea9c0ddaa8383bbd28ef11780e33,https://huggingface.co/datasets/superkaiba1/explore-persona-space-data/blob/a5cf03bbe4807361a74c427a46ad329065f75e30/issue2569_theory/analysis_tensors/leg6/syc-bare-con-lr1e5-s42/operator_factors.pt,https://huggingface.co/datasets/superkaiba1/explore-persona-space-data/resolve/a5cf03bbe4807361a74c427a46ad329065f75e30/issue2569_theory/analysis_tensors/leg6/syc-bare-con-lr1e5-s42/operator_factors.pt
issue2569_theory,issue2569_theory/analysis_tensors/leg6/syc-conv-con-lr1e5-s42/L19_last_ctx.json,10045,a5cf03bbe4807361a74c427a46ad329065f75e30,3db8622e704f6fed634f08f9d5be5f377dd95382,,https://huggingface.co/datasets/superkaiba1/explore-persona-space-data/blob/a5cf03bbe4807361a74c427a46ad329065f75e30/issue2569_theory/analysis_tensors/leg6/syc-conv-con-lr1e5-s42/L19_last_ctx.json,https://huggingface.co/datasets/superkaiba1/explore-persona-space-data/resolve/a5cf03bbe4807361a74c427a46ad329065f75e30/issue2569_theory/analysis_tensors/leg6/syc-conv-con-lr1e5-s42/L19_last_ctx.json
issue2569_theory,issue2569_theory/analysis_tensors/leg6/syc-conv-con-lr1e5-s42/L19_last_ctx_factors.npz,1840748,a5cf03bbe4807361a74c427a46ad329065f75e30,677ef088582eb244cbd0d57022fb38aa10bddfb0,755dfc7e61103d0d3ff4ca049a73a8640c9076c82e56e9cdbab93f2d75a8563a,https://huggingface.co/datasets/superkaiba1/explore-persona-space-data/blob/a5cf03bbe4807361a74c427a46ad329065f75e30/issue2569_theory/analysis_tensors/leg6/syc-conv-con-lr1e5-s42/L19_last_ctx_factors.npz,https://huggingface.co/datasets/superkaiba1/explore-persona-space-data/resolve/a5cf03bbe4807361a74c427a46ad329065f75e30/issue2569_theory/analysis_tensors/leg6/syc-conv-con-lr1e5-s42/L19_last_ctx_factors.npz
issue2569_theory,issue2569_theory/analysis_tensors/leg6/syc-conv-con-lr1e5-s42/L19_last_prompt.json,10007,a5cf03bbe4807361a74c427a46ad329065f75e30,5b705a97a143dd973119f30e60b7ed2426041633,,https://huggingface.co/datasets/superkaiba1/explore-persona-space-data/blob/a5cf03bbe4807361a74c427a46ad329065f75e30/issue2569_theory/analysis_tensors/leg6/syc-conv-con-lr1e5-s42/L19_last_prompt.json,https://huggingface.co/datasets/superkaiba1/explore-persona-space-data/resolve/a5cf03bbe4807361a74c427a46ad329065f75e30/issue2569_theory/analysis_tensors/leg6/syc-conv-con-lr1e5-s42/L19_last_prompt.json
issue2569_theory,issue2569_theory/analysis_tensors/leg6/syc-conv-con-lr1e5-s42/L19_last_prompt_factors.npz,1840772,a5cf03bbe4807361a74c427a46ad329065f75e30,618af3b45913c7f0bf3871e0c98bf3f4e517ddf6,41f2e506cc2523e4b3119b43a521538165d1db264ac73c68c621a630fbe9ce98,https://huggingface.co/datasets/superkaiba1/explore-persona-space-data/blob/a5cf03bbe4807361a74c427a46ad329065f75e30/issue2569_theory/analysis_tensors/leg6/syc-conv-con-lr1e5-s42/L19_last_prompt_factors.npz,https://huggingface.co/datasets/superkaiba1/explore-persona-space-data/resolve/a5cf03bbe4807361a74c427a46ad329065f75e30/issue2569_theory/analysis_tensors/leg6/syc-conv-con-lr1e5-s42/L19_last_prompt_factors.npz
issue2569_theory,issue2569_theory/analysis_tensors/leg6/syc-conv-con-lr1e5-s42/L19_span_mean.json,9941,a5cf03bbe4807361a74c427a46ad329065f75e30,7696b2678ea88ba77ed5b3ebf196c40b7e1c9ad5,,https://huggingface.co/datasets/superkaiba1/explore-persona-space-data/blob/a5cf03bbe4807361a74c427a46ad329065f75e30/issue2569_theory/analysis_tensors/leg6/syc-conv-con-lr1e5-s42/L19_span_mean.json,https://huggingface.co/datasets/superkaiba1/explore-persona-space-data/resolve/a5cf03bbe4807361a74c427a46ad329065f75e30/issue2569_theory/analysis_tensors/leg6/syc-conv-con-lr1e5-s42/L19_span_mean.json
issue2569_theory,issue2569_theory/analysis_tensors/leg6/syc-conv-con-lr1e5-s42/L19_span_mean_factors.npz,1840768,a5cf03bbe4807361a74c427a46ad329065f75e30,7ed8e73266718cc8ae5e6246a568b0c5af176bad,d5f2757f464078f623cd53a28ae1208155d980018698494741dd7d33ec95e984,https://huggingface.co/datasets/superkaiba1/explore-persona-space-data/blob/a5cf03bbe4807361a74c427a46ad329065f75e30/issue2569_theory/analysis_tensors/leg6/syc-conv-con-lr1e5-s42/L19_span_mean_factors.npz,https://huggingface.co/datasets/superkaiba1/explore-persona-space-data/resolve/a5cf03bbe4807361a74c427a46ad329065f75e30/issue2569_theory/analysis_tensors/leg6/syc-conv-con-lr1e5-s42/L19_span_mean_factors.npz
issue2569_theory,issue2569_theory/analysis_tensors/leg6/syc-conv-con-lr1e5-s42/guard.json,1126,a5cf03bbe4807361a74c427a46ad329065f75e30,31b431be4c8f9dece8040da9e04f250976cda500,,https://huggingface.co/datasets/superkaiba1/explore-persona-space-data/blob/a5cf03bbe4807361a74c427a46ad329065f75e30/issue2569_theory/analysis_tensors/leg6/syc-conv-con-lr1e5-s42/guard.json,https://huggingface.co/datasets/superkaiba1/explore-persona-space-data/resolve/a5cf03bbe4807361a74c427a46ad329065f75e30/issue2569_theory/analysis_tensors/leg6/syc-conv-con-lr1e5-s42/guard.json
issue2569_theory,issue2569_theory/analysis_tensors/leg6/syc-conv-con-lr1e5-s42/operator_factors.pt,1839627,a5cf03bbe4807361a74c427a46ad329065f75e30,0c4b4eda69aaa12bb35942b7e67978b6846a0d67,5c21e38090a5d695f892e049703f5af63e957dd08734709cfa888a1015a522fe,https://huggingface.co/datasets/superkaiba1/explore-persona-space-data/blob/a5cf03bbe4807361a74c427a46ad329065f75e30/issue2569_theory/analysis_tensors/leg6/syc-conv-con-lr1e5-s42/operator_factors.pt,https://huggingface.co/datasets/superkaiba1/explore-persona-space-data/resolve/a5cf03bbe4807361a74c427a46ad329065f75e30/issue2569_theory/analysis_tensors/leg6/syc-conv-con-lr1e5-s42/operator_factors.pt
issue2569_theory,issue2569_theory/analysis_tensors/leg6/syc-pers-po-lr1e5-s42/L19_last_ctx.json,9944,a5cf03bbe4807361a74c427a46ad329065f75e30,792f1374ad17f10e940033587cdda2ef2c436798,,https://huggingface.co/datasets/superkaiba1/explore-persona-space-data/blob/a5cf03bbe4807361a74c427a46ad329065f75e30/issue2569_theory/analysis_tensors/leg6/syc-pers-po-lr1e5-s42/L19_last_ctx.json,https://huggingface.co/datasets/superkaiba1/explore-persona-space-data/resolve/a5cf03bbe4807361a74c427a46ad329065f75e30/issue2569_theory/analysis_tensors/leg6/syc-pers-po-lr1e5-s42/L19_last_ctx.json
issue2569_theory,issue2569_theory/analysis_tensors/leg6/syc-pers-po-lr1e5-s42/L19_last_ctx_factors.npz,1840744,a5cf03bbe4807361a74c427a46ad329065f75e30,3dfe251e758d2a5c113f69577f170d9629608376,df00a91942748ecf53815c4939d01b6a7ee69fc7882473f5c82549de2667ef45,https://huggingface.co/datasets/superkaiba1/explore-persona-space-data/blob/a5cf03bbe4807361a74c427a46ad329065f75e30/issue2569_theory/analysis_tensors/leg6/syc-pers-po-lr1e5-s42/L19_last_ctx_factors.npz,https://huggingface.co/datasets/superkaiba1/explore-persona-space-data/resolve/a5cf03bbe4807361a74c427a46ad329065f75e30/issue2569_theory/analysis_tensors/leg6/syc-pers-po-lr1e5-s42/L19_last_ctx_factors.npz
issue2569_theory,issue2569_theory/analysis_tensors/leg6/syc-pers-po-lr1e5-s42/L19_last_prompt.json,9935,a5cf03bbe4807361a74c427a46ad329065f75e30,5ba79638e217cad92c77805e6871d40c113bf8ee,,https://huggingface.co/datasets/superkaiba1/explore-persona-space-data/blob/a5cf03bbe4807361a74c427a46ad329065f75e30/issue2569_theory/analysis_tensors/leg6/syc-pers-po-lr1e5-s42/L19_last_prompt.json,https://huggingface.co/datasets/superkaiba1/explore-persona-space-data/resolve/a5cf03bbe4807361a74c427a46ad329065f75e30/issue2569_theory/analysis_tensors/leg6/syc-pers-po-lr1e5-s42/L19_last_prompt.json
issue2569_theory,issue2569_theory/analysis_tensors/leg6/syc-pers-po-lr1e5-s42/L19_last_prompt_factors.npz,1840768,a5cf03bbe4807361a74c427a46ad329065f75e30,4df83463df1edbf68b7ea54b6bfd198c4907bee0,0d6149aa7f1d8fef7bc997a053053d2fbb9231ab65932e0932f9d5b1b51ae786,https://huggingface.co/datasets/superkaiba1/explore-persona-space-data/blob/a5cf03bbe4807361a74c427a46ad329065f75e30/issue2569_theory/analysis_tensors/leg6/syc-pers-po-lr1e5-s42/L19_last_prompt_factors.npz,https://huggingface.co/datasets/superkaiba1/explore-persona-space-data/resolve/a5cf03bbe4807361a74c427a46ad329065f75e30/issue2569_theory/analysis_tensors/leg6/syc-pers-po-lr1e5-s42/L19_last_prompt_factors.npz
issue2569_theory,issue2569_theory/analysis_tensors/leg6/syc-pers-po-lr1e5-s42/L19_span_mean.json,9843,a5cf03bbe4807361a74c427a46ad329065f75e30,8d4b5919351d7d7f1f941d7ea167fe5025b9ca0d,,https://huggingface.co/datasets/superkaiba1/explore-persona-space-data/blob/a5cf03bbe4807361a74c427a46ad329065f75e30/issue2569_theory/analysis_tensors/leg6/syc-pers-po-lr1e5-s42/L19_span_mean.json,https://huggingface.co/datasets/superkaiba1/explore-persona-space-data/resolve/a5cf03bbe4807361a74c427a46ad329065f75e30/issue2569_theory/analysis_tensors/leg6/syc-pers-po-lr1e5-s42/L19_span_mean.json
issue2569_theory,issue2569_theory/analysis_tensors/leg6/syc-pers-po-lr1e5-s42/L19_span_mean_factors.npz,1840764,a5cf03bbe4807361a74c427a46ad329065f75e30,ed1266894d94e6ce00ffe308803dee3136fc8ec6,3572607ee039b1184a4eaf034bdfdbe02b860dccfe5218c4688f57732fbf15ec,https://huggingface.co/datasets/superkaiba1/explore-persona-space-data/blob/a5cf03bbe4807361a74c427a46ad329065f75e30/issue2569_theory/analysis_tensors/leg6/syc-pers-po-lr1e5-s42/L19_span_mean_factors.npz,https://huggingface.co/datasets/superkaiba1/explore-persona-space-data/resolve/a5cf03bbe4807361a74c427a46ad329065f75e30/issue2569_theory/analysis_tensors/leg6/syc-pers-po-lr1e5-s42/L19_span_mean_factors.npz
issue2569_theory,issue2569_theory/analysis_tensors/leg6/syc-pers-po-lr1e5-s42/guard.json,1128,a5cf03bbe4807361a74c427a46ad329065f75e30,6a531c3eeb14fbe171ad642e0a1a96b8697d45ec,,https://huggingface.co/datasets/superkaiba1/explore-persona-space-data/blob/a5cf03bbe4807361a74c427a46ad329065f75e30/issue2569_theory/analysis_tensors/leg6/syc-pers-po-lr1e5-s42/guard.json,https://huggingface.co/datasets/superkaiba1/explore-persona-space-data/resolve/a5cf03bbe4807361a74c427a46ad329065f75e30/issue2569_theory/analysis_tensors/leg6/syc-pers-po-lr1e5-s42/guard.json
issue2569_theory,issue2569_theory/analysis_tensors/leg6/syc-pers-po-lr1e5-s42/operator_factors.pt,1839627,a5cf03bbe4807361a74c427a46ad329065f75e30,fc94545d46bbfae75d8c8d55f09ad6477a0216ec,8786bd34757c3225b42db849c6007aaae72e6d38dfc62c6ef345ce64f6a08379,https://huggingface.co/datasets/superkaiba1/explore-persona-space-data/blob/a5cf03bbe4807361a74c427a46ad329065f75e30/issue2569_theory/analysis_tensors/leg6/syc-pers-po-lr1e5-s42/operator_factors.pt,https://huggingface.co/datasets/superkaiba1/explore-persona-space-data/resolve/a5cf03bbe4807361a74c427a46ad329065f75e30/issue2569_theory/analysis_tensors/leg6/syc-pers-po-lr1e5-s42/operator_factors.pt
issue2569_theory,issue2569_theory/analysis_tensors/leg7/atlas_ckpt/null_chunk_000.pt,74207,a5cf03bbe4807361a74c427a46ad329065f75e30,aaf8df3162f9fd2f40f668937433a18569ce9a3a,4804e7fa181fd1c83d0f8a4cdd0d75de3c2ba1c525bec428334cfdf4e8febd3a,https://huggingface.co/datasets/superkaiba1/explore-persona-space-data/blob/a5cf03bbe4807361a74c427a46ad329065f75e30/issue2569_theory/analysis_tensors/leg7/atlas_ckpt/null_chunk_000.pt,https://huggingface.co/datasets/superkaiba1/explore-persona-space-data/resolve/a5cf03bbe4807361a74c427a46ad329065f75e30/issue2569_theory/analysis_tensors/leg7/atlas_ckpt/null_chunk_000.pt
issue2569_theory,issue2569_theory/analysis_tensors/leg7/atlas_ckpt/null_chunk_001.pt,74207,a5cf03bbe4807361a74c427a46ad329065f75e30,412c8d0f2a34f8139fdb75342f998fc576e1f1b7,8264e1899bb671d922337b94c1512a39177be36ed26c1e03b972deb0d77a39e4,https://huggingface.co/datasets/superkaiba1/explore-persona-space-data/blob/a5cf03bbe4807361a74c427a46ad329065f75e30/issue2569_theory/analysis_tensors/leg7/atlas_ckpt/null_chunk_001.pt,https://huggingface.co/datasets/superkaiba1/explore-persona-space-data/resolve/a5cf03bbe4807361a74c427a46ad329065f75e30/issue2569_theory/analysis_tensors/leg7/atlas_ckpt/null_chunk_001.pt
issue2569_theory,issue2569_theory/analysis_tensors/leg7/atlas_ckpt/null_chunk_002.pt,74207,a5cf03bbe4807361a74c427a46ad329065f75e30,335f637d794747d9226c31399c43520fc67829cc,aad256bcb051f644504f6ff54c21442fc793abbc04344efa01559c5237ea8623,https://huggingface.co/datasets/superkaiba1/explore-persona-space-data/blob/a5cf03bbe4807361a74c427a46ad329065f75e30/issue2569_theory/analysis_tensors/leg7/atlas_ckpt/null_chunk_002.pt,https://huggingface.co/datasets/superkaiba1/explore-persona-space-data/resolve/a5cf03bbe4807361a74c427a46ad329065f75e30/issue2569_theory/analysis_tensors/leg7/atlas_ckpt/null_chunk_002.pt
issue2569_theory,issue2569_theory/analysis_tensors/leg7/atlas_ckpt/null_chunk_003.pt,74207,a5cf03bbe4807361a74c427a46ad329065f75e30,5065d53206479b90eb92aaca2e08eccaec812a1a,48fbbed67c3d0d2ea8493a0231333037b96e4694d770c6e49365ad4bc5e7f319,https://huggingface.co/datasets/superkaiba1/explore-persona-space-data/blob/a5cf03bbe4807361a74c427a46ad329065f75e30/issue2569_theory/analysis_tensors/leg7/atlas_ckpt/null_chunk_003.pt,https://huggingface.co/datasets/superkaiba1/explore-persona-space-data/resolve/a5cf03bbe4807361a74c427a46ad329065f75e30/issue2569_theory/analysis_tensors/leg7/atlas_ckpt/null_chunk_003.pt
issue2569_theory,issue2569_theory/analysis_tensors/leg7/atlas_ckpt/null_chunk_004.pt,74207,a5cf03bbe4807361a74c427a46ad329065f75e30,b95dfda8f059e5f8e6132c539738f9a36f609de7,041d750506e54ebfb03919fbd298d075c8d9192cbfa9be48472abd2d0778a988,https://huggingface.co/datasets/superkaiba1/explore-persona-space-data/blob/a5cf03bbe4807361a74c427a46ad329065f75e30/issue2569_theory/analysis_tensors/leg7/atlas_ckpt/null_chunk_004.pt,https://huggingface.co/datasets/superkaiba1/explore-persona-space-data/resolve/a5cf03bbe4807361a74c427a46ad329065f75e30/issue2569_theory/analysis_tensors/leg7/atlas_ckpt/null_chunk_004.pt
issue2569_theory,issue2569_theory/analysis_tensors/leg7/atlas_ckpt/null_chunk_005.pt,74207,a5cf03bbe4807361a74c427a46ad329065f75e30,f7951f9e0abfa7df86d17fb9cc4cda00d127736b,57d3ead0340f02c53b720105bb76417e9e5a4b2c837cebea6339c01f55f829db,https://huggingface.co/datasets/superkaiba1/explore-persona-space-data/blob/a5cf03bbe4807361a74c427a46ad329065f75e30/issue2569_theory/analysis_tensors/leg7/atlas_ckpt/null_chunk_005.pt,https://huggingface.co/datasets/superkaiba1/explore-persona-space-data/resolve/a5cf03bbe4807361a74c427a46ad329065f75e30/issue2569_theory/analysis_tensors/leg7/atlas_ckpt/null_chunk_005.pt
issue2569_theory,issue2569_theory/analysis_tensors/leg7/atlas_ckpt/null_chunk_006.pt,74207,a5cf03bbe4807361a74c427a46ad329065f75e30,54b774a6fa68ab46629b3e58dcadae619dca78bd,60819b42db026999511267433c4d6f89309e63401a7b89b31a11fb9c69d96afe,https://huggingface.co/datasets/superkaiba1/explore-persona-space-data/blob/a5cf03bbe4807361a74c427a46ad329065f75e30/issue2569_theory/analysis_tensors/leg7/atlas_ckpt/null_chunk_006.pt,https://huggingface.co/datasets/superkaiba1/explore-persona-space-data/resolve/a5cf03bbe4807361a74c427a46ad329065f75e30/issue2569_theory/analysis_tensors/leg7/atlas_ckpt/null_chunk_006.pt
issue2569_theory,issue2569_theory/analysis_tensors/leg7/atlas_ckpt/null_chunk_007.pt,74207,a5cf03bbe4807361a74c427a46ad329065f75e30,f174b80d2b37843742826d6a8b0e1e01203e9cd8,e8bbe4ed51afa7dc80cb1ea8fd76b014115630a9c4418acd2bc3069e6be7ba9e,https://huggingface.co/datasets/superkaiba1/explore-persona-space-data/blob/a5cf03bbe4807361a74c427a46ad329065f75e30/issue2569_theory/analysis_tensors/leg7/atlas_ckpt/null_chunk_007.pt,https://huggingface.co/datasets/superkaiba1/explore-persona-space-data/resolve/a5cf03bbe4807361a74c427a46ad329065f75e30/issue2569_theory/analysis_tensors/leg7/atlas_ckpt/null_chunk_007.pt
issue2569_theory,issue2569_theory/analysis_tensors/leg7/atlas_ckpt/spectra_00_n1m_L14.pt,30651,a5cf03bbe4807361a74c427a46ad329065f75e30,29d7acce412a5e42c16fcaace7e60939aed8cd47,afcc66b8de5e83088a8b653906349306a0470638e8103b9c2847cedcc458a0e2,https://huggingface.co/datasets/superkaiba1/explore-persona-space-data/blob/a5cf03bbe4807361a74c427a46ad329065f75e30/issue2569_theory/analysis_tensors/leg7/atlas_ckpt/spectra_00_n1m_L14.pt,https://huggingface.co/datasets/superkaiba1/explore-persona-space-data/resolve/a5cf03bbe4807361a74c427a46ad329065f75e30/issue2569_theory/analysis_tensors/leg7/atlas_ckpt/spectra_00_n1m_L14.pt
issue2569_theory,issue2569_theory/analysis_tensors/leg7/atlas_ckpt/spectra_01_n1m_L19.pt,30651,a5cf03bbe4807361a74c427a46ad329065f75e30,345b41db95c9bc9480dca3b3127801f72114b6f6,784d9052b1a0da5e5b39d5ce2e6355b2ca053b96487cbf673a0b8814ed2f9c45,https://huggingface.co/datasets/superkaiba1/explore-persona-space-data/blob/a5cf03bbe4807361a74c427a46ad329065f75e30/issue2569_theory/analysis_tensors/leg7/atlas_ckpt/spectra_01_n1m_L19.pt,https://huggingface.co/datasets/superkaiba1/explore-persona-space-data/resolve/a5cf03bbe4807361a74c427a46ad329065f75e30/issue2569_theory/analysis_tensors/leg7/atlas_ckpt/spectra_01_n1m_L19.pt
issue2569_theory,issue2569_theory/analysis_tensors/leg7/atlas_ckpt/spectra_02_n1m_L26.pt,30651,a5cf03bbe4807361a74c427a46ad329065f75e30,7d294c621f5fb6750b9098515cbe8a6a4fa1772a,c7312f226f0a731b3ffd4af1534f2ec732e9ff0e8c27eb3212131049b1bc36ae,https://huggingface.co/datasets/superkaiba1/explore-persona-space-data/blob/a5cf03bbe4807361a74c427a46ad329065f75e30/issue2569_theory/analysis_tensors/leg7/atlas_ckpt/spectra_02_n1m_L26.pt,https://huggingface.co/datasets/superkaiba1/explore-persona-space-data/resolve/a5cf03bbe4807361a74c427a46ad329065f75e30/issue2569_theory/analysis_tensors/leg7/atlas_ckpt/spectra_02_n1m_L26.pt
issue2569_theory,issue2569_theory/analysis_tensors/leg7/atlas_ckpt/spectra_03_llama_native_L16.pt,63773,a5cf03bbe4807361a74c427a46ad329065f75e30,4c8088456d982312d253bee236e44259c2060bce,4e4e63b8dc7a179428d4bc275bfe0983754b9acbd689ecc820c4b7a3448d7456,https://huggingface.co/datasets/superkaiba1/explore-persona-space-data/blob/a5cf03bbe4807361a74c427a46ad329065f75e30/issue2569_theory/analysis_tensors/leg7/atlas_ckpt/spectra_03_llama_native_L16.pt,https://huggingface.co/datasets/superkaiba1/explore-persona-space-data/resolve/a5cf03bbe4807361a74c427a46ad329065f75e30/issue2569_theory/analysis_tensors/leg7/atlas_ckpt/spectra_03_llama_native_L16.pt
issue2569_theory,issue2569_theory/analysis_tensors/leg7/atlas_ckpt/spectra_03_passb_L14.pt,30665,a5cf03bbe4807361a74c427a46ad329065f75e30,bf66b7940fe089e2010af949b01570f32f346876,5bda25b0cf19b7d68b27d38d56f203b6c26fa28f937e5204107e5100f88b9862,https://huggingface.co/datasets/superkaiba1/explore-persona-space-data/blob/a5cf03bbe4807361a74c427a46ad329065f75e30/issue2569_theory/analysis_tensors/leg7/atlas_ckpt/spectra_03_passb_L14.pt,https://huggingface.co/datasets/superkaiba1/explore-persona-space-data/resolve/a5cf03bbe4807361a74c427a46ad329065f75e30/issue2569_theory/analysis_tensors/leg7/atlas_ckpt/spectra_03_passb_L14.pt
issue2569_theory,issue2569_theory/analysis_tensors/leg7/atlas_ckpt/spectra_04_passb_L16.pt,30665,a5cf03bbe4807361a74c427a46ad329065f75e30,1e843bd80ee5956acfab0e362b0b5af04d9d67d2,3c9be27668dd13ff249f3c3a4e72e22c006c0490440662272eba67718ec4f4ec,https://huggingface.co/datasets/superkaiba1/explore-persona-space-data/blob/a5cf03bbe4807361a74c427a46ad329065f75e30/issue2569_theory/analysis_tensors/leg7/atlas_ckpt/spectra_04_passb_L16.pt,https://huggingface.co/datasets/superkaiba1/explore-persona-space-data/resolve/a5cf03bbe4807361a74c427a46ad329065f75e30/issue2569_theory/analysis_tensors/leg7/atlas_ckpt/spectra_04_passb_L16.pt
issue2569_theory,issue2569_theory/analysis_tensors/leg7/atlas_ckpt/spectra_04_qwen_matched_L14.pt,30714,a5cf03bbe4807361a74c427a46ad329065f75e30,c77a9b255413d826ca23f1eed947cea6071bbc00,a37a7552cce1497d3bfb96cbefaf445ca6d4b9276e2ee89cf627f34e49872b34,https://huggingface.co/datasets/superkaiba1/explore-persona-space-data/blob/a5cf03bbe4807361a74c427a46ad329065f75e30/issue2569_theory/analysis_tensors/leg7/atlas_ckpt/spectra_04_qwen_matched_L14.pt,https://huggingface.co/datasets/superkaiba1/explore-persona-space-data/resolve/a5cf03bbe4807361a74c427a46ad329065f75e30/issue2569_theory/analysis_tensors/leg7/atlas_ckpt/spectra_04_qwen_matched_L14.pt
issue2569_theory,issue2569_theory/analysis_tensors/leg7/atlas_ckpt/spectra_05_composed_L16.pt,63741,a5cf03bbe4807361a74c427a46ad329065f75e30,312d78c7d85712e82fdd1e003c97e20d9fcd5334,02bef3d2c8fa98a23b527e127d9e49944cc025fafe543e57fb93f2e6f6fd250a,https://huggingface.co/datasets/superkaiba1/explore-persona-space-data/blob/a5cf03bbe4807361a74c427a46ad329065f75e30/issue2569_theory/analysis_tensors/leg7/atlas_ckpt/spectra_05_composed_L16.pt,https://huggingface.co/datasets/superkaiba1/explore-persona-space-data/resolve/a5cf03bbe4807361a74c427a46ad329065f75e30/issue2569_theory/analysis_tensors/leg7/atlas_ckpt/spectra_05_composed_L16.pt
issue2569_theory,issue2569_theory/analysis_tensors/leg7/atlas_ckpt/spectra_05_passb_L27.pt,30665,a5cf03bbe4807361a74c427a46ad329065f75e30,a1144649c53590533730edcfe3fe7ac361ff5afc,5aa64493cd15cb6a74c09181819f731f3cbad91e3f2d526e9e52d4afc0c8c37b,https://huggingface.co/datasets/superkaiba1/explore-persona-space-data/blob/a5cf03bbe4807361a74c427a46ad329065f75e30/issue2569_theory/analysis_tensors/leg7/atlas_ckpt/spectra_05_passb_L27.pt,https://huggingface.co/datasets/superkaiba1/explore-persona-space-data/resolve/a5cf03bbe4807361a74c427a46ad329065f75e30/issue2569_theory/analysis_tensors/leg7/atlas_ckpt/spectra_05_passb_L27.pt
issue2569_theory,issue2569_theory/analysis_tensors/leg7/atlas_ckpt/spectra_06_featmap_L19.pt,30679,a5cf03bbe4807361a74c427a46ad329065f75e30,bfa04adec67bcb4ffd3448b339b2e1776e28e2cf,5fd01247575063ecb1508a1d7d914422f2fd715d9d30a126868ec53bf7c9f99f,https://huggingface.co/datasets/superkaiba1/explore-persona-space-data/blob/a5cf03bbe4807361a74c427a46ad329065f75e30/issue2569_theory/analysis_tensors/leg7/atlas_ckpt/spectra_06_featmap_L19.pt,https://huggingface.co/datasets/superkaiba1/explore-persona-space-data/resolve/a5cf03bbe4807361a74c427a46ad329065f75e30/issue2569_theory/analysis_tensors/leg7/atlas_ckpt/spectra_06_featmap_L19.pt
issue2569_theory,issue2569_theory/analysis_tensors/leg7/atlas_ckpt/spectra_06_llama_native_L16.pt,63773,a5cf03bbe4807361a74c427a46ad329065f75e30,7db4ccdf8a241b97bced2d7d23448692c3de1e3c,1be6b196abced90cb458f58d0fe39c46a5f854510aa1f4420a4731710553c801,https://huggingface.co/datasets/superkaiba1/explore-persona-space-data/blob/a5cf03bbe4807361a74c427a46ad329065f75e30/issue2569_theory/analysis_tensors/leg7/atlas_ckpt/spectra_06_llama_native_L16.pt,https://huggingface.co/datasets/superkaiba1/explore-persona-space-data/resolve/a5cf03bbe4807361a74c427a46ad329065f75e30/issue2569_theory/analysis_tensors/leg7/atlas_ckpt/spectra_06_llama_native_L16.pt
issue2569_theory,issue2569_theory/analysis_tensors/leg7/atlas_ckpt/spectra_07_leg6_wmap_cas-bare-con-lr1e5-s42.pt,31018,a5cf03bbe4807361a74c427a46ad329065f75e30,eab1ae25a2501c971517d185c1483512cba62652,7d308eccd1aec4b2931ba9f5661e607d4f892f5e27b1cc427e79c6a949c707a7,https://huggingface.co/datasets/superkaiba1/explore-persona-space-data/blob/a5cf03bbe4807361a74c427a46ad329065f75e30/issue2569_theory/analysis_tensors/leg7/atlas_ckpt/spectra_07_leg6_wmap_cas-bare-con-lr1e5-s42.pt,https://huggingface.co/datasets/superkaiba1/explore-persona-space-data/resolve/a5cf03bbe4807361a74c427a46ad329065f75e30/issue2569_theory/analysis_tensors/leg7/atlas_ckpt/spectra_07_leg6_wmap_cas-bare-con-lr1e5-s42.pt
issue2569_theory,issue2569_theory/analysis_tensors/leg7/atlas_ckpt/spectra_07_qwen_matched_L14.pt,30714,a5cf03bbe4807361a74c427a46ad329065f75e30,71a5519460abe07ecc5bc2747bd92f33c12904f9,3d8a22ba13bd9e78da01a47d54f802a64d0dc6263a1e638b5c8820d62e8580db,https://huggingface.co/datasets/superkaiba1/explore-persona-space-data/blob/a5cf03bbe4807361a74c427a46ad329065f75e30/issue2569_theory/analysis_tensors/leg7/atlas_ckpt/spectra_07_qwen_matched_L14.pt,https://huggingface.co/datasets/superkaiba1/explore-persona-space-data/resolve/a5cf03bbe4807361a74c427a46ad329065f75e30/issue2569_theory/analysis_tensors/leg7/atlas_ckpt/spectra_07_qwen_matched_L14.pt
issue2569_theory,issue2569_theory/analysis_tensors/leg7/atlas_ckpt/spectra_08_composed_L16.pt,63741,a5cf03bbe4807361a74c427a46ad329065f75e30,ed181fec58f55d6b44ae9a438e459bab2b7e27d2,1389017b979e96c4e223feddc2ab5bd2f1adcd018b2c1f62a35f60bd2dd6ee53,https://huggingface.co/datasets/superkaiba1/explore-persona-space-data/blob/a5cf03bbe4807361a74c427a46ad329065f75e30/issue2569_theory/analysis_tensors/leg7/atlas_ckpt/spectra_08_composed_L16.pt,https://huggingface.co/datasets/superkaiba1/explore-persona-space-data/resolve/a5cf03bbe4807361a74c427a46ad329065f75e30/issue2569_theory/analysis_tensors/leg7/atlas_ckpt/spectra_08_composed_L16.pt
issue2569_theory,issue2569_theory/analysis_tensors/leg7/atlas_ckpt/spectra_08_leg6_wmap_cas-pers-con-lr1e5-s42.pt,31018,a5cf03bbe4807361a74c427a46ad329065f75e30,73d8beabd67ce2f72c9239d148400c265b9f89ee,ed8eb64c348d1a2a32f2c3a9e5f1330c62be990e4c9d618027b2e271f59a00cb,https://huggingface.co/datasets/superkaiba1/explore-persona-space-data/blob/a5cf03bbe4807361a74c427a46ad329065f75e30/issue2569_theory/analysis_tensors/leg7/atlas_ckpt/spectra_08_leg6_wmap_cas-pers-con-lr1e5-s42.pt,https://huggingface.co/datasets/superkaiba1/explore-persona-space-data/resolve/a5cf03bbe4807361a74c427a46ad329065f75e30/issue2569_theory/analysis_tensors/leg7/atlas_ckpt/spectra_08_leg6_wmap_cas-pers-con-lr1e5-s42.pt
issue2569_theory,issue2569_theory/analysis_tensors/leg7/atlas_ckpt/spectra_09_featmap_L19.pt,30679,a5cf03bbe4807361a74c427a46ad329065f75e30,253c14748c41af95186aef63f2d817fe70c16be8,d52f84b3fd66e9ba2edd6f845cfc9d8dbe8d4bd5beb0d770d9c36aacab862af9,https://huggingface.co/datasets/superkaiba1/explore-persona-space-data/blob/a5cf03bbe4807361a74c427a46ad329065f75e30/issue2569_theory/analysis_tensors/leg7/atlas_ckpt/spectra_09_featmap_L19.pt,https://huggingface.co/datasets/superkaiba1/explore-persona-space-data/resolve/a5cf03bbe4807361a74c427a46ad329065f75e30/issue2569_theory/analysis_tensors/leg7/atlas_ckpt/spectra_09_featmap_L19.pt
issue2569_theory,issue2569_theory/analysis_tensors/leg7/atlas_ckpt/spectra_09_leg6_wmap_cas-pers-po-lr1e5-s42.pt,31011,a5cf03bbe4807361a74c427a46ad329065f75e30,93ff53c49aab9df678ab2133f364141b0ca405c4,fa0d84a5ce8ab2f9549e4b3abe1ac3c9023d484617dd4b88dec87470effc9842,https://huggingface.co/datasets/superkaiba1/explore-persona-space-data/blob/a5cf03bbe4807361a74c427a46ad329065f75e30/issue2569_theory/analysis_tensors/leg7/atlas_ckpt/spectra_09_leg6_wmap_cas-pers-po-lr1e5-s42.pt,https://huggingface.co/datasets/superkaiba1/explore-persona-space-data/resolve/a5cf03bbe4807361a74c427a46ad329065f75e30/issue2569_theory/analysis_tensors/leg7/atlas_ckpt/spectra_09_leg6_wmap_cas-pers-po-lr1e5-s42.pt
issue2569_theory,issue2569_theory/analysis_tensors/leg7/atlas_ckpt/spectra_10_leg6_wmap_cas-bare-con-lr1e5-s42.pt,31018,a5cf03bbe4807361a74c427a46ad329065f75e30,86e6872f1dddfa4c47941247953c0d4dfd20248d,72d0600de07a21edc42b274e08390decbfe1ddd3cd88a5d3ac72cc3cb1412a05,https://huggingface.co/datasets/superkaiba1/explore-persona-space-data/blob/a5cf03bbe4807361a74c427a46ad329065f75e30/issue2569_theory/analysis_tensors/leg7/atlas_ckpt/spectra_10_leg6_wmap_cas-bare-con-lr1e5-s42.pt,https://huggingface.co/datasets/superkaiba1/explore-persona-space-data/resolve/a5cf03bbe4807361a74c427a46ad329065f75e30/issue2569_theory/analysis_tensors/leg7/atlas_ckpt/spectra_10_leg6_wmap_cas-bare-con-lr1e5-s42.pt
issue2569_theory,issue2569_theory/analysis_tensors/leg7/atlas_ckpt/spectra_10_leg6_wmap_imp-pers-con-lr3e5-s137.pt,31025,a5cf03bbe4807361a74c427a46ad329065f75e30,04e532322fe63c52e26df855cc891ef1f226f184,332a27f641e1a025dcc848046930fe9984cc56eb2a692ca133f7ac5d73286bc6,https://huggingface.co/datasets/superkaiba1/explore-persona-space-data/blob/a5cf03bbe4807361a74c427a46ad329065f75e30/issue2569_theory/analysis_tensors/leg7/atlas_ckpt/spectra_10_leg6_wmap_imp-pers-con-lr3e5-s137.pt,https://huggingface.co/datasets/superkaiba1/explore-persona-space-data/resolve/a5cf03bbe4807361a74c427a46ad329065f75e30/issue2569_theory/analysis_tensors/leg7/atlas_ckpt/spectra_10_leg6_wmap_imp-pers-con-lr3e5-s137.pt
issue2569_theory,issue2569_theory/analysis_tensors/leg7/atlas_ckpt/spectra_11_leg6_wmap_cas-pers-con-lr1e5-s42.pt,31018,a5cf03bbe4807361a74c427a46ad329065f75e30,cea983e69018fc9478baa6fd8b11c9e27003a2d3,56d9b8838d0257c611fa561289822e322267dbabc0aeb4c5c8cbebb4dc018b1b,https://huggingface.co/datasets/superkaiba1/explore-persona-space-data/blob/a5cf03bbe4807361a74c427a46ad329065f75e30/issue2569_theory/analysis_tensors/leg7/atlas_ckpt/spectra_11_leg6_wmap_cas-pers-con-lr1e5-s42.pt,https://huggingface.co/datasets/superkaiba1/explore-persona-space-data/resolve/a5cf03bbe4807361a74c427a46ad329065f75e30/issue2569_theory/analysis_tensors/leg7/atlas_ckpt/spectra_11_leg6_wmap_cas-pers-con-lr1e5-s42.pt
issue2569_theory,issue2569_theory/analysis_tensors/leg7/atlas_ckpt/spectra_11_leg6_wmap_imp-pers-con-lr3e5-s42.pt,31018,a5cf03bbe4807361a74c427a46ad329065f75e30,e6e399e0e5dd44395d6b3d21033c9ad9d032c454,14f1fce2794e85ba0e6a4a20142e1b4dd8537b7d843b81f99436616e69181bf4,https://huggingface.co/datasets/superkaiba1/explore-persona-space-data/blob/a5cf03bbe4807361a74c427a46ad329065f75e30/issue2569_theory/analysis_tensors/leg7/atlas_ckpt/spectra_11_leg6_wmap_imp-pers-con-lr3e5-s42.pt,https://huggingface.co/datasets/superkaiba1/explore-persona-space-data/resolve/a5cf03bbe4807361a74c427a46ad329065f75e30/issue2569_theory/analysis_tensors/leg7/atlas_ckpt/spectra_11_leg6_wmap_imp-pers-con-lr3e5-s42.pt
issue2569_theory,issue2569_theory/analysis_tensors/leg7/atlas_ckpt/spectra_12_leg6_wmap_cas-pers-po-lr1e5-s42.pt,31011,a5cf03bbe4807361a74c427a46ad329065f75e30,f58b77bed034cd81c101f31e724f7c9dbb229a1b,c3a7b6d424f225d05f306db3f80fa51cd69ab7c75ba24ee609b2c86aedf8ca36,https://huggingface.co/datasets/superkaiba1/explore-persona-space-data/blob/a5cf03bbe4807361a74c427a46ad329065f75e30/issue2569_theory/analysis_tensors/leg7/atlas_ckpt/spectra_12_leg6_wmap_cas-pers-po-lr1e5-s42.pt,https://huggingface.co/datasets/superkaiba1/explore-persona-space-data/resolve/a5cf03bbe4807361a74c427a46ad329065f75e30/issue2569_theory/analysis_tensors/leg7/atlas_ckpt/spectra_12_leg6_wmap_cas-pers-po-lr1e5-s42.pt
issue2569_theory,issue2569_theory/analysis_tensors/leg7/atlas_ckpt/spectra_12_leg6_wmap_imp-pers-po-lr1e5-s42.pt,31011,a5cf03bbe4807361a74c427a46ad329065f75e30,ca35381703242ac41f578ad2e80559db71bdb031,ebb97cf89aa73e550d3f79791fca561d41d39cd4330b0da5ae30bdc65a08c26e,https://huggingface.co/datasets/superkaiba1/explore-persona-space-data/blob/a5cf03bbe4807361a74c427a46ad329065f75e30/issue2569_theory/analysis_tensors/leg7/atlas_ckpt/spectra_12_leg6_wmap_imp-pers-po-lr1e5-s42.pt,https://huggingface.co/datasets/superkaiba1/explore-persona-space-data/resolve/a5cf03bbe4807361a74c427a46ad329065f75e30/issue2569_theory/analysis_tensors/leg7/atlas_ckpt/spectra_12_leg6_wmap_imp-pers-po-lr1e5-s42.pt
issue2569_theory,issue2569_theory/analysis_tensors/leg7/atlas_ckpt/spectra_13_leg6_wmap_imp-pers-con-lr3e5-s137.pt,31025,a5cf03bbe4807361a74c427a46ad329065f75e30,65133fcd1a99d8aa5baf85224225670c2fb3047b,aae58f1584b4b9fb95c53b54b036a6395116714624b58748e1791562a9af2bcb,https://huggingface.co/datasets/superkaiba1/explore-persona-space-data/blob/a5cf03bbe4807361a74c427a46ad329065f75e30/issue2569_theory/analysis_tensors/leg7/atlas_ckpt/spectra_13_leg6_wmap_imp-pers-con-lr3e5-s137.pt,https://huggingface.co/datasets/superkaiba1/explore-persona-space-data/resolve/a5cf03bbe4807361a74c427a46ad329065f75e30/issue2569_theory/analysis_tensors/leg7/atlas_ckpt/spectra_13_leg6_wmap_imp-pers-con-lr3e5-s137.pt
issue2569_theory,issue2569_theory/analysis_tensors/leg7/atlas_ckpt/spectra_13_leg6_wmap_syc-bare-con-lr1e5-s42.pt,31018,a5cf03bbe4807361a74c427a46ad329065f75e30,76d5558aca8625a8c0667557f4b3583a78e01010,a18e6f2c28899a6a5fb1c86977a1f6a78482328605e789529e9c8c124b959c51,https://huggingface.co/datasets/superkaiba1/explore-persona-space-data/blob/a5cf03bbe4807361a74c427a46ad329065f75e30/issue2569_theory/analysis_tensors/leg7/atlas_ckpt/spectra_13_leg6_wmap_syc-bare-con-lr1e5-s42.pt,https://huggingface.co/datasets/superkaiba1/explore-persona-space-data/resolve/a5cf03bbe4807361a74c427a46ad329065f75e30/issue2569_theory/analysis_tensors/leg7/atlas_ckpt/spectra_13_leg6_wmap_syc-bare-con-lr1e5-s42.pt
issue2569_theory,issue2569_theory/analysis_tensors/leg7/atlas_ckpt/spectra_14_leg6_wmap_imp-pers-con-lr3e5-s42.pt,31018,a5cf03bbe4807361a74c427a46ad329065f75e30,b881ed55960452651c30e65af7ee87e4dcbdefd4,dc26bbb44c0e62d3e6db075f4f57a5811478c47c9ef2cc1ed98ceea48e9c8429,https://huggingface.co/datasets/superkaiba1/explore-persona-space-data/blob/a5cf03bbe4807361a74c427a46ad329065f75e30/issue2569_theory/analysis_tensors/leg7/atlas_ckpt/spectra_14_leg6_wmap_imp-pers-con-lr3e5-s42.pt,https://huggingface.co/datasets/superkaiba1/explore-persona-space-data/resolve/a5cf03bbe4807361a74c427a46ad329065f75e30/issue2569_theory/analysis_tensors/leg7/atlas_ckpt/spectra_14_leg6_wmap_imp-pers-con-lr3e5-s42.pt
issue2569_theory,issue2569_theory/analysis_tensors/leg7/atlas_ckpt/spectra_14_leg6_wmap_syc-conv-con-lr1e5-s42.pt,31018,a5cf03bbe4807361a74c427a46ad329065f75e30,1d434393948812807a3f07bb8165447164c11f70,814e8e01498a3f02ef5526b4e0b1a66213368db6a52f5a067fbf73df7daf110f,https://huggingface.co/datasets/superkaiba1/explore-persona-space-data/blob/a5cf03bbe4807361a74c427a46ad329065f75e30/issue2569_theory/analysis_tensors/leg7/atlas_ckpt/spectra_14_leg6_wmap_syc-conv-con-lr1e5-s42.pt,https://huggingface.co/datasets/superkaiba1/explore-persona-space-data/resolve/a5cf03bbe4807361a74c427a46ad329065f75e30/issue2569_theory/analysis_tensors/leg7/atlas_ckpt/spectra_14_leg6_wmap_syc-conv-con-lr1e5-s42.pt
issue2569_theory,issue2569_theory/analysis_tensors/leg7/atlas_ckpt/spectra_15_leg6_wmap_imp-pers-po-lr1e5-s42.pt,31011,a5cf03bbe4807361a74c427a46ad329065f75e30,41081fd9301e92846038b53da4fe672be720e440,b732d73a3acd4a05070a6b5edd77208ebca80dea37967566eff2af20d7a98a13,https://huggingface.co/datasets/superkaiba1/explore-persona-space-data/blob/a5cf03bbe4807361a74c427a46ad329065f75e30/issue2569_theory/analysis_tensors/leg7/atlas_ckpt/spectra_15_leg6_wmap_imp-pers-po-lr1e5-s42.pt,https://huggingface.co/datasets/superkaiba1/explore-persona-space-data/resolve/a5cf03bbe4807361a74c427a46ad329065f75e30/issue2569_theory/analysis_tensors/leg7/atlas_ckpt/spectra_15_leg6_wmap_imp-pers-po-lr1e5-s42.pt
issue2569_theory,issue2569_theory/analysis_tensors/leg7/atlas_ckpt/spectra_15_leg6_wmap_syc-pers-po-lr1e5-s42.pt,31011,a5cf03bbe4807361a74c427a46ad329065f75e30,8008394f768bf197da044aa7160af85adb8ffb11,fbb3365e4ea1fb55d36d3c1018b30f331908b977b3c68b82291652312f7fe9c7,https://huggingface.co/datasets/superkaiba1/explore-persona-space-data/blob/a5cf03bbe4807361a74c427a46ad329065f75e30/issue2569_theory/analysis_tensors/leg7/atlas_ckpt/spectra_15_leg6_wmap_syc-pers-po-lr1e5-s42.pt,https://huggingface.co/datasets/superkaiba1/explore-persona-space-data/resolve/a5cf03bbe4807361a74c427a46ad329065f75e30/issue2569_theory/analysis_tensors/leg7/atlas_ckpt/spectra_15_leg6_wmap_syc-pers-po-lr1e5-s42.pt
issue2569_theory,issue2569_theory/analysis_tensors/leg7/atlas_ckpt/spectra_16_leg6_wmap_syc-bare-con-lr1e5-s42.pt,31018,a5cf03bbe4807361a74c427a46ad329065f75e30,a70f35ee1fce7d201625c10ec75d1d1f087aa447,a37dd9077c1da8f5a4b5c662cbfe34c0fe516c4d45559035756dadd4f8d0e283,https://huggingface.co/datasets/superkaiba1/explore-persona-space-data/blob/a5cf03bbe4807361a74c427a46ad329065f75e30/issue2569_theory/analysis_tensors/leg7/atlas_ckpt/spectra_16_leg6_wmap_syc-bare-con-lr1e5-s42.pt,https://huggingface.co/datasets/superkaiba1/explore-persona-space-data/resolve/a5cf03bbe4807361a74c427a46ad329065f75e30/issue2569_theory/analysis_tensors/leg7/atlas_ckpt/spectra_16_leg6_wmap_syc-bare-con-lr1e5-s42.pt
issue2569_theory,issue2569_theory/analysis_tensors/leg7/atlas_ckpt/spectra_17_leg6_wmap_syc-conv-con-lr1e5-s42.pt,31018,a5cf03bbe4807361a74c427a46ad329065f75e30,86f5b5135849857eb1db0791f667c533f3b35274,6876c9274a346cd56447312311a59c71a6c38097e3f6e3dddda9dd6b7db73980,https://huggingface.co/datasets/superkaiba1/explore-persona-space-data/blob/a5cf03bbe4807361a74c427a46ad329065f75e30/issue2569_theory/analysis_tensors/leg7/atlas_ckpt/spectra_17_leg6_wmap_syc-conv-con-lr1e5-s42.pt,https://huggingface.co/datasets/superkaiba1/explore-persona-space-data/resolve/a5cf03bbe4807361a74c427a46ad329065f75e30/issue2569_theory/analysis_tensors/leg7/atlas_ckpt/spectra_17_leg6_wmap_syc-conv-con-lr1e5-s42.pt
issue2569_theory,issue2569_theory/analysis_tensors/leg7/atlas_ckpt/spectra_18_leg6_wmap_syc-pers-po-lr1e5-s42.pt,31011,a5cf03bbe4807361a74c427a46ad329065f75e30,b297e7d487bfd3986f6f7204c26334572b5ef0de,0d2a407de7c82dd008b2c6410f0678e26a6482467f74274c506fc6883ef937d1,https://huggingface.co/datasets/superkaiba1/explore-persona-space-data/blob/a5cf03bbe4807361a74c427a46ad329065f75e30/issue2569_theory/analysis_tensors/leg7/atlas_ckpt/spectra_18_leg6_wmap_syc-pers-po-lr1e5-s42.pt,https://huggingface.co/datasets/superkaiba1/explore-persona-space-data/resolve/a5cf03bbe4807361a74c427a46ad329065f75e30/issue2569_theory/analysis_tensors/leg7/atlas_ckpt/spectra_18_leg6_wmap_syc-pers-po-lr1e5-s42.pt
issue2569_theory,issue2569_theory/analysis_tensors/leg7/atlas_distances.json,179486,a5cf03bbe4807361a74c427a46ad329065f75e30,dd186430387d13e29c012e77304d3d2112788a65,,https://huggingface.co/datasets/superkaiba1/explore-persona-space-data/blob/a5cf03bbe4807361a74c427a46ad329065f75e30/issue2569_theory/analysis_tensors/leg7/atlas_distances.json,https://huggingface.co/datasets/superkaiba1/explore-persona-space-data/resolve/a5cf03bbe4807361a74c427a46ad329065f75e30/issue2569_theory/analysis_tensors/leg7/atlas_distances.json
issue2569_theory,issue2569_theory/analysis_tensors/leg7/atlas_distances.pre_passb_recovery.json,130752,a5cf03bbe4807361a74c427a46ad329065f75e30,eb2111cfe3c0276bbeab2dce4cdb402bdd772095,,https://huggingface.co/datasets/superkaiba1/explore-persona-space-data/blob/a5cf03bbe4807361a74c427a46ad329065f75e30/issue2569_theory/analysis_tensors/leg7/atlas_distances.pre_passb_recovery.json,https://huggingface.co/datasets/superkaiba1/explore-persona-space-data/resolve/a5cf03bbe4807361a74c427a46ad329065f75e30/issue2569_theory/analysis_tensors/leg7/atlas_distances.pre_passb_recovery.json
issue2569_theory,issue2569_theory/analysis_tensors/leg7/three_tier.json,26855,a5cf03bbe4807361a74c427a46ad329065f75e30,e00768f518213787e111a92ff8bc6cbd554ce0f0,,https://huggingface.co/datasets/superkaiba1/explore-persona-space-data/blob/a5cf03bbe4807361a74c427a46ad329065f75e30/issue2569_theory/analysis_tensors/leg7/three_tier.json,https://huggingface.co/datasets/superkaiba1/explore-persona-space-data/resolve/a5cf03bbe4807361a74c427a46ad329065f75e30/issue2569_theory/analysis_tensors/leg7/three_tier.json
issue2569_theory,issue2569_theory/analysis_tensors/leg8/ans_len.npy,7718880,a5cf03bbe4807361a74c427a46ad329065f75e30,4522d16ec71c21c2e5e0e94f1f676eda238049e0,e3a63358ed5af7a6b9536bb743ad3e475e4e3723fc30f56b5619886c9265783e,https://huggingface.co/datasets/superkaiba1/explore-persona-space-data/blob/a5cf03bbe4807361a74c427a46ad329065f75e30/issue2569_theory/analysis_tensors/leg8/ans_len.npy,https://huggingface.co/datasets/superkaiba1/explore-persona-space-data/resolve/a5cf03bbe4807361a74c427a46ad329065f75e30/issue2569_theory/analysis_tensors/leg8/ans_len.npy
issue2569_theory,issue2569_theory/analysis_tensors/leg8/kernel_pairs.json,806374,a5cf03bbe4807361a74c427a46ad329065f75e30,4a54dbf7906f0de102881a8a407ff4dbfe4a9a2c,,https://huggingface.co/datasets/superkaiba1/explore-persona-space-data/blob/a5cf03bbe4807361a74c427a46ad329065f75e30/issue2569_theory/analysis_tensors/leg8/kernel_pairs.json,https://huggingface.co/datasets/superkaiba1/explore-persona-space-data/resolve/a5cf03bbe4807361a74c427a46ad329065f75e30/issue2569_theory/analysis_tensors/leg8/kernel_pairs.json
issue2569_theory,issue2569_theory/analysis_tensors/leg8/local_regime.json,248,a5cf03bbe4807361a74c427a46ad329065f75e30,e602657aca1b32e8dbe2518701617ca074e5ecc4,,https://huggingface.co/datasets/superkaiba1/explore-persona-space-data/blob/a5cf03bbe4807361a74c427a46ad329065f75e30/issue2569_theory/analysis_tensors/leg8/local_regime.json,https://huggingface.co/datasets/superkaiba1/explore-persona-space-data/resolve/a5cf03bbe4807361a74c427a46ad329065f75e30/issue2569_theory/analysis_tensors/leg8/local_regime.json
issue2569_theory,issue2569_theory/analysis_tensors/leg8/mining_summary.json,2785,a5cf03bbe4807361a74c427a46ad329065f75e30,165c53c572bb1bb3b0b684d0970f8e655e07da88,,https://huggingface.co/datasets/superkaiba1/explore-persona-space-data/blob/a5cf03bbe4807361a74c427a46ad329065f75e30/issue2569_theory/analysis_tensors/leg8/mining_summary.json,https://huggingface.co/datasets/superkaiba1/explore-persona-space-data/resolve/a5cf03bbe4807361a74c427a46ad329065f75e30/issue2569_theory/analysis_tensors/leg8/mining_summary.json
issue2569_theory,issue2569_theory/analysis_tensors/leg8/regime.json,1612,a5cf03bbe4807361a74c427a46ad329065f75e30,9c4bdf6287bc5092a98ab9c18b6da05b19068f43,,https://huggingface.co/datasets/superkaiba1/explore-persona-space-data/blob/a5cf03bbe4807361a74c427a46ad329065f75e30/issue2569_theory/analysis_tensors/leg8/regime.json,https://huggingface.co/datasets/superkaiba1/explore-persona-space-data/resolve/a5cf03bbe4807361a74c427a46ad329065f75e30/issue2569_theory/analysis_tensors/leg8/regime.json
issue2569_theory,issue2569_theory/analysis_tensors/moments/gram_xx.pt,102791341,a5cf03bbe4807361a74c427a46ad329065f75e30,7174cec39000109a9f919f4edd1d77c41c86ac76,ad64bc1717c4bf490f901fe632fd9ac8a68a6c00c668ea6495cc4024f16cf7bd,https://huggingface.co/datasets/superkaiba1/explore-persona-space-data/blob/a5cf03bbe4807361a74c427a46ad329065f75e30/issue2569_theory/analysis_tensors/moments/gram_xx.pt,https://huggingface.co/datasets/superkaiba1/explore-persona-space-data/resolve/a5cf03bbe4807361a74c427a46ad329065f75e30/issue2569_theory/analysis_tensors/moments/gram_xx.pt
issue2569_theory,issue2569_theory/analysis_tensors/moments/gram_xy.pt,102820218,a5cf03bbe4807361a74c427a46ad329065f75e30,ca6f903223c24d368d52e6f844550052e1515803,264b32282e02b5b264f407fa3b4204dbd737ced411386838fd7100d79583c30b,https://huggingface.co/datasets/superkaiba1/explore-persona-space-data/blob/a5cf03bbe4807361a74c427a46ad329065f75e30/issue2569_theory/analysis_tensors/moments/gram_xy.pt,https://huggingface.co/datasets/superkaiba1/explore-persona-space-data/resolve/a5cf03bbe4807361a74c427a46ad329065f75e30/issue2569_theory/analysis_tensors/moments/gram_xy.pt
issue2569_theory,issue2569_theory/analysis_tensors/moments/gram_yy.pt,102791341,a5cf03bbe4807361a74c427a46ad329065f75e30,988f07cf118da7aa6f06b9f44aae1b78500d2074,1579cda36f6845590d7357ec1f06f1f3e49da067442333bacec5f3e7a81acaef,https://huggingface.co/datasets/superkaiba1/explore-persona-space-data/blob/a5cf03bbe4807361a74c427a46ad329065f75e30/issue2569_theory/analysis_tensors/moments/gram_yy.pt,https://huggingface.co/datasets/superkaiba1/explore-persona-space-data/resolve/a5cf03bbe4807361a74c427a46ad329065f75e30/issue2569_theory/analysis_tensors/moments/gram_yy.pt
issue2569_theory,issue2569_theory/analysis_tensors/moments/moments_meta.json,703,a5cf03bbe4807361a74c427a46ad329065f75e30,a12a5e4b2f8b4ea7eb82330211df83fa3731c8d1,,https://huggingface.co/datasets/superkaiba1/explore-persona-space-data/blob/a5cf03bbe4807361a74c427a46ad329065f75e30/issue2569_theory/analysis_tensors/moments/moments_meta.json,https://huggingface.co/datasets/superkaiba1/explore-persona-space-data/resolve/a5cf03bbe4807361a74c427a46ad329065f75e30/issue2569_theory/analysis_tensors/moments/moments_meta.json
issue2569_theory,issue2569_theory/analysis_tensors/moments/regime.json,1615,a5cf03bbe4807361a74c427a46ad329065f75e30,b2c94765ac80b911b44761bc4f7c190305f39760,,https://huggingface.co/datasets/superkaiba1/explore-persona-space-data/blob/a5cf03bbe4807361a74c427a46ad329065f75e30/issue2569_theory/analysis_tensors/moments/regime.json,https://huggingface.co/datasets/superkaiba1/explore-persona-space-data/resolve/a5cf03bbe4807361a74c427a46ad329065f75e30/issue2569_theory/analysis_tensors/moments/regime.json
issue2569_theory,issue2569_theory/analysis_tensors/moments/splithalf_maps.pt,822377069,a5cf03bbe4807361a74c427a46ad329065f75e30,f60db60eeb026c40ad4bad3982b2be11db3f4129,3a25c785f091c062963ea75f7bd4b388ac7d954c2139492e729c941cc463ab4e,https://huggingface.co/datasets/superkaiba1/explore-persona-space-data/blob/a5cf03bbe4807361a74c427a46ad329065f75e30/issue2569_theory/analysis_tensors/moments/splithalf_maps.pt,https://huggingface.co/datasets/superkaiba1/explore-persona-space-data/resolve/a5cf03bbe4807361a74c427a46ad329065f75e30/issue2569_theory/analysis_tensors/moments/splithalf_maps.pt
issue2569_theory,issue2569_theory/analysis_tensors/sae_ctx/ae.pt,1879327837,a5cf03bbe4807361a74c427a46ad329065f75e30,2b8b1d9073dfc33e23c8a0894e92ca6740effab5,728a7ab697cca8c02fc26964dd17d5f8c1c583829a0a46a85139c5ee7d163717,https://huggingface.co/datasets/superkaiba1/explore-persona-space-data/blob/a5cf03bbe4807361a74c427a46ad329065f75e30/issue2569_theory/analysis_tensors/sae_ctx/ae.pt,https://huggingface.co/datasets/superkaiba1/explore-persona-space-data/resolve/a5cf03bbe4807361a74c427a46ad329065f75e30/issue2569_theory/analysis_tensors/sae_ctx/ae.pt
issue2569_theory,issue2569_theory/analysis_tensors/sae_ctx/alive_union.json,710353,a5cf03bbe4807361a74c427a46ad329065f75e30,d546db0a22526bd20ed819966cba46bbd472e6ae,,https://huggingface.co/datasets/superkaiba1/explore-persona-space-data/blob/a5cf03bbe4807361a74c427a46ad329065f75e30/issue2569_theory/analysis_tensors/sae_ctx/alive_union.json,https://huggingface.co/datasets/superkaiba1/explore-persona-space-data/resolve/a5cf03bbe4807361a74c427a46ad329065f75e30/issue2569_theory/analysis_tensors/sae_ctx/alive_union.json
issue2569_theory,issue2569_theory/analysis_tensors/sae_ctx/config.json,1035,a5cf03bbe4807361a74c427a46ad329065f75e30,025f83f6493991400fccff1394eec50738054de0,,https://huggingface.co/datasets/superkaiba1/explore-persona-space-data/blob/a5cf03bbe4807361a74c427a46ad329065f75e30/issue2569_theory/analysis_tensors/sae_ctx/config.json,https://huggingface.co/datasets/superkaiba1/explore-persona-space-data/resolve/a5cf03bbe4807361a74c427a46ad329065f75e30/issue2569_theory/analysis_tensors/sae_ctx/config.json
issue2569_theory,issue2569_theory/analysis_tensors/sae_ctx/gates_sae_ctx.json,538,a5cf03bbe4807361a74c427a46ad329065f75e30,0a238283cd85c651d658f4867a3c4d9a67d2aaab,,https://huggingface.co/datasets/superkaiba1/explore-persona-space-data/blob/a5cf03bbe4807361a74c427a46ad329065f75e30/issue2569_theory/analysis_tensors/sae_ctx/gates_sae_ctx.json,https://huggingface.co/datasets/superkaiba1/explore-persona-space-data/resolve/a5cf03bbe4807361a74c427a46ad329065f75e30/issue2569_theory/analysis_tensors/sae_ctx/gates_sae_ctx.json
issue2569_theory,issue2569_theory/analysis_tensors/sae_ctx/regime.json,1616,a5cf03bbe4807361a74c427a46ad329065f75e30,5f97abe1b9259b511e549d6b4613228755b73a28,,https://huggingface.co/datasets/superkaiba1/explore-persona-space-data/blob/a5cf03bbe4807361a74c427a46ad329065f75e30/issue2569_theory/analysis_tensors/sae_ctx/regime.json,https://huggingface.co/datasets/superkaiba1/explore-persona-space-data/resolve/a5cf03bbe4807361a74c427a46ad329065f75e30/issue2569_theory/analysis_tensors/sae_ctx/regime.json
issue2569_theory,issue2569_theory/analysis_tensors/sae_ctx/train_log.json,1917,a5cf03bbe4807361a74c427a46ad329065f75e30,15edd4a8bfbb28c52528182242afd10bf8c18267,,https://huggingface.co/datasets/superkaiba1/explore-persona-space-data/blob/a5cf03bbe4807361a74c427a46ad329065f75e30/issue2569_theory/analysis_tensors/sae_ctx/train_log.json,https://huggingface.co/datasets/superkaiba1/explore-persona-space-data/resolve/a5cf03bbe4807361a74c427a46ad329065f75e30/issue2569_theory/analysis_tensors/sae_ctx/train_log.json
issue2569_theory,issue2569_theory/analysis_tensors/weights/leg1/alpha_lowrank_L14.json,178136,a5cf03bbe4807361a74c427a46ad329065f75e30,8b3f1e41fba1a21f9fcc21a0b7560e58e2a62985,,https://huggingface.co/datasets/superkaiba1/explore-persona-space-data/blob/a5cf03bbe4807361a74c427a46ad329065f75e30/issue2569_theory/analysis_tensors/weights/leg1/alpha_lowrank_L14.json,https://huggingface.co/datasets/superkaiba1/explore-persona-space-data/resolve/a5cf03bbe4807361a74c427a46ad329065f75e30/issue2569_theory/analysis_tensors/weights/leg1/alpha_lowrank_L14.json
issue2569_theory,issue2569_theory/analysis_tensors/weights/leg1/alpha_lowrank_L19.json,178764,a5cf03bbe4807361a74c427a46ad329065f75e30,aff53668ba3721df4907e341222bbfd8c07e9363,,https://huggingface.co/datasets/superkaiba1/explore-persona-space-data/blob/a5cf03bbe4807361a74c427a46ad329065f75e30/issue2569_theory/analysis_tensors/weights/leg1/alpha_lowrank_L19.json,https://huggingface.co/datasets/superkaiba1/explore-persona-space-data/resolve/a5cf03bbe4807361a74c427a46ad329065f75e30/issue2569_theory/analysis_tensors/weights/leg1/alpha_lowrank_L19.json
issue2569_theory,issue2569_theory/analysis_tensors/weights/leg1/alpha_lowrank_L26.json,179514,a5cf03bbe4807361a74c427a46ad329065f75e30,111383d05fb74859d9db389c40a9c62d19e0f81e,,https://huggingface.co/datasets/superkaiba1/explore-persona-space-data/blob/a5cf03bbe4807361a74c427a46ad329065f75e30/issue2569_theory/analysis_tensors/weights/leg1/alpha_lowrank_L26.json,https://huggingface.co/datasets/superkaiba1/explore-persona-space-data/resolve/a5cf03bbe4807361a74c427a46ad329065f75e30/issue2569_theory/analysis_tensors/weights/leg1/alpha_lowrank_L26.json
issue2569_theory,issue2569_theory/analysis_tensors/weights/leg1/anatomy_L14.json,246732,a5cf03bbe4807361a74c427a46ad329065f75e30,4e2631840b35297db6a284b8063b79cb20a7ef2c,,https://huggingface.co/datasets/superkaiba1/explore-persona-space-data/blob/a5cf03bbe4807361a74c427a46ad329065f75e30/issue2569_theory/analysis_tensors/weights/leg1/anatomy_L14.json,https://huggingface.co/datasets/superkaiba1/explore-persona-space-data/resolve/a5cf03bbe4807361a74c427a46ad329065f75e30/issue2569_theory/analysis_tensors/weights/leg1/anatomy_L14.json
issue2569_theory,issue2569_theory/analysis_tensors/weights/leg1/anatomy_L19.json,248526,a5cf03bbe4807361a74c427a46ad329065f75e30,8f2b6e43cc095c121808d9f3596d426907ca3792,,https://huggingface.co/datasets/superkaiba1/explore-persona-space-data/blob/a5cf03bbe4807361a74c427a46ad329065f75e30/issue2569_theory/analysis_tensors/weights/leg1/anatomy_L19.json,https://huggingface.co/datasets/superkaiba1/explore-persona-space-data/resolve/a5cf03bbe4807361a74c427a46ad329065f75e30/issue2569_theory/analysis_tensors/weights/leg1/anatomy_L19.json
issue2569_theory,issue2569_theory/analysis_tensors/weights/leg1/anatomy_L26.json,250179,a5cf03bbe4807361a74c427a46ad329065f75e30,c8950ed572e762b7618e1a7b4daa9ff972a00250,,https://huggingface.co/datasets/superkaiba1/explore-persona-space-data/blob/a5cf03bbe4807361a74c427a46ad329065f75e30/issue2569_theory/analysis_tensors/weights/leg1/anatomy_L26.json,https://huggingface.co/datasets/superkaiba1/explore-persona-space-data/resolve/a5cf03bbe4807361a74c427a46ad329065f75e30/issue2569_theory/analysis_tensors/weights/leg1/anatomy_L26.json
issue2569_theory,issue2569_theory/analysis_tensors/weights/leg1/criterion_L14.json,7105,a5cf03bbe4807361a74c427a46ad329065f75e30,be488e239f29b4d3d93851e5e8628c6730663e8f,,https://huggingface.co/datasets/superkaiba1/explore-persona-space-data/blob/a5cf03bbe4807361a74c427a46ad329065f75e30/issue2569_theory/analysis_tensors/weights/leg1/criterion_L14.json,https://huggingface.co/datasets/superkaiba1/explore-persona-space-data/resolve/a5cf03bbe4807361a74c427a46ad329065f75e30/issue2569_theory/analysis_tensors/weights/leg1/criterion_L14.json
issue2569_theory,issue2569_theory/analysis_tensors/weights/leg1/criterion_L19.json,6691,a5cf03bbe4807361a74c427a46ad329065f75e30,ff13be4251dcd5e138bc4a0e5f87b97b8db28c60,,https://huggingface.co/datasets/superkaiba1/explore-persona-space-data/blob/a5cf03bbe4807361a74c427a46ad329065f75e30/issue2569_theory/analysis_tensors/weights/leg1/criterion_L19.json,https://huggingface.co/datasets/superkaiba1/explore-persona-space-data/resolve/a5cf03bbe4807361a74c427a46ad329065f75e30/issue2569_theory/analysis_tensors/weights/leg1/criterion_L19.json
issue2569_theory,issue2569_theory/analysis_tensors/weights/leg1/criterion_L26.json,6957,a5cf03bbe4807361a74c427a46ad329065f75e30,e51f9ce604a96c416ff48d0ab711c05d286f16dd,,https://huggingface.co/datasets/superkaiba1/explore-persona-space-data/blob/a5cf03bbe4807361a74c427a46ad329065f75e30/issue2569_theory/analysis_tensors/weights/leg1/criterion_L26.json,https://huggingface.co/datasets/superkaiba1/explore-persona-space-data/resolve/a5cf03bbe4807361a74c427a46ad329065f75e30/issue2569_theory/analysis_tensors/weights/leg1/criterion_L26.json
issue2569_theory,issue2569_theory/analysis_tensors/weights/leg1/dw_mass_L14.json,1544,a5cf03bbe4807361a74c427a46ad329065f75e30,f2e898d543380f70bcf4f3ee4cc84fe676e6b475,,https://huggingface.co/datasets/superkaiba1/explore-persona-space-data/blob/a5cf03bbe4807361a74c427a46ad329065f75e30/issue2569_theory/analysis_tensors/weights/leg1/dw_mass_L14.json,https://huggingface.co/datasets/superkaiba1/explore-persona-space-data/resolve/a5cf03bbe4807361a74c427a46ad329065f75e30/issue2569_theory/analysis_tensors/weights/leg1/dw_mass_L14.json
issue2569_theory,issue2569_theory/analysis_tensors/weights/leg1/dw_mass_L19.json,95400,a5cf03bbe4807361a74c427a46ad329065f75e30,584397b390d4b63482675823ba66e8a7acb961e0,,https://huggingface.co/datasets/superkaiba1/explore-persona-space-data/blob/a5cf03bbe4807361a74c427a46ad329065f75e30/issue2569_theory/analysis_tensors/weights/leg1/dw_mass_L19.json,https://huggingface.co/datasets/superkaiba1/explore-persona-space-data/resolve/a5cf03bbe4807361a74c427a46ad329065f75e30/issue2569_theory/analysis_tensors/weights/leg1/dw_mass_L19.json
issue2569_theory,issue2569_theory/analysis_tensors/weights/leg1/dw_mass_L26.json,1607,a5cf03bbe4807361a74c427a46ad329065f75e30,b51599fd1d1b37e84b2f89e9459f5259b126b4d6,,https://huggingface.co/datasets/superkaiba1/explore-persona-space-data/blob/a5cf03bbe4807361a74c427a46ad329065f75e30/issue2569_theory/analysis_tensors/weights/leg1/dw_mass_L26.json,https://huggingface.co/datasets/superkaiba1/explore-persona-space-data/resolve/a5cf03bbe4807361a74c427a46ad329065f75e30/issue2569_theory/analysis_tensors/weights/leg1/dw_mass_L26.json
issue2569_theory,issue2569_theory/analysis_tensors/weights/leg1/entry_asserts_L14.json,2642,a5cf03bbe4807361a74c427a46ad329065f75e30,7edf4edab923eb341927604d63d4394a1eed31de,,https://huggingface.co/datasets/superkaiba1/explore-persona-space-data/blob/a5cf03bbe4807361a74c427a46ad329065f75e30/issue2569_theory/analysis_tensors/weights/leg1/entry_asserts_L14.json,https://huggingface.co/datasets/superkaiba1/explore-persona-space-data/resolve/a5cf03bbe4807361a74c427a46ad329065f75e30/issue2569_theory/analysis_tensors/weights/leg1/entry_asserts_L14.json
issue2569_theory,issue2569_theory/analysis_tensors/weights/leg1/entry_asserts_L19.json,2641,a5cf03bbe4807361a74c427a46ad329065f75e30,169682f90e2607f67ad5b4cff2f8f5f9ec1de3a2,,https://huggingface.co/datasets/superkaiba1/explore-persona-space-data/blob/a5cf03bbe4807361a74c427a46ad329065f75e30/issue2569_theory/analysis_tensors/weights/leg1/entry_asserts_L19.json,https://huggingface.co/datasets/superkaiba1/explore-persona-space-data/resolve/a5cf03bbe4807361a74c427a46ad329065f75e30/issue2569_theory/analysis_tensors/weights/leg1/entry_asserts_L19.json
issue2569_theory,issue2569_theory/analysis_tensors/weights/leg1/entry_asserts_L26.json,2641,a5cf03bbe4807361a74c427a46ad329065f75e30,df4020781a0f1b3785cfccf39505c020fcb4a8e7,,https://huggingface.co/datasets/superkaiba1/explore-persona-space-data/blob/a5cf03bbe4807361a74c427a46ad329065f75e30/issue2569_theory/analysis_tensors/weights/leg1/entry_asserts_L26.json,https://huggingface.co/datasets/superkaiba1/explore-persona-space-data/resolve/a5cf03bbe4807361a74c427a46ad329065f75e30/issue2569_theory/analysis_tensors/weights/leg1/entry_asserts_L26.json
issue2569_theory,issue2569_theory/analysis_tensors/weights/leg1/factor_L14.json,9618,a5cf03bbe4807361a74c427a46ad329065f75e30,efaa32abe5e38b3da0295ee2707539cbe5cbf494,,https://huggingface.co/datasets/superkaiba1/explore-persona-space-data/blob/a5cf03bbe4807361a74c427a46ad329065f75e30/issue2569_theory/analysis_tensors/weights/leg1/factor_L14.json,https://huggingface.co/datasets/superkaiba1/explore-persona-space-data/resolve/a5cf03bbe4807361a74c427a46ad329065f75e30/issue2569_theory/analysis_tensors/weights/leg1/factor_L14.json
issue2569_theory,issue2569_theory/analysis_tensors/weights/leg1/factor_L14.pt,104714325,a5cf03bbe4807361a74c427a46ad329065f75e30,0e15f7958f4f953d24ba096e8f5797f3fa88480d,d84af3f21bb4623680ebc586eaf424ddd7fdb83e90917e77b80c41b3a2f9f04e,https://huggingface.co/datasets/superkaiba1/explore-persona-space-data/blob/a5cf03bbe4807361a74c427a46ad329065f75e30/issue2569_theory/analysis_tensors/weights/leg1/factor_L14.pt,https://huggingface.co/datasets/superkaiba1/explore-persona-space-data/resolve/a5cf03bbe4807361a74c427a46ad329065f75e30/issue2569_theory/analysis_tensors/weights/leg1/factor_L14.pt
issue2569_theory,issue2569_theory/analysis_tensors/weights/leg1/factor_L19.json,9667,a5cf03bbe4807361a74c427a46ad329065f75e30,b703649a6a4a867d3b2322826ac20c0ac2d16389,,https://huggingface.co/datasets/superkaiba1/explore-persona-space-data/blob/a5cf03bbe4807361a74c427a46ad329065f75e30/issue2569_theory/analysis_tensors/weights/leg1/factor_L19.json,https://huggingface.co/datasets/superkaiba1/explore-persona-space-data/resolve/a5cf03bbe4807361a74c427a46ad329065f75e30/issue2569_theory/analysis_tensors/weights/leg1/factor_L19.json
issue2569_theory,issue2569_theory/analysis_tensors/weights/leg1/factor_L19.pt,104714325,a5cf03bbe4807361a74c427a46ad329065f75e30,6e524cad7f97161a2cb06bc538f2ef93563d2216,c3b10e9641c6de9896a804b2d03e6e873bc0d51b270f9564c94bec44941d0b12,https://huggingface.co/datasets/superkaiba1/explore-persona-space-data/blob/a5cf03bbe4807361a74c427a46ad329065f75e30/issue2569_theory/analysis_tensors/weights/leg1/factor_L19.pt,https://huggingface.co/datasets/superkaiba1/explore-persona-space-data/resolve/a5cf03bbe4807361a74c427a46ad329065f75e30/issue2569_theory/analysis_tensors/weights/leg1/factor_L19.pt
issue2569_theory,issue2569_theory/analysis_tensors/weights/leg1/factor_L26.json,9632,a5cf03bbe4807361a74c427a46ad329065f75e30,adb4036cc0f51f98441408b194fe5ecf3f91716b,,https://huggingface.co/datasets/superkaiba1/explore-persona-space-data/blob/a5cf03bbe4807361a74c427a46ad329065f75e30/issue2569_theory/analysis_tensors/weights/leg1/factor_L26.json,https://huggingface.co/datasets/superkaiba1/explore-persona-space-data/resolve/a5cf03bbe4807361a74c427a46ad329065f75e30/issue2569_theory/analysis_tensors/weights/leg1/factor_L26.json
issue2569_theory,issue2569_theory/analysis_tensors/weights/leg1/factor_L26.pt,104714325,a5cf03bbe4807361a74c427a46ad329065f75e30,0dcb92ac8dfcc93342cdc74fb49a996f6542c6e4,3382833c0091e79cfb8b86c22c4a482f27b93bc0fb662de6f4d0682f346685e0,https://huggingface.co/datasets/superkaiba1/explore-persona-space-data/blob/a5cf03bbe4807361a74c427a46ad329065f75e30/issue2569_theory/analysis_tensors/weights/leg1/factor_L26.pt,https://huggingface.co/datasets/superkaiba1/explore-persona-space-data/resolve/a5cf03bbe4807361a74c427a46ad329065f75e30/issue2569_theory/analysis_tensors/weights/leg1/factor_L26.pt
issue2569_theory,issue2569_theory/analysis_tensors/weights/leg1/fixed_point_L14.json,1291,a5cf03bbe4807361a74c427a46ad329065f75e30,c6695b05a116a59e4dd6c1c159844275cd5827ec,,https://huggingface.co/datasets/superkaiba1/explore-persona-space-data/blob/a5cf03bbe4807361a74c427a46ad329065f75e30/issue2569_theory/analysis_tensors/weights/leg1/fixed_point_L14.json,https://huggingface.co/datasets/superkaiba1/explore-persona-space-data/resolve/a5cf03bbe4807361a74c427a46ad329065f75e30/issue2569_theory/analysis_tensors/weights/leg1/fixed_point_L14.json
issue2569_theory,issue2569_theory/analysis_tensors/weights/leg1/fixed_point_L14.pt,30872,a5cf03bbe4807361a74c427a46ad329065f75e30,69a5c6033d79e03e293b6aef994dc16564356abb,27a0bafbf995877a1b502ae3d9d55b7bb63a4c433fda94e1077c999ff9069f10,https://huggingface.co/datasets/superkaiba1/explore-persona-space-data/blob/a5cf03bbe4807361a74c427a46ad329065f75e30/issue2569_theory/analysis_tensors/weights/leg1/fixed_point_L14.pt,https://huggingface.co/datasets/superkaiba1/explore-persona-space-data/resolve/a5cf03bbe4807361a74c427a46ad329065f75e30/issue2569_theory/analysis_tensors/weights/leg1/fixed_point_L14.pt
issue2569_theory,issue2569_theory/analysis_tensors/weights/leg1/fixed_point_L19.json,6212,a5cf03bbe4807361a74c427a46ad329065f75e30,845bd2a1cac6d3a273a5cd0e202d55c8053b44b2,,https://huggingface.co/datasets/superkaiba1/explore-persona-space-data/blob/a5cf03bbe4807361a74c427a46ad329065f75e30/issue2569_theory/analysis_tensors/weights/leg1/fixed_point_L19.json,https://huggingface.co/datasets/superkaiba1/explore-persona-space-data/resolve/a5cf03bbe4807361a74c427a46ad329065f75e30/issue2569_theory/analysis_tensors/weights/leg1/fixed_point_L19.json
issue2569_theory,issue2569_theory/analysis_tensors/weights/leg1/fixed_point_L19.pt,30872,a5cf03bbe4807361a74c427a46ad329065f75e30,919c480668f2c92dfa2eecf13e19fa6933544589,52edb7d90adcdeeee2b828ebc77be15e1bbd5f6445e42733c1d52d686530c083,https://huggingface.co/datasets/superkaiba1/explore-persona-space-data/blob/a5cf03bbe4807361a74c427a46ad329065f75e30/issue2569_theory/analysis_tensors/weights/leg1/fixed_point_L19.pt,https://huggingface.co/datasets/superkaiba1/explore-persona-space-data/resolve/a5cf03bbe4807361a74c427a46ad329065f75e30/issue2569_theory/analysis_tensors/weights/leg1/fixed_point_L19.pt
issue2569_theory,issue2569_theory/analysis_tensors/weights/leg1/fixed_point_L26.json,1292,a5cf03bbe4807361a74c427a46ad329065f75e30,714b3d92a6dcf3dd0ef958d23e04ec354ee0b6cd,,https://huggingface.co/datasets/superkaiba1/explore-persona-space-data/blob/a5cf03bbe4807361a74c427a46ad329065f75e30/issue2569_theory/analysis_tensors/weights/leg1/fixed_point_L26.json,https://huggingface.co/datasets/superkaiba1/explore-persona-space-data/resolve/a5cf03bbe4807361a74c427a46ad329065f75e30/issue2569_theory/analysis_tensors/weights/leg1/fixed_point_L26.json
issue2569_theory,issue2569_theory/analysis_tensors/weights/leg1/fixed_point_L26.pt,30872,a5cf03bbe4807361a74c427a46ad329065f75e30,b7790b81ac3f652ca27cf633075e51ea54cb128a,9262a643acdc07cd893569dda746325a22d15a8994f8892f57664d2206a01640,https://huggingface.co/datasets/superkaiba1/explore-persona-space-data/blob/a5cf03bbe4807361a74c427a46ad329065f75e30/issue2569_theory/analysis_tensors/weights/leg1/fixed_point_L26.pt,https://huggingface.co/datasets/superkaiba1/explore-persona-space-data/resolve/a5cf03bbe4807361a74c427a46ad329065f75e30/issue2569_theory/analysis_tensors/weights/leg1/fixed_point_L26.pt
issue2569_theory,issue2569_theory/analysis_tensors/weights/leg1/sae_dashboards_L19.json,283829,a5cf03bbe4807361a74c427a46ad329065f75e30,44979ee13be32d1c794ddd0cd019d24b948981d5,,https://huggingface.co/datasets/superkaiba1/explore-persona-space-data/blob/a5cf03bbe4807361a74c427a46ad329065f75e30/issue2569_theory/analysis_tensors/weights/leg1/sae_dashboards_L19.json,https://huggingface.co/datasets/superkaiba1/explore-persona-space-data/resolve/a5cf03bbe4807361a74c427a46ad329065f75e30/issue2569_theory/analysis_tensors/weights/leg1/sae_dashboards_L19.json
issue2569_theory,issue2569_theory/analysis_tensors/weights/leg1/splithalf_stability_L14.json,1752,a5cf03bbe4807361a74c427a46ad329065f75e30,5a4559f7c356c21af4f89d3e0d3ed6cf64a61f27,,https://huggingface.co/datasets/superkaiba1/explore-persona-space-data/blob/a5cf03bbe4807361a74c427a46ad329065f75e30/issue2569_theory/analysis_tensors/weights/leg1/splithalf_stability_L14.json,https://huggingface.co/datasets/superkaiba1/explore-persona-space-data/resolve/a5cf03bbe4807361a74c427a46ad329065f75e30/issue2569_theory/analysis_tensors/weights/leg1/splithalf_stability_L14.json
issue2569_theory,issue2569_theory/analysis_tensors/weights/leg1/splithalf_stability_L19.json,4112,a5cf03bbe4807361a74c427a46ad329065f75e30,0aa17d304ee4ebfa3b469fd110c9e73247fdda05,,https://huggingface.co/datasets/superkaiba1/explore-persona-space-data/blob/a5cf03bbe4807361a74c427a46ad329065f75e30/issue2569_theory/analysis_tensors/weights/leg1/splithalf_stability_L19.json,https://huggingface.co/datasets/superkaiba1/explore-persona-space-data/resolve/a5cf03bbe4807361a74c427a46ad329065f75e30/issue2569_theory/analysis_tensors/weights/leg1/splithalf_stability_L19.json
issue2569_theory,issue2569_theory/analysis_tensors/weights/leg1/splithalf_stability_L19.pt,408181,a5cf03bbe4807361a74c427a46ad329065f75e30,692b5861f8d69cc59809646d7c72adaed0e51e63,132a8bb28c98f80da37a8f97d393227c5b0e062b1132aae84c951fd18d7d2b1d,https://huggingface.co/datasets/superkaiba1/explore-persona-space-data/blob/a5cf03bbe4807361a74c427a46ad329065f75e30/issue2569_theory/analysis_tensors/weights/leg1/splithalf_stability_L19.pt,https://huggingface.co/datasets/superkaiba1/explore-persona-space-data/resolve/a5cf03bbe4807361a74c427a46ad329065f75e30/issue2569_theory/analysis_tensors/weights/leg1/splithalf_stability_L19.pt
issue2569_theory,issue2569_theory/analysis_tensors/weights/leg1/splithalf_stability_L26.json,1827,a5cf03bbe4807361a74c427a46ad329065f75e30,200f77108890856078c86dd7d4889d447bcfd169,,https://huggingface.co/datasets/superkaiba1/explore-persona-space-data/blob/a5cf03bbe4807361a74c427a46ad329065f75e30/issue2569_theory/analysis_tensors/weights/leg1/splithalf_stability_L26.json,https://huggingface.co/datasets/superkaiba1/explore-persona-space-data/resolve/a5cf03bbe4807361a74c427a46ad329065f75e30/issue2569_theory/analysis_tensors/weights/leg1/splithalf_stability_L26.json
issue2569_theory,issue2569_theory/analysis_tensors/weights/leg3/attribution_L19.json,2046,a5cf03bbe4807361a74c427a46ad329065f75e30,fee6a19e72fb534ea6cb02bcce1e71becefc4692,,https://huggingface.co/datasets/superkaiba1/explore-persona-space-data/blob/a5cf03bbe4807361a74c427a46ad329065f75e30/issue2569_theory/analysis_tensors/weights/leg3/attribution_L19.json,https://huggingface.co/datasets/superkaiba1/explore-persona-space-data/resolve/a5cf03bbe4807361a74c427a46ad329065f75e30/issue2569_theory/analysis_tensors/weights/leg3/attribution_L19.json
issue2569_theory,issue2569_theory/analysis_tensors/weights/leg3/receipts_L19.json,87281,a5cf03bbe4807361a74c427a46ad329065f75e30,ab56182d78e6687fce7bce61bd1ab51501412f89,,https://huggingface.co/datasets/superkaiba1/explore-persona-space-data/blob/a5cf03bbe4807361a74c427a46ad329065f75e30/issue2569_theory/analysis_tensors/weights/leg3/receipts_L19.json,https://huggingface.co/datasets/superkaiba1/explore-persona-space-data/resolve/a5cf03bbe4807361a74c427a46ad329065f75e30/issue2569_theory/analysis_tensors/weights/leg3/receipts_L19.json
issue2569_theory,issue2569_theory/analysis_tensors/weights/leg3/wiring_L19.json,2132126,a5cf03bbe4807361a74c427a46ad329065f75e30,07f242cc98b0d70e235e67d3f50642623aa66a96,,https://huggingface.co/datasets/superkaiba1/explore-persona-space-data/blob/a5cf03bbe4807361a74c427a46ad329065f75e30/issue2569_theory/analysis_tensors/weights/leg3/wiring_L19.json,https://huggingface.co/datasets/superkaiba1/explore-persona-space-data/resolve/a5cf03bbe4807361a74c427a46ad329065f75e30/issue2569_theory/analysis_tensors/weights/leg3/wiring_L19.json
issue2569_theory,issue2569_theory/analysis_tensors/weights/leg3/wiring_edges_L19.npz,967524,a5cf03bbe4807361a74c427a46ad329065f75e30,0ebae75a666e6aadafa0fface3fde7de5514dcc2,fab27b3e30f76fc54b5a4e68ad23db7d3fb51b3c679635ff0f62b378224d5c0f,https://huggingface.co/datasets/superkaiba1/explore-persona-space-data/blob/a5cf03bbe4807361a74c427a46ad329065f75e30/issue2569_theory/analysis_tensors/weights/leg3/wiring_edges_L19.npz,https://huggingface.co/datasets/superkaiba1/explore-persona-space-data/resolve/a5cf03bbe4807361a74c427a46ad329065f75e30/issue2569_theory/analysis_tensors/weights/leg3/wiring_edges_L19.npz
issue2569_theory,issue2569_theory/analysis_tensors/weights/leg8/certificates_L14.json,6366,a5cf03bbe4807361a74c427a46ad329065f75e30,37165e21363bb7a798c472a2cf51d5ded1efa74b,,https://huggingface.co/datasets/superkaiba1/explore-persona-space-data/blob/a5cf03bbe4807361a74c427a46ad329065f75e30/issue2569_theory/analysis_tensors/weights/leg8/certificates_L14.json,https://huggingface.co/datasets/superkaiba1/explore-persona-space-data/resolve/a5cf03bbe4807361a74c427a46ad329065f75e30/issue2569_theory/analysis_tensors/weights/leg8/certificates_L14.json
issue2569_theory,issue2569_theory/analysis_tensors/weights/leg8/certificates_L19.json,6370,a5cf03bbe4807361a74c427a46ad329065f75e30,cfac553805d2c7ef508b7d1b36aad356fcb1c1f1,,https://huggingface.co/datasets/superkaiba1/explore-persona-space-data/blob/a5cf03bbe4807361a74c427a46ad329065f75e30/issue2569_theory/analysis_tensors/weights/leg8/certificates_L19.json,https://huggingface.co/datasets/superkaiba1/explore-persona-space-data/resolve/a5cf03bbe4807361a74c427a46ad329065f75e30/issue2569_theory/analysis_tensors/weights/leg8/certificates_L19.json
issue2569_theory,issue2569_theory/analysis_tensors/weights/leg8/certificates_L26.json,6281,a5cf03bbe4807361a74c427a46ad329065f75e30,884a8b9904ae213b625678c3bbfee96e09e21217,,https://huggingface.co/datasets/superkaiba1/explore-persona-space-data/blob/a5cf03bbe4807361a74c427a46ad329065f75e30/issue2569_theory/analysis_tensors/weights/leg8/certificates_L26.json,https://huggingface.co/datasets/superkaiba1/explore-persona-space-data/resolve/a5cf03bbe4807361a74c427a46ad329065f75e30/issue2569_theory/analysis_tensors/weights/leg8/certificates_L26.json
issue2569_theory,issue2569_theory/analysis_tensors/weights/leg8/effective_kernel_L14.json,1398,a5cf03bbe4807361a74c427a46ad329065f75e30,86ec515e48d86fb9f7f417f687dae95ca92904b1,,https://huggingface.co/datasets/superkaiba1/explore-persona-space-data/blob/a5cf03bbe4807361a74c427a46ad329065f75e30/issue2569_theory/analysis_tensors/weights/leg8/effective_kernel_L14.json,https://huggingface.co/datasets/superkaiba1/explore-persona-space-data/resolve/a5cf03bbe4807361a74c427a46ad329065f75e30/issue2569_theory/analysis_tensors/weights/leg8/effective_kernel_L14.json
issue2569_theory,issue2569_theory/analysis_tensors/weights/leg8/effective_kernel_L14.pt,32405653,a5cf03bbe4807361a74c427a46ad329065f75e30,fa86f660242f56ee793d4762925d81632f17dda5,383f1e6d662caaff3a78c997767fe5285c151ba5c62799d70dba4879cec228e4,https://huggingface.co/datasets/superkaiba1/explore-persona-space-data/blob/a5cf03bbe4807361a74c427a46ad329065f75e30/issue2569_theory/analysis_tensors/weights/leg8/effective_kernel_L14.pt,https://huggingface.co/datasets/superkaiba1/explore-persona-space-data/resolve/a5cf03bbe4807361a74c427a46ad329065f75e30/issue2569_theory/analysis_tensors/weights/leg8/effective_kernel_L14.pt
issue2569_theory,issue2569_theory/analysis_tensors/weights/leg8/effective_kernel_L19.json,1397,a5cf03bbe4807361a74c427a46ad329065f75e30,a62b1a3e861d00c56eab3f97d8cddcb5bd5d4b7e,,https://huggingface.co/datasets/superkaiba1/explore-persona-space-data/blob/a5cf03bbe4807361a74c427a46ad329065f75e30/issue2569_theory/analysis_tensors/weights/leg8/effective_kernel_L19.json,https://huggingface.co/datasets/superkaiba1/explore-persona-space-data/resolve/a5cf03bbe4807361a74c427a46ad329065f75e30/issue2569_theory/analysis_tensors/weights/leg8/effective_kernel_L19.json
issue2569_theory,issue2569_theory/analysis_tensors/weights/leg8/effective_kernel_L19.pt,28346325,a5cf03bbe4807361a74c427a46ad329065f75e30,0a61227d7ada456f58fac88af2c8671bf7a68b9c,ffe9e3523aa329d91febeaf03beb862365948d9ef0b0ace4f359ede0f6a3e432,https://huggingface.co/datasets/superkaiba1/explore-persona-space-data/blob/a5cf03bbe4807361a74c427a46ad329065f75e30/issue2569_theory/analysis_tensors/weights/leg8/effective_kernel_L19.pt,https://huggingface.co/datasets/superkaiba1/explore-persona-space-data/resolve/a5cf03bbe4807361a74c427a46ad329065f75e30/issue2569_theory/analysis_tensors/weights/leg8/effective_kernel_L19.pt
issue2569_theory,issue2569_theory/analysis_tensors/weights/leg8/effective_kernel_L26.json,1400,a5cf03bbe4807361a74c427a46ad329065f75e30,169fa63257782dc6f006d209d21c12ca6c7daf4c,,https://huggingface.co/datasets/superkaiba1/explore-persona-space-data/blob/a5cf03bbe4807361a74c427a46ad329065f75e30/issue2569_theory/analysis_tensors/weights/leg8/effective_kernel_L26.json,https://huggingface.co/datasets/superkaiba1/explore-persona-space-data/resolve/a5cf03bbe4807361a74c427a46ad329065f75e30/issue2569_theory/analysis_tensors/weights/leg8/effective_kernel_L26.json
issue2569_theory,issue2569_theory/analysis_tensors/weights/leg8/effective_kernel_L26.pt,22723477,a5cf03bbe4807361a74c427a46ad329065f75e30,0733a587510d6a8f8a05bf6f7f8677a54a5e43a0,77d5c26b278392ba804ee372d7847586bd83048987ad875ecd54f89d008bc180,https://huggingface.co/datasets/superkaiba1/explore-persona-space-data/blob/a5cf03bbe4807361a74c427a46ad329065f75e30/issue2569_theory/analysis_tensors/weights/leg8/effective_kernel_L26.pt,https://huggingface.co/datasets/superkaiba1/explore-persona-space-data/resolve/a5cf03bbe4807361a74c427a46ad329065f75e30/issue2569_theory/analysis_tensors/weights/leg8/effective_kernel_L26.pt
issue2569_theory,issue2569_theory/analysis_tensors/weights/leg8/monitor_geometry_L14.json,4347,a5cf03bbe4807361a74c427a46ad329065f75e30,1b2c92b9733ed33c23fc334eeeff99a354132a27,,https://huggingface.co/datasets/superkaiba1/explore-persona-space-data/blob/a5cf03bbe4807361a74c427a46ad329065f75e30/issue2569_theory/analysis_tensors/weights/leg8/monitor_geometry_L14.json,https://huggingface.co/datasets/superkaiba1/explore-persona-space-data/resolve/a5cf03bbe4807361a74c427a46ad329065f75e30/issue2569_theory/analysis_tensors/weights/leg8/monitor_geometry_L14.json
issue2569_theory,issue2569_theory/analysis_tensors/weights/leg8/monitor_geometry_L14.pt,349979,a5cf03bbe4807361a74c427a46ad329065f75e30,9853883b986d75cb0dc025fdb420d31b09f88456,bfa5f943a6e40ea7b4e278b7fa0b6346de69066eae784a8f7ac891b5076a4a9f,https://huggingface.co/datasets/superkaiba1/explore-persona-space-data/blob/a5cf03bbe4807361a74c427a46ad329065f75e30/issue2569_theory/analysis_tensors/weights/leg8/monitor_geometry_L14.pt,https://huggingface.co/datasets/superkaiba1/explore-persona-space-data/resolve/a5cf03bbe4807361a74c427a46ad329065f75e30/issue2569_theory/analysis_tensors/weights/leg8/monitor_geometry_L14.pt
issue2569_theory,issue2569_theory/analysis_tensors/weights/leg8/monitor_geometry_L19.json,4356,a5cf03bbe4807361a74c427a46ad329065f75e30,cd46316f31557fd4635b2b38ac14c609a5efa665,,https://huggingface.co/datasets/superkaiba1/explore-persona-space-data/blob/a5cf03bbe4807361a74c427a46ad329065f75e30/issue2569_theory/analysis_tensors/weights/leg8/monitor_geometry_L19.json,https://huggingface.co/datasets/superkaiba1/explore-persona-space-data/resolve/a5cf03bbe4807361a74c427a46ad329065f75e30/issue2569_theory/analysis_tensors/weights/leg8/monitor_geometry_L19.json
issue2569_theory,issue2569_theory/analysis_tensors/weights/leg8/monitor_geometry_L19.pt,349979,a5cf03bbe4807361a74c427a46ad329065f75e30,39babc87ab8b219ce6bac9de95d2d9db6e623cc3,042e89e7b522d96862f94e1f332498cc15e4ae5126e7b405207d8c150c807f73,https://huggingface.co/datasets/superkaiba1/explore-persona-space-data/blob/a5cf03bbe4807361a74c427a46ad329065f75e30/issue2569_theory/analysis_tensors/weights/leg8/monitor_geometry_L19.pt,https://huggingface.co/datasets/superkaiba1/explore-persona-space-data/resolve/a5cf03bbe4807361a74c427a46ad329065f75e30/issue2569_theory/analysis_tensors/weights/leg8/monitor_geometry_L19.pt
issue2569_theory,issue2569_theory/analysis_tensors/weights/leg8/monitor_geometry_L26.json,4233,a5cf03bbe4807361a74c427a46ad329065f75e30,84822fccd8e25fd07f905ff9fddd3184d1848d13,,https://huggingface.co/datasets/superkaiba1/explore-persona-space-data/blob/a5cf03bbe4807361a74c427a46ad329065f75e30/issue2569_theory/analysis_tensors/weights/leg8/monitor_geometry_L26.json,https://huggingface.co/datasets/superkaiba1/explore-persona-space-data/resolve/a5cf03bbe4807361a74c427a46ad329065f75e30/issue2569_theory/analysis_tensors/weights/leg8/monitor_geometry_L26.json
issue2569_theory,issue2569_theory/analysis_tensors/weights/leg8/monitor_geometry_L26.pt,349979,a5cf03bbe4807361a74c427a46ad329065f75e30,6d57280cf712765022e6331ef1aab73b3cae28f1,74a8d4926d9f4ef8c5b7b935bdf2e44205b9e65557d1ad1bf34ae3420c8b2690,https://huggingface.co/datasets/superkaiba1/explore-persona-space-data/blob/a5cf03bbe4807361a74c427a46ad329065f75e30/issue2569_theory/analysis_tensors/weights/leg8/monitor_geometry_L26.pt,https://huggingface.co/datasets/superkaiba1/explore-persona-space-data/resolve/a5cf03bbe4807361a74c427a46ad329065f75e30/issue2569_theory/analysis_tensors/weights/leg8/monitor_geometry_L26.pt
issue2569_theory,issue2569_theory/analysis_tensors/weights/leg8/monitor_sae_naming_L19.json,16485,a5cf03bbe4807361a74c427a46ad329065f75e30,588cc44d8982ec5fbcd073db7cf6a5cd093ac1fd,,https://huggingface.co/datasets/superkaiba1/explore-persona-space-data/blob/a5cf03bbe4807361a74c427a46ad329065f75e30/issue2569_theory/analysis_tensors/weights/leg8/monitor_sae_naming_L19.json,https://huggingface.co/datasets/superkaiba1/explore-persona-space-data/resolve/a5cf03bbe4807361a74c427a46ad329065f75e30/issue2569_theory/analysis_tensors/weights/leg8/monitor_sae_naming_L19.json
issue2569_theory,issue2569_theory/analysis_tensors/xmodel/align_maps.pt,235073515,a5cf03bbe4807361a74c427a46ad329065f75e30,31b0a0187c265b67a3ad79b124a479c6edb8e8a1,202509611eb1c5b5727b7016dfcd64cae343892223e10c8f74bbfa405f911a4b,https://huggingface.co/datasets/superkaiba1/explore-persona-space-data/blob/a5cf03bbe4807361a74c427a46ad329065f75e30/issue2569_theory/analysis_tensors/xmodel/align_maps.pt,https://huggingface.co/datasets/superkaiba1/explore-persona-space-data/resolve/a5cf03bbe4807361a74c427a46ad329065f75e30/issue2569_theory/analysis_tensors/xmodel/align_maps.pt
issue2569_theory,issue2569_theory/analysis_tensors/xmodel/fits_summary.json,25802,a5cf03bbe4807361a74c427a46ad329065f75e30,aefe43793c79fc04e119ac89c48514581780598e,,https://huggingface.co/datasets/superkaiba1/explore-persona-space-data/blob/a5cf03bbe4807361a74c427a46ad329065f75e30/issue2569_theory/analysis_tensors/xmodel/fits_summary.json,https://huggingface.co/datasets/superkaiba1/explore-persona-space-data/resolve/a5cf03bbe4807361a74c427a46ad329065f75e30/issue2569_theory/analysis_tensors/xmodel/fits_summary.json
issue2569_theory,issue2569_theory/analysis_tensors/xmodel/llama_finalize_meta.json,597,a5cf03bbe4807361a74c427a46ad329065f75e30,e56e09bebecafedf20029feea0fc750696c0bfce,,https://huggingface.co/datasets/superkaiba1/explore-persona-space-data/blob/a5cf03bbe4807361a74c427a46ad329065f75e30/issue2569_theory/analysis_tensors/xmodel/llama_finalize_meta.json,https://huggingface.co/datasets/superkaiba1/explore-persona-space-data/resolve/a5cf03bbe4807361a74c427a46ad329065f75e30/issue2569_theory/analysis_tensors/xmodel/llama_finalize_meta.json
issue2569_theory,issue2569_theory/analysis_tensors/xmodel/llama_map_L16.pt,67161539,a5cf03bbe4807361a74c427a46ad329065f75e30,26d86ddbea2e8188c3f1fad6188edb4b51306558,6908117e7703bb15eadb87742708aefeeee338440527bb96ec55a3aa21f261c8,https://huggingface.co/datasets/superkaiba1/explore-persona-space-data/blob/a5cf03bbe4807361a74c427a46ad329065f75e30/issue2569_theory/analysis_tensors/xmodel/llama_map_L16.pt,https://huggingface.co/datasets/superkaiba1/explore-persona-space-data/resolve/a5cf03bbe4807361a74c427a46ad329065f75e30/issue2569_theory/analysis_tensors/xmodel/llama_map_L16.pt
issue2569_theory,issue2569_theory/analysis_tensors/xmodel/llama_va_L16.pt,732534833,a5cf03bbe4807361a74c427a46ad329065f75e30,66d7627ce5a3f5a990abd826a0892a579ccd0646,4717305c5e2730b1502c25cea81e20f83a6f8a8c2e6780160f6838e491b73686,https://huggingface.co/datasets/superkaiba1/explore-persona-space-data/blob/a5cf03bbe4807361a74c427a46ad329065f75e30/issue2569_theory/analysis_tensors/xmodel/llama_va_L16.pt,https://huggingface.co/datasets/superkaiba1/explore-persona-space-data/resolve/a5cf03bbe4807361a74c427a46ad329065f75e30/issue2569_theory/analysis_tensors/xmodel/llama_va_L16.pt
issue2569_theory,issue2569_theory/analysis_tensors/xmodel/llama_va_L22.pt,731102641,a5cf03bbe4807361a74c427a46ad329065f75e30,bd01d4824190a99be287abda50b0c94c1d15635f,97e5e68219819bec3f1aec13f40f82dcf378cb6d02a71cbca02bc5c43c713ff9,https://huggingface.co/datasets/superkaiba1/explore-persona-space-data/blob/a5cf03bbe4807361a74c427a46ad329065f75e30/issue2569_theory/analysis_tensors/xmodel/llama_va_L22.pt,https://huggingface.co/datasets/superkaiba1/explore-persona-space-data/resolve/a5cf03bbe4807361a74c427a46ad329065f75e30/issue2569_theory/analysis_tensors/xmodel/llama_va_L22.pt
issue2569_theory,issue2569_theory/analysis_tensors/xmodel/llama_va_L30.pt,733731057,a5cf03bbe4807361a74c427a46ad329065f75e30,92a56d9ece4901ad4178fe545b51ce1c5b72a870,f1b91db5b9b7227c5682096a2cc75aed331acc0019e3416417aea7cd42ab32dc,https://huggingface.co/datasets/superkaiba1/explore-persona-space-data/blob/a5cf03bbe4807361a74c427a46ad329065f75e30/issue2569_theory/analysis_tensors/xmodel/llama_va_L30.pt,https://huggingface.co/datasets/superkaiba1/explore-persona-space-data/resolve/a5cf03bbe4807361a74c427a46ad329065f75e30/issue2569_theory/analysis_tensors/xmodel/llama_va_L30.pt
issue2569_theory,issue2569_theory/analysis_tensors/xmodel/llama_vc_L16.pt,731267121,a5cf03bbe4807361a74c427a46ad329065f75e30,0eb717aea45ef5934390ae25a644f3955e4326fa,78a7c389991fbf4738e094797196d7fe4e14ec406f624938d55b461d2be00b31,https://huggingface.co/datasets/superkaiba1/explore-persona-space-data/blob/a5cf03bbe4807361a74c427a46ad329065f75e30/issue2569_theory/analysis_tensors/xmodel/llama_vc_L16.pt,https://huggingface.co/datasets/superkaiba1/explore-persona-space-data/resolve/a5cf03bbe4807361a74c427a46ad329065f75e30/issue2569_theory/analysis_tensors/xmodel/llama_vc_L16.pt
issue2569_theory,issue2569_theory/analysis_tensors/xmodel/llama_vc_L22.pt,731438385,a5cf03bbe4807361a74c427a46ad329065f75e30,3dd2def989ab20e7e38679aa0e6cc6b4a47ef600,48fa57209e9ca2fce822b4006aa8bc7e56dbdab130cd25425434dd5ecb05913a,https://huggingface.co/datasets/superkaiba1/explore-persona-space-data/blob/a5cf03bbe4807361a74c427a46ad329065f75e30/issue2569_theory/analysis_tensors/xmodel/llama_vc_L22.pt,https://huggingface.co/datasets/superkaiba1/explore-persona-space-data/resolve/a5cf03bbe4807361a74c427a46ad329065f75e30/issue2569_theory/analysis_tensors/xmodel/llama_vc_L22.pt
issue2569_theory,issue2569_theory/analysis_tensors/xmodel/llama_vc_L30.pt,731447281,a5cf03bbe4807361a74c427a46ad329065f75e30,8c4cc34a09b3afb3b4eed84f145092bfa0e59f6a,8ecd4263591dbdfb36939605be6d89ff36df3165bbd572aa6ea07cf0332c9525,https://huggingface.co/datasets/superkaiba1/explore-persona-space-data/blob/a5cf03bbe4807361a74c427a46ad329065f75e30/issue2569_theory/analysis_tensors/xmodel/llama_vc_L30.pt,https://huggingface.co/datasets/superkaiba1/explore-persona-space-data/resolve/a5cf03bbe4807361a74c427a46ad329065f75e30/issue2569_theory/analysis_tensors/xmodel/llama_vc_L30.pt
issue2569_theory,issue2569_theory/analysis_tensors/xmodel/qwen_finalize_meta.json,590,a5cf03bbe4807361a74c427a46ad329065f75e30,e4d12086270db2ed161782595f51a0b92cbbb4cf,,https://huggingface.co/datasets/superkaiba1/explore-persona-space-data/blob/a5cf03bbe4807361a74c427a46ad329065f75e30/issue2569_theory/analysis_tensors/xmodel/qwen_finalize_meta.json,https://huggingface.co/datasets/superkaiba1/explore-persona-space-data/resolve/a5cf03bbe4807361a74c427a46ad329065f75e30/issue2569_theory/analysis_tensors/xmodel/qwen_finalize_meta.json
issue2569_theory,issue2569_theory/analysis_tensors/xmodel/qwen_matched_L14.pt,51426785,a5cf03bbe4807361a74c427a46ad329065f75e30,f9c7d10747e8495a905868ee3932f15bc724c83b,e3bd59d3aade46941c8399c3191654a1464536eeb919fc2ad8c95df14bffd70e,https://huggingface.co/datasets/superkaiba1/explore-persona-space-data/blob/a5cf03bbe4807361a74c427a46ad329065f75e30/issue2569_theory/analysis_tensors/xmodel/qwen_matched_L14.pt,https://huggingface.co/datasets/superkaiba1/explore-persona-space-data/resolve/a5cf03bbe4807361a74c427a46ad329065f75e30/issue2569_theory/analysis_tensors/xmodel/qwen_matched_L14.pt
issue2569_theory,issue2569_theory/analysis_tensors/xmodel/qwen_va_L14.pt,641787179,a5cf03bbe4807361a74c427a46ad329065f75e30,d4ba0a297aac84f3b23d1348dae535b641c22986,53b562b0b723a97681b1f48a7d1009943ec64455dd375657de2634d7ec31a957,https://huggingface.co/datasets/superkaiba1/explore-persona-space-data/blob/a5cf03bbe4807361a74c427a46ad329065f75e30/issue2569_theory/analysis_tensors/xmodel/qwen_va_L14.pt,https://huggingface.co/datasets/superkaiba1/explore-persona-space-data/resolve/a5cf03bbe4807361a74c427a46ad329065f75e30/issue2569_theory/analysis_tensors/xmodel/qwen_va_L14.pt
issue2569_theory,issue2569_theory/analysis_tensors/xmodel/qwen_va_L19.pt,640387755,a5cf03bbe4807361a74c427a46ad329065f75e30,1618372ee3cb93945f3f2e267d4e12a050c680f2,e13d93b241332cdaa6a7c53bfc0d7384dc29df8d252f37f38e37796f7742e8e5,https://huggingface.co/datasets/superkaiba1/explore-persona-space-data/blob/a5cf03bbe4807361a74c427a46ad329065f75e30/issue2569_theory/analysis_tensors/xmodel/qwen_va_L19.pt,https://huggingface.co/datasets/superkaiba1/explore-persona-space-data/resolve/a5cf03bbe4807361a74c427a46ad329065f75e30/issue2569_theory/analysis_tensors/xmodel/qwen_va_L19.pt
issue2569_theory,issue2569_theory/analysis_tensors/xmodel/qwen_va_L26.pt,640601771,a5cf03bbe4807361a74c427a46ad329065f75e30,d0bf8d190e25ebd5d6fb92d857b3d49bc4238369,c581fca7be061335f083c6ba08cf801f6466933cf6122f5615b8b92a6c479549,https://huggingface.co/datasets/superkaiba1/explore-persona-space-data/blob/a5cf03bbe4807361a74c427a46ad329065f75e30/issue2569_theory/analysis_tensors/xmodel/qwen_va_L26.pt,https://huggingface.co/datasets/superkaiba1/explore-persona-space-data/resolve/a5cf03bbe4807361a74c427a46ad329065f75e30/issue2569_theory/analysis_tensors/xmodel/qwen_va_L26.pt
issue2569_theory,issue2569_theory/analysis_tensors/xmodel/qwen_vc_L14.pt,640074667,a5cf03bbe4807361a74c427a46ad329065f75e30,16443ab39e749b4aeed7a1ec14bf0ee7351a3b8c,5b71b94c5a43a79704207d26d022051be71ba6d9b8882fb63edfc45a5eb4ea49,https://huggingface.co/datasets/superkaiba1/explore-persona-space-data/blob/a5cf03bbe4807361a74c427a46ad329065f75e30/issue2569_theory/analysis_tensors/xmodel/qwen_vc_L14.pt,https://huggingface.co/datasets/superkaiba1/explore-persona-space-data/resolve/a5cf03bbe4807361a74c427a46ad329065f75e30/issue2569_theory/analysis_tensors/xmodel/qwen_vc_L14.pt
issue2569_theory,issue2569_theory/analysis_tensors/xmodel/qwen_vc_L19.pt,639696491,a5cf03bbe4807361a74c427a46ad329065f75e30,6332695b6f95fb4cbedcffb70c6625fabc0ccadc,ea5384f732a8fc1111fccfd6441ee3f2e284cbbc5d2f19f7b73a2a11e91a0de7,https://huggingface.co/datasets/superkaiba1/explore-persona-space-data/blob/a5cf03bbe4807361a74c427a46ad329065f75e30/issue2569_theory/analysis_tensors/xmodel/qwen_vc_L19.pt,https://huggingface.co/datasets/superkaiba1/explore-persona-space-data/resolve/a5cf03bbe4807361a74c427a46ad329065f75e30/issue2569_theory/analysis_tensors/xmodel/qwen_vc_L19.pt
issue2569_theory,issue2569_theory/analysis_tensors/xmodel/qwen_vc_L26.pt,640478123,a5cf03bbe4807361a74c427a46ad329065f75e30,7e60661cc64f51d4b8f1ecf4fb5741657791f944,c035ac668d3f780c6f64cdc189c58654dba751a1a0b31dd90784f3718af8d9aa,https://huggingface.co/datasets/superkaiba1/explore-persona-space-data/blob/a5cf03bbe4807361a74c427a46ad329065f75e30/issue2569_theory/analysis_tensors/xmodel/qwen_vc_L26.pt,https://huggingface.co/datasets/superkaiba1/explore-persona-space-data/resolve/a5cf03bbe4807361a74c427a46ad329065f75e30/issue2569_theory/analysis_tensors/xmodel/qwen_vc_L26.pt
issue2569_theory,issue2569_theory/analysis_tensors/xmodel/selection_rows.npz,960508,a5cf03bbe4807361a74c427a46ad329065f75e30,80e26dff05755daae03288f4c1858000d3d51c2c,6da4e1db594c18acf11ab88de691559c22ce1f77c42c8a672e8d717b29d1743d,https://huggingface.co/datasets/superkaiba1/explore-persona-space-data/blob/a5cf03bbe4807361a74c427a46ad329065f75e30/issue2569_theory/analysis_tensors/xmodel/selection_rows.npz,https://huggingface.co/datasets/superkaiba1/explore-persona-space-data/resolve/a5cf03bbe4807361a74c427a46ad329065f75e30/issue2569_theory/analysis_tensors/xmodel/selection_rows.npz
issue2569_theory,issue2569_theory/category_validation/3a29b2f9f584/activations_L19.npy,142284928,a5cf03bbe4807361a74c427a46ad329065f75e30,fe4d07ed19ffbeb526a8c46620ca0bf15bb4c644,10ad6115fdcf56f78e25d800672c1275927335a7404371e0b4bd3916a709c932,https://huggingface.co/datasets/superkaiba1/explore-persona-space-data/blob/a5cf03bbe4807361a74c427a46ad329065f75e30/issue2569_theory/category_validation/3a29b2f9f584/activations_L19.npy,https://huggingface.co/datasets/superkaiba1/explore-persona-space-data/resolve/a5cf03bbe4807361a74c427a46ad329065f75e30/issue2569_theory/category_validation/3a29b2f9f584/activations_L19.npy
issue2569_theory,issue2569_theory/category_validation/3a29b2f9f584/config_manifest.json,45463,a5cf03bbe4807361a74c427a46ad329065f75e30,c0548b72dbb323f62e3194a000324a9ec0f57c64,,https://huggingface.co/datasets/superkaiba1/explore-persona-space-data/blob/a5cf03bbe4807361a74c427a46ad329065f75e30/issue2569_theory/category_validation/3a29b2f9f584/config_manifest.json,https://huggingface.co/datasets/superkaiba1/explore-persona-space-data/resolve/a5cf03bbe4807361a74c427a46ad329065f75e30/issue2569_theory/category_validation/3a29b2f9f584/config_manifest.json
issue2569_theory,issue2569_theory/category_validation/3a29b2f9f584/extraction_manifest.json,94424,a5cf03bbe4807361a74c427a46ad329065f75e30,d23ce492cb8f5afc598d814bbad76a0142647e5b,,https://huggingface.co/datasets/superkaiba1/explore-persona-space-data/blob/a5cf03bbe4807361a74c427a46ad329065f75e30/issue2569_theory/category_validation/3a29b2f9f584/extraction_manifest.json,https://huggingface.co/datasets/superkaiba1/explore-persona-space-data/resolve/a5cf03bbe4807361a74c427a46ad329065f75e30/issue2569_theory/category_validation/3a29b2f9f584/extraction_manifest.json
issue2569_theory,issue2569_theory/category_validation/3a29b2f9f584/missingness_audit.json,1232,a5cf03bbe4807361a74c427a46ad329065f75e30,d978d9fe811cc0b1e871e9a6608e9cbb0d911a1c,,https://huggingface.co/datasets/superkaiba1/explore-persona-space-data/blob/a5cf03bbe4807361a74c427a46ad329065f75e30/issue2569_theory/category_validation/3a29b2f9f584/missingness_audit.json,https://huggingface.co/datasets/superkaiba1/explore-persona-space-data/resolve/a5cf03bbe4807361a74c427a46ad329065f75e30/issue2569_theory/category_validation/3a29b2f9f584/missingness_audit.json
issue2569_theory,issue2569_theory/category_validation/3a29b2f9f584/pilot_report.json,275,a5cf03bbe4807361a74c427a46ad329065f75e30,84db4733bd8ef3230eae795f8a188051cdc48954,,https://huggingface.co/datasets/superkaiba1/explore-persona-space-data/blob/a5cf03bbe4807361a74c427a46ad329065f75e30/issue2569_theory/category_validation/3a29b2f9f584/pilot_report.json,https://huggingface.co/datasets/superkaiba1/explore-persona-space-data/resolve/a5cf03bbe4807361a74c427a46ad329065f75e30/issue2569_theory/category_validation/3a29b2f9f584/pilot_report.json
issue2569_theory,issue2569_theory/category_validation/3a29b2f9f584/rows.json,2576521,a5cf03bbe4807361a74c427a46ad329065f75e30,77d864e4427c9ce549da4a649db218ef1b8237e9,,https://huggingface.co/datasets/superkaiba1/explore-persona-space-data/blob/a5cf03bbe4807361a74c427a46ad329065f75e30/issue2569_theory/category_validation/3a29b2f9f584/rows.json,https://huggingface.co/datasets/superkaiba1/explore-persona-space-data/resolve/a5cf03bbe4807361a74c427a46ad329065f75e30/issue2569_theory/category_validation/3a29b2f9f584/rows.json
issue2569_theory,issue2569_theory/category_validation/3a29b2f9f584/shard_ledger.jsonl,910544,a5cf03bbe4807361a74c427a46ad329065f75e30,2809222a6d973ea59cb3357784f72db595ab5baa,,https://huggingface.co/datasets/superkaiba1/explore-persona-space-data/blob/a5cf03bbe4807361a74c427a46ad329065f75e30/issue2569_theory/category_validation/3a29b2f9f584/shard_ledger.jsonl,https://huggingface.co/datasets/superkaiba1/explore-persona-space-data/resolve/a5cf03bbe4807361a74c427a46ad329065f75e30/issue2569_theory/category_validation/3a29b2f9f584/shard_ledger.jsonl
issue2569_theory,issue2569_theory/category_validation/b3eb391d4c9a/activations_L19.npy,142284928,a5cf03bbe4807361a74c427a46ad329065f75e30,fe4d07ed19ffbeb526a8c46620ca0bf15bb4c644,10ad6115fdcf56f78e25d800672c1275927335a7404371e0b4bd3916a709c932,https://huggingface.co/datasets/superkaiba1/explore-persona-space-data/blob/a5cf03bbe4807361a74c427a46ad329065f75e30/issue2569_theory/category_validation/b3eb391d4c9a/activations_L19.npy,https://huggingface.co/datasets/superkaiba1/explore-persona-space-data/resolve/a5cf03bbe4807361a74c427a46ad329065f75e30/issue2569_theory/category_validation/b3eb391d4c9a/activations_L19.npy
issue2569_theory,issue2569_theory/category_validation/b3eb391d4c9a/analysis/category_kernel_validation_L19.json,278633,a5cf03bbe4807361a74c427a46ad329065f75e30,0cfcd08ee8cef6a8f3d2c8533fa0084e71445f8b,,https://huggingface.co/datasets/superkaiba1/explore-persona-space-data/blob/a5cf03bbe4807361a74c427a46ad329065f75e30/issue2569_theory/category_validation/b3eb391d4c9a/analysis/category_kernel_validation_L19.json,https://huggingface.co/datasets/superkaiba1/explore-persona-space-data/resolve/a5cf03bbe4807361a74c427a46ad329065f75e30/issue2569_theory/category_validation/b3eb391d4c9a/analysis/category_kernel_validation_L19.json
issue2569_theory,issue2569_theory/category_validation/b3eb391d4c9a/analysis/resampling_arrays.npz,1899810,a5cf03bbe4807361a74c427a46ad329065f75e30,5efefb6152489935248f6168aa5fe74815ec7281,3c6e1f1f91331059879a27b934957965a1c6279aba90d57cb00c36dd90ec5df0,https://huggingface.co/datasets/superkaiba1/explore-persona-space-data/blob/a5cf03bbe4807361a74c427a46ad329065f75e30/issue2569_theory/category_validation/b3eb391d4c9a/analysis/resampling_arrays.npz,https://huggingface.co/datasets/superkaiba1/explore-persona-space-data/resolve/a5cf03bbe4807361a74c427a46ad329065f75e30/issue2569_theory/category_validation/b3eb391d4c9a/analysis/resampling_arrays.npz
issue2569_theory,issue2569_theory/category_validation/b3eb391d4c9a/config_manifest.json,45693,a5cf03bbe4807361a74c427a46ad329065f75e30,3c0a22c0c9712a540660dc29449f587ff50ba00e,,https://huggingface.co/datasets/superkaiba1/explore-persona-space-data/blob/a5cf03bbe4807361a74c427a46ad329065f75e30/issue2569_theory/category_validation/b3eb391d4c9a/config_manifest.json,https://huggingface.co/datasets/superkaiba1/explore-persona-space-data/resolve/a5cf03bbe4807361a74c427a46ad329065f75e30/issue2569_theory/category_validation/b3eb391d4c9a/config_manifest.json
issue2569_theory,issue2569_theory/category_validation/b3eb391d4c9a/extraction_manifest.json,94671,a5cf03bbe4807361a74c427a46ad329065f75e30,a986cd199fa4227a03c256c7815c1dfcd7c67266,,https://huggingface.co/datasets/superkaiba1/explore-persona-space-data/blob/a5cf03bbe4807361a74c427a46ad329065f75e30/issue2569_theory/category_validation/b3eb391d4c9a/extraction_manifest.json,https://huggingface.co/datasets/superkaiba1/explore-persona-space-data/resolve/a5cf03bbe4807361a74c427a46ad329065f75e30/issue2569_theory/category_validation/b3eb391d4c9a/extraction_manifest.json
issue2569_theory,issue2569_theory/category_validation/b3eb391d4c9a/missingness_audit.json,1232,a5cf03bbe4807361a74c427a46ad329065f75e30,d978d9fe811cc0b1e871e9a6608e9cbb0d911a1c,,https://huggingface.co/datasets/superkaiba1/explore-persona-space-data/blob/a5cf03bbe4807361a74c427a46ad329065f75e30/issue2569_theory/category_validation/b3eb391d4c9a/missingness_audit.json,https://huggingface.co/datasets/superkaiba1/explore-persona-space-data/resolve/a5cf03bbe4807361a74c427a46ad329065f75e30/issue2569_theory/category_validation/b3eb391d4c9a/missingness_audit.json
issue2569_theory,issue2569_theory/category_validation/b3eb391d4c9a/pilot_report.json,274,a5cf03bbe4807361a74c427a46ad329065f75e30,138a201f6086efcc519ada99ff3b30ae6f2744e1,,https://huggingface.co/datasets/superkaiba1/explore-persona-space-data/blob/a5cf03bbe4807361a74c427a46ad329065f75e30/issue2569_theory/category_validation/b3eb391d4c9a/pilot_report.json,https://huggingface.co/datasets/superkaiba1/explore-persona-space-data/resolve/a5cf03bbe4807361a74c427a46ad329065f75e30/issue2569_theory/category_validation/b3eb391d4c9a/pilot_report.json
issue2569_theory,issue2569_theory/category_validation/b3eb391d4c9a/rows.json,2576521,a5cf03bbe4807361a74c427a46ad329065f75e30,77d864e4427c9ce549da4a649db218ef1b8237e9,,https://huggingface.co/datasets/superkaiba1/explore-persona-space-data/blob/a5cf03bbe4807361a74c427a46ad329065f75e30/issue2569_theory/category_validation/b3eb391d4c9a/rows.json,https://huggingface.co/datasets/superkaiba1/explore-persona-space-data/resolve/a5cf03bbe4807361a74c427a46ad329065f75e30/issue2569_theory/category_validation/b3eb391d4c9a/rows.json
issue2569_theory,issue2569_theory/category_validation/b3eb391d4c9a/shard_ledger.jsonl,910554,a5cf03bbe4807361a74c427a46ad329065f75e30,871fd189333368118cf0637b7cbfa61339d3fe81,,https://huggingface.co/datasets/superkaiba1/explore-persona-space-data/blob/a5cf03bbe4807361a74c427a46ad329065f75e30/issue2569_theory/category_validation/b3eb391d4c9a/shard_ledger.jsonl,https://huggingface.co/datasets/superkaiba1/explore-persona-space-data/resolve/a5cf03bbe4807361a74c427a46ad329065f75e30/issue2569_theory/category_validation/b3eb391d4c9a/shard_ledger.jsonl
issue2569_theory,issue2569_theory/category_validation/e4232afe2970/activations_L19.npy,142284928,a5cf03bbe4807361a74c427a46ad329065f75e30,fe4d07ed19ffbeb526a8c46620ca0bf15bb4c644,10ad6115fdcf56f78e25d800672c1275927335a7404371e0b4bd3916a709c932,https://huggingface.co/datasets/superkaiba1/explore-persona-space-data/blob/a5cf03bbe4807361a74c427a46ad329065f75e30/issue2569_theory/category_validation/e4232afe2970/activations_L19.npy,https://huggingface.co/datasets/superkaiba1/explore-persona-space-data/resolve/a5cf03bbe4807361a74c427a46ad329065f75e30/issue2569_theory/category_validation/e4232afe2970/activations_L19.npy
issue2569_theory,issue2569_theory/category_validation/e4232afe2970/config_manifest.json,45463,a5cf03bbe4807361a74c427a46ad329065f75e30,0e10cb4c92a6441235ccb657f720b1065e40abad,,https://huggingface.co/datasets/superkaiba1/explore-persona-space-data/blob/a5cf03bbe4807361a74c427a46ad329065f75e30/issue2569_theory/category_validation/e4232afe2970/config_manifest.json,https://huggingface.co/datasets/superkaiba1/explore-persona-space-data/resolve/a5cf03bbe4807361a74c427a46ad329065f75e30/issue2569_theory/category_validation/e4232afe2970/config_manifest.json
issue2569_theory,issue2569_theory/category_validation/e4232afe2970/extraction_manifest.json,94423,a5cf03bbe4807361a74c427a46ad329065f75e30,736c0ecf2625817e37e6a4f2700ef262fec983bb,,https://huggingface.co/datasets/superkaiba1/explore-persona-space-data/blob/a5cf03bbe4807361a74c427a46ad329065f75e30/issue2569_theory/category_validation/e4232afe2970/extraction_manifest.json,https://huggingface.co/datasets/superkaiba1/explore-persona-space-data/resolve/a5cf03bbe4807361a74c427a46ad329065f75e30/issue2569_theory/category_validation/e4232afe2970/extraction_manifest.json
issue2569_theory,issue2569_theory/category_validation/e4232afe2970/missingness_audit.json,1232,a5cf03bbe4807361a74c427a46ad329065f75e30,d978d9fe811cc0b1e871e9a6608e9cbb0d911a1c,,https://huggingface.co/datasets/superkaiba1/explore-persona-space-data/blob/a5cf03bbe4807361a74c427a46ad329065f75e30/issue2569_theory/category_validation/e4232afe2970/missingness_audit.json,https://huggingface.co/datasets/superkaiba1/explore-persona-space-data/resolve/a5cf03bbe4807361a74c427a46ad329065f75e30/issue2569_theory/category_validation/e4232afe2970/missingness_audit.json
issue2569_theory,issue2569_theory/category_validation/e4232afe2970/pilot_report.json,275,a5cf03bbe4807361a74c427a46ad329065f75e30,aa29bb99743c7e830bdd97fcb50328e42c8ffdde,,https://huggingface.co/datasets/superkaiba1/explore-persona-space-data/blob/a5cf03bbe4807361a74c427a46ad329065f75e30/issue2569_theory/category_validation/e4232afe2970/pilot_report.json,https://huggingface.co/datasets/superkaiba1/explore-persona-space-data/resolve/a5cf03bbe4807361a74c427a46ad329065f75e30/issue2569_theory/category_validation/e4232afe2970/pilot_report.json
issue2569_theory,issue2569_theory/category_validation/e4232afe2970/rows.json,2576521,a5cf03bbe4807361a74c427a46ad329065f75e30,77d864e4427c9ce549da4a649db218ef1b8237e9,,https://huggingface.co/datasets/superkaiba1/explore-persona-space-data/blob/a5cf03bbe4807361a74c427a46ad329065f75e30/issue2569_theory/category_validation/e4232afe2970/rows.json,https://huggingface.co/datasets/superkaiba1/explore-persona-space-data/resolve/a5cf03bbe4807361a74c427a46ad329065f75e30/issue2569_theory/category_validation/e4232afe2970/rows.json
issue2569_theory,issue2569_theory/category_validation/e4232afe2970/shard_ledger.jsonl,910521,a5cf03bbe4807361a74c427a46ad329065f75e30,8904ebbad3d8378589d388f3f359dae49b732631,,https://huggingface.co/datasets/superkaiba1/explore-persona-space-data/blob/a5cf03bbe4807361a74c427a46ad329065f75e30/issue2569_theory/category_validation/e4232afe2970/shard_ledger.jsonl,https://huggingface.co/datasets/superkaiba1/explore-persona-space-data/resolve/a5cf03bbe4807361a74c427a46ad329065f75e30/issue2569_theory/category_validation/e4232afe2970/shard_ledger.jsonl
issue2569_theory,issue2569_theory/own_generated_answers/analysis/crossed_geometry.json,94144,a5cf03bbe4807361a74c427a46ad329065f75e30,1ebc0f158bb96a7f6cfaa9a32d1d010373d86da0,,https://huggingface.co/datasets/superkaiba1/explore-persona-space-data/blob/a5cf03bbe4807361a74c427a46ad329065f75e30/issue2569_theory/own_generated_answers/analysis/crossed_geometry.json,https://huggingface.co/datasets/superkaiba1/explore-persona-space-data/resolve/a5cf03bbe4807361a74c427a46ad329065f75e30/issue2569_theory/own_generated_answers/analysis/crossed_geometry.json
issue2569_theory,issue2569_theory/own_generated_answers/analysis/maps/q14_l16_align_a_lwriter_l2q.pt,58771097,a5cf03bbe4807361a74c427a46ad329065f75e30,a5567a7e892ff1c2a3e852b726c54818e5b8bf94,421757cae5c3de7b9fe21be9633dcdc64d27d2b078e89a074e9ad5bef32da901,https://huggingface.co/datasets/superkaiba1/explore-persona-space-data/blob/a5cf03bbe4807361a74c427a46ad329065f75e30/issue2569_theory/own_generated_answers/analysis/maps/q14_l16_align_a_lwriter_l2q.pt,https://huggingface.co/datasets/superkaiba1/explore-persona-space-data/resolve/a5cf03bbe4807361a74c427a46ad329065f75e30/issue2569_theory/own_generated_answers/analysis/maps/q14_l16_align_a_lwriter_l2q.pt
issue2569_theory,issue2569_theory/own_generated_answers/analysis/maps/q14_l16_align_a_lwriter_q2l.pt,58769049,a5cf03bbe4807361a74c427a46ad329065f75e30,2c8201f613649596ee519ab95eee277b6b13a477,cc428dd5a9d378f7aa6467c39e29935f0ff5b57b70bc9c61f464a37deb02c56b,https://huggingface.co/datasets/superkaiba1/explore-persona-space-data/blob/a5cf03bbe4807361a74c427a46ad329065f75e30/issue2569_theory/own_generated_answers/analysis/maps/q14_l16_align_a_lwriter_q2l.pt,https://huggingface.co/datasets/superkaiba1/explore-persona-space-data/resolve/a5cf03bbe4807361a74c427a46ad329065f75e30/issue2569_theory/own_generated_answers/analysis/maps/q14_l16_align_a_lwriter_q2l.pt
issue2569_theory,issue2569_theory/own_generated_answers/analysis/maps/q14_l16_align_a_own_l2q.pt,58770993,a5cf03bbe4807361a74c427a46ad329065f75e30,11ef7e34732a11072ccceb6465afee1d06d531e7,ede09cc898680a4e71e7f93df5b52a29ce61f8381924c7e34b8cd53b6c6e6a54,https://huggingface.co/datasets/superkaiba1/explore-persona-space-data/blob/a5cf03bbe4807361a74c427a46ad329065f75e30/issue2569_theory/own_generated_answers/analysis/maps/q14_l16_align_a_own_l2q.pt,https://huggingface.co/datasets/superkaiba1/explore-persona-space-data/resolve/a5cf03bbe4807361a74c427a46ad329065f75e30/issue2569_theory/own_generated_answers/analysis/maps/q14_l16_align_a_own_l2q.pt
issue2569_theory,issue2569_theory/own_generated_answers/analysis/maps/q14_l16_align_a_own_q2l.pt,58768945,a5cf03bbe4807361a74c427a46ad329065f75e30,16983e23e0b4bb50ed8b5cfa46f57929cbee78b2,111e14960b95b83aa353763420a693b9749b0eb22b4f6a10c3b8333aae71f5f9,https://huggingface.co/datasets/superkaiba1/explore-persona-space-data/blob/a5cf03bbe4807361a74c427a46ad329065f75e30/issue2569_theory/own_generated_answers/analysis/maps/q14_l16_align_a_own_q2l.pt,https://huggingface.co/datasets/superkaiba1/explore-persona-space-data/resolve/a5cf03bbe4807361a74c427a46ad329065f75e30/issue2569_theory/own_generated_answers/analysis/maps/q14_l16_align_a_own_q2l.pt
issue2569_theory,issue2569_theory/own_generated_answers/analysis/maps/q14_l16_align_a_qwriter_l2q.pt,58771097,a5cf03bbe4807361a74c427a46ad329065f75e30,2efa5678583da626323437eb7a1dff88944df6f7,85a890ca44f7249a6272b6f9603aab1fa5b14dd3b7f245fa3e003587ed76ef40,https://huggingface.co/datasets/superkaiba1/explore-persona-space-data/blob/a5cf03bbe4807361a74c427a46ad329065f75e30/issue2569_theory/own_generated_answers/analysis/maps/q14_l16_align_a_qwriter_l2q.pt,https://huggingface.co/datasets/superkaiba1/explore-persona-space-data/resolve/a5cf03bbe4807361a74c427a46ad329065f75e30/issue2569_theory/own_generated_answers/analysis/maps/q14_l16_align_a_qwriter_l2q.pt
issue2569_theory,issue2569_theory/own_generated_answers/analysis/maps/q14_l16_align_a_qwriter_q2l.pt,58769049,a5cf03bbe4807361a74c427a46ad329065f75e30,58ebee33a02a3e8dbaaf975299255e12ad9e3a25,250b2208580b9ccbffd4c61c5d75d2bbae7a03f0e3e6a7c117a6b7bf0e1e8f2d,https://huggingface.co/datasets/superkaiba1/explore-persona-space-data/blob/a5cf03bbe4807361a74c427a46ad329065f75e30/issue2569_theory/own_generated_answers/analysis/maps/q14_l16_align_a_qwriter_q2l.pt,https://huggingface.co/datasets/superkaiba1/explore-persona-space-data/resolve/a5cf03bbe4807361a74c427a46ad329065f75e30/issue2569_theory/own_generated_answers/analysis/maps/q14_l16_align_a_qwriter_q2l.pt
issue2569_theory,issue2569_theory/own_generated_answers/analysis/maps/q14_l16_align_c_l2q.pt,58770953,a5cf03bbe4807361a74c427a46ad329065f75e30,31d2e83103d409c64d1689a56e163b903d0c023d,0d0a0e68aa3080b9437d1e568ad431406de421440d91c29f84b38f5292f87ce5,https://huggingface.co/datasets/superkaiba1/explore-persona-space-data/blob/a5cf03bbe4807361a74c427a46ad329065f75e30/issue2569_theory/own_generated_answers/analysis/maps/q14_l16_align_c_l2q.pt,https://huggingface.co/datasets/superkaiba1/explore-persona-space-data/resolve/a5cf03bbe4807361a74c427a46ad329065f75e30/issue2569_theory/own_generated_answers/analysis/maps/q14_l16_align_c_l2q.pt
issue2569_theory,issue2569_theory/own_generated_answers/analysis/maps/q14_l16_align_c_q2l.pt,58768895,a5cf03bbe4807361a74c427a46ad329065f75e30,41375c2fb387a69eef05e5e700bab66c19ed5cd8,3dd05cd79d53c5a490630cdfccec4bc86392128f69071fe8ffc2a6061e5133ec,https://huggingface.co/datasets/superkaiba1/explore-persona-space-data/blob/a5cf03bbe4807361a74c427a46ad329065f75e30/issue2569_theory/own_generated_answers/analysis/maps/q14_l16_align_c_q2l.pt,https://huggingface.co/datasets/superkaiba1/explore-persona-space-data/resolve/a5cf03bbe4807361a74c427a46ad329065f75e30/issue2569_theory/own_generated_answers/analysis/maps/q14_l16_align_c_q2l.pt
issue2569_theory,issue2569_theory/own_generated_answers/analysis/maps/q14_l16_map_llama_lwriter.pt,67161669,a5cf03bbe4807361a74c427a46ad329065f75e30,906e340923b912ac93944d889b683387b7f0bf1b,31f4085e1deb3d06a2f06768a98a6fd33a185c2209e2972a1ff9918921d58929,https://huggingface.co/datasets/superkaiba1/explore-persona-space-data/blob/a5cf03bbe4807361a74c427a46ad329065f75e30/issue2569_theory/own_generated_answers/analysis/maps/q14_l16_map_llama_lwriter.pt,https://huggingface.co/datasets/superkaiba1/explore-persona-space-data/resolve/a5cf03bbe4807361a74c427a46ad329065f75e30/issue2569_theory/own_generated_answers/analysis/maps/q14_l16_map_llama_lwriter.pt
issue2569_theory,issue2569_theory/own_generated_answers/analysis/maps/q14_l16_map_llama_qwriter.pt,67161669,a5cf03bbe4807361a74c427a46ad329065f75e30,6e36d11461fcc6bd36b0ddcdce4f3739707e4ce0,8ba72d47f9cfba367636d50a9a3e70a0c718d71ada84106a7495d491035af16b,https://huggingface.co/datasets/superkaiba1/explore-persona-space-data/blob/a5cf03bbe4807361a74c427a46ad329065f75e30/issue2569_theory/own_generated_answers/analysis/maps/q14_l16_map_llama_qwriter.pt,https://huggingface.co/datasets/superkaiba1/explore-persona-space-data/resolve/a5cf03bbe4807361a74c427a46ad329065f75e30/issue2569_theory/own_generated_answers/analysis/maps/q14_l16_map_llama_qwriter.pt
issue2569_theory,issue2569_theory/own_generated_answers/analysis/maps/q14_l16_map_qwen_lwriter.pt,51426875,a5cf03bbe4807361a74c427a46ad329065f75e30,32f3559e0e9161de3fee070af6533f7c0b632969,5211f6926bd734b9bad76dfddf3a1977e0e1b9d911b3b1c041c323fb6373cc2d,https://huggingface.co/datasets/superkaiba1/explore-persona-space-data/blob/a5cf03bbe4807361a74c427a46ad329065f75e30/issue2569_theory/own_generated_answers/analysis/maps/q14_l16_map_qwen_lwriter.pt,https://huggingface.co/datasets/superkaiba1/explore-persona-space-data/resolve/a5cf03bbe4807361a74c427a46ad329065f75e30/issue2569_theory/own_generated_answers/analysis/maps/q14_l16_map_qwen_lwriter.pt
issue2569_theory,issue2569_theory/own_generated_answers/analysis/maps/q14_l16_map_qwen_qwriter.pt,51426875,a5cf03bbe4807361a74c427a46ad329065f75e30,c9502054c91080acf2eb0889b396262b18b5218a,e8ebde90dfb6224486606f921f4a0bb606471ec859f62fd8ae76cb3c9f61858b,https://huggingface.co/datasets/superkaiba1/explore-persona-space-data/blob/a5cf03bbe4807361a74c427a46ad329065f75e30/issue2569_theory/own_generated_answers/analysis/maps/q14_l16_map_qwen_qwriter.pt,https://huggingface.co/datasets/superkaiba1/explore-persona-space-data/resolve/a5cf03bbe4807361a74c427a46ad329065f75e30/issue2569_theory/own_generated_answers/analysis/maps/q14_l16_map_qwen_qwriter.pt
issue2569_theory,issue2569_theory/own_generated_answers/analysis/reliability.json,5332,a5cf03bbe4807361a74c427a46ad329065f75e30,af5a54523ad474fbebaa2735d919d1ca3ecd4367,,https://huggingface.co/datasets/superkaiba1/explore-persona-space-data/blob/a5cf03bbe4807361a74c427a46ad329065f75e30/issue2569_theory/own_generated_answers/analysis/reliability.json,https://huggingface.co/datasets/superkaiba1/explore-persona-space-data/resolve/a5cf03bbe4807361a74c427a46ad329065f75e30/issue2569_theory/own_generated_answers/analysis/reliability.json
issue2569_theory,issue2569_theory/own_generated_answers/analysis/reliability_semantic_rows.jsonl,334685,a5cf03bbe4807361a74c427a46ad329065f75e30,678d55db05e2cbb7a662b5cc76bdc4fddfc0dc95,,https://huggingface.co/datasets/superkaiba1/explore-persona-space-data/blob/a5cf03bbe4807361a74c427a46ad329065f75e30/issue2569_theory/own_generated_answers/analysis/reliability_semantic_rows.jsonl,https://huggingface.co/datasets/superkaiba1/explore-persona-space-data/resolve/a5cf03bbe4807361a74c427a46ad329065f75e30/issue2569_theory/own_generated_answers/analysis/reliability_semantic_rows.jsonl
issue2569_theory,issue2569_theory/own_generated_answers/analysis/semantic/per_row.jsonl,3584782,a5cf03bbe4807361a74c427a46ad329065f75e30,24ef2b4c9e1231a412717530e9371638a48b261d,,https://huggingface.co/datasets/superkaiba1/explore-persona-space-data/blob/a5cf03bbe4807361a74c427a46ad329065f75e30/issue2569_theory/own_generated_answers/analysis/semantic/per_row.jsonl,https://huggingface.co/datasets/superkaiba1/explore-persona-space-data/resolve/a5cf03bbe4807361a74c427a46ad329065f75e30/issue2569_theory/own_generated_answers/analysis/semantic/per_row.jsonl
issue2569_theory,issue2569_theory/own_generated_answers/analysis/semantic/summary.json,564,a5cf03bbe4807361a74c427a46ad329065f75e30,544ab3cb52a03264828a157d42f17d92d63b0e95,,https://huggingface.co/datasets/superkaiba1/explore-persona-space-data/blob/a5cf03bbe4807361a74c427a46ad329065f75e30/issue2569_theory/own_generated_answers/analysis/semantic/summary.json,https://huggingface.co/datasets/superkaiba1/explore-persona-space-data/resolve/a5cf03bbe4807361a74c427a46ad329065f75e30/issue2569_theory/own_generated_answers/analysis/semantic/summary.json
issue2569_theory,issue2569_theory/own_generated_answers/analysis/split.json,218903,a5cf03bbe4807361a74c427a46ad329065f75e30,afa0b5fdf61f915f94ed1d9484f77a1d2dbff7fc,,https://huggingface.co/datasets/superkaiba1/explore-persona-space-data/blob/a5cf03bbe4807361a74c427a46ad329065f75e30/issue2569_theory/own_generated_answers/analysis/split.json,https://huggingface.co/datasets/superkaiba1/explore-persona-space-data/resolve/a5cf03bbe4807361a74c427a46ad329065f75e30/issue2569_theory/own_generated_answers/analysis/split.json
issue2569_theory,issue2569_theory/own_generated_answers/captures/llama_writer_s42/llama_finalize_meta.json,597,a5cf03bbe4807361a74c427a46ad329065f75e30,94564de4119ee870251074453cc266f32d8607a8,,https://huggingface.co/datasets/superkaiba1/explore-persona-space-data/blob/a5cf03bbe4807361a74c427a46ad329065f75e30/issue2569_theory/own_generated_answers/captures/llama_writer_s42/llama_finalize_meta.json,https://huggingface.co/datasets/superkaiba1/explore-persona-space-data/resolve/a5cf03bbe4807361a74c427a46ad329065f75e30/issue2569_theory/own_generated_answers/captures/llama_writer_s42/llama_finalize_meta.json
issue2569_theory,issue2569_theory/own_generated_answers/captures/llama_writer_s42/llama_va_L16.pt,128176817,a5cf03bbe4807361a74c427a46ad329065f75e30,6463f6b418cddecc952ac4deb35fd38e874e5259,5b33febe7e4a5f1aac25deca9cd3736911dfc6cf2e1133a3af58648aa84005c5,https://huggingface.co/datasets/superkaiba1/explore-persona-space-data/blob/a5cf03bbe4807361a74c427a46ad329065f75e30/issue2569_theory/own_generated_answers/captures/llama_writer_s42/llama_va_L16.pt,https://huggingface.co/datasets/superkaiba1/explore-persona-space-data/resolve/a5cf03bbe4807361a74c427a46ad329065f75e30/issue2569_theory/own_generated_answers/captures/llama_writer_s42/llama_va_L16.pt
issue2569_theory,issue2569_theory/own_generated_answers/captures/llama_writer_s42/llama_va_L22.pt,127952497,a5cf03bbe4807361a74c427a46ad329065f75e30,24307d65c9cbaecbcbe08922099e36b051023c1c,ab3e868cdd934f04eb265a5bcc359bcffd767ce8c98747a361cf3bbba878a2ff,https://huggingface.co/datasets/superkaiba1/explore-persona-space-data/blob/a5cf03bbe4807361a74c427a46ad329065f75e30/issue2569_theory/own_generated_answers/captures/llama_writer_s42/llama_va_L22.pt,https://huggingface.co/datasets/superkaiba1/explore-persona-space-data/resolve/a5cf03bbe4807361a74c427a46ad329065f75e30/issue2569_theory/own_generated_answers/captures/llama_writer_s42/llama_va_L22.pt
issue2569_theory,issue2569_theory/own_generated_answers/captures/llama_writer_s42/llama_va_L30.pt,128372977,a5cf03bbe4807361a74c427a46ad329065f75e30,5ab0d27ea0ba2a15916ca87efcf006cccceba597,35a69ddbbb18b7831e92cac3c765d9b08b1da29824d25016a4988cb22fb88d4a,https://huggingface.co/datasets/superkaiba1/explore-persona-space-data/blob/a5cf03bbe4807361a74c427a46ad329065f75e30/issue2569_theory/own_generated_answers/captures/llama_writer_s42/llama_va_L30.pt,https://huggingface.co/datasets/superkaiba1/explore-persona-space-data/resolve/a5cf03bbe4807361a74c427a46ad329065f75e30/issue2569_theory/own_generated_answers/captures/llama_writer_s42/llama_va_L30.pt
issue2569_theory,issue2569_theory/own_generated_answers/captures/llama_writer_s42/llama_vc_L16.pt,127966001,a5cf03bbe4807361a74c427a46ad329065f75e30,cb9b1dddbc12113f56eed92c97e1f895dcfe47de,77483bbefb267c3cdcdaa8f345ebaed960446c6cfcea1339097148e5a400c38c,https://huggingface.co/datasets/superkaiba1/explore-persona-space-data/blob/a5cf03bbe4807361a74c427a46ad329065f75e30/issue2569_theory/own_generated_answers/captures/llama_writer_s42/llama_vc_L16.pt,https://huggingface.co/datasets/superkaiba1/explore-persona-space-data/resolve/a5cf03bbe4807361a74c427a46ad329065f75e30/issue2569_theory/own_generated_answers/captures/llama_writer_s42/llama_vc_L16.pt
issue2569_theory,issue2569_theory/own_generated_answers/captures/llama_writer_s42/llama_vc_L22.pt,127994737,a5cf03bbe4807361a74c427a46ad329065f75e30,59e090cd9bcd70ce45f5e1597999a0548582ffee,996083729bc7c17c03dd06117b855232cd0f056c2e2f028e77a80531597c0d2f,https://huggingface.co/datasets/superkaiba1/explore-persona-space-data/blob/a5cf03bbe4807361a74c427a46ad329065f75e30/issue2569_theory/own_generated_answers/captures/llama_writer_s42/llama_vc_L22.pt,https://huggingface.co/datasets/superkaiba1/explore-persona-space-data/resolve/a5cf03bbe4807361a74c427a46ad329065f75e30/issue2569_theory/own_generated_answers/captures/llama_writer_s42/llama_vc_L22.pt
issue2569_theory,issue2569_theory/own_generated_answers/captures/llama_writer_s42/llama_vc_L30.pt,128003249,a5cf03bbe4807361a74c427a46ad329065f75e30,c6d9fd35f475bd84836a66e699deb86bd068b73d,d5cfc3a75adc664994d6bfd546cf8685cbe49709bfe6d236ab1dce93b4a6b910,https://huggingface.co/datasets/superkaiba1/explore-persona-space-data/blob/a5cf03bbe4807361a74c427a46ad329065f75e30/issue2569_theory/own_generated_answers/captures/llama_writer_s42/llama_vc_L30.pt,https://huggingface.co/datasets/superkaiba1/explore-persona-space-data/resolve/a5cf03bbe4807361a74c427a46ad329065f75e30/issue2569_theory/own_generated_answers/captures/llama_writer_s42/llama_vc_L30.pt
issue2569_theory,issue2569_theory/own_generated_answers/captures/llama_writer_s42/qwen_finalize_meta.json,590,a5cf03bbe4807361a74c427a46ad329065f75e30,33c1fdf00f4de96e2f053d4670f406fd86d63b21,,https://huggingface.co/datasets/superkaiba1/explore-persona-space-data/blob/a5cf03bbe4807361a74c427a46ad329065f75e30/issue2569_theory/own_generated_answers/captures/llama_writer_s42/qwen_finalize_meta.json,https://huggingface.co/datasets/superkaiba1/explore-persona-space-data/resolve/a5cf03bbe4807361a74c427a46ad329065f75e30/issue2569_theory/own_generated_answers/captures/llama_writer_s42/qwen_finalize_meta.json
issue2569_theory,issue2569_theory/own_generated_answers/captures/llama_writer_s42/qwen_va_L14.pt,112314091,a5cf03bbe4807361a74c427a46ad329065f75e30,5b31202ffcd22b395ff54231a79d62197b0ecf8f,40ab0b996766ecbdf155e7be700342881aaf2daa5e9ba3eec2a9adda657a53ea,https://huggingface.co/datasets/superkaiba1/explore-persona-space-data/blob/a5cf03bbe4807361a74c427a46ad329065f75e30/issue2569_theory/own_generated_answers/captures/llama_writer_s42/qwen_va_L14.pt,https://huggingface.co/datasets/superkaiba1/explore-persona-space-data/resolve/a5cf03bbe4807361a74c427a46ad329065f75e30/issue2569_theory/own_generated_answers/captures/llama_writer_s42/qwen_va_L14.pt
issue2569_theory,issue2569_theory/own_generated_answers/captures/llama_writer_s42/qwen_va_L19.pt,112108971,a5cf03bbe4807361a74c427a46ad329065f75e30,05980f60fc140b78652040db354408848d901149,f96789e30ec4d9197509ba1d97b332227a9c03e84c872bb77d96c01b3d213643,https://huggingface.co/datasets/superkaiba1/explore-persona-space-data/blob/a5cf03bbe4807361a74c427a46ad329065f75e30/issue2569_theory/own_generated_answers/captures/llama_writer_s42/qwen_va_L19.pt,https://huggingface.co/datasets/superkaiba1/explore-persona-space-data/resolve/a5cf03bbe4807361a74c427a46ad329065f75e30/issue2569_theory/own_generated_answers/captures/llama_writer_s42/qwen_va_L19.pt
issue2569_theory,issue2569_theory/own_generated_answers/captures/llama_writer_s42/qwen_va_L26.pt,112115627,a5cf03bbe4807361a74c427a46ad329065f75e30,b617484ad7ac01c9db840a34e361178cbdc408fe,9dd5539989794571fe4c0fa28beac3664e625cb78f568090d7b2f0085c9f21bd,https://huggingface.co/datasets/superkaiba1/explore-persona-space-data/blob/a5cf03bbe4807361a74c427a46ad329065f75e30/issue2569_theory/own_generated_answers/captures/llama_writer_s42/qwen_va_L26.pt,https://huggingface.co/datasets/superkaiba1/explore-persona-space-data/resolve/a5cf03bbe4807361a74c427a46ad329065f75e30/issue2569_theory/own_generated_answers/captures/llama_writer_s42/qwen_va_L26.pt
issue2569_theory,issue2569_theory/own_generated_answers/captures/llama_writer_s42/qwen_vc_L14.pt,112028715,a5cf03bbe4807361a74c427a46ad329065f75e30,482a14124f52185ac3b46a98e90dbdec994523cc,79e4c072629c0f9b374dc96e06daaf2fc829158c3ab756ef8c5f6ef56f6b9df5,https://huggingface.co/datasets/superkaiba1/explore-persona-space-data/blob/a5cf03bbe4807361a74c427a46ad329065f75e30/issue2569_theory/own_generated_answers/captures/llama_writer_s42/qwen_vc_L14.pt,https://huggingface.co/datasets/superkaiba1/explore-persona-space-data/resolve/a5cf03bbe4807361a74c427a46ad329065f75e30/issue2569_theory/own_generated_answers/captures/llama_writer_s42/qwen_vc_L14.pt
issue2569_theory,issue2569_theory/own_generated_answers/captures/llama_writer_s42/qwen_vc_L19.pt,111950955,a5cf03bbe4807361a74c427a46ad329065f75e30,3ff6dc561c0a874e68ec14f0aae25b2d1bba364f,c0755fc2a489fc6453ac375176e407a3c69a1395ed674e89ad9a5d17a83db451,https://huggingface.co/datasets/superkaiba1/explore-persona-space-data/blob/a5cf03bbe4807361a74c427a46ad329065f75e30/issue2569_theory/own_generated_answers/captures/llama_writer_s42/qwen_vc_L19.pt,https://huggingface.co/datasets/superkaiba1/explore-persona-space-data/resolve/a5cf03bbe4807361a74c427a46ad329065f75e30/issue2569_theory/own_generated_answers/captures/llama_writer_s42/qwen_vc_L19.pt
issue2569_theory,issue2569_theory/own_generated_answers/captures/llama_writer_s42/qwen_vc_L26.pt,112082091,a5cf03bbe4807361a74c427a46ad329065f75e30,c0e60a7dba668389d6ce9325dadaba8854ba99bb,7e4912e0f6eb13395edb603a218de739c0f18c8b1870688518c291e9a5e6fc5e,https://huggingface.co/datasets/superkaiba1/explore-persona-space-data/blob/a5cf03bbe4807361a74c427a46ad329065f75e30/issue2569_theory/own_generated_answers/captures/llama_writer_s42/qwen_vc_L26.pt,https://huggingface.co/datasets/superkaiba1/explore-persona-space-data/resolve/a5cf03bbe4807361a74c427a46ad329065f75e30/issue2569_theory/own_generated_answers/captures/llama_writer_s42/qwen_vc_L26.pt
issue2569_theory,issue2569_theory/own_generated_answers/mapping_diff/report_with_plots/MANIFEST.json,1910,a5cf03bbe4807361a74c427a46ad329065f75e30,be7c0bda9c7654a1147189de4613a43c056a2c85,,https://huggingface.co/datasets/superkaiba1/explore-persona-space-data/blob/a5cf03bbe4807361a74c427a46ad329065f75e30/issue2569_theory/own_generated_answers/mapping_diff/report_with_plots/MANIFEST.json,https://huggingface.co/datasets/superkaiba1/explore-persona-space-data/resolve/a5cf03bbe4807361a74c427a46ad329065f75e30/issue2569_theory/own_generated_answers/mapping_diff/report_with_plots/MANIFEST.json
issue2569_theory,issue2569_theory/own_generated_answers/mapping_diff/report_with_plots/REPORT.md,8832,a5cf03bbe4807361a74c427a46ad329065f75e30,f9edce51d93560fbe632181c5944dad1e47bcd0a,,https://huggingface.co/datasets/superkaiba1/explore-persona-space-data/blob/a5cf03bbe4807361a74c427a46ad329065f75e30/issue2569_theory/own_generated_answers/mapping_diff/report_with_plots/REPORT.md,https://huggingface.co/datasets/superkaiba1/explore-persona-space-data/resolve/a5cf03bbe4807361a74c427a46ad329065f75e30/issue2569_theory/own_generated_answers/mapping_diff/report_with_plots/REPORT.md
issue2569_theory,issue2569_theory/own_generated_answers/mapping_diff/report_with_plots/fewshot_transfer.json,320289,a5cf03bbe4807361a74c427a46ad329065f75e30,ed12ee7f1084dbbc73849f9aabd63a1204005219,,https://huggingface.co/datasets/superkaiba1/explore-persona-space-data/blob/a5cf03bbe4807361a74c427a46ad329065f75e30/issue2569_theory/own_generated_answers/mapping_diff/report_with_plots/fewshot_transfer.json,https://huggingface.co/datasets/superkaiba1/explore-persona-space-data/resolve/a5cf03bbe4807361a74c427a46ad329065f75e30/issue2569_theory/own_generated_answers/mapping_diff/report_with_plots/fewshot_transfer.json
issue2569_theory,issue2569_theory/own_generated_answers/mapping_diff/report_with_plots/fig1_factorial_mapping_diff.png,97439,a5cf03bbe4807361a74c427a46ad329065f75e30,b6560b17e89e383f438f54df8bb5e6dc639e5f3b,57e89c4597960a44bfa2bd19818acb359f13ccfb6922749ad7c3e5a62d74f7a5,https://huggingface.co/datasets/superkaiba1/explore-persona-space-data/blob/a5cf03bbe4807361a74c427a46ad329065f75e30/issue2569_theory/own_generated_answers/mapping_diff/report_with_plots/fig1_factorial_mapping_diff.png,https://huggingface.co/datasets/superkaiba1/explore-persona-space-data/resolve/a5cf03bbe4807361a74c427a46ad329065f75e30/issue2569_theory/own_generated_answers/mapping_diff/report_with_plots/fig1_factorial_mapping_diff.png
issue2569_theory,issue2569_theory/own_generated_answers/mapping_diff/report_with_plots/fig1_factorial_mapping_diff.svg,53950,a5cf03bbe4807361a74c427a46ad329065f75e30,c71fb7cf4b72c315c0c5c2ca9891063d069bf1bb,,https://huggingface.co/datasets/superkaiba1/explore-persona-space-data/blob/a5cf03bbe4807361a74c427a46ad329065f75e30/issue2569_theory/own_generated_answers/mapping_diff/report_with_plots/fig1_factorial_mapping_diff.svg,https://huggingface.co/datasets/superkaiba1/explore-persona-space-data/resolve/a5cf03bbe4807361a74c427a46ad329065f75e30/issue2569_theory/own_generated_answers/mapping_diff/report_with_plots/fig1_factorial_mapping_diff.svg
issue2569_theory,issue2569_theory/own_generated_answers/mapping_diff/report_with_plots/fig2_fewshot_transfer.png,221351,a5cf03bbe4807361a74c427a46ad329065f75e30,ff4498d04cec4569493ba4bb5376c39c32e99cba,c4b9a32c806746d0e38c892db142e778930d6e2587a220127114fd1e9a09be9a,https://huggingface.co/datasets/superkaiba1/explore-persona-space-data/blob/a5cf03bbe4807361a74c427a46ad329065f75e30/issue2569_theory/own_generated_answers/mapping_diff/report_with_plots/fig2_fewshot_transfer.png,https://huggingface.co/datasets/superkaiba1/explore-persona-space-data/resolve/a5cf03bbe4807361a74c427a46ad329065f75e30/issue2569_theory/own_generated_answers/mapping_diff/report_with_plots/fig2_fewshot_transfer.png
issue2569_theory,issue2569_theory/own_generated_answers/mapping_diff/report_with_plots/fig2_fewshot_transfer.svg,73019,a5cf03bbe4807361a74c427a46ad329065f75e30,5a0b6e3443dee3cb28f75195fc79ded5abcaebf7,,https://huggingface.co/datasets/superkaiba1/explore-persona-space-data/blob/a5cf03bbe4807361a74c427a46ad329065f75e30/issue2569_theory/own_generated_answers/mapping_diff/report_with_plots/fig2_fewshot_transfer.svg,https://huggingface.co/datasets/superkaiba1/explore-persona-space-data/resolve/a5cf03bbe4807361a74c427a46ad329065f75e30/issue2569_theory/own_generated_answers/mapping_diff/report_with_plots/fig2_fewshot_transfer.svg
issue2569_theory,issue2569_theory/own_generated_answers/mapping_diff/report_with_plots/fig3_behavior_readout.png,78261,a5cf03bbe4807361a74c427a46ad329065f75e30,098126b393adc7a6a0f0dd0e994764c682487f94,edde8e0182453a61573c91095a8d862757791c21040416de61b94deaa56b30bf,https://huggingface.co/datasets/superkaiba1/explore-persona-space-data/blob/a5cf03bbe4807361a74c427a46ad329065f75e30/issue2569_theory/own_generated_answers/mapping_diff/report_with_plots/fig3_behavior_readout.png,https://huggingface.co/datasets/superkaiba1/explore-persona-space-data/resolve/a5cf03bbe4807361a74c427a46ad329065f75e30/issue2569_theory/own_generated_answers/mapping_diff/report_with_plots/fig3_behavior_readout.png
issue2569_theory,issue2569_theory/own_generated_answers/mapping_diff/report_with_plots/fig3_behavior_readout.svg,42423,a5cf03bbe4807361a74c427a46ad329065f75e30,8ea0c11a18afb37803915483ab33384e191146c2,,https://huggingface.co/datasets/superkaiba1/explore-persona-space-data/blob/a5cf03bbe4807361a74c427a46ad329065f75e30/issue2569_theory/own_generated_answers/mapping_diff/report_with_plots/fig3_behavior_readout.svg,https://huggingface.co/datasets/superkaiba1/explore-persona-space-data/resolve/a5cf03bbe4807361a74c427a46ad329065f75e30/issue2569_theory/own_generated_answers/mapping_diff/report_with_plots/fig3_behavior_readout.svg
issue2569_theory,issue2569_theory/own_generated_answers/mapping_diff/report_with_plots/heldout_rows.jsonl,1653691,a5cf03bbe4807361a74c427a46ad329065f75e30,40bdccda1f3879ebacbf2a43e475ab98c222d6d2,,https://huggingface.co/datasets/superkaiba1/explore-persona-space-data/blob/a5cf03bbe4807361a74c427a46ad329065f75e30/issue2569_theory/own_generated_answers/mapping_diff/report_with_plots/heldout_rows.jsonl,https://huggingface.co/datasets/superkaiba1/explore-persona-space-data/resolve/a5cf03bbe4807361a74c427a46ad329065f75e30/issue2569_theory/own_generated_answers/mapping_diff/report_with_plots/heldout_rows.jsonl
issue2569_theory,issue2569_theory/own_generated_answers/mapping_diff/report_with_plots/mapping_diff.json,42505,a5cf03bbe4807361a74c427a46ad329065f75e30,918277b0b50b250a6900a5176297a1c1cca2ccf4,,https://huggingface.co/datasets/superkaiba1/explore-persona-space-data/blob/a5cf03bbe4807361a74c427a46ad329065f75e30/issue2569_theory/own_generated_answers/mapping_diff/report_with_plots/mapping_diff.json,https://huggingface.co/datasets/superkaiba1/explore-persona-space-data/resolve/a5cf03bbe4807361a74c427a46ad329065f75e30/issue2569_theory/own_generated_answers/mapping_diff/report_with_plots/mapping_diff.json
issue2569_theory,issue2569_theory/own_generated_answers/mapping_diff/report_with_plots/writer_modes.npz,434791,a5cf03bbe4807361a74c427a46ad329065f75e30,7d955b7c270642741c0abe48344c650f8a8c045d,4ba62158624fa4251b2dccebe16c8220cb4cbe30c7bd1e92b1c140db8211cd31,https://huggingface.co/datasets/superkaiba1/explore-persona-space-data/blob/a5cf03bbe4807361a74c427a46ad329065f75e30/issue2569_theory/own_generated_answers/mapping_diff/report_with_plots/writer_modes.npz,https://huggingface.co/datasets/superkaiba1/explore-persona-space-data/resolve/a5cf03bbe4807361a74c427a46ad329065f75e30/issue2569_theory/own_generated_answers/mapping_diff/report_with_plots/writer_modes.npz
issue2569_theory,issue2569_theory/own_generated_answers/raw_completions/llama_seed42/audit.json,7845,a5cf03bbe4807361a74c427a46ad329065f75e30,45051e79889a140cb30ff6352460116c1d326dd5,,https://huggingface.co/datasets/superkaiba1/explore-persona-space-data/blob/a5cf03bbe4807361a74c427a46ad329065f75e30/issue2569_theory/own_generated_answers/raw_completions/llama_seed42/audit.json,https://huggingface.co/datasets/superkaiba1/explore-persona-space-data/resolve/a5cf03bbe4807361a74c427a46ad329065f75e30/issue2569_theory/own_generated_answers/raw_completions/llama_seed42/audit.json
issue2569_theory,issue2569_theory/own_generated_answers/raw_completions/llama_seed42/raw_completions/shard00000.json,592598,a5cf03bbe4807361a74c427a46ad329065f75e30,ccd965ff8f85b9c185e4f9d9d3757ad30f3ba1bb,,https://huggingface.co/datasets/superkaiba1/explore-persona-space-data/blob/a5cf03bbe4807361a74c427a46ad329065f75e30/issue2569_theory/own_generated_answers/raw_completions/llama_seed42/raw_completions/shard00000.json,https://huggingface.co/datasets/superkaiba1/explore-persona-space-data/resolve/a5cf03bbe4807361a74c427a46ad329065f75e30/issue2569_theory/own_generated_answers/raw_completions/llama_seed42/raw_completions/shard00000.json
issue2569_theory,issue2569_theory/own_generated_answers/raw_completions/llama_seed42/raw_completions/shard00001.json,604895,a5cf03bbe4807361a74c427a46ad329065f75e30,7d83d67758003e6fca00c86aa63786731fc25c82,,https://huggingface.co/datasets/superkaiba1/explore-persona-space-data/blob/a5cf03bbe4807361a74c427a46ad329065f75e30/issue2569_theory/own_generated_answers/raw_completions/llama_seed42/raw_completions/shard00001.json,https://huggingface.co/datasets/superkaiba1/explore-persona-space-data/resolve/a5cf03bbe4807361a74c427a46ad329065f75e30/issue2569_theory/own_generated_answers/raw_completions/llama_seed42/raw_completions/shard00001.json
issue2569_theory,issue2569_theory/own_generated_answers/raw_completions/llama_seed42/raw_completions/shard00002.json,521645,a5cf03bbe4807361a74c427a46ad329065f75e30,db622ca5dffd4c6509e89524782f9b8faf2f3c31,,https://huggingface.co/datasets/superkaiba1/explore-persona-space-data/blob/a5cf03bbe4807361a74c427a46ad329065f75e30/issue2569_theory/own_generated_answers/raw_completions/llama_seed42/raw_completions/shard00002.json,https://huggingface.co/datasets/superkaiba1/explore-persona-space-data/resolve/a5cf03bbe4807361a74c427a46ad329065f75e30/issue2569_theory/own_generated_answers/raw_completions/llama_seed42/raw_completions/shard00002.json
issue2569_theory,issue2569_theory/own_generated_answers/raw_completions/llama_seed42/raw_completions/shard00003.json,571644,a5cf03bbe4807361a74c427a46ad329065f75e30,ebe0087e62835746c76d0718029215563e530782,,https://huggingface.co/datasets/superkaiba1/explore-persona-space-data/blob/a5cf03bbe4807361a74c427a46ad329065f75e30/issue2569_theory/own_generated_answers/raw_completions/llama_seed42/raw_completions/shard00003.json,https://huggingface.co/datasets/superkaiba1/explore-persona-space-data/resolve/a5cf03bbe4807361a74c427a46ad329065f75e30/issue2569_theory/own_generated_answers/raw_completions/llama_seed42/raw_completions/shard00003.json
issue2569_theory,issue2569_theory/own_generated_answers/raw_completions/llama_seed42/raw_completions/shard00004.json,569087,a5cf03bbe4807361a74c427a46ad329065f75e30,1be2deb1f032fa3e64d988fa494a777c6ae7dde9,,https://huggingface.co/datasets/superkaiba1/explore-persona-space-data/blob/a5cf03bbe4807361a74c427a46ad329065f75e30/issue2569_theory/own_generated_answers/raw_completions/llama_seed42/raw_completions/shard00004.json,https://huggingface.co/datasets/superkaiba1/explore-persona-space-data/resolve/a5cf03bbe4807361a74c427a46ad329065f75e30/issue2569_theory/own_generated_answers/raw_completions/llama_seed42/raw_completions/shard00004.json
issue2569_theory,issue2569_theory/own_generated_answers/raw_completions/llama_seed42/raw_completions/shard00005.json,570547,a5cf03bbe4807361a74c427a46ad329065f75e30,2be9bee35127eb124369b7bf42760a806cf7b657,,https://huggingface.co/datasets/superkaiba1/explore-persona-space-data/blob/a5cf03bbe4807361a74c427a46ad329065f75e30/issue2569_theory/own_generated_answers/raw_completions/llama_seed42/raw_completions/shard00005.json,https://huggingface.co/datasets/superkaiba1/explore-persona-space-data/resolve/a5cf03bbe4807361a74c427a46ad329065f75e30/issue2569_theory/own_generated_answers/raw_completions/llama_seed42/raw_completions/shard00005.json
issue2569_theory,issue2569_theory/own_generated_answers/raw_completions/llama_seed42/raw_completions/shard00006.json,559602,a5cf03bbe4807361a74c427a46ad329065f75e30,3903688de4936599ecbf715ee663f6a28b881eeb,,https://huggingface.co/datasets/superkaiba1/explore-persona-space-data/blob/a5cf03bbe4807361a74c427a46ad329065f75e30/issue2569_theory/own_generated_answers/raw_completions/llama_seed42/raw_completions/shard00006.json,https://huggingface.co/datasets/superkaiba1/explore-persona-space-data/resolve/a5cf03bbe4807361a74c427a46ad329065f75e30/issue2569_theory/own_generated_answers/raw_completions/llama_seed42/raw_completions/shard00006.json
issue2569_theory,issue2569_theory/own_generated_answers/raw_completions/llama_seed42/raw_completions/shard00007.json,571169,a5cf03bbe4807361a74c427a46ad329065f75e30,dd41eb83aefbc562e7402de109063a59b5681b15,,https://huggingface.co/datasets/superkaiba1/explore-persona-space-data/blob/a5cf03bbe4807361a74c427a46ad329065f75e30/issue2569_theory/own_generated_answers/raw_completions/llama_seed42/raw_completions/shard00007.json,https://huggingface.co/datasets/superkaiba1/explore-persona-space-data/resolve/a5cf03bbe4807361a74c427a46ad329065f75e30/issue2569_theory/own_generated_answers/raw_completions/llama_seed42/raw_completions/shard00007.json
issue2569_theory,issue2569_theory/own_generated_answers/raw_completions/llama_seed42/raw_completions/shard00008.json,570124,a5cf03bbe4807361a74c427a46ad329065f75e30,d6d62d924c7e349b77b55c0c8d22308955377ee2,,https://huggingface.co/datasets/superkaiba1/explore-persona-space-data/blob/a5cf03bbe4807361a74c427a46ad329065f75e30/issue2569_theory/own_generated_answers/raw_completions/llama_seed42/raw_completions/shard00008.json,https://huggingface.co/datasets/superkaiba1/explore-persona-space-data/resolve/a5cf03bbe4807361a74c427a46ad329065f75e30/issue2569_theory/own_generated_answers/raw_completions/llama_seed42/raw_completions/shard00008.json
issue2569_theory,issue2569_theory/own_generated_answers/raw_completions/llama_seed42/raw_completions/shard00009.json,574344,a5cf03bbe4807361a74c427a46ad329065f75e30,8c9c3c7ae66a1b2816cbdebc6fff84039d05e4fe,,https://huggingface.co/datasets/superkaiba1/explore-persona-space-data/blob/a5cf03bbe4807361a74c427a46ad329065f75e30/issue2569_theory/own_generated_answers/raw_completions/llama_seed42/raw_completions/shard00009.json,https://huggingface.co/datasets/superkaiba1/explore-persona-space-data/resolve/a5cf03bbe4807361a74c427a46ad329065f75e30/issue2569_theory/own_generated_answers/raw_completions/llama_seed42/raw_completions/shard00009.json
issue2569_theory,issue2569_theory/own_generated_answers/raw_completions/llama_seed42/raw_completions/shard00010.json,639672,a5cf03bbe4807361a74c427a46ad329065f75e30,5c70ab393099dbdda9e81b85401014959e5a6241,,https://huggingface.co/datasets/superkaiba1/explore-persona-space-data/blob/a5cf03bbe4807361a74c427a46ad329065f75e30/issue2569_theory/own_generated_answers/raw_completions/llama_seed42/raw_completions/shard00010.json,https://huggingface.co/datasets/superkaiba1/explore-persona-space-data/resolve/a5cf03bbe4807361a74c427a46ad329065f75e30/issue2569_theory/own_generated_answers/raw_completions/llama_seed42/raw_completions/shard00010.json
issue2569_theory,issue2569_theory/own_generated_answers/raw_completions/llama_seed42/raw_completions/shard00011.json,591897,a5cf03bbe4807361a74c427a46ad329065f75e30,0b7935b2f2cb1219a0ebecc6fb019b13eb950b8a,,https://huggingface.co/datasets/superkaiba1/explore-persona-space-data/blob/a5cf03bbe4807361a74c427a46ad329065f75e30/issue2569_theory/own_generated_answers/raw_completions/llama_seed42/raw_completions/shard00011.json,https://huggingface.co/datasets/superkaiba1/explore-persona-space-data/resolve/a5cf03bbe4807361a74c427a46ad329065f75e30/issue2569_theory/own_generated_answers/raw_completions/llama_seed42/raw_completions/shard00011.json
issue2569_theory,issue2569_theory/own_generated_answers/raw_completions/llama_seed42/raw_completions/shard00012.json,556247,a5cf03bbe4807361a74c427a46ad329065f75e30,dabb12bb631a00609805ec6c6abc2a8bbe439a38,,https://huggingface.co/datasets/superkaiba1/explore-persona-space-data/blob/a5cf03bbe4807361a74c427a46ad329065f75e30/issue2569_theory/own_generated_answers/raw_completions/llama_seed42/raw_completions/shard00012.json,https://huggingface.co/datasets/superkaiba1/explore-persona-space-data/resolve/a5cf03bbe4807361a74c427a46ad329065f75e30/issue2569_theory/own_generated_answers/raw_completions/llama_seed42/raw_completions/shard00012.json
issue2569_theory,issue2569_theory/own_generated_answers/raw_completions/llama_seed42/raw_completions/shard00013.json,563953,a5cf03bbe4807361a74c427a46ad329065f75e30,c391baf5fe995d8abce2b566d0d6865f69a8fc4b,,https://huggingface.co/datasets/superkaiba1/explore-persona-space-data/blob/a5cf03bbe4807361a74c427a46ad329065f75e30/issue2569_theory/own_generated_answers/raw_completions/llama_seed42/raw_completions/shard00013.json,https://huggingface.co/datasets/superkaiba1/explore-persona-space-data/resolve/a5cf03bbe4807361a74c427a46ad329065f75e30/issue2569_theory/own_generated_answers/raw_completions/llama_seed42/raw_completions/shard00013.json
issue2569_theory,issue2569_theory/own_generated_answers/raw_completions/llama_seed42/raw_completions/shard00014.json,566456,a5cf03bbe4807361a74c427a46ad329065f75e30,9d4c8e5c575a2be150268cc1e9b9cb2404f44362,,https://huggingface.co/datasets/superkaiba1/explore-persona-space-data/blob/a5cf03bbe4807361a74c427a46ad329065f75e30/issue2569_theory/own_generated_answers/raw_completions/llama_seed42/raw_completions/shard00014.json,https://huggingface.co/datasets/superkaiba1/explore-persona-space-data/resolve/a5cf03bbe4807361a74c427a46ad329065f75e30/issue2569_theory/own_generated_answers/raw_completions/llama_seed42/raw_completions/shard00014.json
issue2569_theory,issue2569_theory/own_generated_answers/raw_completions/llama_seed42/raw_completions/shard00015.json,565498,a5cf03bbe4807361a74c427a46ad329065f75e30,5637eea5bbe4ce97eeef8158ccbe1b46d38f79d7,,https://huggingface.co/datasets/superkaiba1/explore-persona-space-data/blob/a5cf03bbe4807361a74c427a46ad329065f75e30/issue2569_theory/own_generated_answers/raw_completions/llama_seed42/raw_completions/shard00015.json,https://huggingface.co/datasets/superkaiba1/explore-persona-space-data/resolve/a5cf03bbe4807361a74c427a46ad329065f75e30/issue2569_theory/own_generated_answers/raw_completions/llama_seed42/raw_completions/shard00015.json
issue2569_theory,issue2569_theory/own_generated_answers/raw_completions/llama_seed42/raw_completions/shard00016.json,559032,a5cf03bbe4807361a74c427a46ad329065f75e30,980cfdb4dbf3f1bc816f6b0794dc1bbb0e40d67c,,https://huggingface.co/datasets/superkaiba1/explore-persona-space-data/blob/a5cf03bbe4807361a74c427a46ad329065f75e30/issue2569_theory/own_generated_answers/raw_completions/llama_seed42/raw_completions/shard00016.json,https://huggingface.co/datasets/superkaiba1/explore-persona-space-data/resolve/a5cf03bbe4807361a74c427a46ad329065f75e30/issue2569_theory/own_generated_answers/raw_completions/llama_seed42/raw_completions/shard00016.json
issue2569_theory,issue2569_theory/own_generated_answers/raw_completions/llama_seed42/raw_completions/shard00017.json,589666,a5cf03bbe4807361a74c427a46ad329065f75e30,c7b070d281ece1e732ae7f188fd9da1a773c394c,,https://huggingface.co/datasets/superkaiba1/explore-persona-space-data/blob/a5cf03bbe4807361a74c427a46ad329065f75e30/issue2569_theory/own_generated_answers/raw_completions/llama_seed42/raw_completions/shard00017.json,https://huggingface.co/datasets/superkaiba1/explore-persona-space-data/resolve/a5cf03bbe4807361a74c427a46ad329065f75e30/issue2569_theory/own_generated_answers/raw_completions/llama_seed42/raw_completions/shard00017.json
issue2569_theory,issue2569_theory/own_generated_answers/raw_completions/llama_seed42/raw_completions/shard00018.json,585470,a5cf03bbe4807361a74c427a46ad329065f75e30,39ac61bcd2e490fbff63db8b28b4944b4ffe317d,,https://huggingface.co/datasets/superkaiba1/explore-persona-space-data/blob/a5cf03bbe4807361a74c427a46ad329065f75e30/issue2569_theory/own_generated_answers/raw_completions/llama_seed42/raw_completions/shard00018.json,https://huggingface.co/datasets/superkaiba1/explore-persona-space-data/resolve/a5cf03bbe4807361a74c427a46ad329065f75e30/issue2569_theory/own_generated_answers/raw_completions/llama_seed42/raw_completions/shard00018.json
issue2569_theory,issue2569_theory/own_generated_answers/raw_completions/llama_seed42/raw_completions/shard00019.json,562893,a5cf03bbe4807361a74c427a46ad329065f75e30,52ecb82151346d9d2a468d37a473808cfda64caa,,https://huggingface.co/datasets/superkaiba1/explore-persona-space-data/blob/a5cf03bbe4807361a74c427a46ad329065f75e30/issue2569_theory/own_generated_answers/raw_completions/llama_seed42/raw_completions/shard00019.json,https://huggingface.co/datasets/superkaiba1/explore-persona-space-data/resolve/a5cf03bbe4807361a74c427a46ad329065f75e30/issue2569_theory/own_generated_answers/raw_completions/llama_seed42/raw_completions/shard00019.json
issue2569_theory,issue2569_theory/own_generated_answers/raw_completions/llama_seed42/raw_completions/shard00020.json,542378,a5cf03bbe4807361a74c427a46ad329065f75e30,40af562363eb297a3c8a2ec20ef2fa180c080870,,https://huggingface.co/datasets/superkaiba1/explore-persona-space-data/blob/a5cf03bbe4807361a74c427a46ad329065f75e30/issue2569_theory/own_generated_answers/raw_completions/llama_seed42/raw_completions/shard00020.json,https://huggingface.co/datasets/superkaiba1/explore-persona-space-data/resolve/a5cf03bbe4807361a74c427a46ad329065f75e30/issue2569_theory/own_generated_answers/raw_completions/llama_seed42/raw_completions/shard00020.json
issue2569_theory,issue2569_theory/own_generated_answers/raw_completions/llama_seed42/raw_completions/shard00021.json,518411,a5cf03bbe4807361a74c427a46ad329065f75e30,5b31b2db95014afa763575189a93bb007a1f0921,,https://huggingface.co/datasets/superkaiba1/explore-persona-space-data/blob/a5cf03bbe4807361a74c427a46ad329065f75e30/issue2569_theory/own_generated_answers/raw_completions/llama_seed42/raw_completions/shard00021.json,https://huggingface.co/datasets/superkaiba1/explore-persona-space-data/resolve/a5cf03bbe4807361a74c427a46ad329065f75e30/issue2569_theory/own_generated_answers/raw_completions/llama_seed42/raw_completions/shard00021.json
issue2569_theory,issue2569_theory/own_generated_answers/raw_completions/llama_seed42/raw_completions/shard00022.json,581830,a5cf03bbe4807361a74c427a46ad329065f75e30,4c73100fcd437653e2ec358504ceabd6e7602383,,https://huggingface.co/datasets/superkaiba1/explore-persona-space-data/blob/a5cf03bbe4807361a74c427a46ad329065f75e30/issue2569_theory/own_generated_answers/raw_completions/llama_seed42/raw_completions/shard00022.json,https://huggingface.co/datasets/superkaiba1/explore-persona-space-data/resolve/a5cf03bbe4807361a74c427a46ad329065f75e30/issue2569_theory/own_generated_answers/raw_completions/llama_seed42/raw_completions/shard00022.json
issue2569_theory,issue2569_theory/own_generated_answers/raw_completions/llama_seed42/raw_completions/shard00023.json,550734,a5cf03bbe4807361a74c427a46ad329065f75e30,760e7860de9eeb02e3438cef5e9d18e08adfd613,,https://huggingface.co/datasets/superkaiba1/explore-persona-space-data/blob/a5cf03bbe4807361a74c427a46ad329065f75e30/issue2569_theory/own_generated_answers/raw_completions/llama_seed42/raw_completions/shard00023.json,https://huggingface.co/datasets/superkaiba1/explore-persona-space-data/resolve/a5cf03bbe4807361a74c427a46ad329065f75e30/issue2569_theory/own_generated_answers/raw_completions/llama_seed42/raw_completions/shard00023.json
issue2569_theory,issue2569_theory/own_generated_answers/raw_completions/llama_seed42/raw_completions/shard00024.json,571902,a5cf03bbe4807361a74c427a46ad329065f75e30,48decc5b877fcf41d33d3a8bc60c58b6d4ca60ce,,https://huggingface.co/datasets/superkaiba1/explore-persona-space-data/blob/a5cf03bbe4807361a74c427a46ad329065f75e30/issue2569_theory/own_generated_answers/raw_completions/llama_seed42/raw_completions/shard00024.json,https://huggingface.co/datasets/superkaiba1/explore-persona-space-data/resolve/a5cf03bbe4807361a74c427a46ad329065f75e30/issue2569_theory/own_generated_answers/raw_completions/llama_seed42/raw_completions/shard00024.json
issue2569_theory,issue2569_theory/own_generated_answers/raw_completions/llama_seed42/raw_completions/shard00025.json,576373,a5cf03bbe4807361a74c427a46ad329065f75e30,38c7dbd5724335331f3103af5fa5db62232fe299,,https://huggingface.co/datasets/superkaiba1/explore-persona-space-data/blob/a5cf03bbe4807361a74c427a46ad329065f75e30/issue2569_theory/own_generated_answers/raw_completions/llama_seed42/raw_completions/shard00025.json,https://huggingface.co/datasets/superkaiba1/explore-persona-space-data/resolve/a5cf03bbe4807361a74c427a46ad329065f75e30/issue2569_theory/own_generated_answers/raw_completions/llama_seed42/raw_completions/shard00025.json
issue2569_theory,issue2569_theory/own_generated_answers/raw_completions/llama_seed42/raw_completions/shard00026.json,579340,a5cf03bbe4807361a74c427a46ad329065f75e30,e6aa9dab0d1084ea70b3ff1e314e74eba8e3b701,,https://huggingface.co/datasets/superkaiba1/explore-persona-space-data/blob/a5cf03bbe4807361a74c427a46ad329065f75e30/issue2569_theory/own_generated_answers/raw_completions/llama_seed42/raw_completions/shard00026.json,https://huggingface.co/datasets/superkaiba1/explore-persona-space-data/resolve/a5cf03bbe4807361a74c427a46ad329065f75e30/issue2569_theory/own_generated_answers/raw_completions/llama_seed42/raw_completions/shard00026.json
issue2569_theory,issue2569_theory/own_generated_answers/raw_completions/llama_seed42/raw_completions/shard00027.json,582183,a5cf03bbe4807361a74c427a46ad329065f75e30,385916651291d7f91bb9921604d81cd814aa2516,,https://huggingface.co/datasets/superkaiba1/explore-persona-space-data/blob/a5cf03bbe4807361a74c427a46ad329065f75e30/issue2569_theory/own_generated_answers/raw_completions/llama_seed42/raw_completions/shard00027.json,https://huggingface.co/datasets/superkaiba1/explore-persona-space-data/resolve/a5cf03bbe4807361a74c427a46ad329065f75e30/issue2569_theory/own_generated_answers/raw_completions/llama_seed42/raw_completions/shard00027.json
issue2569_theory,issue2569_theory/own_generated_answers/raw_completions/llama_seed42/raw_completions/shard00028.json,610928,a5cf03bbe4807361a74c427a46ad329065f75e30,94b1416642b1e74e32a7c7d6cf44e377e7dcfae4,,https://huggingface.co/datasets/superkaiba1/explore-persona-space-data/blob/a5cf03bbe4807361a74c427a46ad329065f75e30/issue2569_theory/own_generated_answers/raw_completions/llama_seed42/raw_completions/shard00028.json,https://huggingface.co/datasets/superkaiba1/explore-persona-space-data/resolve/a5cf03bbe4807361a74c427a46ad329065f75e30/issue2569_theory/own_generated_answers/raw_completions/llama_seed42/raw_completions/shard00028.json
issue2569_theory,issue2569_theory/own_generated_answers/raw_completions/llama_seed42/raw_completions/shard00029.json,587531,a5cf03bbe4807361a74c427a46ad329065f75e30,2b179074d7ee72001d7e1fb0377403d2c56abc9a,,https://huggingface.co/datasets/superkaiba1/explore-persona-space-data/blob/a5cf03bbe4807361a74c427a46ad329065f75e30/issue2569_theory/own_generated_answers/raw_completions/llama_seed42/raw_completions/shard00029.json,https://huggingface.co/datasets/superkaiba1/explore-persona-space-data/resolve/a5cf03bbe4807361a74c427a46ad329065f75e30/issue2569_theory/own_generated_answers/raw_completions/llama_seed42/raw_completions/shard00029.json
issue2569_theory,issue2569_theory/own_generated_answers/raw_completions/llama_seed42/raw_completions/shard00030.json,575652,a5cf03bbe4807361a74c427a46ad329065f75e30,797ffae7c36466722e8fd6ab1d4637b7f0dea129,,https://huggingface.co/datasets/superkaiba1/explore-persona-space-data/blob/a5cf03bbe4807361a74c427a46ad329065f75e30/issue2569_theory/own_generated_answers/raw_completions/llama_seed42/raw_completions/shard00030.json,https://huggingface.co/datasets/superkaiba1/explore-persona-space-data/resolve/a5cf03bbe4807361a74c427a46ad329065f75e30/issue2569_theory/own_generated_answers/raw_completions/llama_seed42/raw_completions/shard00030.json
issue2569_theory,issue2569_theory/own_generated_answers/raw_completions/llama_seed42/raw_completions/shard00031.json,569419,a5cf03bbe4807361a74c427a46ad329065f75e30,8eec034a527b399480340af60fef71b2736db99e,,https://huggingface.co/datasets/superkaiba1/explore-persona-space-data/blob/a5cf03bbe4807361a74c427a46ad329065f75e30/issue2569_theory/own_generated_answers/raw_completions/llama_seed42/raw_completions/shard00031.json,https://huggingface.co/datasets/superkaiba1/explore-persona-space-data/resolve/a5cf03bbe4807361a74c427a46ad329065f75e30/issue2569_theory/own_generated_answers/raw_completions/llama_seed42/raw_completions/shard00031.json
issue2569_theory,issue2569_theory/own_generated_answers/raw_completions/llama_seed42/raw_completions/shard00032.json,603697,a5cf03bbe4807361a74c427a46ad329065f75e30,1516a9de415bb194a545e0a7658ce7cb85c52ce4,,https://huggingface.co/datasets/superkaiba1/explore-persona-space-data/blob/a5cf03bbe4807361a74c427a46ad329065f75e30/issue2569_theory/own_generated_answers/raw_completions/llama_seed42/raw_completions/shard00032.json,https://huggingface.co/datasets/superkaiba1/explore-persona-space-data/resolve/a5cf03bbe4807361a74c427a46ad329065f75e30/issue2569_theory/own_generated_answers/raw_completions/llama_seed42/raw_completions/shard00032.json
issue2569_theory,issue2569_theory/own_generated_answers/raw_completions/llama_seed42/raw_completions/shard00033.json,577201,a5cf03bbe4807361a74c427a46ad329065f75e30,0bb76852e174e68e6fc45aafebc968ffd769dda3,,https://huggingface.co/datasets/superkaiba1/explore-persona-space-data/blob/a5cf03bbe4807361a74c427a46ad329065f75e30/issue2569_theory/own_generated_answers/raw_completions/llama_seed42/raw_completions/shard00033.json,https://huggingface.co/datasets/superkaiba1/explore-persona-space-data/resolve/a5cf03bbe4807361a74c427a46ad329065f75e30/issue2569_theory/own_generated_answers/raw_completions/llama_seed42/raw_completions/shard00033.json
issue2569_theory,issue2569_theory/own_generated_answers/raw_completions/llama_seed42/raw_completions/shard00034.json,599713,a5cf03bbe4807361a74c427a46ad329065f75e30,71b384cacd589673d09fcbff57240aa70c073d58,,https://huggingface.co/datasets/superkaiba1/explore-persona-space-data/blob/a5cf03bbe4807361a74c427a46ad329065f75e30/issue2569_theory/own_generated_answers/raw_completions/llama_seed42/raw_completions/shard00034.json,https://huggingface.co/datasets/superkaiba1/explore-persona-space-data/resolve/a5cf03bbe4807361a74c427a46ad329065f75e30/issue2569_theory/own_generated_answers/raw_completions/llama_seed42/raw_completions/shard00034.json
issue2569_theory,issue2569_theory/own_generated_answers/raw_completions/llama_seed42/raw_completions/shard00035.json,583477,a5cf03bbe4807361a74c427a46ad329065f75e30,0d65db8ae45ce073035e10f7fba0e51497f0b068,,https://huggingface.co/datasets/superkaiba1/explore-persona-space-data/blob/a5cf03bbe4807361a74c427a46ad329065f75e30/issue2569_theory/own_generated_answers/raw_completions/llama_seed42/raw_completions/shard00035.json,https://huggingface.co/datasets/superkaiba1/explore-persona-space-data/resolve/a5cf03bbe4807361a74c427a46ad329065f75e30/issue2569_theory/own_generated_answers/raw_completions/llama_seed42/raw_completions/shard00035.json
issue2569_theory,issue2569_theory/own_generated_answers/raw_completions/llama_seed42/raw_completions/shard00036.json,626475,a5cf03bbe4807361a74c427a46ad329065f75e30,8734ac0f48a241784e411290faf430c4f2bf09c5,,https://huggingface.co/datasets/superkaiba1/explore-persona-space-data/blob/a5cf03bbe4807361a74c427a46ad329065f75e30/issue2569_theory/own_generated_answers/raw_completions/llama_seed42/raw_completions/shard00036.json,https://huggingface.co/datasets/superkaiba1/explore-persona-space-data/resolve/a5cf03bbe4807361a74c427a46ad329065f75e30/issue2569_theory/own_generated_answers/raw_completions/llama_seed42/raw_completions/shard00036.json
issue2569_theory,issue2569_theory/own_generated_answers/raw_completions/llama_seed42/raw_completions/shard00037.json,592621,a5cf03bbe4807361a74c427a46ad329065f75e30,a6795d0becf04b1fc3ccfeea117b5f98472f1150,,https://huggingface.co/datasets/superkaiba1/explore-persona-space-data/blob/a5cf03bbe4807361a74c427a46ad329065f75e30/issue2569_theory/own_generated_answers/raw_completions/llama_seed42/raw_completions/shard00037.json,https://huggingface.co/datasets/superkaiba1/explore-persona-space-data/resolve/a5cf03bbe4807361a74c427a46ad329065f75e30/issue2569_theory/own_generated_answers/raw_completions/llama_seed42/raw_completions/shard00037.json
issue2569_theory,issue2569_theory/own_generated_answers/raw_completions/llama_seed42/raw_completions/shard00038.json,596979,a5cf03bbe4807361a74c427a46ad329065f75e30,78ebe6fc32d0cd5d38bbc88afec6930f9be04750,,https://huggingface.co/datasets/superkaiba1/explore-persona-space-data/blob/a5cf03bbe4807361a74c427a46ad329065f75e30/issue2569_theory/own_generated_answers/raw_completions/llama_seed42/raw_completions/shard00038.json,https://huggingface.co/datasets/superkaiba1/explore-persona-space-data/resolve/a5cf03bbe4807361a74c427a46ad329065f75e30/issue2569_theory/own_generated_answers/raw_completions/llama_seed42/raw_completions/shard00038.json
issue2569_theory,issue2569_theory/own_generated_answers/raw_completions/llama_seed42/raw_completions/shard00039.json,587875,a5cf03bbe4807361a74c427a46ad329065f75e30,677c71326f98d32cb12f492b24b7a1175d02e1bb,,https://huggingface.co/datasets/superkaiba1/explore-persona-space-data/blob/a5cf03bbe4807361a74c427a46ad329065f75e30/issue2569_theory/own_generated_answers/raw_completions/llama_seed42/raw_completions/shard00039.json,https://huggingface.co/datasets/superkaiba1/explore-persona-space-data/resolve/a5cf03bbe4807361a74c427a46ad329065f75e30/issue2569_theory/own_generated_answers/raw_completions/llama_seed42/raw_completions/shard00039.json
issue2569_theory,issue2569_theory/own_generated_answers/raw_completions/llama_seed42/raw_completions/shard00040.json,603264,a5cf03bbe4807361a74c427a46ad329065f75e30,6e67ab5359ad26131b7b2a2753b872513660b6f9,,https://huggingface.co/datasets/superkaiba1/explore-persona-space-data/blob/a5cf03bbe4807361a74c427a46ad329065f75e30/issue2569_theory/own_generated_answers/raw_completions/llama_seed42/raw_completions/shard00040.json,https://huggingface.co/datasets/superkaiba1/explore-persona-space-data/resolve/a5cf03bbe4807361a74c427a46ad329065f75e30/issue2569_theory/own_generated_answers/raw_completions/llama_seed42/raw_completions/shard00040.json
issue2569_theory,issue2569_theory/own_generated_answers/raw_completions/llama_seed42/raw_completions/shard00041.json,567381,a5cf03bbe4807361a74c427a46ad329065f75e30,caefd1c85bb4f7178f23d7233fd7fe6387766293,,https://huggingface.co/datasets/superkaiba1/explore-persona-space-data/blob/a5cf03bbe4807361a74c427a46ad329065f75e30/issue2569_theory/own_generated_answers/raw_completions/llama_seed42/raw_completions/shard00041.json,https://huggingface.co/datasets/superkaiba1/explore-persona-space-data/resolve/a5cf03bbe4807361a74c427a46ad329065f75e30/issue2569_theory/own_generated_answers/raw_completions/llama_seed42/raw_completions/shard00041.json
issue2569_theory,issue2569_theory/own_generated_answers/raw_completions/llama_seed42/regime.json,585,a5cf03bbe4807361a74c427a46ad329065f75e30,a5567bb80f7ca0ce423e4fd7ffdfaba007edec73,,https://huggingface.co/datasets/superkaiba1/explore-persona-space-data/blob/a5cf03bbe4807361a74c427a46ad329065f75e30/issue2569_theory/own_generated_answers/raw_completions/llama_seed42/regime.json,https://huggingface.co/datasets/superkaiba1/explore-persona-space-data/resolve/a5cf03bbe4807361a74c427a46ad329065f75e30/issue2569_theory/own_generated_answers/raw_completions/llama_seed42/regime.json
issue2569_theory,issue2569_theory/own_generated_answers/reliability/captures/llama_seed137/llama_finalize_meta.json,499,a5cf03bbe4807361a74c427a46ad329065f75e30,739d391c04cf07730feffccb4efc021c4327df14,,https://huggingface.co/datasets/superkaiba1/explore-persona-space-data/blob/a5cf03bbe4807361a74c427a46ad329065f75e30/issue2569_theory/own_generated_answers/reliability/captures/llama_seed137/llama_finalize_meta.json,https://huggingface.co/datasets/superkaiba1/explore-persona-space-data/resolve/a5cf03bbe4807361a74c427a46ad329065f75e30/issue2569_theory/own_generated_answers/reliability/captures/llama_seed137/llama_finalize_meta.json
issue2569_theory,issue2569_theory/own_generated_answers/reliability/captures/llama_seed137/llama_va_L16.pt,18312247,a5cf03bbe4807361a74c427a46ad329065f75e30,3c070478ac4673606bf20eede987855edc04b0c1,1997b4094724a0dc24358590db4d851eb18ec9444efc3cd80297de3a87551489,https://huggingface.co/datasets/superkaiba1/explore-persona-space-data/blob/a5cf03bbe4807361a74c427a46ad329065f75e30/issue2569_theory/own_generated_answers/reliability/captures/llama_seed137/llama_va_L16.pt,https://huggingface.co/datasets/superkaiba1/explore-persona-space-data/resolve/a5cf03bbe4807361a74c427a46ad329065f75e30/issue2569_theory/own_generated_answers/reliability/captures/llama_seed137/llama_va_L16.pt
issue2569_theory,issue2569_theory/own_generated_answers/reliability/captures/llama_seed137/llama_vc_L16.pt,18279607,a5cf03bbe4807361a74c427a46ad329065f75e30,20314eb5f88f60628a207de4ffbde1df52515788,5403e1feb645db1298f3c110802edcb2cf975cbd9db21ced1ffd825ba29f2dd1,https://huggingface.co/datasets/superkaiba1/explore-persona-space-data/blob/a5cf03bbe4807361a74c427a46ad329065f75e30/issue2569_theory/own_generated_answers/reliability/captures/llama_seed137/llama_vc_L16.pt,https://huggingface.co/datasets/superkaiba1/explore-persona-space-data/resolve/a5cf03bbe4807361a74c427a46ad329065f75e30/issue2569_theory/own_generated_answers/reliability/captures/llama_seed137/llama_vc_L16.pt
issue2569_theory,issue2569_theory/own_generated_answers/reliability/captures/qwen_seed137/qwen_finalize_meta.json,496,a5cf03bbe4807361a74c427a46ad329065f75e30,d20e42ba9f4acb818125ca6b762cd918e79230f9,,https://huggingface.co/datasets/superkaiba1/explore-persona-space-data/blob/a5cf03bbe4807361a74c427a46ad329065f75e30/issue2569_theory/own_generated_answers/reliability/captures/qwen_seed137/qwen_finalize_meta.json,https://huggingface.co/datasets/superkaiba1/explore-persona-space-data/resolve/a5cf03bbe4807361a74c427a46ad329065f75e30/issue2569_theory/own_generated_answers/reliability/captures/qwen_seed137/qwen_finalize_meta.json
issue2569_theory,issue2569_theory/own_generated_answers/reliability/captures/qwen_seed137/qwen_va_L14.pt,16048113,a5cf03bbe4807361a74c427a46ad329065f75e30,6a0cc9aa1bfe5a24ad203337f65d92818e936476,c99efd7d1bee4c25dae09c2e6d66290c81c7233ba687ae88f42b9f56098fa1aa,https://huggingface.co/datasets/superkaiba1/explore-persona-space-data/blob/a5cf03bbe4807361a74c427a46ad329065f75e30/issue2569_theory/own_generated_answers/reliability/captures/qwen_seed137/qwen_va_L14.pt,https://huggingface.co/datasets/superkaiba1/explore-persona-space-data/resolve/a5cf03bbe4807361a74c427a46ad329065f75e30/issue2569_theory/own_generated_answers/reliability/captures/qwen_seed137/qwen_va_L14.pt
issue2569_theory,issue2569_theory/own_generated_answers/reliability/captures/qwen_seed137/qwen_vc_L14.pt,16004913,a5cf03bbe4807361a74c427a46ad329065f75e30,e0cacaf427dd384543e17019e267e7fc57c28c9a,4454c7856d3907a08f25c3ecd279dc27d705c5ca52e8033e50abda65ffca652b,https://huggingface.co/datasets/superkaiba1/explore-persona-space-data/blob/a5cf03bbe4807361a74c427a46ad329065f75e30/issue2569_theory/own_generated_answers/reliability/captures/qwen_seed137/qwen_vc_L14.pt,https://huggingface.co/datasets/superkaiba1/explore-persona-space-data/resolve/a5cf03bbe4807361a74c427a46ad329065f75e30/issue2569_theory/own_generated_answers/reliability/captures/qwen_seed137/qwen_vc_L14.pt
issue2569_theory,issue2569_theory/own_generated_answers/reliability/raw/llama_seed137/audit.json,1794,a5cf03bbe4807361a74c427a46ad329065f75e30,7e47b2f5a35e4516eb508d9e7000a06fb97cfa71,,https://huggingface.co/datasets/superkaiba1/explore-persona-space-data/blob/a5cf03bbe4807361a74c427a46ad329065f75e30/issue2569_theory/own_generated_answers/reliability/raw/llama_seed137/audit.json,https://huggingface.co/datasets/superkaiba1/explore-persona-space-data/resolve/a5cf03bbe4807361a74c427a46ad329065f75e30/issue2569_theory/own_generated_answers/reliability/raw/llama_seed137/audit.json
issue2569_theory,issue2569_theory/own_generated_answers/reliability/raw/llama_seed137/raw_completions/shard00000.json,558407,a5cf03bbe4807361a74c427a46ad329065f75e30,b3a920236d12cb85c0d75e49a6280424799b9a14,,https://huggingface.co/datasets/superkaiba1/explore-persona-space-data/blob/a5cf03bbe4807361a74c427a46ad329065f75e30/issue2569_theory/own_generated_answers/reliability/raw/llama_seed137/raw_completions/shard00000.json,https://huggingface.co/datasets/superkaiba1/explore-persona-space-data/resolve/a5cf03bbe4807361a74c427a46ad329065f75e30/issue2569_theory/own_generated_answers/reliability/raw/llama_seed137/raw_completions/shard00000.json
issue2569_theory,issue2569_theory/own_generated_answers/reliability/raw/llama_seed137/raw_completions/shard00001.json,583897,a5cf03bbe4807361a74c427a46ad329065f75e30,9933c07fe19aea081a1cd91e14ac800fe26d9f87,,https://huggingface.co/datasets/superkaiba1/explore-persona-space-data/blob/a5cf03bbe4807361a74c427a46ad329065f75e30/issue2569_theory/own_generated_answers/reliability/raw/llama_seed137/raw_completions/shard00001.json,https://huggingface.co/datasets/superkaiba1/explore-persona-space-data/resolve/a5cf03bbe4807361a74c427a46ad329065f75e30/issue2569_theory/own_generated_answers/reliability/raw/llama_seed137/raw_completions/shard00001.json
issue2569_theory,issue2569_theory/own_generated_answers/reliability/raw/llama_seed137/raw_completions/shard00002.json,558463,a5cf03bbe4807361a74c427a46ad329065f75e30,904cefd95c869bc0b8d7f7947f5565170a059055,,https://huggingface.co/datasets/superkaiba1/explore-persona-space-data/blob/a5cf03bbe4807361a74c427a46ad329065f75e30/issue2569_theory/own_generated_answers/reliability/raw/llama_seed137/raw_completions/shard00002.json,https://huggingface.co/datasets/superkaiba1/explore-persona-space-data/resolve/a5cf03bbe4807361a74c427a46ad329065f75e30/issue2569_theory/own_generated_answers/reliability/raw/llama_seed137/raw_completions/shard00002.json
issue2569_theory,issue2569_theory/own_generated_answers/reliability/raw/llama_seed137/raw_completions/shard00003.json,597937,a5cf03bbe4807361a74c427a46ad329065f75e30,584c19035fec32efcfdf2cdd5c360cb40bafda64,,https://huggingface.co/datasets/superkaiba1/explore-persona-space-data/blob/a5cf03bbe4807361a74c427a46ad329065f75e30/issue2569_theory/own_generated_answers/reliability/raw/llama_seed137/raw_completions/shard00003.json,https://huggingface.co/datasets/superkaiba1/explore-persona-space-data/resolve/a5cf03bbe4807361a74c427a46ad329065f75e30/issue2569_theory/own_generated_answers/reliability/raw/llama_seed137/raw_completions/shard00003.json
issue2569_theory,issue2569_theory/own_generated_answers/reliability/raw/llama_seed137/raw_completions/shard00004.json,596477,a5cf03bbe4807361a74c427a46ad329065f75e30,3f13743aca8686f3611c7a27c18671d83894188b,,https://huggingface.co/datasets/superkaiba1/explore-persona-space-data/blob/a5cf03bbe4807361a74c427a46ad329065f75e30/issue2569_theory/own_generated_answers/reliability/raw/llama_seed137/raw_completions/shard00004.json,https://huggingface.co/datasets/superkaiba1/explore-persona-space-data/resolve/a5cf03bbe4807361a74c427a46ad329065f75e30/issue2569_theory/own_generated_answers/reliability/raw/llama_seed137/raw_completions/shard00004.json
issue2569_theory,issue2569_theory/own_generated_answers/reliability/raw/llama_seed137/raw_completions/shard00005.json,586311,a5cf03bbe4807361a74c427a46ad329065f75e30,806f8d3344e5e310fb0c5e1b177c0d8fc610e383,,https://huggingface.co/datasets/superkaiba1/explore-persona-space-data/blob/a5cf03bbe4807361a74c427a46ad329065f75e30/issue2569_theory/own_generated_answers/reliability/raw/llama_seed137/raw_completions/shard00005.json,https://huggingface.co/datasets/superkaiba1/explore-persona-space-data/resolve/a5cf03bbe4807361a74c427a46ad329065f75e30/issue2569_theory/own_generated_answers/reliability/raw/llama_seed137/raw_completions/shard00005.json
issue2569_theory,issue2569_theory/own_generated_answers/reliability/raw/llama_seed137/regime.json,585,a5cf03bbe4807361a74c427a46ad329065f75e30,043a20d2ef1dcd10744733a4f1b437050f5f55a4,,https://huggingface.co/datasets/superkaiba1/explore-persona-space-data/blob/a5cf03bbe4807361a74c427a46ad329065f75e30/issue2569_theory/own_generated_answers/reliability/raw/llama_seed137/regime.json,https://huggingface.co/datasets/superkaiba1/explore-persona-space-data/resolve/a5cf03bbe4807361a74c427a46ad329065f75e30/issue2569_theory/own_generated_answers/reliability/raw/llama_seed137/regime.json
issue2569_theory,issue2569_theory/own_generated_answers/reliability/raw/qwen_seed137/audit.json,1785,a5cf03bbe4807361a74c427a46ad329065f75e30,7746dad46e32b2d6cf8e03b7aa98011c0c548f87,,https://huggingface.co/datasets/superkaiba1/explore-persona-space-data/blob/a5cf03bbe4807361a74c427a46ad329065f75e30/issue2569_theory/own_generated_answers/reliability/raw/qwen_seed137/audit.json,https://huggingface.co/datasets/superkaiba1/explore-persona-space-data/resolve/a5cf03bbe4807361a74c427a46ad329065f75e30/issue2569_theory/own_generated_answers/reliability/raw/qwen_seed137/audit.json
issue2569_theory,issue2569_theory/own_generated_answers/reliability/raw/qwen_seed137/raw_completions/shard00000.json,537089,a5cf03bbe4807361a74c427a46ad329065f75e30,b14bc4b8f853d07b1b5ebe024d4e372711fd20a5,,https://huggingface.co/datasets/superkaiba1/explore-persona-space-data/blob/a5cf03bbe4807361a74c427a46ad329065f75e30/issue2569_theory/own_generated_answers/reliability/raw/qwen_seed137/raw_completions/shard00000.json,https://huggingface.co/datasets/superkaiba1/explore-persona-space-data/resolve/a5cf03bbe4807361a74c427a46ad329065f75e30/issue2569_theory/own_generated_answers/reliability/raw/qwen_seed137/raw_completions/shard00000.json
issue2569_theory,issue2569_theory/own_generated_answers/reliability/raw/qwen_seed137/raw_completions/shard00001.json,598383,a5cf03bbe4807361a74c427a46ad329065f75e30,7bc218c234dc7f7d6215edda8ac38074d3da3419,,https://huggingface.co/datasets/superkaiba1/explore-persona-space-data/blob/a5cf03bbe4807361a74c427a46ad329065f75e30/issue2569_theory/own_generated_answers/reliability/raw/qwen_seed137/raw_completions/shard00001.json,https://huggingface.co/datasets/superkaiba1/explore-persona-space-data/resolve/a5cf03bbe4807361a74c427a46ad329065f75e30/issue2569_theory/own_generated_answers/reliability/raw/qwen_seed137/raw_completions/shard00001.json
issue2569_theory,issue2569_theory/own_generated_answers/reliability/raw/qwen_seed137/raw_completions/shard00002.json,577011,a5cf03bbe4807361a74c427a46ad329065f75e30,3174242b5a6cc6bc13019b30d9cf0c40f4524abe,,https://huggingface.co/datasets/superkaiba1/explore-persona-space-data/blob/a5cf03bbe4807361a74c427a46ad329065f75e30/issue2569_theory/own_generated_answers/reliability/raw/qwen_seed137/raw_completions/shard00002.json,https://huggingface.co/datasets/superkaiba1/explore-persona-space-data/resolve/a5cf03bbe4807361a74c427a46ad329065f75e30/issue2569_theory/own_generated_answers/reliability/raw/qwen_seed137/raw_completions/shard00002.json
issue2569_theory,issue2569_theory/own_generated_answers/reliability/raw/qwen_seed137/raw_completions/shard00003.json,597765,a5cf03bbe4807361a74c427a46ad329065f75e30,f3e65bc1d999af3921fa9e0d3169fab952cedc7b,,https://huggingface.co/datasets/superkaiba1/explore-persona-space-data/blob/a5cf03bbe4807361a74c427a46ad329065f75e30/issue2569_theory/own_generated_answers/reliability/raw/qwen_seed137/raw_completions/shard00003.json,https://huggingface.co/datasets/superkaiba1/explore-persona-space-data/resolve/a5cf03bbe4807361a74c427a46ad329065f75e30/issue2569_theory/own_generated_answers/reliability/raw/qwen_seed137/raw_completions/shard00003.json
issue2569_theory,issue2569_theory/own_generated_answers/reliability/raw/qwen_seed137/raw_completions/shard00004.json,592570,a5cf03bbe4807361a74c427a46ad329065f75e30,90d8959f259b20bceaf36fff5543227c721913ae,,https://huggingface.co/datasets/superkaiba1/explore-persona-space-data/blob/a5cf03bbe4807361a74c427a46ad329065f75e30/issue2569_theory/own_generated_answers/reliability/raw/qwen_seed137/raw_completions/shard00004.json,https://huggingface.co/datasets/superkaiba1/explore-persona-space-data/resolve/a5cf03bbe4807361a74c427a46ad329065f75e30/issue2569_theory/own_generated_answers/reliability/raw/qwen_seed137/raw_completions/shard00004.json
issue2569_theory,issue2569_theory/own_generated_answers/reliability/raw/qwen_seed137/raw_completions/shard00005.json,564658,a5cf03bbe4807361a74c427a46ad329065f75e30,5af6d5fe6bb0dcee5aa8ca12e840c1c08a91ef26,,https://huggingface.co/datasets/superkaiba1/explore-persona-space-data/blob/a5cf03bbe4807361a74c427a46ad329065f75e30/issue2569_theory/own_generated_answers/reliability/raw/qwen_seed137/raw_completions/shard00005.json,https://huggingface.co/datasets/superkaiba1/explore-persona-space-data/resolve/a5cf03bbe4807361a74c427a46ad329065f75e30/issue2569_theory/own_generated_answers/reliability/raw/qwen_seed137/raw_completions/shard00005.json
issue2569_theory,issue2569_theory/own_generated_answers/reliability/raw/qwen_seed137/regime.json,576,a5cf03bbe4807361a74c427a46ad329065f75e30,88d0340d4ae0821769124d878bd15ad4cfc156f1,,https://huggingface.co/datasets/superkaiba1/explore-persona-space-data/blob/a5cf03bbe4807361a74c427a46ad329065f75e30/issue2569_theory/own_generated_answers/reliability/raw/qwen_seed137/regime.json,https://huggingface.co/datasets/superkaiba1/explore-persona-space-data/resolve/a5cf03bbe4807361a74c427a46ad329065f75e30/issue2569_theory/own_generated_answers/reliability/raw/qwen_seed137/regime.json
issue2569_theory,issue2569_theory/own_generated_answers/report_with_plots/MANIFEST.json,1192,a5cf03bbe4807361a74c427a46ad329065f75e30,48352bf99531ca694a04bfd13d1e2f790314bae4,,https://huggingface.co/datasets/superkaiba1/explore-persona-space-data/blob/a5cf03bbe4807361a74c427a46ad329065f75e30/issue2569_theory/own_generated_answers/report_with_plots/MANIFEST.json,https://huggingface.co/datasets/superkaiba1/explore-persona-space-data/resolve/a5cf03bbe4807361a74c427a46ad329065f75e30/issue2569_theory/own_generated_answers/report_with_plots/MANIFEST.json
issue2569_theory,issue2569_theory/own_generated_answers/report_with_plots/REPORT.md,5009,a5cf03bbe4807361a74c427a46ad329065f75e30,68f749e4be4f08475e96d18b3d6a7fb4bf99afb1,,https://huggingface.co/datasets/superkaiba1/explore-persona-space-data/blob/a5cf03bbe4807361a74c427a46ad329065f75e30/issue2569_theory/own_generated_answers/report_with_plots/REPORT.md,https://huggingface.co/datasets/superkaiba1/explore-persona-space-data/resolve/a5cf03bbe4807361a74c427a46ad329065f75e30/issue2569_theory/own_generated_answers/report_with_plots/REPORT.md
issue2569_theory,issue2569_theory/own_generated_answers/report_with_plots/fig1_shared_geometry.png,123046,a5cf03bbe4807361a74c427a46ad329065f75e30,8738bdaa39f6c2539b8f701f363476277612edd7,8b030589a95b612d2e05903ad45bdd36ef513bb21665d3d5db01c7b683cbe191,https://huggingface.co/datasets/superkaiba1/explore-persona-space-data/blob/a5cf03bbe4807361a74c427a46ad329065f75e30/issue2569_theory/own_generated_answers/report_with_plots/fig1_shared_geometry.png,https://huggingface.co/datasets/superkaiba1/explore-persona-space-data/resolve/a5cf03bbe4807361a74c427a46ad329065f75e30/issue2569_theory/own_generated_answers/report_with_plots/fig1_shared_geometry.png
issue2569_theory,issue2569_theory/own_generated_answers/report_with_plots/fig1_shared_geometry.svg,72668,a5cf03bbe4807361a74c427a46ad329065f75e30,be33837e4fc5ac646fd849cd277e159b35fde247,,https://huggingface.co/datasets/superkaiba1/explore-persona-space-data/blob/a5cf03bbe4807361a74c427a46ad329065f75e30/issue2569_theory/own_generated_answers/report_with_plots/fig1_shared_geometry.svg,https://huggingface.co/datasets/superkaiba1/explore-persona-space-data/resolve/a5cf03bbe4807361a74c427a46ad329065f75e30/issue2569_theory/own_generated_answers/report_with_plots/fig1_shared_geometry.svg
issue2569_theory,issue2569_theory/own_generated_answers/report_with_plots/fig2_cross_writer_transfer.png,116885,a5cf03bbe4807361a74c427a46ad329065f75e30,904aee38ba78c3ae2b24ac39e304f280730b2500,acfec7c5df85a2ab6c1252d8880f0bd2d7eaaeb9dfb6fcca604c54b64a18aad0,https://huggingface.co/datasets/superkaiba1/explore-persona-space-data/blob/a5cf03bbe4807361a74c427a46ad329065f75e30/issue2569_theory/own_generated_answers/report_with_plots/fig2_cross_writer_transfer.png,https://huggingface.co/datasets/superkaiba1/explore-persona-space-data/resolve/a5cf03bbe4807361a74c427a46ad329065f75e30/issue2569_theory/own_generated_answers/report_with_plots/fig2_cross_writer_transfer.png
issue2569_theory,issue2569_theory/own_generated_answers/report_with_plots/fig2_cross_writer_transfer.svg,57799,a5cf03bbe4807361a74c427a46ad329065f75e30,af5f251888f7a8e7ef7a0c8d54a2436c10585521,,https://huggingface.co/datasets/superkaiba1/explore-persona-space-data/blob/a5cf03bbe4807361a74c427a46ad329065f75e30/issue2569_theory/own_generated_answers/report_with_plots/fig2_cross_writer_transfer.svg,https://huggingface.co/datasets/superkaiba1/explore-persona-space-data/resolve/a5cf03bbe4807361a74c427a46ad329065f75e30/issue2569_theory/own_generated_answers/report_with_plots/fig2_cross_writer_transfer.svg
issue2569_theory,issue2569_theory/own_generated_answers/report_with_plots/fig3_semantics_reliability.png,143476,a5cf03bbe4807361a74c427a46ad329065f75e30,940d6cd7ef471ab2f4e55efa17a07c849551848c,fe00e430f7e1ed153e5646b210d731a959835d74d685f22267b522bea767702d,https://huggingface.co/datasets/superkaiba1/explore-persona-space-data/blob/a5cf03bbe4807361a74c427a46ad329065f75e30/issue2569_theory/own_generated_answers/report_with_plots/fig3_semantics_reliability.png,https://huggingface.co/datasets/superkaiba1/explore-persona-space-data/resolve/a5cf03bbe4807361a74c427a46ad329065f75e30/issue2569_theory/own_generated_answers/report_with_plots/fig3_semantics_reliability.png
issue2569_theory,issue2569_theory/own_generated_answers/report_with_plots/fig3_semantics_reliability.svg,62201,a5cf03bbe4807361a74c427a46ad329065f75e30,2c21f2e5839f47f15e69943a43221d67df13545c,,https://huggingface.co/datasets/superkaiba1/explore-persona-space-data/blob/a5cf03bbe4807361a74c427a46ad329065f75e30/issue2569_theory/own_generated_answers/report_with_plots/fig3_semantics_reliability.svg,https://huggingface.co/datasets/superkaiba1/explore-persona-space-data/resolve/a5cf03bbe4807361a74c427a46ad329065f75e30/issue2569_theory/own_generated_answers/report_with_plots/fig3_semantics_reliability.svg
issue2569_theory,issue2569_theory/third_family/atlas/lo/fits/align_maps.pt,268640193,a5cf03bbe4807361a74c427a46ad329065f75e30,4bb5fc3167f009eac251ce24f06a9ac03f72f241,1e0baa7ef6c57ce505cc61963ce0a13d35518d62d33e81a8be321f91b828ad70,https://huggingface.co/datasets/superkaiba1/explore-persona-space-data/blob/a5cf03bbe4807361a74c427a46ad329065f75e30/issue2569_theory/third_family/atlas/lo/fits/align_maps.pt,https://huggingface.co/datasets/superkaiba1/explore-persona-space-data/resolve/a5cf03bbe4807361a74c427a46ad329065f75e30/issue2569_theory/third_family/atlas/lo/fits/align_maps.pt
issue2569_theory,issue2569_theory/third_family/atlas/lo/fits/fits_summary.json,30643,a5cf03bbe4807361a74c427a46ad329065f75e30,b10dfbb5912b815847d6fcdfdc493f3a3ca9f039,,https://huggingface.co/datasets/superkaiba1/explore-persona-space-data/blob/a5cf03bbe4807361a74c427a46ad329065f75e30/issue2569_theory/third_family/atlas/lo/fits/fits_summary.json,https://huggingface.co/datasets/superkaiba1/explore-persona-space-data/resolve/a5cf03bbe4807361a74c427a46ad329065f75e30/issue2569_theory/third_family/atlas/lo/fits/fits_summary.json
issue2569_theory,issue2569_theory/third_family/atlas/lo/fits/llama_map_L16.pt,67161549,a5cf03bbe4807361a74c427a46ad329065f75e30,648788d28e1f1df2633214916fdd2b6e8b727617,8fd93c2f6245e6ffc315cfc73609c0adf7557cca6b26377638b67353c773ef60,https://huggingface.co/datasets/superkaiba1/explore-persona-space-data/blob/a5cf03bbe4807361a74c427a46ad329065f75e30/issue2569_theory/third_family/atlas/lo/fits/llama_map_L16.pt,https://huggingface.co/datasets/superkaiba1/explore-persona-space-data/resolve/a5cf03bbe4807361a74c427a46ad329065f75e30/issue2569_theory/third_family/atlas/lo/fits/llama_map_L16.pt
issue2569_theory,issue2569_theory/third_family/atlas/lo/fits/qwen_matched_L14.pt,67161579,a5cf03bbe4807361a74c427a46ad329065f75e30,c44214a3ed43209b0c6cc5690281a34b1b68435b,2ac0c03583b31c2aa237d0a7851ac24b6395468c8a27210e0504496401afbd87,https://huggingface.co/datasets/superkaiba1/explore-persona-space-data/blob/a5cf03bbe4807361a74c427a46ad329065f75e30/issue2569_theory/third_family/atlas/lo/fits/qwen_matched_L14.pt,https://huggingface.co/datasets/superkaiba1/explore-persona-space-data/resolve/a5cf03bbe4807361a74c427a46ad329065f75e30/issue2569_theory/third_family/atlas/lo/fits/qwen_matched_L14.pt
issue2569_theory,issue2569_theory/third_family/atlas/lo/pair_manifest.json,5427,a5cf03bbe4807361a74c427a46ad329065f75e30,bae4340212c1e36b17c9b549ffa6dc4d201a9be7,,https://huggingface.co/datasets/superkaiba1/explore-persona-space-data/blob/a5cf03bbe4807361a74c427a46ad329065f75e30/issue2569_theory/third_family/atlas/lo/pair_manifest.json,https://huggingface.co/datasets/superkaiba1/explore-persona-space-data/resolve/a5cf03bbe4807361a74c427a46ad329065f75e30/issue2569_theory/third_family/atlas/lo/pair_manifest.json
issue2569_theory,issue2569_theory/third_family/atlas/lo/report/three_tier.json,26495,a5cf03bbe4807361a74c427a46ad329065f75e30,a770a7f190a5fdafc7acf2c70137902bf4c92560,,https://huggingface.co/datasets/superkaiba1/explore-persona-space-data/blob/a5cf03bbe4807361a74c427a46ad329065f75e30/issue2569_theory/third_family/atlas/lo/report/three_tier.json,https://huggingface.co/datasets/superkaiba1/explore-persona-space-data/resolve/a5cf03bbe4807361a74c427a46ad329065f75e30/issue2569_theory/third_family/atlas/lo/report/three_tier.json
issue2569_theory,issue2569_theory/third_family/atlas/qo/fits/align_maps.pt,235073537,a5cf03bbe4807361a74c427a46ad329065f75e30,db961b1f0b9021ea61172ec6f8bd42352cc8f912,6df92cefa33e2cc31163a80af84a85245524a116b2108c6841c9fd5d52527edb,https://huggingface.co/datasets/superkaiba1/explore-persona-space-data/blob/a5cf03bbe4807361a74c427a46ad329065f75e30/issue2569_theory/third_family/atlas/qo/fits/align_maps.pt,https://huggingface.co/datasets/superkaiba1/explore-persona-space-data/resolve/a5cf03bbe4807361a74c427a46ad329065f75e30/issue2569_theory/third_family/atlas/qo/fits/align_maps.pt
issue2569_theory,issue2569_theory/third_family/atlas/qo/fits/fits_summary.json,31021,a5cf03bbe4807361a74c427a46ad329065f75e30,d8381bc06515ea139f7bb5fbf67e72283a663fa6,,https://huggingface.co/datasets/superkaiba1/explore-persona-space-data/blob/a5cf03bbe4807361a74c427a46ad329065f75e30/issue2569_theory/third_family/atlas/qo/fits/fits_summary.json,https://huggingface.co/datasets/superkaiba1/explore-persona-space-data/resolve/a5cf03bbe4807361a74c427a46ad329065f75e30/issue2569_theory/third_family/atlas/qo/fits/fits_summary.json
issue2569_theory,issue2569_theory/third_family/atlas/qo/fits/llama_map_L16.pt,67161549,a5cf03bbe4807361a74c427a46ad329065f75e30,60c791dd8e20c8a8afccfbeab3cc7ad0a42746ff,541266c6cce46c07dadce581496416b1e63ea8522dec5719672c837bf461bed6,https://huggingface.co/datasets/superkaiba1/explore-persona-space-data/blob/a5cf03bbe4807361a74c427a46ad329065f75e30/issue2569_theory/third_family/atlas/qo/fits/llama_map_L16.pt,https://huggingface.co/datasets/superkaiba1/explore-persona-space-data/resolve/a5cf03bbe4807361a74c427a46ad329065f75e30/issue2569_theory/third_family/atlas/qo/fits/llama_map_L16.pt
issue2569_theory,issue2569_theory/third_family/atlas/qo/fits/qwen_matched_L14.pt,51426795,a5cf03bbe4807361a74c427a46ad329065f75e30,94bcb21fb1cb9a68f37c0f84641bd325982c540b,e4dcaba7154bda79c9f61d8f68de26394640d612576d0a29470210e978bf0793,https://huggingface.co/datasets/superkaiba1/explore-persona-space-data/blob/a5cf03bbe4807361a74c427a46ad329065f75e30/issue2569_theory/third_family/atlas/qo/fits/qwen_matched_L14.pt,https://huggingface.co/datasets/superkaiba1/explore-persona-space-data/resolve/a5cf03bbe4807361a74c427a46ad329065f75e30/issue2569_theory/third_family/atlas/qo/fits/qwen_matched_L14.pt
issue2569_theory,issue2569_theory/third_family/atlas/qo/pair_manifest.json,5412,a5cf03bbe4807361a74c427a46ad329065f75e30,3a5b74c1f2cab7601cc48336eeb982d2d8223195,,https://huggingface.co/datasets/superkaiba1/explore-persona-space-data/blob/a5cf03bbe4807361a74c427a46ad329065f75e30/issue2569_theory/third_family/atlas/qo/pair_manifest.json,https://huggingface.co/datasets/superkaiba1/explore-persona-space-data/resolve/a5cf03bbe4807361a74c427a46ad329065f75e30/issue2569_theory/third_family/atlas/qo/pair_manifest.json
issue2569_theory,issue2569_theory/third_family/atlas/qo/report/three_tier.json,26888,a5cf03bbe4807361a74c427a46ad329065f75e30,d53c712d8f4dba4160c912d8a9b833cf35aa2fe2,,https://huggingface.co/datasets/superkaiba1/explore-persona-space-data/blob/a5cf03bbe4807361a74c427a46ad329065f75e30/issue2569_theory/third_family/atlas/qo/report/three_tier.json,https://huggingface.co/datasets/superkaiba1/explore-persona-space-data/resolve/a5cf03bbe4807361a74c427a46ad329065f75e30/issue2569_theory/third_family/atlas/qo/report/three_tier.json
issue2569_theory,issue2569_theory/third_family/bank/gen_llama_s42/answers.jsonl,23498877,a5cf03bbe4807361a74c427a46ad329065f75e30,5b0a00ca147b7fc0fad0685bed6f352e64b9b7d6,835c6eea5c96964d2457780506338eb52feba4cdc5cd0d327a11e2b2615dbc13,https://huggingface.co/datasets/superkaiba1/explore-persona-space-data/blob/a5cf03bbe4807361a74c427a46ad329065f75e30/issue2569_theory/third_family/bank/gen_llama_s42/answers.jsonl,https://huggingface.co/datasets/superkaiba1/explore-persona-space-data/resolve/a5cf03bbe4807361a74c427a46ad329065f75e30/issue2569_theory/third_family/bank/gen_llama_s42/answers.jsonl
issue2569_theory,issue2569_theory/third_family/bank/gen_llama_s42/audit.json,7845,a5cf03bbe4807361a74c427a46ad329065f75e30,45051e79889a140cb30ff6352460116c1d326dd5,,https://huggingface.co/datasets/superkaiba1/explore-persona-space-data/blob/a5cf03bbe4807361a74c427a46ad329065f75e30/issue2569_theory/third_family/bank/gen_llama_s42/audit.json,https://huggingface.co/datasets/superkaiba1/explore-persona-space-data/resolve/a5cf03bbe4807361a74c427a46ad329065f75e30/issue2569_theory/third_family/bank/gen_llama_s42/audit.json
issue2569_theory,issue2569_theory/third_family/bank/gen_llama_s42/raw_completions/shard00000.json,592598,a5cf03bbe4807361a74c427a46ad329065f75e30,ccd965ff8f85b9c185e4f9d9d3757ad30f3ba1bb,,https://huggingface.co/datasets/superkaiba1/explore-persona-space-data/blob/a5cf03bbe4807361a74c427a46ad329065f75e30/issue2569_theory/third_family/bank/gen_llama_s42/raw_completions/shard00000.json,https://huggingface.co/datasets/superkaiba1/explore-persona-space-data/resolve/a5cf03bbe4807361a74c427a46ad329065f75e30/issue2569_theory/third_family/bank/gen_llama_s42/raw_completions/shard00000.json
issue2569_theory,issue2569_theory/third_family/bank/gen_llama_s42/raw_completions/shard00001.json,604895,a5cf03bbe4807361a74c427a46ad329065f75e30,7d83d67758003e6fca00c86aa63786731fc25c82,,https://huggingface.co/datasets/superkaiba1/explore-persona-space-data/blob/a5cf03bbe4807361a74c427a46ad329065f75e30/issue2569_theory/third_family/bank/gen_llama_s42/raw_completions/shard00001.json,https://huggingface.co/datasets/superkaiba1/explore-persona-space-data/resolve/a5cf03bbe4807361a74c427a46ad329065f75e30/issue2569_theory/third_family/bank/gen_llama_s42/raw_completions/shard00001.json
issue2569_theory,issue2569_theory/third_family/bank/gen_llama_s42/raw_completions/shard00002.json,521645,a5cf03bbe4807361a74c427a46ad329065f75e30,db622ca5dffd4c6509e89524782f9b8faf2f3c31,,https://huggingface.co/datasets/superkaiba1/explore-persona-space-data/blob/a5cf03bbe4807361a74c427a46ad329065f75e30/issue2569_theory/third_family/bank/gen_llama_s42/raw_completions/shard00002.json,https://huggingface.co/datasets/superkaiba1/explore-persona-space-data/resolve/a5cf03bbe4807361a74c427a46ad329065f75e30/issue2569_theory/third_family/bank/gen_llama_s42/raw_completions/shard00002.json
issue2569_theory,issue2569_theory/third_family/bank/gen_llama_s42/raw_completions/shard00003.json,571644,a5cf03bbe4807361a74c427a46ad329065f75e30,ebe0087e62835746c76d0718029215563e530782,,https://huggingface.co/datasets/superkaiba1/explore-persona-space-data/blob/a5cf03bbe4807361a74c427a46ad329065f75e30/issue2569_theory/third_family/bank/gen_llama_s42/raw_completions/shard00003.json,https://huggingface.co/datasets/superkaiba1/explore-persona-space-data/resolve/a5cf03bbe4807361a74c427a46ad329065f75e30/issue2569_theory/third_family/bank/gen_llama_s42/raw_completions/shard00003.json
issue2569_theory,issue2569_theory/third_family/bank/gen_llama_s42/raw_completions/shard00004.json,569087,a5cf03bbe4807361a74c427a46ad329065f75e30,1be2deb1f032fa3e64d988fa494a777c6ae7dde9,,https://huggingface.co/datasets/superkaiba1/explore-persona-space-data/blob/a5cf03bbe4807361a74c427a46ad329065f75e30/issue2569_theory/third_family/bank/gen_llama_s42/raw_completions/shard00004.json,https://huggingface.co/datasets/superkaiba1/explore-persona-space-data/resolve/a5cf03bbe4807361a74c427a46ad329065f75e30/issue2569_theory/third_family/bank/gen_llama_s42/raw_completions/shard00004.json
issue2569_theory,issue2569_theory/third_family/bank/gen_llama_s42/raw_completions/shard00005.json,570547,a5cf03bbe4807361a74c427a46ad329065f75e30,2be9bee35127eb124369b7bf42760a806cf7b657,,https://huggingface.co/datasets/superkaiba1/explore-persona-space-data/blob/a5cf03bbe4807361a74c427a46ad329065f75e30/issue2569_theory/third_family/bank/gen_llama_s42/raw_completions/shard00005.json,https://huggingface.co/datasets/superkaiba1/explore-persona-space-data/resolve/a5cf03bbe4807361a74c427a46ad329065f75e30/issue2569_theory/third_family/bank/gen_llama_s42/raw_completions/shard00005.json
issue2569_theory,issue2569_theory/third_family/bank/gen_llama_s42/raw_completions/shard00006.json,559602,a5cf03bbe4807361a74c427a46ad329065f75e30,3903688de4936599ecbf715ee663f6a28b881eeb,,https://huggingface.co/datasets/superkaiba1/explore-persona-space-data/blob/a5cf03bbe4807361a74c427a46ad329065f75e30/issue2569_theory/third_family/bank/gen_llama_s42/raw_completions/shard00006.json,https://huggingface.co/datasets/superkaiba1/explore-persona-space-data/resolve/a5cf03bbe4807361a74c427a46ad329065f75e30/issue2569_theory/third_family/bank/gen_llama_s42/raw_completions/shard00006.json
issue2569_theory,issue2569_theory/third_family/bank/gen_llama_s42/raw_completions/shard00007.json,571169,a5cf03bbe4807361a74c427a46ad329065f75e30,dd41eb83aefbc562e7402de109063a59b5681b15,,https://huggingface.co/datasets/superkaiba1/explore-persona-space-data/blob/a5cf03bbe4807361a74c427a46ad329065f75e30/issue2569_theory/third_family/bank/gen_llama_s42/raw_completions/shard00007.json,https://huggingface.co/datasets/superkaiba1/explore-persona-space-data/resolve/a5cf03bbe4807361a74c427a46ad329065f75e30/issue2569_theory/third_family/bank/gen_llama_s42/raw_completions/shard00007.json
issue2569_theory,issue2569_theory/third_family/bank/gen_llama_s42/raw_completions/shard00008.json,570124,a5cf03bbe4807361a74c427a46ad329065f75e30,d6d62d924c7e349b77b55c0c8d22308955377ee2,,https://huggingface.co/datasets/superkaiba1/explore-persona-space-data/blob/a5cf03bbe4807361a74c427a46ad329065f75e30/issue2569_theory/third_family/bank/gen_llama_s42/raw_completions/shard00008.json,https://huggingface.co/datasets/superkaiba1/explore-persona-space-data/resolve/a5cf03bbe4807361a74c427a46ad329065f75e30/issue2569_theory/third_family/bank/gen_llama_s42/raw_completions/shard00008.json
issue2569_theory,issue2569_theory/third_family/bank/gen_llama_s42/raw_completions/shard00009.json,574344,a5cf03bbe4807361a74c427a46ad329065f75e30,8c9c3c7ae66a1b2816cbdebc6fff84039d05e4fe,,https://huggingface.co/datasets/superkaiba1/explore-persona-space-data/blob/a5cf03bbe4807361a74c427a46ad329065f75e30/issue2569_theory/third_family/bank/gen_llama_s42/raw_completions/shard00009.json,https://huggingface.co/datasets/superkaiba1/explore-persona-space-data/resolve/a5cf03bbe4807361a74c427a46ad329065f75e30/issue2569_theory/third_family/bank/gen_llama_s42/raw_completions/shard00009.json
issue2569_theory,issue2569_theory/third_family/bank/gen_llama_s42/raw_completions/shard00010.json,639672,a5cf03bbe4807361a74c427a46ad329065f75e30,5c70ab393099dbdda9e81b85401014959e5a6241,,https://huggingface.co/datasets/superkaiba1/explore-persona-space-data/blob/a5cf03bbe4807361a74c427a46ad329065f75e30/issue2569_theory/third_family/bank/gen_llama_s42/raw_completions/shard00010.json,https://huggingface.co/datasets/superkaiba1/explore-persona-space-data/resolve/a5cf03bbe4807361a74c427a46ad329065f75e30/issue2569_theory/third_family/bank/gen_llama_s42/raw_completions/shard00010.json
issue2569_theory,issue2569_theory/third_family/bank/gen_llama_s42/raw_completions/shard00011.json,591897,a5cf03bbe4807361a74c427a46ad329065f75e30,0b7935b2f2cb1219a0ebecc6fb019b13eb950b8a,,https://huggingface.co/datasets/superkaiba1/explore-persona-space-data/blob/a5cf03bbe4807361a74c427a46ad329065f75e30/issue2569_theory/third_family/bank/gen_llama_s42/raw_completions/shard00011.json,https://huggingface.co/datasets/superkaiba1/explore-persona-space-data/resolve/a5cf03bbe4807361a74c427a46ad329065f75e30/issue2569_theory/third_family/bank/gen_llama_s42/raw_completions/shard00011.json
issue2569_theory,issue2569_theory/third_family/bank/gen_llama_s42/raw_completions/shard00012.json,556247,a5cf03bbe4807361a74c427a46ad329065f75e30,dabb12bb631a00609805ec6c6abc2a8bbe439a38,,https://huggingface.co/datasets/superkaiba1/explore-persona-space-data/blob/a5cf03bbe4807361a74c427a46ad329065f75e30/issue2569_theory/third_family/bank/gen_llama_s42/raw_completions/shard00012.json,https://huggingface.co/datasets/superkaiba1/explore-persona-space-data/resolve/a5cf03bbe4807361a74c427a46ad329065f75e30/issue2569_theory/third_family/bank/gen_llama_s42/raw_completions/shard00012.json
issue2569_theory,issue2569_theory/third_family/bank/gen_llama_s42/raw_completions/shard00013.json,563953,a5cf03bbe4807361a74c427a46ad329065f75e30,c391baf5fe995d8abce2b566d0d6865f69a8fc4b,,https://huggingface.co/datasets/superkaiba1/explore-persona-space-data/blob/a5cf03bbe4807361a74c427a46ad329065f75e30/issue2569_theory/third_family/bank/gen_llama_s42/raw_completions/shard00013.json,https://huggingface.co/datasets/superkaiba1/explore-persona-space-data/resolve/a5cf03bbe4807361a74c427a46ad329065f75e30/issue2569_theory/third_family/bank/gen_llama_s42/raw_completions/shard00013.json
issue2569_theory,issue2569_theory/third_family/bank/gen_llama_s42/raw_completions/shard00014.json,566456,a5cf03bbe4807361a74c427a46ad329065f75e30,9d4c8e5c575a2be150268cc1e9b9cb2404f44362,,https://huggingface.co/datasets/superkaiba1/explore-persona-space-data/blob/a5cf03bbe4807361a74c427a46ad329065f75e30/issue2569_theory/third_family/bank/gen_llama_s42/raw_completions/shard00014.json,https://huggingface.co/datasets/superkaiba1/explore-persona-space-data/resolve/a5cf03bbe4807361a74c427a46ad329065f75e30/issue2569_theory/third_family/bank/gen_llama_s42/raw_completions/shard00014.json
issue2569_theory,issue2569_theory/third_family/bank/gen_llama_s42/raw_completions/shard00015.json,565498,a5cf03bbe4807361a74c427a46ad329065f75e30,5637eea5bbe4ce97eeef8158ccbe1b46d38f79d7,,https://huggingface.co/datasets/superkaiba1/explore-persona-space-data/blob/a5cf03bbe4807361a74c427a46ad329065f75e30/issue2569_theory/third_family/bank/gen_llama_s42/raw_completions/shard00015.json,https://huggingface.co/datasets/superkaiba1/explore-persona-space-data/resolve/a5cf03bbe4807361a74c427a46ad329065f75e30/issue2569_theory/third_family/bank/gen_llama_s42/raw_completions/shard00015.json
issue2569_theory,issue2569_theory/third_family/bank/gen_llama_s42/raw_completions/shard00016.json,559032,a5cf03bbe4807361a74c427a46ad329065f75e30,980cfdb4dbf3f1bc816f6b0794dc1bbb0e40d67c,,https://huggingface.co/datasets/superkaiba1/explore-persona-space-data/blob/a5cf03bbe4807361a74c427a46ad329065f75e30/issue2569_theory/third_family/bank/gen_llama_s42/raw_completions/shard00016.json,https://huggingface.co/datasets/superkaiba1/explore-persona-space-data/resolve/a5cf03bbe4807361a74c427a46ad329065f75e30/issue2569_theory/third_family/bank/gen_llama_s42/raw_completions/shard00016.json
issue2569_theory,issue2569_theory/third_family/bank/gen_llama_s42/raw_completions/shard00017.json,589666,a5cf03bbe4807361a74c427a46ad329065f75e30,c7b070d281ece1e732ae7f188fd9da1a773c394c,,https://huggingface.co/datasets/superkaiba1/explore-persona-space-data/blob/a5cf03bbe4807361a74c427a46ad329065f75e30/issue2569_theory/third_family/bank/gen_llama_s42/raw_completions/shard00017.json,https://huggingface.co/datasets/superkaiba1/explore-persona-space-data/resolve/a5cf03bbe4807361a74c427a46ad329065f75e30/issue2569_theory/third_family/bank/gen_llama_s42/raw_completions/shard00017.json
issue2569_theory,issue2569_theory/third_family/bank/gen_llama_s42/raw_completions/shard00018.json,585470,a5cf03bbe4807361a74c427a46ad329065f75e30,39ac61bcd2e490fbff63db8b28b4944b4ffe317d,,https://huggingface.co/datasets/superkaiba1/explore-persona-space-data/blob/a5cf03bbe4807361a74c427a46ad329065f75e30/issue2569_theory/third_family/bank/gen_llama_s42/raw_completions/shard00018.json,https://huggingface.co/datasets/superkaiba1/explore-persona-space-data/resolve/a5cf03bbe4807361a74c427a46ad329065f75e30/issue2569_theory/third_family/bank/gen_llama_s42/raw_completions/shard00018.json
issue2569_theory,issue2569_theory/third_family/bank/gen_llama_s42/raw_completions/shard00019.json,562893,a5cf03bbe4807361a74c427a46ad329065f75e30,52ecb82151346d9d2a468d37a473808cfda64caa,,https://huggingface.co/datasets/superkaiba1/explore-persona-space-data/blob/a5cf03bbe4807361a74c427a46ad329065f75e30/issue2569_theory/third_family/bank/gen_llama_s42/raw_completions/shard00019.json,https://huggingface.co/datasets/superkaiba1/explore-persona-space-data/resolve/a5cf03bbe4807361a74c427a46ad329065f75e30/issue2569_theory/third_family/bank/gen_llama_s42/raw_completions/shard00019.json
issue2569_theory,issue2569_theory/third_family/bank/gen_llama_s42/raw_completions/shard00020.json,542378,a5cf03bbe4807361a74c427a46ad329065f75e30,40af562363eb297a3c8a2ec20ef2fa180c080870,,https://huggingface.co/datasets/superkaiba1/explore-persona-space-data/blob/a5cf03bbe4807361a74c427a46ad329065f75e30/issue2569_theory/third_family/bank/gen_llama_s42/raw_completions/shard00020.json,https://huggingface.co/datasets/superkaiba1/explore-persona-space-data/resolve/a5cf03bbe4807361a74c427a46ad329065f75e30/issue2569_theory/third_family/bank/gen_llama_s42/raw_completions/shard00020.json
issue2569_theory,issue2569_theory/third_family/bank/gen_llama_s42/raw_completions/shard00021.json,518411,a5cf03bbe4807361a74c427a46ad329065f75e30,5b31b2db95014afa763575189a93bb007a1f0921,,https://huggingface.co/datasets/superkaiba1/explore-persona-space-data/blob/a5cf03bbe4807361a74c427a46ad329065f75e30/issue2569_theory/third_family/bank/gen_llama_s42/raw_completions/shard00021.json,https://huggingface.co/datasets/superkaiba1/explore-persona-space-data/resolve/a5cf03bbe4807361a74c427a46ad329065f75e30/issue2569_theory/third_family/bank/gen_llama_s42/raw_completions/shard00021.json
issue2569_theory,issue2569_theory/third_family/bank/gen_llama_s42/raw_completions/shard00022.json,581830,a5cf03bbe4807361a74c427a46ad329065f75e30,4c73100fcd437653e2ec358504ceabd6e7602383,,https://huggingface.co/datasets/superkaiba1/explore-persona-space-data/blob/a5cf03bbe4807361a74c427a46ad329065f75e30/issue2569_theory/third_family/bank/gen_llama_s42/raw_completions/shard00022.json,https://huggingface.co/datasets/superkaiba1/explore-persona-space-data/resolve/a5cf03bbe4807361a74c427a46ad329065f75e30/issue2569_theory/third_family/bank/gen_llama_s42/raw_completions/shard00022.json
issue2569_theory,issue2569_theory/third_family/bank/gen_llama_s42/raw_completions/shard00023.json,550734,a5cf03bbe4807361a74c427a46ad329065f75e30,760e7860de9eeb02e3438cef5e9d18e08adfd613,,https://huggingface.co/datasets/superkaiba1/explore-persona-space-data/blob/a5cf03bbe4807361a74c427a46ad329065f75e30/issue2569_theory/third_family/bank/gen_llama_s42/raw_completions/shard00023.json,https://huggingface.co/datasets/superkaiba1/explore-persona-space-data/resolve/a5cf03bbe4807361a74c427a46ad329065f75e30/issue2569_theory/third_family/bank/gen_llama_s42/raw_completions/shard00023.json
issue2569_theory,issue2569_theory/third_family/bank/gen_llama_s42/raw_completions/shard00024.json,571902,a5cf03bbe4807361a74c427a46ad329065f75e30,48decc5b877fcf41d33d3a8bc60c58b6d4ca60ce,,https://huggingface.co/datasets/superkaiba1/explore-persona-space-data/blob/a5cf03bbe4807361a74c427a46ad329065f75e30/issue2569_theory/third_family/bank/gen_llama_s42/raw_completions/shard00024.json,https://huggingface.co/datasets/superkaiba1/explore-persona-space-data/resolve/a5cf03bbe4807361a74c427a46ad329065f75e30/issue2569_theory/third_family/bank/gen_llama_s42/raw_completions/shard00024.json
issue2569_theory,issue2569_theory/third_family/bank/gen_llama_s42/raw_completions/shard00025.json,576373,a5cf03bbe4807361a74c427a46ad329065f75e30,38c7dbd5724335331f3103af5fa5db62232fe299,,https://huggingface.co/datasets/superkaiba1/explore-persona-space-data/blob/a5cf03bbe4807361a74c427a46ad329065f75e30/issue2569_theory/third_family/bank/gen_llama_s42/raw_completions/shard00025.json,https://huggingface.co/datasets/superkaiba1/explore-persona-space-data/resolve/a5cf03bbe4807361a74c427a46ad329065f75e30/issue2569_theory/third_family/bank/gen_llama_s42/raw_completions/shard00025.json
issue2569_theory,issue2569_theory/third_family/bank/gen_llama_s42/raw_completions/shard00026.json,579340,a5cf03bbe4807361a74c427a46ad329065f75e30,e6aa9dab0d1084ea70b3ff1e314e74eba8e3b701,,https://huggingface.co/datasets/superkaiba1/explore-persona-space-data/blob/a5cf03bbe4807361a74c427a46ad329065f75e30/issue2569_theory/third_family/bank/gen_llama_s42/raw_completions/shard00026.json,https://huggingface.co/datasets/superkaiba1/explore-persona-space-data/resolve/a5cf03bbe4807361a74c427a46ad329065f75e30/issue2569_theory/third_family/bank/gen_llama_s42/raw_completions/shard00026.json
issue2569_theory,issue2569_theory/third_family/bank/gen_llama_s42/raw_completions/shard00027.json,582183,a5cf03bbe4807361a74c427a46ad329065f75e30,385916651291d7f91bb9921604d81cd814aa2516,,https://huggingface.co/datasets/superkaiba1/explore-persona-space-data/blob/a5cf03bbe4807361a74c427a46ad329065f75e30/issue2569_theory/third_family/bank/gen_llama_s42/raw_completions/shard00027.json,https://huggingface.co/datasets/superkaiba1/explore-persona-space-data/resolve/a5cf03bbe4807361a74c427a46ad329065f75e30/issue2569_theory/third_family/bank/gen_llama_s42/raw_completions/shard00027.json
issue2569_theory,issue2569_theory/third_family/bank/gen_llama_s42/raw_completions/shard00028.json,610928,a5cf03bbe4807361a74c427a46ad329065f75e30,94b1416642b1e74e32a7c7d6cf44e377e7dcfae4,,https://huggingface.co/datasets/superkaiba1/explore-persona-space-data/blob/a5cf03bbe4807361a74c427a46ad329065f75e30/issue2569_theory/third_family/bank/gen_llama_s42/raw_completions/shard00028.json,https://huggingface.co/datasets/superkaiba1/explore-persona-space-data/resolve/a5cf03bbe4807361a74c427a46ad329065f75e30/issue2569_theory/third_family/bank/gen_llama_s42/raw_completions/shard00028.json
issue2569_theory,issue2569_theory/third_family/bank/gen_llama_s42/raw_completions/shard00029.json,587531,a5cf03bbe4807361a74c427a46ad329065f75e30,2b179074d7ee72001d7e1fb0377403d2c56abc9a,,https://huggingface.co/datasets/superkaiba1/explore-persona-space-data/blob/a5cf03bbe4807361a74c427a46ad329065f75e30/issue2569_theory/third_family/bank/gen_llama_s42/raw_completions/shard00029.json,https://huggingface.co/datasets/superkaiba1/explore-persona-space-data/resolve/a5cf03bbe4807361a74c427a46ad329065f75e30/issue2569_theory/third_family/bank/gen_llama_s42/raw_completions/shard00029.json
issue2569_theory,issue2569_theory/third_family/bank/gen_llama_s42/raw_completions/shard00030.json,575652,a5cf03bbe4807361a74c427a46ad329065f75e30,797ffae7c36466722e8fd6ab1d4637b7f0dea129,,https://huggingface.co/datasets/superkaiba1/explore-persona-space-data/blob/a5cf03bbe4807361a74c427a46ad329065f75e30/issue2569_theory/third_family/bank/gen_llama_s42/raw_completions/shard00030.json,https://huggingface.co/datasets/superkaiba1/explore-persona-space-data/resolve/a5cf03bbe4807361a74c427a46ad329065f75e30/issue2569_theory/third_family/bank/gen_llama_s42/raw_completions/shard00030.json
issue2569_theory,issue2569_theory/third_family/bank/gen_llama_s42/raw_completions/shard00031.json,569419,a5cf03bbe4807361a74c427a46ad329065f75e30,8eec034a527b399480340af60fef71b2736db99e,,https://huggingface.co/datasets/superkaiba1/explore-persona-space-data/blob/a5cf03bbe4807361a74c427a46ad329065f75e30/issue2569_theory/third_family/bank/gen_llama_s42/raw_completions/shard00031.json,https://huggingface.co/datasets/superkaiba1/explore-persona-space-data/resolve/a5cf03bbe4807361a74c427a46ad329065f75e30/issue2569_theory/third_family/bank/gen_llama_s42/raw_completions/shard00031.json
issue2569_theory,issue2569_theory/third_family/bank/gen_llama_s42/raw_completions/shard00032.json,603697,a5cf03bbe4807361a74c427a46ad329065f75e30,1516a9de415bb194a545e0a7658ce7cb85c52ce4,,https://huggingface.co/datasets/superkaiba1/explore-persona-space-data/blob/a5cf03bbe4807361a74c427a46ad329065f75e30/issue2569_theory/third_family/bank/gen_llama_s42/raw_completions/shard00032.json,https://huggingface.co/datasets/superkaiba1/explore-persona-space-data/resolve/a5cf03bbe4807361a74c427a46ad329065f75e30/issue2569_theory/third_family/bank/gen_llama_s42/raw_completions/shard00032.json
issue2569_theory,issue2569_theory/third_family/bank/gen_llama_s42/raw_completions/shard00033.json,577201,a5cf03bbe4807361a74c427a46ad329065f75e30,0bb76852e174e68e6fc45aafebc968ffd769dda3,,https://huggingface.co/datasets/superkaiba1/explore-persona-space-data/blob/a5cf03bbe4807361a74c427a46ad329065f75e30/issue2569_theory/third_family/bank/gen_llama_s42/raw_completions/shard00033.json,https://huggingface.co/datasets/superkaiba1/explore-persona-space-data/resolve/a5cf03bbe4807361a74c427a46ad329065f75e30/issue2569_theory/third_family/bank/gen_llama_s42/raw_completions/shard00033.json
issue2569_theory,issue2569_theory/third_family/bank/gen_llama_s42/raw_completions/shard00034.json,599713,a5cf03bbe4807361a74c427a46ad329065f75e30,71b384cacd589673d09fcbff57240aa70c073d58,,https://huggingface.co/datasets/superkaiba1/explore-persona-space-data/blob/a5cf03bbe4807361a74c427a46ad329065f75e30/issue2569_theory/third_family/bank/gen_llama_s42/raw_completions/shard00034.json,https://huggingface.co/datasets/superkaiba1/explore-persona-space-data/resolve/a5cf03bbe4807361a74c427a46ad329065f75e30/issue2569_theory/third_family/bank/gen_llama_s42/raw_completions/shard00034.json
issue2569_theory,issue2569_theory/third_family/bank/gen_llama_s42/raw_completions/shard00035.json,583477,a5cf03bbe4807361a74c427a46ad329065f75e30,0d65db8ae45ce073035e10f7fba0e51497f0b068,,https://huggingface.co/datasets/superkaiba1/explore-persona-space-data/blob/a5cf03bbe4807361a74c427a46ad329065f75e30/issue2569_theory/third_family/bank/gen_llama_s42/raw_completions/shard00035.json,https://huggingface.co/datasets/superkaiba1/explore-persona-space-data/resolve/a5cf03bbe4807361a74c427a46ad329065f75e30/issue2569_theory/third_family/bank/gen_llama_s42/raw_completions/shard00035.json
issue2569_theory,issue2569_theory/third_family/bank/gen_llama_s42/raw_completions/shard00036.json,626475,a5cf03bbe4807361a74c427a46ad329065f75e30,8734ac0f48a241784e411290faf430c4f2bf09c5,,https://huggingface.co/datasets/superkaiba1/explore-persona-space-data/blob/a5cf03bbe4807361a74c427a46ad329065f75e30/issue2569_theory/third_family/bank/gen_llama_s42/raw_completions/shard00036.json,https://huggingface.co/datasets/superkaiba1/explore-persona-space-data/resolve/a5cf03bbe4807361a74c427a46ad329065f75e30/issue2569_theory/third_family/bank/gen_llama_s42/raw_completions/shard00036.json
issue2569_theory,issue2569_theory/third_family/bank/gen_llama_s42/raw_completions/shard00037.json,592621,a5cf03bbe4807361a74c427a46ad329065f75e30,a6795d0becf04b1fc3ccfeea117b5f98472f1150,,https://huggingface.co/datasets/superkaiba1/explore-persona-space-data/blob/a5cf03bbe4807361a74c427a46ad329065f75e30/issue2569_theory/third_family/bank/gen_llama_s42/raw_completions/shard00037.json,https://huggingface.co/datasets/superkaiba1/explore-persona-space-data/resolve/a5cf03bbe4807361a74c427a46ad329065f75e30/issue2569_theory/third_family/bank/gen_llama_s42/raw_completions/shard00037.json
issue2569_theory,issue2569_theory/third_family/bank/gen_llama_s42/raw_completions/shard00038.json,596979,a5cf03bbe4807361a74c427a46ad329065f75e30,78ebe6fc32d0cd5d38bbc88afec6930f9be04750,,https://huggingface.co/datasets/superkaiba1/explore-persona-space-data/blob/a5cf03bbe4807361a74c427a46ad329065f75e30/issue2569_theory/third_family/bank/gen_llama_s42/raw_completions/shard00038.json,https://huggingface.co/datasets/superkaiba1/explore-persona-space-data/resolve/a5cf03bbe4807361a74c427a46ad329065f75e30/issue2569_theory/third_family/bank/gen_llama_s42/raw_completions/shard00038.json
issue2569_theory,issue2569_theory/third_family/bank/gen_llama_s42/raw_completions/shard00039.json,587875,a5cf03bbe4807361a74c427a46ad329065f75e30,677c71326f98d32cb12f492b24b7a1175d02e1bb,,https://huggingface.co/datasets/superkaiba1/explore-persona-space-data/blob/a5cf03bbe4807361a74c427a46ad329065f75e30/issue2569_theory/third_family/bank/gen_llama_s42/raw_completions/shard00039.json,https://huggingface.co/datasets/superkaiba1/explore-persona-space-data/resolve/a5cf03bbe4807361a74c427a46ad329065f75e30/issue2569_theory/third_family/bank/gen_llama_s42/raw_completions/shard00039.json
issue2569_theory,issue2569_theory/third_family/bank/gen_llama_s42/raw_completions/shard00040.json,603264,a5cf03bbe4807361a74c427a46ad329065f75e30,6e67ab5359ad26131b7b2a2753b872513660b6f9,,https://huggingface.co/datasets/superkaiba1/explore-persona-space-data/blob/a5cf03bbe4807361a74c427a46ad329065f75e30/issue2569_theory/third_family/bank/gen_llama_s42/raw_completions/shard00040.json,https://huggingface.co/datasets/superkaiba1/explore-persona-space-data/resolve/a5cf03bbe4807361a74c427a46ad329065f75e30/issue2569_theory/third_family/bank/gen_llama_s42/raw_completions/shard00040.json
issue2569_theory,issue2569_theory/third_family/bank/gen_llama_s42/raw_completions/shard00041.json,567381,a5cf03bbe4807361a74c427a46ad329065f75e30,caefd1c85bb4f7178f23d7233fd7fe6387766293,,https://huggingface.co/datasets/superkaiba1/explore-persona-space-data/blob/a5cf03bbe4807361a74c427a46ad329065f75e30/issue2569_theory/third_family/bank/gen_llama_s42/raw_completions/shard00041.json,https://huggingface.co/datasets/superkaiba1/explore-persona-space-data/resolve/a5cf03bbe4807361a74c427a46ad329065f75e30/issue2569_theory/third_family/bank/gen_llama_s42/raw_completions/shard00041.json
issue2569_theory,issue2569_theory/third_family/bank/gen_llama_s42/regime.json,585,a5cf03bbe4807361a74c427a46ad329065f75e30,a5567bb80f7ca0ce423e4fd7ffdfaba007edec73,,https://huggingface.co/datasets/superkaiba1/explore-persona-space-data/blob/a5cf03bbe4807361a74c427a46ad329065f75e30/issue2569_theory/third_family/bank/gen_llama_s42/regime.json,https://huggingface.co/datasets/superkaiba1/explore-persona-space-data/resolve/a5cf03bbe4807361a74c427a46ad329065f75e30/issue2569_theory/third_family/bank/gen_llama_s42/regime.json
issue2569_theory,issue2569_theory/third_family/bank/lwriter/chunks/olmo/regime.json,470,a5cf03bbe4807361a74c427a46ad329065f75e30,f8c0a0f00644e02bc901fcf5c4d85860b4b23d71,,https://huggingface.co/datasets/superkaiba1/explore-persona-space-data/blob/a5cf03bbe4807361a74c427a46ad329065f75e30/issue2569_theory/third_family/bank/lwriter/chunks/olmo/regime.json,https://huggingface.co/datasets/superkaiba1/explore-persona-space-data/resolve/a5cf03bbe4807361a74c427a46ad329065f75e30/issue2569_theory/third_family/bank/lwriter/chunks/olmo/regime.json
issue2569_theory,issue2569_theory/third_family/bank/lwriter/final/olmo_finalize_meta.json,590,a5cf03bbe4807361a74c427a46ad329065f75e30,bb510a0b6a143671af5408424f73c000828e397a,,https://huggingface.co/datasets/superkaiba1/explore-persona-space-data/blob/a5cf03bbe4807361a74c427a46ad329065f75e30/issue2569_theory/third_family/bank/lwriter/final/olmo_finalize_meta.json,https://huggingface.co/datasets/superkaiba1/explore-persona-space-data/resolve/a5cf03bbe4807361a74c427a46ad329065f75e30/issue2569_theory/third_family/bank/lwriter/final/olmo_finalize_meta.json
issue2569_theory,issue2569_theory/third_family/bank/lwriter/gates/capture_wall_olmo.json,699,a5cf03bbe4807361a74c427a46ad329065f75e30,9447f051f4ae7a881e7ac630e7ff9ad13bcd1bbc,,https://huggingface.co/datasets/superkaiba1/explore-persona-space-data/blob/a5cf03bbe4807361a74c427a46ad329065f75e30/issue2569_theory/third_family/bank/lwriter/gates/capture_wall_olmo.json,https://huggingface.co/datasets/superkaiba1/explore-persona-space-data/resolve/a5cf03bbe4807361a74c427a46ad329065f75e30/issue2569_theory/third_family/bank/lwriter/gates/capture_wall_olmo.json
issue2569_theory,issue2569_theory/third_family/bank/lwriter/gates/identity_gate_olmo.json,2420,a5cf03bbe4807361a74c427a46ad329065f75e30,afb41dd34f06b5b23ce7953b5e6cabd7cf9a57bb,,https://huggingface.co/datasets/superkaiba1/explore-persona-space-data/blob/a5cf03bbe4807361a74c427a46ad329065f75e30/issue2569_theory/third_family/bank/lwriter/gates/identity_gate_olmo.json,https://huggingface.co/datasets/superkaiba1/explore-persona-space-data/resolve/a5cf03bbe4807361a74c427a46ad329065f75e30/issue2569_theory/third_family/bank/lwriter/gates/identity_gate_olmo.json
issue2569_theory,issue2569_theory/third_family/bank/lwriter/gates/pilot_gate_olmo.json,692,a5cf03bbe4807361a74c427a46ad329065f75e30,bb758d0997383319d37d2f033259ed920498d7e4,,https://huggingface.co/datasets/superkaiba1/explore-persona-space-data/blob/a5cf03bbe4807361a74c427a46ad329065f75e30/issue2569_theory/third_family/bank/lwriter/gates/pilot_gate_olmo.json,https://huggingface.co/datasets/superkaiba1/explore-persona-space-data/resolve/a5cf03bbe4807361a74c427a46ad329065f75e30/issue2569_theory/third_family/bank/lwriter/gates/pilot_gate_olmo.json
issue2569_theory,issue2569_theory/third_family/bank/lwriter/texts_kept.jsonl,22216165,a5cf03bbe4807361a74c427a46ad329065f75e30,d541bb5f4404fd5c6328afee72c861b2f52b5a72,ccb9d07e0d87814990bfacb7fcfcd77e3a22be98a57161b0eb7e558deea61033,https://huggingface.co/datasets/superkaiba1/explore-persona-space-data/blob/a5cf03bbe4807361a74c427a46ad329065f75e30/issue2569_theory/third_family/bank/lwriter/texts_kept.jsonl,https://huggingface.co/datasets/superkaiba1/explore-persona-space-data/resolve/a5cf03bbe4807361a74c427a46ad329065f75e30/issue2569_theory/third_family/bank/lwriter/texts_kept.jsonl
issue2569_theory,issue2569_theory/third_family/bank/lwriter/writer_manifest.json,672,a5cf03bbe4807361a74c427a46ad329065f75e30,5a1c8fec898548dea4392e076b928984a591279c,,https://huggingface.co/datasets/superkaiba1/explore-persona-space-data/blob/a5cf03bbe4807361a74c427a46ad329065f75e30/issue2569_theory/third_family/bank/lwriter/writer_manifest.json,https://huggingface.co/datasets/superkaiba1/explore-persona-space-data/resolve/a5cf03bbe4807361a74c427a46ad329065f75e30/issue2569_theory/third_family/bank/lwriter/writer_manifest.json
issue2569_theory,issue2569_theory/third_family/bank/staged_inputs.json,3738,a5cf03bbe4807361a74c427a46ad329065f75e30,a37f560d7f73188adda7deff5c96e3aec2c290de,,https://huggingface.co/datasets/superkaiba1/explore-persona-space-data/blob/a5cf03bbe4807361a74c427a46ad329065f75e30/issue2569_theory/third_family/bank/staged_inputs.json,https://huggingface.co/datasets/superkaiba1/explore-persona-space-data/resolve/a5cf03bbe4807361a74c427a46ad329065f75e30/issue2569_theory/third_family/bank/staged_inputs.json
issue2569_theory,issue2569_theory/third_family/bank/three_by_three_manifest.json,2176,a5cf03bbe4807361a74c427a46ad329065f75e30,e767cccbf0da804bb4568fe1b12078bc47a32ba5,,https://huggingface.co/datasets/superkaiba1/explore-persona-space-data/blob/a5cf03bbe4807361a74c427a46ad329065f75e30/issue2569_theory/third_family/bank/three_by_three_manifest.json,https://huggingface.co/datasets/superkaiba1/explore-persona-space-data/resolve/a5cf03bbe4807361a74c427a46ad329065f75e30/issue2569_theory/third_family/bank/three_by_three_manifest.json
issue2569_theory,issue2569_theory/third_family/capture/gen_olmo_s42_merged/answers.jsonl,34994570,a5cf03bbe4807361a74c427a46ad329065f75e30,24d6b603a6c054506448a54f508f5f81c97fd41a,b9e425a199647549ab972bf4b6c4af8cf95b6691f86697773488dda53a153d6b,https://huggingface.co/datasets/superkaiba1/explore-persona-space-data/blob/a5cf03bbe4807361a74c427a46ad329065f75e30/issue2569_theory/third_family/capture/gen_olmo_s42_merged/answers.jsonl,https://huggingface.co/datasets/superkaiba1/explore-persona-space-data/resolve/a5cf03bbe4807361a74c427a46ad329065f75e30/issue2569_theory/third_family/capture/gen_olmo_s42_merged/answers.jsonl
issue2569_theory,issue2569_theory/third_family/capture/gen_olmo_s42_merged/audit.json,909,a5cf03bbe4807361a74c427a46ad329065f75e30,63905abe30b8f197cf0387596b69c3aa6f1f1280,,https://huggingface.co/datasets/superkaiba1/explore-persona-space-data/blob/a5cf03bbe4807361a74c427a46ad329065f75e30/issue2569_theory/third_family/capture/gen_olmo_s42_merged/audit.json,https://huggingface.co/datasets/superkaiba1/explore-persona-space-data/resolve/a5cf03bbe4807361a74c427a46ad329065f75e30/issue2569_theory/third_family/capture/gen_olmo_s42_merged/audit.json
issue2569_theory,issue2569_theory/third_family/capture/gen_olmo_s42_merged/regime.json,1412,a5cf03bbe4807361a74c427a46ad329065f75e30,d8ab8c07a53c325fd99871290eefbcae558de790,,https://huggingface.co/datasets/superkaiba1/explore-persona-space-data/blob/a5cf03bbe4807361a74c427a46ad329065f75e30/issue2569_theory/third_family/capture/gen_olmo_s42_merged/regime.json,https://huggingface.co/datasets/superkaiba1/explore-persona-space-data/resolve/a5cf03bbe4807361a74c427a46ad329065f75e30/issue2569_theory/third_family/capture/gen_olmo_s42_merged/regime.json
issue2569_theory,issue2569_theory/third_family/capture/gen_olmo_s42_topup/roster.json,23807,a5cf03bbe4807361a74c427a46ad329065f75e30,ab90d703b2ce64d0fbbaae9efec1348983bccd81,,https://huggingface.co/datasets/superkaiba1/explore-persona-space-data/blob/a5cf03bbe4807361a74c427a46ad329065f75e30/issue2569_theory/third_family/capture/gen_olmo_s42_topup/roster.json,https://huggingface.co/datasets/superkaiba1/explore-persona-space-data/resolve/a5cf03bbe4807361a74c427a46ad329065f75e30/issue2569_theory/third_family/capture/gen_olmo_s42_topup/roster.json
issue2569_theory,issue2569_theory/third_family/capture/owriter/chunks/llama/regime.json,476,a5cf03bbe4807361a74c427a46ad329065f75e30,6392f2448ee68d00a63420abd87d0a56a8d8ed49,,https://huggingface.co/datasets/superkaiba1/explore-persona-space-data/blob/a5cf03bbe4807361a74c427a46ad329065f75e30/issue2569_theory/third_family/capture/owriter/chunks/llama/regime.json,https://huggingface.co/datasets/superkaiba1/explore-persona-space-data/resolve/a5cf03bbe4807361a74c427a46ad329065f75e30/issue2569_theory/third_family/capture/owriter/chunks/llama/regime.json
issue2569_theory,issue2569_theory/third_family/capture/owriter/chunks/olmo/regime.json,470,a5cf03bbe4807361a74c427a46ad329065f75e30,f872a6c2c94d180e0bbbfdb769ff401029771c02,,https://huggingface.co/datasets/superkaiba1/explore-persona-space-data/blob/a5cf03bbe4807361a74c427a46ad329065f75e30/issue2569_theory/third_family/capture/owriter/chunks/olmo/regime.json,https://huggingface.co/datasets/superkaiba1/explore-persona-space-data/resolve/a5cf03bbe4807361a74c427a46ad329065f75e30/issue2569_theory/third_family/capture/owriter/chunks/olmo/regime.json
issue2569_theory,issue2569_theory/third_family/capture/owriter/chunks/qwen/regime.json,468,a5cf03bbe4807361a74c427a46ad329065f75e30,0e43b51be6d85371d794e6b851df52e356f5fbb5,,https://huggingface.co/datasets/superkaiba1/explore-persona-space-data/blob/a5cf03bbe4807361a74c427a46ad329065f75e30/issue2569_theory/third_family/capture/owriter/chunks/qwen/regime.json,https://huggingface.co/datasets/superkaiba1/explore-persona-space-data/resolve/a5cf03bbe4807361a74c427a46ad329065f75e30/issue2569_theory/third_family/capture/owriter/chunks/qwen/regime.json
issue2569_theory,issue2569_theory/third_family/capture/owriter/gates/capture_wall_llama.json,703,a5cf03bbe4807361a74c427a46ad329065f75e30,e22019475a76d4ebe14e5483f517c75d32978dd8,,https://huggingface.co/datasets/superkaiba1/explore-persona-space-data/blob/a5cf03bbe4807361a74c427a46ad329065f75e30/issue2569_theory/third_family/capture/owriter/gates/capture_wall_llama.json,https://huggingface.co/datasets/superkaiba1/explore-persona-space-data/resolve/a5cf03bbe4807361a74c427a46ad329065f75e30/issue2569_theory/third_family/capture/owriter/gates/capture_wall_llama.json
issue2569_theory,issue2569_theory/third_family/capture/owriter/gates/capture_wall_olmo.json,700,a5cf03bbe4807361a74c427a46ad329065f75e30,a9f6c81fe9050e0e1a0108d964475dc8000fdd35,,https://huggingface.co/datasets/superkaiba1/explore-persona-space-data/blob/a5cf03bbe4807361a74c427a46ad329065f75e30/issue2569_theory/third_family/capture/owriter/gates/capture_wall_olmo.json,https://huggingface.co/datasets/superkaiba1/explore-persona-space-data/resolve/a5cf03bbe4807361a74c427a46ad329065f75e30/issue2569_theory/third_family/capture/owriter/gates/capture_wall_olmo.json
issue2569_theory,issue2569_theory/third_family/capture/owriter/gates/capture_wall_qwen.json,698,a5cf03bbe4807361a74c427a46ad329065f75e30,d79140132eb5d0927e8007c70db06ba0bf605db3,,https://huggingface.co/datasets/superkaiba1/explore-persona-space-data/blob/a5cf03bbe4807361a74c427a46ad329065f75e30/issue2569_theory/third_family/capture/owriter/gates/capture_wall_qwen.json,https://huggingface.co/datasets/superkaiba1/explore-persona-space-data/resolve/a5cf03bbe4807361a74c427a46ad329065f75e30/issue2569_theory/third_family/capture/owriter/gates/capture_wall_qwen.json
issue2569_theory,issue2569_theory/third_family/capture/owriter/gates/identity_gate_llama.json,2427,a5cf03bbe4807361a74c427a46ad329065f75e30,7a614989a904350bcc49cdb8329d57d000f975ee,,https://huggingface.co/datasets/superkaiba1/explore-persona-space-data/blob/a5cf03bbe4807361a74c427a46ad329065f75e30/issue2569_theory/third_family/capture/owriter/gates/identity_gate_llama.json,https://huggingface.co/datasets/superkaiba1/explore-persona-space-data/resolve/a5cf03bbe4807361a74c427a46ad329065f75e30/issue2569_theory/third_family/capture/owriter/gates/identity_gate_llama.json
issue2569_theory,issue2569_theory/third_family/capture/owriter/gates/identity_gate_olmo.json,2420,a5cf03bbe4807361a74c427a46ad329065f75e30,335e10a59121f870c4e9e40c441c3a54ad401716,,https://huggingface.co/datasets/superkaiba1/explore-persona-space-data/blob/a5cf03bbe4807361a74c427a46ad329065f75e30/issue2569_theory/third_family/capture/owriter/gates/identity_gate_olmo.json,https://huggingface.co/datasets/superkaiba1/explore-persona-space-data/resolve/a5cf03bbe4807361a74c427a46ad329065f75e30/issue2569_theory/third_family/capture/owriter/gates/identity_gate_olmo.json
issue2569_theory,issue2569_theory/third_family/capture/owriter/gates/identity_gate_qwen.json,2418,a5cf03bbe4807361a74c427a46ad329065f75e30,1576366f0b0a750aecc4105c891b024dcf417a4e,,https://huggingface.co/datasets/superkaiba1/explore-persona-space-data/blob/a5cf03bbe4807361a74c427a46ad329065f75e30/issue2569_theory/third_family/capture/owriter/gates/identity_gate_qwen.json,https://huggingface.co/datasets/superkaiba1/explore-persona-space-data/resolve/a5cf03bbe4807361a74c427a46ad329065f75e30/issue2569_theory/third_family/capture/owriter/gates/identity_gate_qwen.json
issue2569_theory,issue2569_theory/third_family/capture/owriter/gates/pilot_gate_llama.json,699,a5cf03bbe4807361a74c427a46ad329065f75e30,6d4a31ea84c116f64f2e83bd1bf4661c5d105e20,,https://huggingface.co/datasets/superkaiba1/explore-persona-space-data/blob/a5cf03bbe4807361a74c427a46ad329065f75e30/issue2569_theory/third_family/capture/owriter/gates/pilot_gate_llama.json,https://huggingface.co/datasets/superkaiba1/explore-persona-space-data/resolve/a5cf03bbe4807361a74c427a46ad329065f75e30/issue2569_theory/third_family/capture/owriter/gates/pilot_gate_llama.json
issue2569_theory,issue2569_theory/third_family/capture/owriter/gates/pilot_gate_olmo.json,692,a5cf03bbe4807361a74c427a46ad329065f75e30,eff762cc7a83ddf006ce6387f41994eb9eec23b8,,https://huggingface.co/datasets/superkaiba1/explore-persona-space-data/blob/a5cf03bbe4807361a74c427a46ad329065f75e30/issue2569_theory/third_family/capture/owriter/gates/pilot_gate_olmo.json,https://huggingface.co/datasets/superkaiba1/explore-persona-space-data/resolve/a5cf03bbe4807361a74c427a46ad329065f75e30/issue2569_theory/third_family/capture/owriter/gates/pilot_gate_olmo.json
issue2569_theory,issue2569_theory/third_family/capture/owriter/gates/pilot_gate_qwen.json,691,a5cf03bbe4807361a74c427a46ad329065f75e30,2e9bc17be16d055e7ae345fe9a2d6d2d6070da6f,,https://huggingface.co/datasets/superkaiba1/explore-persona-space-data/blob/a5cf03bbe4807361a74c427a46ad329065f75e30/issue2569_theory/third_family/capture/owriter/gates/pilot_gate_qwen.json,https://huggingface.co/datasets/superkaiba1/explore-persona-space-data/resolve/a5cf03bbe4807361a74c427a46ad329065f75e30/issue2569_theory/third_family/capture/owriter/gates/pilot_gate_qwen.json
issue2569_theory,issue2569_theory/third_family/capture/owriter/writer_manifest.json,899,a5cf03bbe4807361a74c427a46ad329065f75e30,d62cdc5478a1ffe56ef57af1f2cf6e0721650732,,https://huggingface.co/datasets/superkaiba1/explore-persona-space-data/blob/a5cf03bbe4807361a74c427a46ad329065f75e30/issue2569_theory/third_family/capture/owriter/writer_manifest.json,https://huggingface.co/datasets/superkaiba1/explore-persona-space-data/resolve/a5cf03bbe4807361a74c427a46ad329065f75e30/issue2569_theory/third_family/capture/owriter/writer_manifest.json
issue2569_theory,issue2569_theory/third_family/capture/qwriter_olmo/chunks/olmo/regime.json,470,a5cf03bbe4807361a74c427a46ad329065f75e30,9e0168463185d6bda6bf36d1bd5dfa0419aa48e4,,https://huggingface.co/datasets/superkaiba1/explore-persona-space-data/blob/a5cf03bbe4807361a74c427a46ad329065f75e30/issue2569_theory/third_family/capture/qwriter_olmo/chunks/olmo/regime.json,https://huggingface.co/datasets/superkaiba1/explore-persona-space-data/resolve/a5cf03bbe4807361a74c427a46ad329065f75e30/issue2569_theory/third_family/capture/qwriter_olmo/chunks/olmo/regime.json
issue2569_theory,issue2569_theory/third_family/capture/qwriter_olmo/gates/capture_wall_olmo.json,700,a5cf03bbe4807361a74c427a46ad329065f75e30,067151660216222e879b44775c5d140d9bfa26cc,,https://huggingface.co/datasets/superkaiba1/explore-persona-space-data/blob/a5cf03bbe4807361a74c427a46ad329065f75e30/issue2569_theory/third_family/capture/qwriter_olmo/gates/capture_wall_olmo.json,https://huggingface.co/datasets/superkaiba1/explore-persona-space-data/resolve/a5cf03bbe4807361a74c427a46ad329065f75e30/issue2569_theory/third_family/capture/qwriter_olmo/gates/capture_wall_olmo.json
issue2569_theory,issue2569_theory/third_family/capture/qwriter_olmo/gates/identity_gate_olmo.json,2448,a5cf03bbe4807361a74c427a46ad329065f75e30,2b9f145039e8edf4518aae3a7e0c3cf57200944f,,https://huggingface.co/datasets/superkaiba1/explore-persona-space-data/blob/a5cf03bbe4807361a74c427a46ad329065f75e30/issue2569_theory/third_family/capture/qwriter_olmo/gates/identity_gate_olmo.json,https://huggingface.co/datasets/superkaiba1/explore-persona-space-data/resolve/a5cf03bbe4807361a74c427a46ad329065f75e30/issue2569_theory/third_family/capture/qwriter_olmo/gates/identity_gate_olmo.json
issue2569_theory,issue2569_theory/third_family/capture/qwriter_olmo/gates/pilot_gate_olmo.json,691,a5cf03bbe4807361a74c427a46ad329065f75e30,87e88c242280fe78f00b0342b13a39b76ef2c8a3,,https://huggingface.co/datasets/superkaiba1/explore-persona-space-data/blob/a5cf03bbe4807361a74c427a46ad329065f75e30/issue2569_theory/third_family/capture/qwriter_olmo/gates/pilot_gate_olmo.json,https://huggingface.co/datasets/superkaiba1/explore-persona-space-data/resolve/a5cf03bbe4807361a74c427a46ad329065f75e30/issue2569_theory/third_family/capture/qwriter_olmo/gates/pilot_gate_olmo.json
issue2569_theory,issue2569_theory/third_family/captures/llama_writer_olmo/olmo_finalize_meta.json,590,a5cf03bbe4807361a74c427a46ad329065f75e30,bb510a0b6a143671af5408424f73c000828e397a,,https://huggingface.co/datasets/superkaiba1/explore-persona-space-data/blob/a5cf03bbe4807361a74c427a46ad329065f75e30/issue2569_theory/third_family/captures/llama_writer_olmo/olmo_finalize_meta.json,https://huggingface.co/datasets/superkaiba1/explore-persona-space-data/resolve/a5cf03bbe4807361a74c427a46ad329065f75e30/issue2569_theory/third_family/captures/llama_writer_olmo/olmo_finalize_meta.json
issue2569_theory,issue2569_theory/third_family/captures/llama_writer_olmo/olmo_va_L16.pt,128312945,a5cf03bbe4807361a74c427a46ad329065f75e30,05949fa398f33191bca31a286c45930daffbf19f,bad7d356084cd03ae1d92eb286e9da3adb493c26816b1c1c73ff5f48d97a21e9,https://huggingface.co/datasets/superkaiba1/explore-persona-space-data/blob/a5cf03bbe4807361a74c427a46ad329065f75e30/issue2569_theory/third_family/captures/llama_writer_olmo/olmo_va_L16.pt,https://huggingface.co/datasets/superkaiba1/explore-persona-space-data/resolve/a5cf03bbe4807361a74c427a46ad329065f75e30/issue2569_theory/third_family/captures/llama_writer_olmo/olmo_va_L16.pt
issue2569_theory,issue2569_theory/third_family/captures/llama_writer_olmo/olmo_va_L22.pt,128303409,a5cf03bbe4807361a74c427a46ad329065f75e30,812632bea3ace8211a07695fef0f853d7a4615fe,e55f4bed003179264d618b52777c8e989d871db5c2365afac897e9dbbdc98515,https://huggingface.co/datasets/superkaiba1/explore-persona-space-data/blob/a5cf03bbe4807361a74c427a46ad329065f75e30/issue2569_theory/third_family/captures/llama_writer_olmo/olmo_va_L22.pt,https://huggingface.co/datasets/superkaiba1/explore-persona-space-data/resolve/a5cf03bbe4807361a74c427a46ad329065f75e30/issue2569_theory/third_family/captures/llama_writer_olmo/olmo_va_L22.pt
issue2569_theory,issue2569_theory/third_family/captures/llama_writer_olmo/olmo_va_L30.pt,128140977,a5cf03bbe4807361a74c427a46ad329065f75e30,834d1e4c95b4061e0bc38b7cc6c4020f6ad4fc99,dd737679e8c6d14f7395ff19c1a71f151619c7403d489a8b4f4a513a108966eb,https://huggingface.co/datasets/superkaiba1/explore-persona-space-data/blob/a5cf03bbe4807361a74c427a46ad329065f75e30/issue2569_theory/third_family/captures/llama_writer_olmo/olmo_va_L30.pt,https://huggingface.co/datasets/superkaiba1/explore-persona-space-data/resolve/a5cf03bbe4807361a74c427a46ad329065f75e30/issue2569_theory/third_family/captures/llama_writer_olmo/olmo_va_L30.pt
issue2569_theory,issue2569_theory/third_family/captures/llama_writer_olmo/olmo_vc_L16.pt,128058417,a5cf03bbe4807361a74c427a46ad329065f75e30,0587f6ba9243549a19226260d34ab2bcbbc71483,f6e82b2f591c905dd6e098bb5b13f7891c52cd0401fb5c695a7fcb9a6f0cf115,https://huggingface.co/datasets/superkaiba1/explore-persona-space-data/blob/a5cf03bbe4807361a74c427a46ad329065f75e30/issue2569_theory/third_family/captures/llama_writer_olmo/olmo_vc_L16.pt,https://huggingface.co/datasets/superkaiba1/explore-persona-space-data/resolve/a5cf03bbe4807361a74c427a46ad329065f75e30/issue2569_theory/third_family/captures/llama_writer_olmo/olmo_vc_L16.pt
issue2569_theory,issue2569_theory/third_family/captures/llama_writer_olmo/olmo_vc_L22.pt,128200497,a5cf03bbe4807361a74c427a46ad329065f75e30,3bc086abe142dfd1c6fd9dbd12027d1226324f91,39f94b68baa64752fa531cf38c705dd5b3f39e1fb95d1d5913ba5f2f831159bd,https://huggingface.co/datasets/superkaiba1/explore-persona-space-data/blob/a5cf03bbe4807361a74c427a46ad329065f75e30/issue2569_theory/third_family/captures/llama_writer_olmo/olmo_vc_L22.pt,https://huggingface.co/datasets/superkaiba1/explore-persona-space-data/resolve/a5cf03bbe4807361a74c427a46ad329065f75e30/issue2569_theory/third_family/captures/llama_writer_olmo/olmo_vc_L22.pt
issue2569_theory,issue2569_theory/third_family/captures/llama_writer_olmo/olmo_vc_L30.pt,128048433,a5cf03bbe4807361a74c427a46ad329065f75e30,5d0846491e31f7b6763f359ba842cb2b2076db40,9ae91291b95f3ff8ed46c861116b07a3008bea01a29fc6a62e2c8b66b1575f6d,https://huggingface.co/datasets/superkaiba1/explore-persona-space-data/blob/a5cf03bbe4807361a74c427a46ad329065f75e30/issue2569_theory/third_family/captures/llama_writer_olmo/olmo_vc_L30.pt,https://huggingface.co/datasets/superkaiba1/explore-persona-space-data/resolve/a5cf03bbe4807361a74c427a46ad329065f75e30/issue2569_theory/third_family/captures/llama_writer_olmo/olmo_vc_L30.pt
issue2569_theory,issue2569_theory/third_family/captures/olmo_writer_all_encoders/llama_finalize_meta.json,597,a5cf03bbe4807361a74c427a46ad329065f75e30,cad6b224162938d8af92317b4aed665c152c6ed2,,https://huggingface.co/datasets/superkaiba1/explore-persona-space-data/blob/a5cf03bbe4807361a74c427a46ad329065f75e30/issue2569_theory/third_family/captures/olmo_writer_all_encoders/llama_finalize_meta.json,https://huggingface.co/datasets/superkaiba1/explore-persona-space-data/resolve/a5cf03bbe4807361a74c427a46ad329065f75e30/issue2569_theory/third_family/captures/olmo_writer_all_encoders/llama_finalize_meta.json
issue2569_theory,issue2569_theory/third_family/captures/olmo_writer_all_encoders/llama_va_L16.pt,128213239,a5cf03bbe4807361a74c427a46ad329065f75e30,384f804ae1174f762323c51b4ce8d90559e30a86,513d43691a369e4e7d1157593ab8a892c045e343f4266860856dd34df9c31f45,https://huggingface.co/datasets/superkaiba1/explore-persona-space-data/blob/a5cf03bbe4807361a74c427a46ad329065f75e30/issue2569_theory/third_family/captures/olmo_writer_all_encoders/llama_va_L16.pt,https://huggingface.co/datasets/superkaiba1/explore-persona-space-data/resolve/a5cf03bbe4807361a74c427a46ad329065f75e30/issue2569_theory/third_family/captures/olmo_writer_all_encoders/llama_va_L16.pt
issue2569_theory,issue2569_theory/third_family/captures/olmo_writer_all_encoders/llama_va_L22.pt,127932279,a5cf03bbe4807361a74c427a46ad329065f75e30,688dea9efd148e9f62f10a2e053d0d49ff53af56,4f046786ba043f34f91a4c0b126228bf9b0f262ceb5127421b66d37753b2e101,https://huggingface.co/datasets/superkaiba1/explore-persona-space-data/blob/a5cf03bbe4807361a74c427a46ad329065f75e30/issue2569_theory/third_family/captures/olmo_writer_all_encoders/llama_va_L22.pt,https://huggingface.co/datasets/superkaiba1/explore-persona-space-data/resolve/a5cf03bbe4807361a74c427a46ad329065f75e30/issue2569_theory/third_family/captures/olmo_writer_all_encoders/llama_va_L22.pt
issue2569_theory,issue2569_theory/third_family/captures/olmo_writer_all_encoders/llama_va_L30.pt,128383927,a5cf03bbe4807361a74c427a46ad329065f75e30,52f1080293dec2b8e25f3cfa6ef1fdae7d4977bb,b5e115364231798eadca31638a44c9010a6ef96eaa32e29892669250bff0b2e8,https://huggingface.co/datasets/superkaiba1/explore-persona-space-data/blob/a5cf03bbe4807361a74c427a46ad329065f75e30/issue2569_theory/third_family/captures/olmo_writer_all_encoders/llama_va_L30.pt,https://huggingface.co/datasets/superkaiba1/explore-persona-space-data/resolve/a5cf03bbe4807361a74c427a46ad329065f75e30/issue2569_theory/third_family/captures/olmo_writer_all_encoders/llama_va_L30.pt
issue2569_theory,issue2569_theory/third_family/captures/olmo_writer_all_encoders/llama_vc_L16.pt,127954679,a5cf03bbe4807361a74c427a46ad329065f75e30,47891ad406dfad761b315b5d2527063b9dcbc04c,853db2fdb9a67568a6fa6f13c67eeb3cd3d0e94223beb997f23561a9e8b30335,https://huggingface.co/datasets/superkaiba1/explore-persona-space-data/blob/a5cf03bbe4807361a74c427a46ad329065f75e30/issue2569_theory/third_family/captures/olmo_writer_all_encoders/llama_vc_L16.pt,https://huggingface.co/datasets/superkaiba1/explore-persona-space-data/resolve/a5cf03bbe4807361a74c427a46ad329065f75e30/issue2569_theory/third_family/captures/olmo_writer_all_encoders/llama_vc_L16.pt
issue2569_theory,issue2569_theory/third_family/captures/olmo_writer_all_encoders/llama_vc_L22.pt,127983799,a5cf03bbe4807361a74c427a46ad329065f75e30,8b8aeac39c07bc6d6dce077b72e8edaf72614e8a,916d436ffbbb86027fe3d7c55b3dc7a81c351b8d5add0dd0f0f1758ff2a7b60d,https://huggingface.co/datasets/superkaiba1/explore-persona-space-data/blob/a5cf03bbe4807361a74c427a46ad329065f75e30/issue2569_theory/third_family/captures/olmo_writer_all_encoders/llama_vc_L22.pt,https://huggingface.co/datasets/superkaiba1/explore-persona-space-data/resolve/a5cf03bbe4807361a74c427a46ad329065f75e30/issue2569_theory/third_family/captures/olmo_writer_all_encoders/llama_vc_L22.pt
issue2569_theory,issue2569_theory/third_family/captures/olmo_writer_all_encoders/llama_vc_L30.pt,127990263,a5cf03bbe4807361a74c427a46ad329065f75e30,ef5fd418ec8d27c8452c830d34e3d73dabd9c200,92cdf436cdbe53bc255296adc189c82d405d2434f5f77f1fb89c45e0b6dc6fda,https://huggingface.co/datasets/superkaiba1/explore-persona-space-data/blob/a5cf03bbe4807361a74c427a46ad329065f75e30/issue2569_theory/third_family/captures/olmo_writer_all_encoders/llama_vc_L30.pt,https://huggingface.co/datasets/superkaiba1/explore-persona-space-data/resolve/a5cf03bbe4807361a74c427a46ad329065f75e30/issue2569_theory/third_family/captures/olmo_writer_all_encoders/llama_vc_L30.pt
issue2569_theory,issue2569_theory/third_family/captures/olmo_writer_all_encoders/olmo_finalize_meta.json,590,a5cf03bbe4807361a74c427a46ad329065f75e30,5ae97a4ee3c066207d153703c213afd5d001bae1,,https://huggingface.co/datasets/superkaiba1/explore-persona-space-data/blob/a5cf03bbe4807361a74c427a46ad329065f75e30/issue2569_theory/third_family/captures/olmo_writer_all_encoders/olmo_finalize_meta.json,https://huggingface.co/datasets/superkaiba1/explore-persona-space-data/resolve/a5cf03bbe4807361a74c427a46ad329065f75e30/issue2569_theory/third_family/captures/olmo_writer_all_encoders/olmo_finalize_meta.json
issue2569_theory,issue2569_theory/third_family/captures/olmo_writer_all_encoders/olmo_va_L16.pt,128277361,a5cf03bbe4807361a74c427a46ad329065f75e30,fc163e9e9f01c3aa2d65b8c1ee4dddc5a1e9b258,2423b4ba9f560bae486016a12874bf6d750b513cd16f26e1e55640f509bf9a23,https://huggingface.co/datasets/superkaiba1/explore-persona-space-data/blob/a5cf03bbe4807361a74c427a46ad329065f75e30/issue2569_theory/third_family/captures/olmo_writer_all_encoders/olmo_va_L16.pt,https://huggingface.co/datasets/superkaiba1/explore-persona-space-data/resolve/a5cf03bbe4807361a74c427a46ad329065f75e30/issue2569_theory/third_family/captures/olmo_writer_all_encoders/olmo_va_L16.pt
issue2569_theory,issue2569_theory/third_family/captures/olmo_writer_all_encoders/olmo_va_L22.pt,128261553,a5cf03bbe4807361a74c427a46ad329065f75e30,68d698c47f1654c532cb89ce49b33876d5f48835,3cd3165cf7189e5c60aa9c279f05f8cd454115bb4871276d7beea2202b8c6a98,https://huggingface.co/datasets/superkaiba1/explore-persona-space-data/blob/a5cf03bbe4807361a74c427a46ad329065f75e30/issue2569_theory/third_family/captures/olmo_writer_all_encoders/olmo_va_L22.pt,https://huggingface.co/datasets/superkaiba1/explore-persona-space-data/resolve/a5cf03bbe4807361a74c427a46ad329065f75e30/issue2569_theory/third_family/captures/olmo_writer_all_encoders/olmo_va_L22.pt
issue2569_theory,issue2569_theory/third_family/captures/olmo_writer_all_encoders/olmo_va_L30.pt,128098545,a5cf03bbe4807361a74c427a46ad329065f75e30,38ca82b5159ce65e5ca6e35653238e551139df4d,eb0a203fe48d7c95acb38fdbfe8f30b60848a7352c249f3b4cd0eb8d1641086c,https://huggingface.co/datasets/superkaiba1/explore-persona-space-data/blob/a5cf03bbe4807361a74c427a46ad329065f75e30/issue2569_theory/third_family/captures/olmo_writer_all_encoders/olmo_va_L30.pt,https://huggingface.co/datasets/superkaiba1/explore-persona-space-data/resolve/a5cf03bbe4807361a74c427a46ad329065f75e30/issue2569_theory/third_family/captures/olmo_writer_all_encoders/olmo_va_L30.pt
issue2569_theory,issue2569_theory/third_family/captures/olmo_writer_all_encoders/olmo_vc_L16.pt,128044593,a5cf03bbe4807361a74c427a46ad329065f75e30,c30d4eb35b60bfb1fbbc88a8ea2b90b20356632e,da628d347cfc35dc926db77f17ade0c291bdc401903a730669a4ce2b34fee93e,https://huggingface.co/datasets/superkaiba1/explore-persona-space-data/blob/a5cf03bbe4807361a74c427a46ad329065f75e30/issue2569_theory/third_family/captures/olmo_writer_all_encoders/olmo_vc_L16.pt,https://huggingface.co/datasets/superkaiba1/explore-persona-space-data/resolve/a5cf03bbe4807361a74c427a46ad329065f75e30/issue2569_theory/third_family/captures/olmo_writer_all_encoders/olmo_vc_L16.pt
issue2569_theory,issue2569_theory/third_family/captures/olmo_writer_all_encoders/olmo_vc_L22.pt,128188721,a5cf03bbe4807361a74c427a46ad329065f75e30,b044c8474e0743501ea6a7bd9d37dd06628f509b,430af56c3f88024768719c02f131b347870c4ca2f146bad2e87259e239902ee6,https://huggingface.co/datasets/superkaiba1/explore-persona-space-data/blob/a5cf03bbe4807361a74c427a46ad329065f75e30/issue2569_theory/third_family/captures/olmo_writer_all_encoders/olmo_vc_L22.pt,https://huggingface.co/datasets/superkaiba1/explore-persona-space-data/resolve/a5cf03bbe4807361a74c427a46ad329065f75e30/issue2569_theory/third_family/captures/olmo_writer_all_encoders/olmo_vc_L22.pt
issue2569_theory,issue2569_theory/third_family/captures/olmo_writer_all_encoders/olmo_vc_L30.pt,128035249,a5cf03bbe4807361a74c427a46ad329065f75e30,eb1c722ce9327d2a1467fe1c0669edebe1baab92,0398afb5a6664357bf47f5286ff45db912789de0225d6f858e348ae731ed6c5a,https://huggingface.co/datasets/superkaiba1/explore-persona-space-data/blob/a5cf03bbe4807361a74c427a46ad329065f75e30/issue2569_theory/third_family/captures/olmo_writer_all_encoders/olmo_vc_L30.pt,https://huggingface.co/datasets/superkaiba1/explore-persona-space-data/resolve/a5cf03bbe4807361a74c427a46ad329065f75e30/issue2569_theory/third_family/captures/olmo_writer_all_encoders/olmo_vc_L30.pt
issue2569_theory,issue2569_theory/third_family/captures/olmo_writer_all_encoders/qwen_finalize_meta.json,590,a5cf03bbe4807361a74c427a46ad329065f75e30,b607878d731dea330c72925ae3602d7bddb14d04,,https://huggingface.co/datasets/superkaiba1/explore-persona-space-data/blob/a5cf03bbe4807361a74c427a46ad329065f75e30/issue2569_theory/third_family/captures/olmo_writer_all_encoders/qwen_finalize_meta.json,https://huggingface.co/datasets/superkaiba1/explore-persona-space-data/resolve/a5cf03bbe4807361a74c427a46ad329065f75e30/issue2569_theory/third_family/captures/olmo_writer_all_encoders/qwen_finalize_meta.json
issue2569_theory,issue2569_theory/third_family/captures/olmo_writer_all_encoders/qwen_va_L14.pt,112298225,a5cf03bbe4807361a74c427a46ad329065f75e30,5721603f23c2e5b71a1e7a3b9d81749cdf1d5ce1,7273c00744ddbcf256a9cf10fd538616d9f9ff423adbb4049b317b023703f803,https://huggingface.co/datasets/superkaiba1/explore-persona-space-data/blob/a5cf03bbe4807361a74c427a46ad329065f75e30/issue2569_theory/third_family/captures/olmo_writer_all_encoders/qwen_va_L14.pt,https://huggingface.co/datasets/superkaiba1/explore-persona-space-data/resolve/a5cf03bbe4807361a74c427a46ad329065f75e30/issue2569_theory/third_family/captures/olmo_writer_all_encoders/qwen_va_L14.pt
issue2569_theory,issue2569_theory/third_family/captures/olmo_writer_all_encoders/qwen_va_L19.pt,112021553,a5cf03bbe4807361a74c427a46ad329065f75e30,7b4bbd706eb7bbfc6536ecb6d33a05ee43be749c,c7f8b7f0f46700469bf7acc8ad8b1ff43e13146adb304954fedcf35628872e67,https://huggingface.co/datasets/superkaiba1/explore-persona-space-data/blob/a5cf03bbe4807361a74c427a46ad329065f75e30/issue2569_theory/third_family/captures/olmo_writer_all_encoders/qwen_va_L19.pt,https://huggingface.co/datasets/superkaiba1/explore-persona-space-data/resolve/a5cf03bbe4807361a74c427a46ad329065f75e30/issue2569_theory/third_family/captures/olmo_writer_all_encoders/qwen_va_L19.pt
issue2569_theory,issue2569_theory/third_family/captures/olmo_writer_all_encoders/qwen_va_L26.pt,112067633,a5cf03bbe4807361a74c427a46ad329065f75e30,37b40fc7cc50119edd800ac86ec0f61628167282,48985d17bf115bae21ea3c5a21e65a358c413657a693c2b716b5f6264a662d50,https://huggingface.co/datasets/superkaiba1/explore-persona-space-data/blob/a5cf03bbe4807361a74c427a46ad329065f75e30/issue2569_theory/third_family/captures/olmo_writer_all_encoders/qwen_va_L26.pt,https://huggingface.co/datasets/superkaiba1/explore-persona-space-data/resolve/a5cf03bbe4807361a74c427a46ad329065f75e30/issue2569_theory/third_family/captures/olmo_writer_all_encoders/qwen_va_L26.pt
issue2569_theory,issue2569_theory/third_family/captures/olmo_writer_all_encoders/qwen_vc_L14.pt,112019505,a5cf03bbe4807361a74c427a46ad329065f75e30,a3e3f541249e8d1c3d5755a93f6b0d1f32f6b40e,3bf6c51e4cd441bb1410ecd86e93fc38ffa19eeecfa5b99fc7a84e4edadb9b55,https://huggingface.co/datasets/superkaiba1/explore-persona-space-data/blob/a5cf03bbe4807361a74c427a46ad329065f75e30/issue2569_theory/third_family/captures/olmo_writer_all_encoders/qwen_vc_L14.pt,https://huggingface.co/datasets/superkaiba1/explore-persona-space-data/resolve/a5cf03bbe4807361a74c427a46ad329065f75e30/issue2569_theory/third_family/captures/olmo_writer_all_encoders/qwen_vc_L14.pt
issue2569_theory,issue2569_theory/third_family/captures/olmo_writer_all_encoders/qwen_vc_L19.pt,111935985,a5cf03bbe4807361a74c427a46ad329065f75e30,2dad8accc1433c2c506f7f501ac0b86dae5a6195,c705318c2a9b3265ae83af32757a3ddcdc8f663b547dec8ead9a23f5512a9c53,https://huggingface.co/datasets/superkaiba1/explore-persona-space-data/blob/a5cf03bbe4807361a74c427a46ad329065f75e30/issue2569_theory/third_family/captures/olmo_writer_all_encoders/qwen_vc_L19.pt,https://huggingface.co/datasets/superkaiba1/explore-persona-space-data/resolve/a5cf03bbe4807361a74c427a46ad329065f75e30/issue2569_theory/third_family/captures/olmo_writer_all_encoders/qwen_vc_L19.pt
issue2569_theory,issue2569_theory/third_family/captures/olmo_writer_all_encoders/qwen_vc_L26.pt,112073265,a5cf03bbe4807361a74c427a46ad329065f75e30,3c491fe0bc1040e18c427527b728c6e3ad724d8f,41dfe7d96186a8a63dafb040a998a13619ef861f5265cbabd6ac2a9627b23e66,https://huggingface.co/datasets/superkaiba1/explore-persona-space-data/blob/a5cf03bbe4807361a74c427a46ad329065f75e30/issue2569_theory/third_family/captures/olmo_writer_all_encoders/qwen_vc_L26.pt,https://huggingface.co/datasets/superkaiba1/explore-persona-space-data/resolve/a5cf03bbe4807361a74c427a46ad329065f75e30/issue2569_theory/third_family/captures/olmo_writer_all_encoders/qwen_vc_L26.pt
issue2569_theory,issue2569_theory/third_family/captures/qwen_writer_olmo/olmo_finalize_meta.json,611,a5cf03bbe4807361a74c427a46ad329065f75e30,42ef3bbff9156aff6c5bc48e6c0ce0c167dee3ad,,https://huggingface.co/datasets/superkaiba1/explore-persona-space-data/blob/a5cf03bbe4807361a74c427a46ad329065f75e30/issue2569_theory/third_family/captures/qwen_writer_olmo/olmo_finalize_meta.json,https://huggingface.co/datasets/superkaiba1/explore-persona-space-data/resolve/a5cf03bbe4807361a74c427a46ad329065f75e30/issue2569_theory/third_family/captures/qwen_writer_olmo/olmo_finalize_meta.json
issue2569_theory,issue2569_theory/third_family/captures/qwen_writer_olmo/olmo_va_L16.pt,733199601,a5cf03bbe4807361a74c427a46ad329065f75e30,825eecb4afc81e2f2674d624bdeb665486b9aaff,70510e0108250adb176228016cd80679013f569e46d6735837b74b843c50fdd2,https://huggingface.co/datasets/superkaiba1/explore-persona-space-data/blob/a5cf03bbe4807361a74c427a46ad329065f75e30/issue2569_theory/third_family/captures/qwen_writer_olmo/olmo_va_L16.pt,https://huggingface.co/datasets/superkaiba1/explore-persona-space-data/resolve/a5cf03bbe4807361a74c427a46ad329065f75e30/issue2569_theory/third_family/captures/qwen_writer_olmo/olmo_va_L16.pt
issue2569_theory,issue2569_theory/third_family/captures/qwen_writer_olmo/olmo_va_L22.pt,733170481,a5cf03bbe4807361a74c427a46ad329065f75e30,1743fedc046a204a68b549ccd8c55e982239159e,e7c97d80c32f84b0b1802cd59233c6f258cf36b247cb660266e7f084a3e55381,https://huggingface.co/datasets/superkaiba1/explore-persona-space-data/blob/a5cf03bbe4807361a74c427a46ad329065f75e30/issue2569_theory/third_family/captures/qwen_writer_olmo/olmo_va_L22.pt,https://huggingface.co/datasets/superkaiba1/explore-persona-space-data/resolve/a5cf03bbe4807361a74c427a46ad329065f75e30/issue2569_theory/third_family/captures/qwen_writer_olmo/olmo_va_L22.pt
issue2569_theory,issue2569_theory/third_family/captures/qwen_writer_olmo/olmo_va_L30.pt,732182193,a5cf03bbe4807361a74c427a46ad329065f75e30,77520aedeaf0d01b917c05a02ecdbf372fa284b9,4da238d5eb09bef85d1b3f0511211f8af850684f9319dd98c671b854a3697671,https://huggingface.co/datasets/superkaiba1/explore-persona-space-data/blob/a5cf03bbe4807361a74c427a46ad329065f75e30/issue2569_theory/third_family/captures/qwen_writer_olmo/olmo_va_L30.pt,https://huggingface.co/datasets/superkaiba1/explore-persona-space-data/resolve/a5cf03bbe4807361a74c427a46ad329065f75e30/issue2569_theory/third_family/captures/qwen_writer_olmo/olmo_va_L30.pt
issue2569_theory,issue2569_theory/third_family/captures/qwen_writer_olmo/olmo_vc_L16.pt,731705009,a5cf03bbe4807361a74c427a46ad329065f75e30,d99758fb286aa83e108359b07a8f45c05bc23439,7d8b627c04e51605500876bc07ca9be69493338cfd38455490f6ab8f913ac0cf,https://huggingface.co/datasets/superkaiba1/explore-persona-space-data/blob/a5cf03bbe4807361a74c427a46ad329065f75e30/issue2569_theory/third_family/captures/qwen_writer_olmo/olmo_vc_L16.pt,https://huggingface.co/datasets/superkaiba1/explore-persona-space-data/resolve/a5cf03bbe4807361a74c427a46ad329065f75e30/issue2569_theory/third_family/captures/qwen_writer_olmo/olmo_vc_L16.pt
issue2569_theory,issue2569_theory/third_family/captures/qwen_writer_olmo/olmo_vc_L22.pt,732558449,a5cf03bbe4807361a74c427a46ad329065f75e30,9e123f711e2362fd1732c8c011ccdf9a73bc645c,205f1780dd0df99e8eb19993b9d3366bbb897119af82e7fe3e8f3fc7269348c9,https://huggingface.co/datasets/superkaiba1/explore-persona-space-data/blob/a5cf03bbe4807361a74c427a46ad329065f75e30/issue2569_theory/third_family/captures/qwen_writer_olmo/olmo_vc_L22.pt,https://huggingface.co/datasets/superkaiba1/explore-persona-space-data/resolve/a5cf03bbe4807361a74c427a46ad329065f75e30/issue2569_theory/third_family/captures/qwen_writer_olmo/olmo_vc_L22.pt
issue2569_theory,issue2569_theory/third_family/captures/qwen_writer_olmo/olmo_vc_L30.pt,731728817,a5cf03bbe4807361a74c427a46ad329065f75e30,633f087b9c75fca23bf45efb791587fb47a9c15f,18d3ae48728c4f2115c9905c7f5a3f7e4f2264f71e07b20e9ed16c5a100fecf7,https://huggingface.co/datasets/superkaiba1/explore-persona-space-data/blob/a5cf03bbe4807361a74c427a46ad329065f75e30/issue2569_theory/third_family/captures/qwen_writer_olmo/olmo_vc_L30.pt,https://huggingface.co/datasets/superkaiba1/explore-persona-space-data/resolve/a5cf03bbe4807361a74c427a46ad329065f75e30/issue2569_theory/third_family/captures/qwen_writer_olmo/olmo_vc_L30.pt
issue2569_theory,issue2569_theory/third_family/pairs/lo/analysis/mapping_diff/behavior_readout.pt,102059,a5cf03bbe4807361a74c427a46ad329065f75e30,bb599ceb40814185c9b8d31981aeb71e95b4081e,b9ff30d05683fd3678b80b7aa2fe6e82af299c33777fcfcf9e2d17612b04a240,https://huggingface.co/datasets/superkaiba1/explore-persona-space-data/blob/a5cf03bbe4807361a74c427a46ad329065f75e30/issue2569_theory/third_family/pairs/lo/analysis/mapping_diff/behavior_readout.pt,https://huggingface.co/datasets/superkaiba1/explore-persona-space-data/resolve/a5cf03bbe4807361a74c427a46ad329065f75e30/issue2569_theory/third_family/pairs/lo/analysis/mapping_diff/behavior_readout.pt
issue2569_theory,issue2569_theory/third_family/pairs/lo/analysis/mapping_diff/heldout_rows.jsonl,1662799,a5cf03bbe4807361a74c427a46ad329065f75e30,de0b8f82a65ed8722a1bb5f928a3597be9e3ad9d,,https://huggingface.co/datasets/superkaiba1/explore-persona-space-data/blob/a5cf03bbe4807361a74c427a46ad329065f75e30/issue2569_theory/third_family/pairs/lo/analysis/mapping_diff/heldout_rows.jsonl,https://huggingface.co/datasets/superkaiba1/explore-persona-space-data/resolve/a5cf03bbe4807361a74c427a46ad329065f75e30/issue2569_theory/third_family/pairs/lo/analysis/mapping_diff/heldout_rows.jsonl
issue2569_theory,issue2569_theory/third_family/pairs/lo/analysis/mapping_diff/mapping_diff.json,39776,a5cf03bbe4807361a74c427a46ad329065f75e30,64d647c45030b263ba45fe874ddbae2b5809d15e,,https://huggingface.co/datasets/superkaiba1/explore-persona-space-data/blob/a5cf03bbe4807361a74c427a46ad329065f75e30/issue2569_theory/third_family/pairs/lo/analysis/mapping_diff/mapping_diff.json,https://huggingface.co/datasets/superkaiba1/explore-persona-space-data/resolve/a5cf03bbe4807361a74c427a46ad329065f75e30/issue2569_theory/third_family/pairs/lo/analysis/mapping_diff/mapping_diff.json
issue2569_theory,issue2569_theory/third_family/pairs/lo/analysis/mapping_diff/writer_modes.npz,470106,a5cf03bbe4807361a74c427a46ad329065f75e30,d0673c9f35d888146fc2eba68dd960b534c8bc15,45705d8b0b516c65812ff971e53f9005d9fcb976c86b9b8ed56ab12c02e660b7,https://huggingface.co/datasets/superkaiba1/explore-persona-space-data/blob/a5cf03bbe4807361a74c427a46ad329065f75e30/issue2569_theory/third_family/pairs/lo/analysis/mapping_diff/writer_modes.npz,https://huggingface.co/datasets/superkaiba1/explore-persona-space-data/resolve/a5cf03bbe4807361a74c427a46ad329065f75e30/issue2569_theory/third_family/pairs/lo/analysis/mapping_diff/writer_modes.npz
issue2569_theory,issue2569_theory/third_family/pairs/lo/analysis/query_scaling_unpaired/query_scaling_unpaired.json,1016244,a5cf03bbe4807361a74c427a46ad329065f75e30,4188d59a587961fd6a804816b410484ebdd806f2,,https://huggingface.co/datasets/superkaiba1/explore-persona-space-data/blob/a5cf03bbe4807361a74c427a46ad329065f75e30/issue2569_theory/third_family/pairs/lo/analysis/query_scaling_unpaired/query_scaling_unpaired.json,https://huggingface.co/datasets/superkaiba1/explore-persona-space-data/resolve/a5cf03bbe4807361a74c427a46ad329065f75e30/issue2569_theory/third_family/pairs/lo/analysis/query_scaling_unpaired/query_scaling_unpaired.json
issue2569_theory,issue2569_theory/third_family/pairs/lo/crossed/crossed_geometry.json,93719,a5cf03bbe4807361a74c427a46ad329065f75e30,7035312907d177b4d93b33e5b3c3e0eeafba6295,,https://huggingface.co/datasets/superkaiba1/explore-persona-space-data/blob/a5cf03bbe4807361a74c427a46ad329065f75e30/issue2569_theory/third_family/pairs/lo/crossed/crossed_geometry.json,https://huggingface.co/datasets/superkaiba1/explore-persona-space-data/resolve/a5cf03bbe4807361a74c427a46ad329065f75e30/issue2569_theory/third_family/pairs/lo/crossed/crossed_geometry.json
issue2569_theory,issue2569_theory/third_family/pairs/lo/crossed/maps/q14_l16_align_a_lwriter_l2q.pt,67161689,a5cf03bbe4807361a74c427a46ad329065f75e30,e51d4ae3fa9d7287efa0dcfdde4f988e14f95108,cee30c3caf5eb7774fb99c330fc2e7b452133bdc737596af5e6c540c1202bc37,https://huggingface.co/datasets/superkaiba1/explore-persona-space-data/blob/a5cf03bbe4807361a74c427a46ad329065f75e30/issue2569_theory/third_family/pairs/lo/crossed/maps/q14_l16_align_a_lwriter_l2q.pt,https://huggingface.co/datasets/superkaiba1/explore-persona-space-data/resolve/a5cf03bbe4807361a74c427a46ad329065f75e30/issue2569_theory/third_family/pairs/lo/crossed/maps/q14_l16_align_a_lwriter_l2q.pt
issue2569_theory,issue2569_theory/third_family/pairs/lo/crossed/maps/q14_l16_align_a_lwriter_q2l.pt,67161689,a5cf03bbe4807361a74c427a46ad329065f75e30,18d65813c72219aee32f5e000aaada8aa7b06443,898513f0376d9a298336496ef1f0db3d77cf242fe04a80a5ad92016fe117e7bf,https://huggingface.co/datasets/superkaiba1/explore-persona-space-data/blob/a5cf03bbe4807361a74c427a46ad329065f75e30/issue2569_theory/third_family/pairs/lo/crossed/maps/q14_l16_align_a_lwriter_q2l.pt,https://huggingface.co/datasets/superkaiba1/explore-persona-space-data/resolve/a5cf03bbe4807361a74c427a46ad329065f75e30/issue2569_theory/third_family/pairs/lo/crossed/maps/q14_l16_align_a_lwriter_q2l.pt
issue2569_theory,issue2569_theory/third_family/pairs/lo/crossed/maps/q14_l16_align_a_own_l2q.pt,67161649,a5cf03bbe4807361a74c427a46ad329065f75e30,7a5d3e5b90dc086d06a65c8f7594a5e9c08a90b9,2ec8474bca206ff3dc20afeb253cf9f99dc8e1d8b4cfaa1155cd30752373e2d4,https://huggingface.co/datasets/superkaiba1/explore-persona-space-data/blob/a5cf03bbe4807361a74c427a46ad329065f75e30/issue2569_theory/third_family/pairs/lo/crossed/maps/q14_l16_align_a_own_l2q.pt,https://huggingface.co/datasets/superkaiba1/explore-persona-space-data/resolve/a5cf03bbe4807361a74c427a46ad329065f75e30/issue2569_theory/third_family/pairs/lo/crossed/maps/q14_l16_align_a_own_l2q.pt
issue2569_theory,issue2569_theory/third_family/pairs/lo/crossed/maps/q14_l16_align_a_own_q2l.pt,67161649,a5cf03bbe4807361a74c427a46ad329065f75e30,fcde3d131cc32183adcc3478313d2368c8bc0968,e038fd8b611cb8650bcea04bc5dd432d7c0d06159eccc64e0622689c03a70c17,https://huggingface.co/datasets/superkaiba1/explore-persona-space-data/blob/a5cf03bbe4807361a74c427a46ad329065f75e30/issue2569_theory/third_family/pairs/lo/crossed/maps/q14_l16_align_a_own_q2l.pt,https://huggingface.co/datasets/superkaiba1/explore-persona-space-data/resolve/a5cf03bbe4807361a74c427a46ad329065f75e30/issue2569_theory/third_family/pairs/lo/crossed/maps/q14_l16_align_a_own_q2l.pt
issue2569_theory,issue2569_theory/third_family/pairs/lo/crossed/maps/q14_l16_align_a_qwriter_l2q.pt,67161689,a5cf03bbe4807361a74c427a46ad329065f75e30,bb6a6381bcdeb6454db2a1edd8540f2b8f8cd34b,cc4f7791b4368acb15d6fcefc6ce99804c82018a40d7aed1dda1568e74ca3c6a,https://huggingface.co/datasets/superkaiba1/explore-persona-space-data/blob/a5cf03bbe4807361a74c427a46ad329065f75e30/issue2569_theory/third_family/pairs/lo/crossed/maps/q14_l16_align_a_qwriter_l2q.pt,https://huggingface.co/datasets/superkaiba1/explore-persona-space-data/resolve/a5cf03bbe4807361a74c427a46ad329065f75e30/issue2569_theory/third_family/pairs/lo/crossed/maps/q14_l16_align_a_qwriter_l2q.pt
issue2569_theory,issue2569_theory/third_family/pairs/lo/crossed/maps/q14_l16_align_a_qwriter_q2l.pt,67161689,a5cf03bbe4807361a74c427a46ad329065f75e30,f1434b1abbb3aa3cd290e2479969e7b76a274d48,ff7a43693525f089aa732e45f96a4d87d421df3efaea8ee1326bd58cff535cab,https://huggingface.co/datasets/superkaiba1/explore-persona-space-data/blob/a5cf03bbe4807361a74c427a46ad329065f75e30/issue2569_theory/third_family/pairs/lo/crossed/maps/q14_l16_align_a_qwriter_q2l.pt,https://huggingface.co/datasets/superkaiba1/explore-persona-space-data/resolve/a5cf03bbe4807361a74c427a46ad329065f75e30/issue2569_theory/third_family/pairs/lo/crossed/maps/q14_l16_align_a_qwriter_q2l.pt
issue2569_theory,issue2569_theory/third_family/pairs/lo/crossed/maps/q14_l16_align_c_l2q.pt,67161609,a5cf03bbe4807361a74c427a46ad329065f75e30,5e234d0aec70a29b9c13e9e4a6cd18f5d7ba4093,bb150011f9b3080602f3af24d1c864ce9efadbd0f5ed2ba9f8b45995545ac7d2,https://huggingface.co/datasets/superkaiba1/explore-persona-space-data/blob/a5cf03bbe4807361a74c427a46ad329065f75e30/issue2569_theory/third_family/pairs/lo/crossed/maps/q14_l16_align_c_l2q.pt,https://huggingface.co/datasets/superkaiba1/explore-persona-space-data/resolve/a5cf03bbe4807361a74c427a46ad329065f75e30/issue2569_theory/third_family/pairs/lo/crossed/maps/q14_l16_align_c_l2q.pt
issue2569_theory,issue2569_theory/third_family/pairs/lo/crossed/maps/q14_l16_align_c_q2l.pt,67161609,a5cf03bbe4807361a74c427a46ad329065f75e30,7131baac516a4cf3e0239a24131dbe05b346614f,759296bc8c9a4c011ce60dee7b33e3aef607712aa80604e89389c99e24ac36f5,https://huggingface.co/datasets/superkaiba1/explore-persona-space-data/blob/a5cf03bbe4807361a74c427a46ad329065f75e30/issue2569_theory/third_family/pairs/lo/crossed/maps/q14_l16_align_c_q2l.pt,https://huggingface.co/datasets/superkaiba1/explore-persona-space-data/resolve/a5cf03bbe4807361a74c427a46ad329065f75e30/issue2569_theory/third_family/pairs/lo/crossed/maps/q14_l16_align_c_q2l.pt
issue2569_theory,issue2569_theory/third_family/pairs/lo/crossed/maps/q14_l16_map_llama_lwriter.pt,67161669,a5cf03bbe4807361a74c427a46ad329065f75e30,dd4e960a57c6869d61d997a61602e8af58632426,45c21733f1075717fc241d74d3e0e9656aa4630e4035e2448558f53eb71192f9,https://huggingface.co/datasets/superkaiba1/explore-persona-space-data/blob/a5cf03bbe4807361a74c427a46ad329065f75e30/issue2569_theory/third_family/pairs/lo/crossed/maps/q14_l16_map_llama_lwriter.pt,https://huggingface.co/datasets/superkaiba1/explore-persona-space-data/resolve/a5cf03bbe4807361a74c427a46ad329065f75e30/issue2569_theory/third_family/pairs/lo/crossed/maps/q14_l16_map_llama_lwriter.pt
issue2569_theory,issue2569_theory/third_family/pairs/lo/crossed/maps/q14_l16_map_llama_qwriter.pt,67161669,a5cf03bbe4807361a74c427a46ad329065f75e30,0fbb97d3357b71149bcff1aaf0a3aa37fba1f82e,e8a3166e5a33cf407acee133c6dc5f73c6eded69280bf982b865add219ef0fd1,https://huggingface.co/datasets/superkaiba1/explore-persona-space-data/blob/a5cf03bbe4807361a74c427a46ad329065f75e30/issue2569_theory/third_family/pairs/lo/crossed/maps/q14_l16_map_llama_qwriter.pt,https://huggingface.co/datasets/superkaiba1/explore-persona-space-data/resolve/a5cf03bbe4807361a74c427a46ad329065f75e30/issue2569_theory/third_family/pairs/lo/crossed/maps/q14_l16_map_llama_qwriter.pt
issue2569_theory,issue2569_theory/third_family/pairs/lo/crossed/maps/q14_l16_map_qwen_lwriter.pt,67161659,a5cf03bbe4807361a74c427a46ad329065f75e30,cdd960bbc07bef30bc8b381e84a806ef8ae9ade7,aa69340358a697a2b4cc80937861a7741c1d2b1800c15e9e2c64e41df10be06e,https://huggingface.co/datasets/superkaiba1/explore-persona-space-data/blob/a5cf03bbe4807361a74c427a46ad329065f75e30/issue2569_theory/third_family/pairs/lo/crossed/maps/q14_l16_map_qwen_lwriter.pt,https://huggingface.co/datasets/superkaiba1/explore-persona-space-data/resolve/a5cf03bbe4807361a74c427a46ad329065f75e30/issue2569_theory/third_family/pairs/lo/crossed/maps/q14_l16_map_qwen_lwriter.pt
issue2569_theory,issue2569_theory/third_family/pairs/lo/crossed/maps/q14_l16_map_qwen_qwriter.pt,67161659,a5cf03bbe4807361a74c427a46ad329065f75e30,c4a4aa46e450b9f0f91c5bef8d2ce6ab42c4ff48,5816f8908c038ee7826714207a6f54ef3a2f91abd03be95302353b21773df49d,https://huggingface.co/datasets/superkaiba1/explore-persona-space-data/blob/a5cf03bbe4807361a74c427a46ad329065f75e30/issue2569_theory/third_family/pairs/lo/crossed/maps/q14_l16_map_qwen_qwriter.pt,https://huggingface.co/datasets/superkaiba1/explore-persona-space-data/resolve/a5cf03bbe4807361a74c427a46ad329065f75e30/issue2569_theory/third_family/pairs/lo/crossed/maps/q14_l16_map_qwen_qwriter.pt
issue2569_theory,issue2569_theory/third_family/pairs/lo/crossed/semantic/per_row.jsonl,3587230,a5cf03bbe4807361a74c427a46ad329065f75e30,5e8881d3cf70a3bc04e9e3a38b7ecc2fedcd5813,,https://huggingface.co/datasets/superkaiba1/explore-persona-space-data/blob/a5cf03bbe4807361a74c427a46ad329065f75e30/issue2569_theory/third_family/pairs/lo/crossed/semantic/per_row.jsonl,https://huggingface.co/datasets/superkaiba1/explore-persona-space-data/resolve/a5cf03bbe4807361a74c427a46ad329065f75e30/issue2569_theory/third_family/pairs/lo/crossed/semantic/per_row.jsonl
issue2569_theory,issue2569_theory/third_family/pairs/lo/crossed/semantic/summary.json,562,a5cf03bbe4807361a74c427a46ad329065f75e30,8467e6a84200c4cdda1047ba8de37247cf64f72d,,https://huggingface.co/datasets/superkaiba1/explore-persona-space-data/blob/a5cf03bbe4807361a74c427a46ad329065f75e30/issue2569_theory/third_family/pairs/lo/crossed/semantic/summary.json,https://huggingface.co/datasets/superkaiba1/explore-persona-space-data/resolve/a5cf03bbe4807361a74c427a46ad329065f75e30/issue2569_theory/third_family/pairs/lo/crossed/semantic/summary.json
issue2569_theory,issue2569_theory/third_family/pairs/lo/crossed/split.json,218905,a5cf03bbe4807361a74c427a46ad329065f75e30,20b52777293f34dfce06d7e67acbcda785343fa7,,https://huggingface.co/datasets/superkaiba1/explore-persona-space-data/blob/a5cf03bbe4807361a74c427a46ad329065f75e30/issue2569_theory/third_family/pairs/lo/crossed/split.json,https://huggingface.co/datasets/superkaiba1/explore-persona-space-data/resolve/a5cf03bbe4807361a74c427a46ad329065f75e30/issue2569_theory/third_family/pairs/lo/crossed/split.json
issue2569_theory,issue2569_theory/third_family/pairs/lo/pair_manifest.json,10614,a5cf03bbe4807361a74c427a46ad329065f75e30,7a2897dda1a4793f41520b26a7a14a1c31fb28ae,,https://huggingface.co/datasets/superkaiba1/explore-persona-space-data/blob/a5cf03bbe4807361a74c427a46ad329065f75e30/issue2569_theory/third_family/pairs/lo/pair_manifest.json,https://huggingface.co/datasets/superkaiba1/explore-persona-space-data/resolve/a5cf03bbe4807361a74c427a46ad329065f75e30/issue2569_theory/third_family/pairs/lo/pair_manifest.json
issue2569_theory,issue2569_theory/third_family/pairs/qo/analysis/mapping_diff/behavior_readout.pt,89771,a5cf03bbe4807361a74c427a46ad329065f75e30,f30cbd7297d03db11a384caeea6e8cc338d91815,fc6df82e3008e22e94d18326e8cff6a05da7d14a5df94793fc1ad8029c1bc37c,https://huggingface.co/datasets/superkaiba1/explore-persona-space-data/blob/a5cf03bbe4807361a74c427a46ad329065f75e30/issue2569_theory/third_family/pairs/qo/analysis/mapping_diff/behavior_readout.pt,https://huggingface.co/datasets/superkaiba1/explore-persona-space-data/resolve/a5cf03bbe4807361a74c427a46ad329065f75e30/issue2569_theory/third_family/pairs/qo/analysis/mapping_diff/behavior_readout.pt
issue2569_theory,issue2569_theory/third_family/pairs/qo/analysis/mapping_diff/heldout_rows.jsonl,1650618,a5cf03bbe4807361a74c427a46ad329065f75e30,fdbd284d4c280d186847be8e76a35e6bfad747bc,,https://huggingface.co/datasets/superkaiba1/explore-persona-space-data/blob/a5cf03bbe4807361a74c427a46ad329065f75e30/issue2569_theory/third_family/pairs/qo/analysis/mapping_diff/heldout_rows.jsonl,https://huggingface.co/datasets/superkaiba1/explore-persona-space-data/resolve/a5cf03bbe4807361a74c427a46ad329065f75e30/issue2569_theory/third_family/pairs/qo/analysis/mapping_diff/heldout_rows.jsonl
issue2569_theory,issue2569_theory/third_family/pairs/qo/analysis/mapping_diff/mapping_diff.json,39715,a5cf03bbe4807361a74c427a46ad329065f75e30,98f2e32c0de3ce60f4ae5623404ed8fe425180bc,,https://huggingface.co/datasets/superkaiba1/explore-persona-space-data/blob/a5cf03bbe4807361a74c427a46ad329065f75e30/issue2569_theory/third_family/pairs/qo/analysis/mapping_diff/mapping_diff.json,https://huggingface.co/datasets/superkaiba1/explore-persona-space-data/resolve/a5cf03bbe4807361a74c427a46ad329065f75e30/issue2569_theory/third_family/pairs/qo/analysis/mapping_diff/mapping_diff.json
issue2569_theory,issue2569_theory/third_family/pairs/qo/analysis/mapping_diff/writer_modes.npz,434873,a5cf03bbe4807361a74c427a46ad329065f75e30,45b235f0deba534dfa3b14179a9f453a2f3a44b2,bb7f594431b69e8ecd97de7c5c9e3ed426cdd7e29b29f6e0499697e30433dd98,https://huggingface.co/datasets/superkaiba1/explore-persona-space-data/blob/a5cf03bbe4807361a74c427a46ad329065f75e30/issue2569_theory/third_family/pairs/qo/analysis/mapping_diff/writer_modes.npz,https://huggingface.co/datasets/superkaiba1/explore-persona-space-data/resolve/a5cf03bbe4807361a74c427a46ad329065f75e30/issue2569_theory/third_family/pairs/qo/analysis/mapping_diff/writer_modes.npz
issue2569_theory,issue2569_theory/third_family/pairs/qo/analysis/query_scaling_unpaired/query_scaling_unpaired.json,1015998,a5cf03bbe4807361a74c427a46ad329065f75e30,40f3b123a5a9cb134ec30cee44edb5853322eb0c,,https://huggingface.co/datasets/superkaiba1/explore-persona-space-data/blob/a5cf03bbe4807361a74c427a46ad329065f75e30/issue2569_theory/third_family/pairs/qo/analysis/query_scaling_unpaired/query_scaling_unpaired.json,https://huggingface.co/datasets/superkaiba1/explore-persona-space-data/resolve/a5cf03bbe4807361a74c427a46ad329065f75e30/issue2569_theory/third_family/pairs/qo/analysis/query_scaling_unpaired/query_scaling_unpaired.json
issue2569_theory,issue2569_theory/third_family/pairs/qo/crossed/crossed_geometry.json,94219,a5cf03bbe4807361a74c427a46ad329065f75e30,19c0622ef1ed61e7516bf450e7c6eddf6b66e048,,https://huggingface.co/datasets/superkaiba1/explore-persona-space-data/blob/a5cf03bbe4807361a74c427a46ad329065f75e30/issue2569_theory/third_family/pairs/qo/crossed/crossed_geometry.json,https://huggingface.co/datasets/superkaiba1/explore-persona-space-data/resolve/a5cf03bbe4807361a74c427a46ad329065f75e30/issue2569_theory/third_family/pairs/qo/crossed/crossed_geometry.json
issue2569_theory,issue2569_theory/third_family/pairs/qo/crossed/maps/q14_l16_align_a_lwriter_l2q.pt,58771097,a5cf03bbe4807361a74c427a46ad329065f75e30,dfa077a16c83de4daf8db43baaebda0bee44d93b,ddd7e91a9e22e3eb5e88a225210cff09c26a3ded411f5734b4b19ffcf31c232d,https://huggingface.co/datasets/superkaiba1/explore-persona-space-data/blob/a5cf03bbe4807361a74c427a46ad329065f75e30/issue2569_theory/third_family/pairs/qo/crossed/maps/q14_l16_align_a_lwriter_l2q.pt,https://huggingface.co/datasets/superkaiba1/explore-persona-space-data/resolve/a5cf03bbe4807361a74c427a46ad329065f75e30/issue2569_theory/third_family/pairs/qo/crossed/maps/q14_l16_align_a_lwriter_l2q.pt
issue2569_theory,issue2569_theory/third_family/pairs/qo/crossed/maps/q14_l16_align_a_lwriter_q2l.pt,58769049,a5cf03bbe4807361a74c427a46ad329065f75e30,91b83f71283d6fde7ce0637cae992f9cdef8d62a,1bf748aea2ac539208f2798beb5d9935ecd1be83d7f6e3bddc84e17cc40e3a73,https://huggingface.co/datasets/superkaiba1/explore-persona-space-data/blob/a5cf03bbe4807361a74c427a46ad329065f75e30/issue2569_theory/third_family/pairs/qo/crossed/maps/q14_l16_align_a_lwriter_q2l.pt,https://huggingface.co/datasets/superkaiba1/explore-persona-space-data/resolve/a5cf03bbe4807361a74c427a46ad329065f75e30/issue2569_theory/third_family/pairs/qo/crossed/maps/q14_l16_align_a_lwriter_q2l.pt
issue2569_theory,issue2569_theory/third_family/pairs/qo/crossed/maps/q14_l16_align_a_own_l2q.pt,58770993,a5cf03bbe4807361a74c427a46ad329065f75e30,5e356c8959c5fbf93eee417b5ef4e5ae48e89770,41f706cfe057279b9972eb20ec82c4d8904035f0b77c55295534dd98c5340d51,https://huggingface.co/datasets/superkaiba1/explore-persona-space-data/blob/a5cf03bbe4807361a74c427a46ad329065f75e30/issue2569_theory/third_family/pairs/qo/crossed/maps/q14_l16_align_a_own_l2q.pt,https://huggingface.co/datasets/superkaiba1/explore-persona-space-data/resolve/a5cf03bbe4807361a74c427a46ad329065f75e30/issue2569_theory/third_family/pairs/qo/crossed/maps/q14_l16_align_a_own_l2q.pt
issue2569_theory,issue2569_theory/third_family/pairs/qo/crossed/maps/q14_l16_align_a_own_q2l.pt,58768945,a5cf03bbe4807361a74c427a46ad329065f75e30,3e8b05046f1e2c675b1afc28d504592d14b0bbcc,2af7121ac5604d54f7ee2efd46586cbff3e62f6e79dc27b385ec65363d9aa0b8,https://huggingface.co/datasets/superkaiba1/explore-persona-space-data/blob/a5cf03bbe4807361a74c427a46ad329065f75e30/issue2569_theory/third_family/pairs/qo/crossed/maps/q14_l16_align_a_own_q2l.pt,https://huggingface.co/datasets/superkaiba1/explore-persona-space-data/resolve/a5cf03bbe4807361a74c427a46ad329065f75e30/issue2569_theory/third_family/pairs/qo/crossed/maps/q14_l16_align_a_own_q2l.pt
issue2569_theory,issue2569_theory/third_family/pairs/qo/crossed/maps/q14_l16_align_a_qwriter_l2q.pt,58771097,a5cf03bbe4807361a74c427a46ad329065f75e30,6132b2afb6bebf07f82b4f5b87c2b561e562c47b,98cdb9868b8d45ea37d9cad0de0eceaff06825a32e227a45e7c58f5e10e82200,https://huggingface.co/datasets/superkaiba1/explore-persona-space-data/blob/a5cf03bbe4807361a74c427a46ad329065f75e30/issue2569_theory/third_family/pairs/qo/crossed/maps/q14_l16_align_a_qwriter_l2q.pt,https://huggingface.co/datasets/superkaiba1/explore-persona-space-data/resolve/a5cf03bbe4807361a74c427a46ad329065f75e30/issue2569_theory/third_family/pairs/qo/crossed/maps/q14_l16_align_a_qwriter_l2q.pt
issue2569_theory,issue2569_theory/third_family/pairs/qo/crossed/maps/q14_l16_align_a_qwriter_q2l.pt,58769049,a5cf03bbe4807361a74c427a46ad329065f75e30,6a8db8e64ffdf8a7ea082864f8cfd57abfc49622,14de96ee8b6dd715f2d83eaac31a000d5ef4da98387f7b9a3d985ede3cd9f31d,https://huggingface.co/datasets/superkaiba1/explore-persona-space-data/blob/a5cf03bbe4807361a74c427a46ad329065f75e30/issue2569_theory/third_family/pairs/qo/crossed/maps/q14_l16_align_a_qwriter_q2l.pt,https://huggingface.co/datasets/superkaiba1/explore-persona-space-data/resolve/a5cf03bbe4807361a74c427a46ad329065f75e30/issue2569_theory/third_family/pairs/qo/crossed/maps/q14_l16_align_a_qwriter_q2l.pt
issue2569_theory,issue2569_theory/third_family/pairs/qo/crossed/maps/q14_l16_align_c_l2q.pt,58770953,a5cf03bbe4807361a74c427a46ad329065f75e30,3ceaa396ce206ad866e0b4b466be7f64e94a01e1,6c0d8f3273e76bdc7dcedbd913baf4eecc685ad569432f19160d47ca10c032bf,https://huggingface.co/datasets/superkaiba1/explore-persona-space-data/blob/a5cf03bbe4807361a74c427a46ad329065f75e30/issue2569_theory/third_family/pairs/qo/crossed/maps/q14_l16_align_c_l2q.pt,https://huggingface.co/datasets/superkaiba1/explore-persona-space-data/resolve/a5cf03bbe4807361a74c427a46ad329065f75e30/issue2569_theory/third_family/pairs/qo/crossed/maps/q14_l16_align_c_l2q.pt
issue2569_theory,issue2569_theory/third_family/pairs/qo/crossed/maps/q14_l16_align_c_q2l.pt,58768905,a5cf03bbe4807361a74c427a46ad329065f75e30,a6c4a0614beb952680951bc17346d616262afe65,c62e87102b5a4b965824a91e1c497b2bdee419f7a3048a5ac43dd165bdde674e,https://huggingface.co/datasets/superkaiba1/explore-persona-space-data/blob/a5cf03bbe4807361a74c427a46ad329065f75e30/issue2569_theory/third_family/pairs/qo/crossed/maps/q14_l16_align_c_q2l.pt,https://huggingface.co/datasets/superkaiba1/explore-persona-space-data/resolve/a5cf03bbe4807361a74c427a46ad329065f75e30/issue2569_theory/third_family/pairs/qo/crossed/maps/q14_l16_align_c_q2l.pt
issue2569_theory,issue2569_theory/third_family/pairs/qo/crossed/maps/q14_l16_map_llama_lwriter.pt,67161669,a5cf03bbe4807361a74c427a46ad329065f75e30,5d2b01a72271fc01856d34c1e7d7e686eb8f0989,5f215304af908a8c6af5aaf8c58bb0c7ee0b27b3abdfdac566319bb9b61d6c4b,https://huggingface.co/datasets/superkaiba1/explore-persona-space-data/blob/a5cf03bbe4807361a74c427a46ad329065f75e30/issue2569_theory/third_family/pairs/qo/crossed/maps/q14_l16_map_llama_lwriter.pt,https://huggingface.co/datasets/superkaiba1/explore-persona-space-data/resolve/a5cf03bbe4807361a74c427a46ad329065f75e30/issue2569_theory/third_family/pairs/qo/crossed/maps/q14_l16_map_llama_lwriter.pt
issue2569_theory,issue2569_theory/third_family/pairs/qo/crossed/maps/q14_l16_map_llama_qwriter.pt,67161669,a5cf03bbe4807361a74c427a46ad329065f75e30,8b2f58d808ea27eec16adfc4436937e96fbea96e,adda66a55a6455b9701b2da9a8403530df3c71c607fd247544df6219d0f67622,https://huggingface.co/datasets/superkaiba1/explore-persona-space-data/blob/a5cf03bbe4807361a74c427a46ad329065f75e30/issue2569_theory/third_family/pairs/qo/crossed/maps/q14_l16_map_llama_qwriter.pt,https://huggingface.co/datasets/superkaiba1/explore-persona-space-data/resolve/a5cf03bbe4807361a74c427a46ad329065f75e30/issue2569_theory/third_family/pairs/qo/crossed/maps/q14_l16_map_llama_qwriter.pt
issue2569_theory,issue2569_theory/third_family/pairs/qo/crossed/maps/q14_l16_map_qwen_lwriter.pt,51426875,a5cf03bbe4807361a74c427a46ad329065f75e30,0b8c255541877704cd6605171a4f0939c5b01e8e,d29bdbdd236f0f246e409337eece8b559e12434b9a96191115364ab241032ce8,https://huggingface.co/datasets/superkaiba1/explore-persona-space-data/blob/a5cf03bbe4807361a74c427a46ad329065f75e30/issue2569_theory/third_family/pairs/qo/crossed/maps/q14_l16_map_qwen_lwriter.pt,https://huggingface.co/datasets/superkaiba1/explore-persona-space-data/resolve/a5cf03bbe4807361a74c427a46ad329065f75e30/issue2569_theory/third_family/pairs/qo/crossed/maps/q14_l16_map_qwen_lwriter.pt
issue2569_theory,issue2569_theory/third_family/pairs/qo/crossed/maps/q14_l16_map_qwen_qwriter.pt,51426875,a5cf03bbe4807361a74c427a46ad329065f75e30,d435661f0e1938b7e5377f338a2b5c066f08640b,80d13b5d8c4678c1438bf7104f6b361e42ae545d79f0ba67b8c8e0fa7255750a,https://huggingface.co/datasets/superkaiba1/explore-persona-space-data/blob/a5cf03bbe4807361a74c427a46ad329065f75e30/issue2569_theory/third_family/pairs/qo/crossed/maps/q14_l16_map_qwen_qwriter.pt,https://huggingface.co/datasets/superkaiba1/explore-persona-space-data/resolve/a5cf03bbe4807361a74c427a46ad329065f75e30/issue2569_theory/third_family/pairs/qo/crossed/maps/q14_l16_map_qwen_qwriter.pt
issue2569_theory,issue2569_theory/third_family/pairs/qo/crossed/semantic/per_row.jsonl,3584659,a5cf03bbe4807361a74c427a46ad329065f75e30,93b6067342f09019f43c30adbba60a199be7ccd3,,https://huggingface.co/datasets/superkaiba1/explore-persona-space-data/blob/a5cf03bbe4807361a74c427a46ad329065f75e30/issue2569_theory/third_family/pairs/qo/crossed/semantic/per_row.jsonl,https://huggingface.co/datasets/superkaiba1/explore-persona-space-data/resolve/a5cf03bbe4807361a74c427a46ad329065f75e30/issue2569_theory/third_family/pairs/qo/crossed/semantic/per_row.jsonl
issue2569_theory,issue2569_theory/third_family/pairs/qo/crossed/semantic/summary.json,564,a5cf03bbe4807361a74c427a46ad329065f75e30,a970355e7b1b8c011924665abb75e7edd3fb85d2,,https://huggingface.co/datasets/superkaiba1/explore-persona-space-data/blob/a5cf03bbe4807361a74c427a46ad329065f75e30/issue2569_theory/third_family/pairs/qo/crossed/semantic/summary.json,https://huggingface.co/datasets/superkaiba1/explore-persona-space-data/resolve/a5cf03bbe4807361a74c427a46ad329065f75e30/issue2569_theory/third_family/pairs/qo/crossed/semantic/summary.json
issue2569_theory,issue2569_theory/third_family/pairs/qo/crossed/split.json,218905,a5cf03bbe4807361a74c427a46ad329065f75e30,20b52777293f34dfce06d7e67acbcda785343fa7,,https://huggingface.co/datasets/superkaiba1/explore-persona-space-data/blob/a5cf03bbe4807361a74c427a46ad329065f75e30/issue2569_theory/third_family/pairs/qo/crossed/split.json,https://huggingface.co/datasets/superkaiba1/explore-persona-space-data/resolve/a5cf03bbe4807361a74c427a46ad329065f75e30/issue2569_theory/third_family/pairs/qo/crossed/split.json
issue2569_theory,issue2569_theory/third_family/pairs/qo/pair_manifest.json,10634,a5cf03bbe4807361a74c427a46ad329065f75e30,1cc1135f9867507d6716a03aafbf0455f79a208b,,https://huggingface.co/datasets/superkaiba1/explore-persona-space-data/blob/a5cf03bbe4807361a74c427a46ad329065f75e30/issue2569_theory/third_family/pairs/qo/pair_manifest.json,https://huggingface.co/datasets/superkaiba1/explore-persona-space-data/resolve/a5cf03bbe4807361a74c427a46ad329065f75e30/issue2569_theory/third_family/pairs/qo/pair_manifest.json
issue2569_theory,issue2569_theory/third_family/preflight.json,921,a5cf03bbe4807361a74c427a46ad329065f75e30,86dafaf1af486e3628a002fef2d921c81069a98e,,https://huggingface.co/datasets/superkaiba1/explore-persona-space-data/blob/a5cf03bbe4807361a74c427a46ad329065f75e30/issue2569_theory/third_family/preflight.json,https://huggingface.co/datasets/superkaiba1/explore-persona-space-data/resolve/a5cf03bbe4807361a74c427a46ad329065f75e30/issue2569_theory/third_family/preflight.json
issue2569_theory,issue2569_theory/third_family/raw_completions/olmo_seed42/audit.json,7866,a5cf03bbe4807361a74c427a46ad329065f75e30,f1746bc8a6bf58dddd4f17af7ff120c3845821ee,,https://huggingface.co/datasets/superkaiba1/explore-persona-space-data/blob/a5cf03bbe4807361a74c427a46ad329065f75e30/issue2569_theory/third_family/raw_completions/olmo_seed42/audit.json,https://huggingface.co/datasets/superkaiba1/explore-persona-space-data/resolve/a5cf03bbe4807361a74c427a46ad329065f75e30/issue2569_theory/third_family/raw_completions/olmo_seed42/audit.json
issue2569_theory,issue2569_theory/third_family/raw_completions/olmo_seed42/raw_completions/shard00000.json,678481,a5cf03bbe4807361a74c427a46ad329065f75e30,0e6982b80ebf7a82ef3cab32d7921078c0f2046d,,https://huggingface.co/datasets/superkaiba1/explore-persona-space-data/blob/a5cf03bbe4807361a74c427a46ad329065f75e30/issue2569_theory/third_family/raw_completions/olmo_seed42/raw_completions/shard00000.json,https://huggingface.co/datasets/superkaiba1/explore-persona-space-data/resolve/a5cf03bbe4807361a74c427a46ad329065f75e30/issue2569_theory/third_family/raw_completions/olmo_seed42/raw_completions/shard00000.json
issue2569_theory,issue2569_theory/third_family/raw_completions/olmo_seed42/raw_completions/shard00001.json,716471,a5cf03bbe4807361a74c427a46ad329065f75e30,b751644a3dcb4cab68812b1b5d3728375c52d28e,,https://huggingface.co/datasets/superkaiba1/explore-persona-space-data/blob/a5cf03bbe4807361a74c427a46ad329065f75e30/issue2569_theory/third_family/raw_completions/olmo_seed42/raw_completions/shard00001.json,https://huggingface.co/datasets/superkaiba1/explore-persona-space-data/resolve/a5cf03bbe4807361a74c427a46ad329065f75e30/issue2569_theory/third_family/raw_completions/olmo_seed42/raw_completions/shard00001.json
issue2569_theory,issue2569_theory/third_family/raw_completions/olmo_seed42/raw_completions/shard00002.json,580778,a5cf03bbe4807361a74c427a46ad329065f75e30,d9f741cce41ec117b6d6f19798e6e1b664aa735c,,https://huggingface.co/datasets/superkaiba1/explore-persona-space-data/blob/a5cf03bbe4807361a74c427a46ad329065f75e30/issue2569_theory/third_family/raw_completions/olmo_seed42/raw_completions/shard00002.json,https://huggingface.co/datasets/superkaiba1/explore-persona-space-data/resolve/a5cf03bbe4807361a74c427a46ad329065f75e30/issue2569_theory/third_family/raw_completions/olmo_seed42/raw_completions/shard00002.json
issue2569_theory,issue2569_theory/third_family/raw_completions/olmo_seed42/raw_completions/shard00003.json,662058,a5cf03bbe4807361a74c427a46ad329065f75e30,0ae55b37952983f43fb673640f79d4a47a35b5e3,,https://huggingface.co/datasets/superkaiba1/explore-persona-space-data/blob/a5cf03bbe4807361a74c427a46ad329065f75e30/issue2569_theory/third_family/raw_completions/olmo_seed42/raw_completions/shard00003.json,https://huggingface.co/datasets/superkaiba1/explore-persona-space-data/resolve/a5cf03bbe4807361a74c427a46ad329065f75e30/issue2569_theory/third_family/raw_completions/olmo_seed42/raw_completions/shard00003.json
issue2569_theory,issue2569_theory/third_family/raw_completions/olmo_seed42/raw_completions/shard00004.json,663462,a5cf03bbe4807361a74c427a46ad329065f75e30,00c9e31d2f849187ec7ba4ea20e9b5f92b6c4e7d,,https://huggingface.co/datasets/superkaiba1/explore-persona-space-data/blob/a5cf03bbe4807361a74c427a46ad329065f75e30/issue2569_theory/third_family/raw_completions/olmo_seed42/raw_completions/shard00004.json,https://huggingface.co/datasets/superkaiba1/explore-persona-space-data/resolve/a5cf03bbe4807361a74c427a46ad329065f75e30/issue2569_theory/third_family/raw_completions/olmo_seed42/raw_completions/shard00004.json
issue2569_theory,issue2569_theory/third_family/raw_completions/olmo_seed42/raw_completions/shard00005.json,676939,a5cf03bbe4807361a74c427a46ad329065f75e30,1536b401bb1f217d1896a50b64239b8c70954a7f,,https://huggingface.co/datasets/superkaiba1/explore-persona-space-data/blob/a5cf03bbe4807361a74c427a46ad329065f75e30/issue2569_theory/third_family/raw_completions/olmo_seed42/raw_completions/shard00005.json,https://huggingface.co/datasets/superkaiba1/explore-persona-space-data/resolve/a5cf03bbe4807361a74c427a46ad329065f75e30/issue2569_theory/third_family/raw_completions/olmo_seed42/raw_completions/shard00005.json
issue2569_theory,issue2569_theory/third_family/raw_completions/olmo_seed42/raw_completions/shard00006.json,643382,a5cf03bbe4807361a74c427a46ad329065f75e30,07d014eba922775c77344f676e0cd3733fce4aa2,,https://huggingface.co/datasets/superkaiba1/explore-persona-space-data/blob/a5cf03bbe4807361a74c427a46ad329065f75e30/issue2569_theory/third_family/raw_completions/olmo_seed42/raw_completions/shard00006.json,https://huggingface.co/datasets/superkaiba1/explore-persona-space-data/resolve/a5cf03bbe4807361a74c427a46ad329065f75e30/issue2569_theory/third_family/raw_completions/olmo_seed42/raw_completions/shard00006.json
issue2569_theory,issue2569_theory/third_family/raw_completions/olmo_seed42/raw_completions/shard00007.json,628578,a5cf03bbe4807361a74c427a46ad329065f75e30,0ac4a6cd98500ad50063370d4e3150b2f9dbd0c4,,https://huggingface.co/datasets/superkaiba1/explore-persona-space-data/blob/a5cf03bbe4807361a74c427a46ad329065f75e30/issue2569_theory/third_family/raw_completions/olmo_seed42/raw_completions/shard00007.json,https://huggingface.co/datasets/superkaiba1/explore-persona-space-data/resolve/a5cf03bbe4807361a74c427a46ad329065f75e30/issue2569_theory/third_family/raw_completions/olmo_seed42/raw_completions/shard00007.json
issue2569_theory,issue2569_theory/third_family/raw_completions/olmo_seed42/raw_completions/shard00008.json,634943,a5cf03bbe4807361a74c427a46ad329065f75e30,714fda61288a0e1cbc7d392af11acefb752e33bb,,https://huggingface.co/datasets/superkaiba1/explore-persona-space-data/blob/a5cf03bbe4807361a74c427a46ad329065f75e30/issue2569_theory/third_family/raw_completions/olmo_seed42/raw_completions/shard00008.json,https://huggingface.co/datasets/superkaiba1/explore-persona-space-data/resolve/a5cf03bbe4807361a74c427a46ad329065f75e30/issue2569_theory/third_family/raw_completions/olmo_seed42/raw_completions/shard00008.json
issue2569_theory,issue2569_theory/third_family/raw_completions/olmo_seed42/raw_completions/shard00009.json,653548,a5cf03bbe4807361a74c427a46ad329065f75e30,94741f4b57d54f7027c354012a444622373907c5,,https://huggingface.co/datasets/superkaiba1/explore-persona-space-data/blob/a5cf03bbe4807361a74c427a46ad329065f75e30/issue2569_theory/third_family/raw_completions/olmo_seed42/raw_completions/shard00009.json,https://huggingface.co/datasets/superkaiba1/explore-persona-space-data/resolve/a5cf03bbe4807361a74c427a46ad329065f75e30/issue2569_theory/third_family/raw_completions/olmo_seed42/raw_completions/shard00009.json
issue2569_theory,issue2569_theory/third_family/raw_completions/olmo_seed42/raw_completions/shard00010.json,683348,a5cf03bbe4807361a74c427a46ad329065f75e30,2f532e2ff48475b42eca5bd231b776231d341551,,https://huggingface.co/datasets/superkaiba1/explore-persona-space-data/blob/a5cf03bbe4807361a74c427a46ad329065f75e30/issue2569_theory/third_family/raw_completions/olmo_seed42/raw_completions/shard00010.json,https://huggingface.co/datasets/superkaiba1/explore-persona-space-data/resolve/a5cf03bbe4807361a74c427a46ad329065f75e30/issue2569_theory/third_family/raw_completions/olmo_seed42/raw_completions/shard00010.json
issue2569_theory,issue2569_theory/third_family/raw_completions/olmo_seed42/raw_completions/shard00011.json,670953,a5cf03bbe4807361a74c427a46ad329065f75e30,1db3fe102388763355367f2633d66cfd5009ff2d,,https://huggingface.co/datasets/superkaiba1/explore-persona-space-data/blob/a5cf03bbe4807361a74c427a46ad329065f75e30/issue2569_theory/third_family/raw_completions/olmo_seed42/raw_completions/shard00011.json,https://huggingface.co/datasets/superkaiba1/explore-persona-space-data/resolve/a5cf03bbe4807361a74c427a46ad329065f75e30/issue2569_theory/third_family/raw_completions/olmo_seed42/raw_completions/shard00011.json
issue2569_theory,issue2569_theory/third_family/raw_completions/olmo_seed42/raw_completions/shard00012.json,639550,a5cf03bbe4807361a74c427a46ad329065f75e30,d892de4ee0756b09d8afddf2e846af60d5d8d468,,https://huggingface.co/datasets/superkaiba1/explore-persona-space-data/blob/a5cf03bbe4807361a74c427a46ad329065f75e30/issue2569_theory/third_family/raw_completions/olmo_seed42/raw_completions/shard00012.json,https://huggingface.co/datasets/superkaiba1/explore-persona-space-data/resolve/a5cf03bbe4807361a74c427a46ad329065f75e30/issue2569_theory/third_family/raw_completions/olmo_seed42/raw_completions/shard00012.json
issue2569_theory,issue2569_theory/third_family/raw_completions/olmo_seed42/raw_completions/shard00013.json,657463,a5cf03bbe4807361a74c427a46ad329065f75e30,11d5d49f9881984085d2fabc8ab731324f3a5b20,,https://huggingface.co/datasets/superkaiba1/explore-persona-space-data/blob/a5cf03bbe4807361a74c427a46ad329065f75e30/issue2569_theory/third_family/raw_completions/olmo_seed42/raw_completions/shard00013.json,https://huggingface.co/datasets/superkaiba1/explore-persona-space-data/resolve/a5cf03bbe4807361a74c427a46ad329065f75e30/issue2569_theory/third_family/raw_completions/olmo_seed42/raw_completions/shard00013.json
issue2569_theory,issue2569_theory/third_family/raw_completions/olmo_seed42/raw_completions/shard00014.json,657659,a5cf03bbe4807361a74c427a46ad329065f75e30,4ea903d98c9f2bf1d123e9ac56d4ed02e50ec2cf,,https://huggingface.co/datasets/superkaiba1/explore-persona-space-data/blob/a5cf03bbe4807361a74c427a46ad329065f75e30/issue2569_theory/third_family/raw_completions/olmo_seed42/raw_completions/shard00014.json,https://huggingface.co/datasets/superkaiba1/explore-persona-space-data/resolve/a5cf03bbe4807361a74c427a46ad329065f75e30/issue2569_theory/third_family/raw_completions/olmo_seed42/raw_completions/shard00014.json
issue2569_theory,issue2569_theory/third_family/raw_completions/olmo_seed42/raw_completions/shard00015.json,641479,a5cf03bbe4807361a74c427a46ad329065f75e30,54eda156009396fcafd857c9f2c10a2b81f4d548,,https://huggingface.co/datasets/superkaiba1/explore-persona-space-data/blob/a5cf03bbe4807361a74c427a46ad329065f75e30/issue2569_theory/third_family/raw_completions/olmo_seed42/raw_completions/shard00015.json,https://huggingface.co/datasets/superkaiba1/explore-persona-space-data/resolve/a5cf03bbe4807361a74c427a46ad329065f75e30/issue2569_theory/third_family/raw_completions/olmo_seed42/raw_completions/shard00015.json
issue2569_theory,issue2569_theory/third_family/raw_completions/olmo_seed42/raw_completions/shard00016.json,626233,a5cf03bbe4807361a74c427a46ad329065f75e30,5a41280d49438a015c7b7742150d1fa82b89aff1,,https://huggingface.co/datasets/superkaiba1/explore-persona-space-data/blob/a5cf03bbe4807361a74c427a46ad329065f75e30/issue2569_theory/third_family/raw_completions/olmo_seed42/raw_completions/shard00016.json,https://huggingface.co/datasets/superkaiba1/explore-persona-space-data/resolve/a5cf03bbe4807361a74c427a46ad329065f75e30/issue2569_theory/third_family/raw_completions/olmo_seed42/raw_completions/shard00016.json
issue2569_theory,issue2569_theory/third_family/raw_completions/olmo_seed42/raw_completions/shard00017.json,652215,a5cf03bbe4807361a74c427a46ad329065f75e30,3dc04a4ff47157db07e64b7ff0f33f0844719e31,,https://huggingface.co/datasets/superkaiba1/explore-persona-space-data/blob/a5cf03bbe4807361a74c427a46ad329065f75e30/issue2569_theory/third_family/raw_completions/olmo_seed42/raw_completions/shard00017.json,https://huggingface.co/datasets/superkaiba1/explore-persona-space-data/resolve/a5cf03bbe4807361a74c427a46ad329065f75e30/issue2569_theory/third_family/raw_completions/olmo_seed42/raw_completions/shard00017.json
issue2569_theory,issue2569_theory/third_family/raw_completions/olmo_seed42/raw_completions/shard00018.json,688331,a5cf03bbe4807361a74c427a46ad329065f75e30,7fd3e369b7d9b22e936993efa4d78e86da9937a5,,https://huggingface.co/datasets/superkaiba1/explore-persona-space-data/blob/a5cf03bbe4807361a74c427a46ad329065f75e30/issue2569_theory/third_family/raw_completions/olmo_seed42/raw_completions/shard00018.json,https://huggingface.co/datasets/superkaiba1/explore-persona-space-data/resolve/a5cf03bbe4807361a74c427a46ad329065f75e30/issue2569_theory/third_family/raw_completions/olmo_seed42/raw_completions/shard00018.json
issue2569_theory,issue2569_theory/third_family/raw_completions/olmo_seed42/raw_completions/shard00019.json,665301,a5cf03bbe4807361a74c427a46ad329065f75e30,5f73948486f76e16ea31b2e725123ccc2db3a86e,,https://huggingface.co/datasets/superkaiba1/explore-persona-space-data/blob/a5cf03bbe4807361a74c427a46ad329065f75e30/issue2569_theory/third_family/raw_completions/olmo_seed42/raw_completions/shard00019.json,https://huggingface.co/datasets/superkaiba1/explore-persona-space-data/resolve/a5cf03bbe4807361a74c427a46ad329065f75e30/issue2569_theory/third_family/raw_completions/olmo_seed42/raw_completions/shard00019.json
issue2569_theory,issue2569_theory/third_family/raw_completions/olmo_seed42/raw_completions/shard00020.json,604999,a5cf03bbe4807361a74c427a46ad329065f75e30,45fab964e117df40e11e556bfb4a20d3ad385940,,https://huggingface.co/datasets/superkaiba1/explore-persona-space-data/blob/a5cf03bbe4807361a74c427a46ad329065f75e30/issue2569_theory/third_family/raw_completions/olmo_seed42/raw_completions/shard00020.json,https://huggingface.co/datasets/superkaiba1/explore-persona-space-data/resolve/a5cf03bbe4807361a74c427a46ad329065f75e30/issue2569_theory/third_family/raw_completions/olmo_seed42/raw_completions/shard00020.json
issue2569_theory,issue2569_theory/third_family/raw_completions/olmo_seed42/raw_completions/shard00021.json,610148,a5cf03bbe4807361a74c427a46ad329065f75e30,d336091ca7e26c38678dfb1a37653a08186ada9e,,https://huggingface.co/datasets/superkaiba1/explore-persona-space-data/blob/a5cf03bbe4807361a74c427a46ad329065f75e30/issue2569_theory/third_family/raw_completions/olmo_seed42/raw_completions/shard00021.json,https://huggingface.co/datasets/superkaiba1/explore-persona-space-data/resolve/a5cf03bbe4807361a74c427a46ad329065f75e30/issue2569_theory/third_family/raw_completions/olmo_seed42/raw_completions/shard00021.json
issue2569_theory,issue2569_theory/third_family/raw_completions/olmo_seed42/raw_completions/shard00022.json,678049,a5cf03bbe4807361a74c427a46ad329065f75e30,7a76870ba09f8f8247c2a538af086dfce38d6703,,https://huggingface.co/datasets/superkaiba1/explore-persona-space-data/blob/a5cf03bbe4807361a74c427a46ad329065f75e30/issue2569_theory/third_family/raw_completions/olmo_seed42/raw_completions/shard00022.json,https://huggingface.co/datasets/superkaiba1/explore-persona-space-data/resolve/a5cf03bbe4807361a74c427a46ad329065f75e30/issue2569_theory/third_family/raw_completions/olmo_seed42/raw_completions/shard00022.json
issue2569_theory,issue2569_theory/third_family/raw_completions/olmo_seed42/raw_completions/shard00023.json,647791,a5cf03bbe4807361a74c427a46ad329065f75e30,acf87da7cce7ea9773cf60f545d5fd3bf60c36f8,,https://huggingface.co/datasets/superkaiba1/explore-persona-space-data/blob/a5cf03bbe4807361a74c427a46ad329065f75e30/issue2569_theory/third_family/raw_completions/olmo_seed42/raw_completions/shard00023.json,https://huggingface.co/datasets/superkaiba1/explore-persona-space-data/resolve/a5cf03bbe4807361a74c427a46ad329065f75e30/issue2569_theory/third_family/raw_completions/olmo_seed42/raw_completions/shard00023.json
issue2569_theory,issue2569_theory/third_family/raw_completions/olmo_seed42/raw_completions/shard00024.json,635204,a5cf03bbe4807361a74c427a46ad329065f75e30,510f8a031847567391173ef0d405479676990dfe,,https://huggingface.co/datasets/superkaiba1/explore-persona-space-data/blob/a5cf03bbe4807361a74c427a46ad329065f75e30/issue2569_theory/third_family/raw_completions/olmo_seed42/raw_completions/shard00024.json,https://huggingface.co/datasets/superkaiba1/explore-persona-space-data/resolve/a5cf03bbe4807361a74c427a46ad329065f75e30/issue2569_theory/third_family/raw_completions/olmo_seed42/raw_completions/shard00024.json
issue2569_theory,issue2569_theory/third_family/raw_completions/olmo_seed42/raw_completions/shard00025.json,671533,a5cf03bbe4807361a74c427a46ad329065f75e30,f4402569c60db73677de19ff007661c09c31083c,,https://huggingface.co/datasets/superkaiba1/explore-persona-space-data/blob/a5cf03bbe4807361a74c427a46ad329065f75e30/issue2569_theory/third_family/raw_completions/olmo_seed42/raw_completions/shard00025.json,https://huggingface.co/datasets/superkaiba1/explore-persona-space-data/resolve/a5cf03bbe4807361a74c427a46ad329065f75e30/issue2569_theory/third_family/raw_completions/olmo_seed42/raw_completions/shard00025.json
issue2569_theory,issue2569_theory/third_family/raw_completions/olmo_seed42/raw_completions/shard00026.json,652603,a5cf03bbe4807361a74c427a46ad329065f75e30,0848989410b24b3e3c642da92d650382e1589ea6,,https://huggingface.co/datasets/superkaiba1/explore-persona-space-data/blob/a5cf03bbe4807361a74c427a46ad329065f75e30/issue2569_theory/third_family/raw_completions/olmo_seed42/raw_completions/shard00026.json,https://huggingface.co/datasets/superkaiba1/explore-persona-space-data/resolve/a5cf03bbe4807361a74c427a46ad329065f75e30/issue2569_theory/third_family/raw_completions/olmo_seed42/raw_completions/shard00026.json
issue2569_theory,issue2569_theory/third_family/raw_completions/olmo_seed42/raw_completions/shard00027.json,673729,a5cf03bbe4807361a74c427a46ad329065f75e30,e918e513cf6a1ace15e686d8caf1ec59667847da,,https://huggingface.co/datasets/superkaiba1/explore-persona-space-data/blob/a5cf03bbe4807361a74c427a46ad329065f75e30/issue2569_theory/third_family/raw_completions/olmo_seed42/raw_completions/shard00027.json,https://huggingface.co/datasets/superkaiba1/explore-persona-space-data/resolve/a5cf03bbe4807361a74c427a46ad329065f75e30/issue2569_theory/third_family/raw_completions/olmo_seed42/raw_completions/shard00027.json
issue2569_theory,issue2569_theory/third_family/raw_completions/olmo_seed42/raw_completions/shard00028.json,686904,a5cf03bbe4807361a74c427a46ad329065f75e30,152bb9bbfbb0e5e53aba1dab256fd155a812f86b,,https://huggingface.co/datasets/superkaiba1/explore-persona-space-data/blob/a5cf03bbe4807361a74c427a46ad329065f75e30/issue2569_theory/third_family/raw_completions/olmo_seed42/raw_completions/shard00028.json,https://huggingface.co/datasets/superkaiba1/explore-persona-space-data/resolve/a5cf03bbe4807361a74c427a46ad329065f75e30/issue2569_theory/third_family/raw_completions/olmo_seed42/raw_completions/shard00028.json
issue2569_theory,issue2569_theory/third_family/raw_completions/olmo_seed42/raw_completions/shard00029.json,684800,a5cf03bbe4807361a74c427a46ad329065f75e30,c0977234e346ab517b5805726b39594fa93f9e0f,,https://huggingface.co/datasets/superkaiba1/explore-persona-space-data/blob/a5cf03bbe4807361a74c427a46ad329065f75e30/issue2569_theory/third_family/raw_completions/olmo_seed42/raw_completions/shard00029.json,https://huggingface.co/datasets/superkaiba1/explore-persona-space-data/resolve/a5cf03bbe4807361a74c427a46ad329065f75e30/issue2569_theory/third_family/raw_completions/olmo_seed42/raw_completions/shard00029.json
issue2569_theory,issue2569_theory/third_family/raw_completions/olmo_seed42/raw_completions/shard00030.json,650782,a5cf03bbe4807361a74c427a46ad329065f75e30,17c0e0d9963c3e0844c3f8fe60f8662702c7689c,,https://huggingface.co/datasets/superkaiba1/explore-persona-space-data/blob/a5cf03bbe4807361a74c427a46ad329065f75e30/issue2569_theory/third_family/raw_completions/olmo_seed42/raw_completions/shard00030.json,https://huggingface.co/datasets/superkaiba1/explore-persona-space-data/resolve/a5cf03bbe4807361a74c427a46ad329065f75e30/issue2569_theory/third_family/raw_completions/olmo_seed42/raw_completions/shard00030.json
issue2569_theory,issue2569_theory/third_family/raw_completions/olmo_seed42/raw_completions/shard00031.json,673322,a5cf03bbe4807361a74c427a46ad329065f75e30,6cb69b3593a78de6aafeb2d5dd0d427da066bb2f,,https://huggingface.co/datasets/superkaiba1/explore-persona-space-data/blob/a5cf03bbe4807361a74c427a46ad329065f75e30/issue2569_theory/third_family/raw_completions/olmo_seed42/raw_completions/shard00031.json,https://huggingface.co/datasets/superkaiba1/explore-persona-space-data/resolve/a5cf03bbe4807361a74c427a46ad329065f75e30/issue2569_theory/third_family/raw_completions/olmo_seed42/raw_completions/shard00031.json
issue2569_theory,issue2569_theory/third_family/raw_completions/olmo_seed42/raw_completions/shard00032.json,658893,a5cf03bbe4807361a74c427a46ad329065f75e30,a1a71d69fccf07165d4b6059b9db878ba520418e,,https://huggingface.co/datasets/superkaiba1/explore-persona-space-data/blob/a5cf03bbe4807361a74c427a46ad329065f75e30/issue2569_theory/third_family/raw_completions/olmo_seed42/raw_completions/shard00032.json,https://huggingface.co/datasets/superkaiba1/explore-persona-space-data/resolve/a5cf03bbe4807361a74c427a46ad329065f75e30/issue2569_theory/third_family/raw_completions/olmo_seed42/raw_completions/shard00032.json
issue2569_theory,issue2569_theory/third_family/raw_completions/olmo_seed42/raw_completions/shard00033.json,690758,a5cf03bbe4807361a74c427a46ad329065f75e30,74e32742ffba2a3d32ba77b7b79fc877509909e3,,https://huggingface.co/datasets/superkaiba1/explore-persona-space-data/blob/a5cf03bbe4807361a74c427a46ad329065f75e30/issue2569_theory/third_family/raw_completions/olmo_seed42/raw_completions/shard00033.json,https://huggingface.co/datasets/superkaiba1/explore-persona-space-data/resolve/a5cf03bbe4807361a74c427a46ad329065f75e30/issue2569_theory/third_family/raw_completions/olmo_seed42/raw_completions/shard00033.json
issue2569_theory,issue2569_theory/third_family/raw_completions/olmo_seed42/raw_completions/shard00034.json,696151,a5cf03bbe4807361a74c427a46ad329065f75e30,1ab1aedcac30cfdc90843e56553ca1c5799f60fc,,https://huggingface.co/datasets/superkaiba1/explore-persona-space-data/blob/a5cf03bbe4807361a74c427a46ad329065f75e30/issue2569_theory/third_family/raw_completions/olmo_seed42/raw_completions/shard00034.json,https://huggingface.co/datasets/superkaiba1/explore-persona-space-data/resolve/a5cf03bbe4807361a74c427a46ad329065f75e30/issue2569_theory/third_family/raw_completions/olmo_seed42/raw_completions/shard00034.json
issue2569_theory,issue2569_theory/third_family/raw_completions/olmo_seed42/raw_completions/shard00035.json,663984,a5cf03bbe4807361a74c427a46ad329065f75e30,7f32d80a8dc0fc14af58238777a3711a71cb9968,,https://huggingface.co/datasets/superkaiba1/explore-persona-space-data/blob/a5cf03bbe4807361a74c427a46ad329065f75e30/issue2569_theory/third_family/raw_completions/olmo_seed42/raw_completions/shard00035.json,https://huggingface.co/datasets/superkaiba1/explore-persona-space-data/resolve/a5cf03bbe4807361a74c427a46ad329065f75e30/issue2569_theory/third_family/raw_completions/olmo_seed42/raw_completions/shard00035.json
issue2569_theory,issue2569_theory/third_family/raw_completions/olmo_seed42/raw_completions/shard00036.json,667887,a5cf03bbe4807361a74c427a46ad329065f75e30,a0ac658cd64b352fcd014b3a607a6b60d7a2dad5,,https://huggingface.co/datasets/superkaiba1/explore-persona-space-data/blob/a5cf03bbe4807361a74c427a46ad329065f75e30/issue2569_theory/third_family/raw_completions/olmo_seed42/raw_completions/shard00036.json,https://huggingface.co/datasets/superkaiba1/explore-persona-space-data/resolve/a5cf03bbe4807361a74c427a46ad329065f75e30/issue2569_theory/third_family/raw_completions/olmo_seed42/raw_completions/shard00036.json
issue2569_theory,issue2569_theory/third_family/raw_completions/olmo_seed42/raw_completions/shard00037.json,663875,a5cf03bbe4807361a74c427a46ad329065f75e30,826a5319148116e895494c9765abe1223197a2fc,,https://huggingface.co/datasets/superkaiba1/explore-persona-space-data/blob/a5cf03bbe4807361a74c427a46ad329065f75e30/issue2569_theory/third_family/raw_completions/olmo_seed42/raw_completions/shard00037.json,https://huggingface.co/datasets/superkaiba1/explore-persona-space-data/resolve/a5cf03bbe4807361a74c427a46ad329065f75e30/issue2569_theory/third_family/raw_completions/olmo_seed42/raw_completions/shard00037.json
issue2569_theory,issue2569_theory/third_family/raw_completions/olmo_seed42/raw_completions/shard00038.json,674530,a5cf03bbe4807361a74c427a46ad329065f75e30,3fb2a8186d732632526353caef29739f61ec9b27,,https://huggingface.co/datasets/superkaiba1/explore-persona-space-data/blob/a5cf03bbe4807361a74c427a46ad329065f75e30/issue2569_theory/third_family/raw_completions/olmo_seed42/raw_completions/shard00038.json,https://huggingface.co/datasets/superkaiba1/explore-persona-space-data/resolve/a5cf03bbe4807361a74c427a46ad329065f75e30/issue2569_theory/third_family/raw_completions/olmo_seed42/raw_completions/shard00038.json
issue2569_theory,issue2569_theory/third_family/raw_completions/olmo_seed42/raw_completions/shard00039.json,651035,a5cf03bbe4807361a74c427a46ad329065f75e30,8f9c01e5477ffeca8dd86319d33f1584ce4e30b7,,https://huggingface.co/datasets/superkaiba1/explore-persona-space-data/blob/a5cf03bbe4807361a74c427a46ad329065f75e30/issue2569_theory/third_family/raw_completions/olmo_seed42/raw_completions/shard00039.json,https://huggingface.co/datasets/superkaiba1/explore-persona-space-data/resolve/a5cf03bbe4807361a74c427a46ad329065f75e30/issue2569_theory/third_family/raw_completions/olmo_seed42/raw_completions/shard00039.json
issue2569_theory,issue2569_theory/third_family/raw_completions/olmo_seed42/raw_completions/shard00040.json,685093,a5cf03bbe4807361a74c427a46ad329065f75e30,67b098c13feb0074572cd1565df183b513ca6490,,https://huggingface.co/datasets/superkaiba1/explore-persona-space-data/blob/a5cf03bbe4807361a74c427a46ad329065f75e30/issue2569_theory/third_family/raw_completions/olmo_seed42/raw_completions/shard00040.json,https://huggingface.co/datasets/superkaiba1/explore-persona-space-data/resolve/a5cf03bbe4807361a74c427a46ad329065f75e30/issue2569_theory/third_family/raw_completions/olmo_seed42/raw_completions/shard00040.json
issue2569_theory,issue2569_theory/third_family/raw_completions/olmo_seed42/raw_completions/shard00041.json,598361,a5cf03bbe4807361a74c427a46ad329065f75e30,a827d96e281d9c12ba5bc4deb535d86473de0648,,https://huggingface.co/datasets/superkaiba1/explore-persona-space-data/blob/a5cf03bbe4807361a74c427a46ad329065f75e30/issue2569_theory/third_family/raw_completions/olmo_seed42/raw_completions/shard00041.json,https://huggingface.co/datasets/superkaiba1/explore-persona-space-data/resolve/a5cf03bbe4807361a74c427a46ad329065f75e30/issue2569_theory/third_family/raw_completions/olmo_seed42/raw_completions/shard00041.json
issue2569_theory,issue2569_theory/third_family/raw_completions/olmo_seed42/regime.json,578,a5cf03bbe4807361a74c427a46ad329065f75e30,a63a927940cc7b7926dd804809bdaed7f817de69,,https://huggingface.co/datasets/superkaiba1/explore-persona-space-data/blob/a5cf03bbe4807361a74c427a46ad329065f75e30/issue2569_theory/third_family/raw_completions/olmo_seed42/regime.json,https://huggingface.co/datasets/superkaiba1/explore-persona-space-data/resolve/a5cf03bbe4807361a74c427a46ad329065f75e30/issue2569_theory/third_family/raw_completions/olmo_seed42/regime.json
issue2569_theory,issue2569_theory/third_family/raw_completions/olmo_seed42_cap4096/audit.json,2308,a5cf03bbe4807361a74c427a46ad329065f75e30,39d1807eb3f4599f4b1bd42333d4046c509bada6,,https://huggingface.co/datasets/superkaiba1/explore-persona-space-data/blob/a5cf03bbe4807361a74c427a46ad329065f75e30/issue2569_theory/third_family/raw_completions/olmo_seed42_cap4096/audit.json,https://huggingface.co/datasets/superkaiba1/explore-persona-space-data/resolve/a5cf03bbe4807361a74c427a46ad329065f75e30/issue2569_theory/third_family/raw_completions/olmo_seed42_cap4096/audit.json
issue2569_theory,issue2569_theory/third_family/raw_completions/olmo_seed42_cap4096/raw_completions/shard00000.json,2107594,a5cf03bbe4807361a74c427a46ad329065f75e30,218d7be338e31f2edb8fd16b7a40e097db14c025,,https://huggingface.co/datasets/superkaiba1/explore-persona-space-data/blob/a5cf03bbe4807361a74c427a46ad329065f75e30/issue2569_theory/third_family/raw_completions/olmo_seed42_cap4096/raw_completions/shard00000.json,https://huggingface.co/datasets/superkaiba1/explore-persona-space-data/resolve/a5cf03bbe4807361a74c427a46ad329065f75e30/issue2569_theory/third_family/raw_completions/olmo_seed42_cap4096/raw_completions/shard00000.json
issue2569_theory,issue2569_theory/third_family/raw_completions/olmo_seed42_cap4096/raw_completions/shard00001.json,2130005,a5cf03bbe4807361a74c427a46ad329065f75e30,fc4fecf06e3ebcf33b877d75153ca1adff350bd8,,https://huggingface.co/datasets/superkaiba1/explore-persona-space-data/blob/a5cf03bbe4807361a74c427a46ad329065f75e30/issue2569_theory/third_family/raw_completions/olmo_seed42_cap4096/raw_completions/shard00001.json,https://huggingface.co/datasets/superkaiba1/explore-persona-space-data/resolve/a5cf03bbe4807361a74c427a46ad329065f75e30/issue2569_theory/third_family/raw_completions/olmo_seed42_cap4096/raw_completions/shard00001.json
issue2569_theory,issue2569_theory/third_family/raw_completions/olmo_seed42_cap4096/raw_completions/shard00002.json,2074754,a5cf03bbe4807361a74c427a46ad329065f75e30,f1edd90e2985f2d37bee4726dfe954f162552426,,https://huggingface.co/datasets/superkaiba1/explore-persona-space-data/blob/a5cf03bbe4807361a74c427a46ad329065f75e30/issue2569_theory/third_family/raw_completions/olmo_seed42_cap4096/raw_completions/shard00002.json,https://huggingface.co/datasets/superkaiba1/explore-persona-space-data/resolve/a5cf03bbe4807361a74c427a46ad329065f75e30/issue2569_theory/third_family/raw_completions/olmo_seed42_cap4096/raw_completions/shard00002.json
issue2569_theory,issue2569_theory/third_family/raw_completions/olmo_seed42_cap4096/raw_completions/shard00003.json,2159483,a5cf03bbe4807361a74c427a46ad329065f75e30,dff0be3d66558fccd98f6b17641f02b0841491d6,,https://huggingface.co/datasets/superkaiba1/explore-persona-space-data/blob/a5cf03bbe4807361a74c427a46ad329065f75e30/issue2569_theory/third_family/raw_completions/olmo_seed42_cap4096/raw_completions/shard00003.json,https://huggingface.co/datasets/superkaiba1/explore-persona-space-data/resolve/a5cf03bbe4807361a74c427a46ad329065f75e30/issue2569_theory/third_family/raw_completions/olmo_seed42_cap4096/raw_completions/shard00003.json
issue2569_theory,issue2569_theory/third_family/raw_completions/olmo_seed42_cap4096/raw_completions/shard00004.json,2031502,a5cf03bbe4807361a74c427a46ad329065f75e30,62fae1a12070ab6c374ed067eb0c9f70e2231aab,,https://huggingface.co/datasets/superkaiba1/explore-persona-space-data/blob/a5cf03bbe4807361a74c427a46ad329065f75e30/issue2569_theory/third_family/raw_completions/olmo_seed42_cap4096/raw_completions/shard00004.json,https://huggingface.co/datasets/superkaiba1/explore-persona-space-data/resolve/a5cf03bbe4807361a74c427a46ad329065f75e30/issue2569_theory/third_family/raw_completions/olmo_seed42_cap4096/raw_completions/shard00004.json
issue2569_theory,issue2569_theory/third_family/raw_completions/olmo_seed42_cap4096/raw_completions/shard00005.json,2106364,a5cf03bbe4807361a74c427a46ad329065f75e30,5ea7d5c450caec1abf3c9737eb344604b4a2130a,,https://huggingface.co/datasets/superkaiba1/explore-persona-space-data/blob/a5cf03bbe4807361a74c427a46ad329065f75e30/issue2569_theory/third_family/raw_completions/olmo_seed42_cap4096/raw_completions/shard00005.json,https://huggingface.co/datasets/superkaiba1/explore-persona-space-data/resolve/a5cf03bbe4807361a74c427a46ad329065f75e30/issue2569_theory/third_family/raw_completions/olmo_seed42_cap4096/raw_completions/shard00005.json
issue2569_theory,issue2569_theory/third_family/raw_completions/olmo_seed42_cap4096/raw_completions/shard00006.json,2046475,a5cf03bbe4807361a74c427a46ad329065f75e30,e1ae5e70e19c386a916dc045d20e28c19a30a4cf,,https://huggingface.co/datasets/superkaiba1/explore-persona-space-data/blob/a5cf03bbe4807361a74c427a46ad329065f75e30/issue2569_theory/third_family/raw_completions/olmo_seed42_cap4096/raw_completions/shard00006.json,https://huggingface.co/datasets/superkaiba1/explore-persona-space-data/resolve/a5cf03bbe4807361a74c427a46ad329065f75e30/issue2569_theory/third_family/raw_completions/olmo_seed42_cap4096/raw_completions/shard00006.json
issue2569_theory,issue2569_theory/third_family/raw_completions/olmo_seed42_cap4096/raw_completions/shard00007.json,2189257,a5cf03bbe4807361a74c427a46ad329065f75e30,de7911cca5385a669fd5cfdee862da86025936e1,,https://huggingface.co/datasets/superkaiba1/explore-persona-space-data/blob/a5cf03bbe4807361a74c427a46ad329065f75e30/issue2569_theory/third_family/raw_completions/olmo_seed42_cap4096/raw_completions/shard00007.json,https://huggingface.co/datasets/superkaiba1/explore-persona-space-data/resolve/a5cf03bbe4807361a74c427a46ad329065f75e30/issue2569_theory/third_family/raw_completions/olmo_seed42_cap4096/raw_completions/shard00007.json
issue2569_theory,issue2569_theory/third_family/raw_completions/olmo_seed42_cap4096/raw_completions/shard00008.json,1234907,a5cf03bbe4807361a74c427a46ad329065f75e30,1f2b36d357bb6436f791805c422bd3b57f489a66,,https://huggingface.co/datasets/superkaiba1/explore-persona-space-data/blob/a5cf03bbe4807361a74c427a46ad329065f75e30/issue2569_theory/third_family/raw_completions/olmo_seed42_cap4096/raw_completions/shard00008.json,https://huggingface.co/datasets/superkaiba1/explore-persona-space-data/resolve/a5cf03bbe4807361a74c427a46ad329065f75e30/issue2569_theory/third_family/raw_completions/olmo_seed42_cap4096/raw_completions/shard00008.json
issue2569_theory,issue2569_theory/third_family/raw_completions/olmo_seed42_cap4096/regime.json,586,a5cf03bbe4807361a74c427a46ad329065f75e30,81c2752ac254bb7c3cee7b37fe457364b9d152b3,,https://huggingface.co/datasets/superkaiba1/explore-persona-space-data/blob/a5cf03bbe4807361a74c427a46ad329065f75e30/issue2569_theory/third_family/raw_completions/olmo_seed42_cap4096/regime.json,https://huggingface.co/datasets/superkaiba1/explore-persona-space-data/resolve/a5cf03bbe4807361a74c427a46ad329065f75e30/issue2569_theory/third_family/raw_completions/olmo_seed42_cap4096/regime.json
issue2569_theory,issue2569_theory/third_family/results/third_family_summary.json,2775280,a5cf03bbe4807361a74c427a46ad329065f75e30,bc576055c45caa3a88f9df0e457636bb43c244e3,,https://huggingface.co/datasets/superkaiba1/explore-persona-space-data/blob/a5cf03bbe4807361a74c427a46ad329065f75e30/issue2569_theory/third_family/results/third_family_summary.json,https://huggingface.co/datasets/superkaiba1/explore-persona-space-data/resolve/a5cf03bbe4807361a74c427a46ad329065f75e30/issue2569_theory/third_family/results/third_family_summary.json
issue2569_theory,issue2569_theory/third_family/results/upload_manifest.json,5463,a5cf03bbe4807361a74c427a46ad329065f75e30,64f710d16021214d8fce712885d6f09e2fdb16bd,,https://huggingface.co/datasets/superkaiba1/explore-persona-space-data/blob/a5cf03bbe4807361a74c427a46ad329065f75e30/issue2569_theory/third_family/results/upload_manifest.json,https://huggingface.co/datasets/superkaiba1/explore-persona-space-data/resolve/a5cf03bbe4807361a74c427a46ad329065f75e30/issue2569_theory/third_family/results/upload_manifest.json
issue2569_theory,issue2569_theory/third_family/source_candidate/source_manifest.json,694,a5cf03bbe4807361a74c427a46ad329065f75e30,ab5fae9ab89bfaf3db048cae0f679761c4f2165c,,https://huggingface.co/datasets/superkaiba1/explore-persona-space-data/blob/a5cf03bbe4807361a74c427a46ad329065f75e30/issue2569_theory/third_family/source_candidate/source_manifest.json,https://huggingface.co/datasets/superkaiba1/explore-persona-space-data/resolve/a5cf03bbe4807361a74c427a46ad329065f75e30/issue2569_theory/third_family/source_candidate/source_manifest.json
issue2569_theory,issue2569_theory/third_family/source_qwen/selection_meta.json,553,a5cf03bbe4807361a74c427a46ad329065f75e30,4cbbb4ec4337aaafb92a8e32f1c3dfcccd709ac0,,https://huggingface.co/datasets/superkaiba1/explore-persona-space-data/blob/a5cf03bbe4807361a74c427a46ad329065f75e30/issue2569_theory/third_family/source_qwen/selection_meta.json,https://huggingface.co/datasets/superkaiba1/explore-persona-space-data/resolve/a5cf03bbe4807361a74c427a46ad329065f75e30/issue2569_theory/third_family/source_qwen/selection_meta.json
issue2569_theory,issue2569_theory/third_family/source_qwen/texts_processed.json,54556,a5cf03bbe4807361a74c427a46ad329065f75e30,72f3b868eee176d76a485a9d4ddf6b05f7698c6c,,https://huggingface.co/datasets/superkaiba1/explore-persona-space-data/blob/a5cf03bbe4807361a74c427a46ad329065f75e30/issue2569_theory/third_family/source_qwen/texts_processed.json,https://huggingface.co/datasets/superkaiba1/explore-persona-space-data/resolve/a5cf03bbe4807361a74c427a46ad329065f75e30/issue2569_theory/third_family/source_qwen/texts_processed.json
issue952_position_divergence/followups/china_refusal_wording_withholding_v2,issue952_position_divergence/followups/china_refusal_wording_withholding_v2/attempt1/analysis_tensors/va_00000_00720.pt,31068079,a5cf03bbe4807361a74c427a46ad329065f75e30,f20e64273209c58af4cba1d7f12a17170823b272,013cb51debcac028411d3387953ae3a3caaa60687403420b39049ea78749c9d7,https://huggingface.co/datasets/superkaiba1/explore-persona-space-data/blob/a5cf03bbe4807361a74c427a46ad329065f75e30/issue952_position_divergence/followups/china_refusal_wording_withholding_v2/attempt1/analysis_tensors/va_00000_00720.pt,https://huggingface.co/datasets/superkaiba1/explore-persona-space-data/resolve/a5cf03bbe4807361a74c427a46ad329065f75e30/issue952_position_divergence/followups/china_refusal_wording_withholding_v2/attempt1/analysis_tensors/va_00000_00720.pt
issue952_position_divergence/followups/china_refusal_wording_withholding_v2,issue952_position_divergence/followups/china_refusal_wording_withholding_v2/attempt1/analysis_tensors/va_00720_01440.pt,31068591,a5cf03bbe4807361a74c427a46ad329065f75e30,cd5cac4d7ae2c3729703b68e8d8cd441e04db499,2c18362a4d0ffd4b4a1f515b861c94117e1a9fdd82d3ade916a7200b705660e3,https://huggingface.co/datasets/superkaiba1/explore-persona-space-data/blob/a5cf03bbe4807361a74c427a46ad329065f75e30/issue952_position_divergence/followups/china_refusal_wording_withholding_v2/attempt1/analysis_tensors/va_00720_01440.pt,https://huggingface.co/datasets/superkaiba1/explore-persona-space-data/resolve/a5cf03bbe4807361a74c427a46ad329065f75e30/issue952_position_divergence/followups/china_refusal_wording_withholding_v2/attempt1/analysis_tensors/va_00720_01440.pt
issue952_position_divergence/followups/china_refusal_wording_withholding_v2,issue952_position_divergence/followups/china_refusal_wording_withholding_v2/attempt1/analysis_tensors/va_01440_02160.pt,31068591,a5cf03bbe4807361a74c427a46ad329065f75e30,658899de4a0db9cd245dfdc943ad05fe32cae87c,be86d385606a71e404171bd3b82a9bdf5b40e17343529ad83b735d2dbfabd637,https://huggingface.co/datasets/superkaiba1/explore-persona-space-data/blob/a5cf03bbe4807361a74c427a46ad329065f75e30/issue952_position_divergence/followups/china_refusal_wording_withholding_v2/attempt1/analysis_tensors/va_01440_02160.pt,https://huggingface.co/datasets/superkaiba1/explore-persona-space-data/resolve/a5cf03bbe4807361a74c427a46ad329065f75e30/issue952_position_divergence/followups/china_refusal_wording_withholding_v2/attempt1/analysis_tensors/va_01440_02160.pt
issue952_position_divergence/followups/china_refusal_wording_withholding_v2,issue952_position_divergence/followups/china_refusal_wording_withholding_v2/attempt1/analysis_tensors/va_02160_02880.pt,31067951,a5cf03bbe4807361a74c427a46ad329065f75e30,9896ffc2ff38d250d143ba6311d627e34536d5c2,6a01e1cbe12c30d04eabb1fab24ed3a9f69da0695e0c6b107358ec8cf2c5ab2b,https://huggingface.co/datasets/superkaiba1/explore-persona-space-data/blob/a5cf03bbe4807361a74c427a46ad329065f75e30/issue952_position_divergence/followups/china_refusal_wording_withholding_v2/attempt1/analysis_tensors/va_02160_02880.pt,https://huggingface.co/datasets/superkaiba1/explore-persona-space-data/resolve/a5cf03bbe4807361a74c427a46ad329065f75e30/issue952_position_divergence/followups/china_refusal_wording_withholding_v2/attempt1/analysis_tensors/va_02160_02880.pt
issue952_position_divergence/followups/china_refusal_wording_withholding_v2,issue952_position_divergence/followups/china_refusal_wording_withholding_v2/attempt1/analysis_tensors/va_02880_03600.pt,31068271,a5cf03bbe4807361a74c427a46ad329065f75e30,f7930e071a354366f005b55014ba45d6edbca7ef,c23416b31d8f90f74b44ef682a77ab072dd26e1563eca8033d2d70551df51dc7,https://huggingface.co/datasets/superkaiba1/explore-persona-space-data/blob/a5cf03bbe4807361a74c427a46ad329065f75e30/issue952_position_divergence/followups/china_refusal_wording_withholding_v2/attempt1/analysis_tensors/va_02880_03600.pt,https://huggingface.co/datasets/superkaiba1/explore-persona-space-data/resolve/a5cf03bbe4807361a74c427a46ad329065f75e30/issue952_position_divergence/followups/china_refusal_wording_withholding_v2/attempt1/analysis_tensors/va_02880_03600.pt
issue952_position_divergence/followups/china_refusal_wording_withholding_v2,issue952_position_divergence/followups/china_refusal_wording_withholding_v2/attempt1/analysis_tensors/va_03600_04320.pt,31068271,a5cf03bbe4807361a74c427a46ad329065f75e30,df86031bd7c46c6ed6b1ee38d386d24866b9f9b2,b55e38926b70e216c63de420503bf5586f949c9fb0f6835d3ac93fb85bd1673b,https://huggingface.co/datasets/superkaiba1/explore-persona-space-data/blob/a5cf03bbe4807361a74c427a46ad329065f75e30/issue952_position_divergence/followups/china_refusal_wording_withholding_v2/attempt1/analysis_tensors/va_03600_04320.pt,https://huggingface.co/datasets/superkaiba1/explore-persona-space-data/resolve/a5cf03bbe4807361a74c427a46ad329065f75e30/issue952_position_divergence/followups/china_refusal_wording_withholding_v2/attempt1/analysis_tensors/va_03600_04320.pt
issue952_position_divergence/followups/china_refusal_wording_withholding_v2,issue952_position_divergence/followups/china_refusal_wording_withholding_v2/attempt1/analysis_tensors/va_04320_05040.pt,31068591,a5cf03bbe4807361a74c427a46ad329065f75e30,1ef5b2f3e9c7a08073617a10dbee94116f2de6e7,01719f1962221acfdcdc8605e9c89cb5bba26aef48d7c5fcb28843053115d7a8,https://huggingface.co/datasets/superkaiba1/explore-persona-space-data/blob/a5cf03bbe4807361a74c427a46ad329065f75e30/issue952_position_divergence/followups/china_refusal_wording_withholding_v2/attempt1/analysis_tensors/va_04320_05040.pt,https://huggingface.co/datasets/superkaiba1/explore-persona-space-data/resolve/a5cf03bbe4807361a74c427a46ad329065f75e30/issue952_position_divergence/followups/china_refusal_wording_withholding_v2/attempt1/analysis_tensors/va_04320_05040.pt
issue952_position_divergence/followups/china_refusal_wording_withholding_v2,issue952_position_divergence/followups/china_refusal_wording_withholding_v2/attempt1/analysis_tensors/va_05040_05760.pt,31067695,a5cf03bbe4807361a74c427a46ad329065f75e30,31d2d96b05c6b16b5de2bf32b5ba4ce8f457d5d4,81047c6fb4cd66b638c8b38009328335ef1d5731045c2f859f76348bf630ca54,https://huggingface.co/datasets/superkaiba1/explore-persona-space-data/blob/a5cf03bbe4807361a74c427a46ad329065f75e30/issue952_position_divergence/followups/china_refusal_wording_withholding_v2/attempt1/analysis_tensors/va_05040_05760.pt,https://huggingface.co/datasets/superkaiba1/explore-persona-space-data/resolve/a5cf03bbe4807361a74c427a46ad329065f75e30/issue952_position_divergence/followups/china_refusal_wording_withholding_v2/attempt1/analysis_tensors/va_05040_05760.pt
issue952_position_divergence/followups/china_refusal_wording_withholding_v2,issue952_position_divergence/followups/china_refusal_wording_withholding_v2/attempt1/analysis_tensors/va_05760_06480.pt,31067631,a5cf03bbe4807361a74c427a46ad329065f75e30,d964efb4b45bc53c3d51c6f3935d0fa154f4ef46,7ddad4c7c57f6eaeed0347c2d00dce72772b7e97f87fcd07f278d26243764fb7,https://huggingface.co/datasets/superkaiba1/explore-persona-space-data/blob/a5cf03bbe4807361a74c427a46ad329065f75e30/issue952_position_divergence/followups/china_refusal_wording_withholding_v2/attempt1/analysis_tensors/va_05760_06480.pt,https://huggingface.co/datasets/superkaiba1/explore-persona-space-data/resolve/a5cf03bbe4807361a74c427a46ad329065f75e30/issue952_position_divergence/followups/china_refusal_wording_withholding_v2/attempt1/analysis_tensors/va_05760_06480.pt
issue952_position_divergence/followups/china_refusal_wording_withholding_v2,issue952_position_divergence/followups/china_refusal_wording_withholding_v2/attempt1/analysis_tensors/va_06480_07200.pt,31068207,a5cf03bbe4807361a74c427a46ad329065f75e30,6f7f14eba7f8429cc65f56dc5c888b16ec697d37,033c7c5676b4645dbdde9744100754ee7b6194cbc65686bf16bca324b4edaf38,https://huggingface.co/datasets/superkaiba1/explore-persona-space-data/blob/a5cf03bbe4807361a74c427a46ad329065f75e30/issue952_position_divergence/followups/china_refusal_wording_withholding_v2/attempt1/analysis_tensors/va_06480_07200.pt,https://huggingface.co/datasets/superkaiba1/explore-persona-space-data/resolve/a5cf03bbe4807361a74c427a46ad329065f75e30/issue952_position_divergence/followups/china_refusal_wording_withholding_v2/attempt1/analysis_tensors/va_06480_07200.pt
issue952_position_divergence/followups/china_refusal_wording_withholding_v2,issue952_position_divergence/followups/china_refusal_wording_withholding_v2/attempt1/analysis_tensors/va_07200_07920.pt,31068527,a5cf03bbe4807361a74c427a46ad329065f75e30,350fd60192b7723698b54a56e70cf8e6bb37f863,b5009acb0f1a2113fadbc9c52815cc6436c1dfc04b6dd1ba77b7425f56c22f03,https://huggingface.co/datasets/superkaiba1/explore-persona-space-data/blob/a5cf03bbe4807361a74c427a46ad329065f75e30/issue952_position_divergence/followups/china_refusal_wording_withholding_v2/attempt1/analysis_tensors/va_07200_07920.pt,https://huggingface.co/datasets/superkaiba1/explore-persona-space-data/resolve/a5cf03bbe4807361a74c427a46ad329065f75e30/issue952_position_divergence/followups/china_refusal_wording_withholding_v2/attempt1/analysis_tensors/va_07200_07920.pt
issue952_position_divergence/followups/china_refusal_wording_withholding_v2,issue952_position_divergence/followups/china_refusal_wording_withholding_v2/attempt1/analysis_tensors/va_07920_08640.pt,31068335,a5cf03bbe4807361a74c427a46ad329065f75e30,ee975918c7479e216df1d04b92bd40b32f4f0dbe,04962c69ca1b191e893d2040f064842b391db5eececbae8812efccb82c2b9d53,https://huggingface.co/datasets/superkaiba1/explore-persona-space-data/blob/a5cf03bbe4807361a74c427a46ad329065f75e30/issue952_position_divergence/followups/china_refusal_wording_withholding_v2/attempt1/analysis_tensors/va_07920_08640.pt,https://huggingface.co/datasets/superkaiba1/explore-persona-space-data/resolve/a5cf03bbe4807361a74c427a46ad329065f75e30/issue952_position_divergence/followups/china_refusal_wording_withholding_v2/attempt1/analysis_tensors/va_07920_08640.pt
issue952_position_divergence/followups/china_refusal_wording_withholding_v2,issue952_position_divergence/followups/china_refusal_wording_withholding_v2/attempt1/analysis_tensors/va_08640_09360.pt,31068271,a5cf03bbe4807361a74c427a46ad329065f75e30,a933ad1a79dea0ce9edcf1ac75ceb91eb0264b92,f7345260f51def91f4434b5e00fe6e1ddc937ff1ead6816a2fe727059f604bb1,https://huggingface.co/datasets/superkaiba1/explore-persona-space-data/blob/a5cf03bbe4807361a74c427a46ad329065f75e30/issue952_position_divergence/followups/china_refusal_wording_withholding_v2/attempt1/analysis_tensors/va_08640_09360.pt,https://huggingface.co/datasets/superkaiba1/explore-persona-space-data/resolve/a5cf03bbe4807361a74c427a46ad329065f75e30/issue952_position_divergence/followups/china_refusal_wording_withholding_v2/attempt1/analysis_tensors/va_08640_09360.pt
issue952_position_divergence/followups/china_refusal_wording_withholding_v2,issue952_position_divergence/followups/china_refusal_wording_withholding_v2/attempt1/analysis_tensors/va_09360_10080.pt,31068271,a5cf03bbe4807361a74c427a46ad329065f75e30,eebb6027ab43c16bc925aac71a1ba6ab7fcc2665,da5ad9e3b995cb277f50f29a2119ce2ac25be19f18558651098c591a9fb54388,https://huggingface.co/datasets/superkaiba1/explore-persona-space-data/blob/a5cf03bbe4807361a74c427a46ad329065f75e30/issue952_position_divergence/followups/china_refusal_wording_withholding_v2/attempt1/analysis_tensors/va_09360_10080.pt,https://huggingface.co/datasets/superkaiba1/explore-persona-space-data/resolve/a5cf03bbe4807361a74c427a46ad329065f75e30/issue952_position_divergence/followups/china_refusal_wording_withholding_v2/attempt1/analysis_tensors/va_09360_10080.pt
issue952_position_divergence/followups/china_refusal_wording_withholding_v2,issue952_position_divergence/followups/china_refusal_wording_withholding_v2/attempt1/analysis_tensors/va_10080_10800.pt,31068399,a5cf03bbe4807361a74c427a46ad329065f75e30,ab35db788076d26bccb7fd3f5e68cf3b067bf1ed,6df743c2e955de0a336c699ec2f464245865c3be20383ea1215dd837fef1d37f,https://huggingface.co/datasets/superkaiba1/explore-persona-space-data/blob/a5cf03bbe4807361a74c427a46ad329065f75e30/issue952_position_divergence/followups/china_refusal_wording_withholding_v2/attempt1/analysis_tensors/va_10080_10800.pt,https://huggingface.co/datasets/superkaiba1/explore-persona-space-data/resolve/a5cf03bbe4807361a74c427a46ad329065f75e30/issue952_position_divergence/followups/china_refusal_wording_withholding_v2/attempt1/analysis_tensors/va_10080_10800.pt
issue952_position_divergence/followups/china_refusal_wording_withholding_v2,issue952_position_divergence/followups/china_refusal_wording_withholding_v2/attempt1/analysis_tensors/va_10800_10880.pt,3454959,a5cf03bbe4807361a74c427a46ad329065f75e30,628d662bb58abd9ee0a9b8fce4eb2529de91f9b9,70f48d35a846e7ad4961cc49fd0279e893f4d80d0684b61648118b5dec641995,https://huggingface.co/datasets/superkaiba1/explore-persona-space-data/blob/a5cf03bbe4807361a74c427a46ad329065f75e30/issue952_position_divergence/followups/china_refusal_wording_withholding_v2/attempt1/analysis_tensors/va_10800_10880.pt,https://huggingface.co/datasets/superkaiba1/explore-persona-space-data/resolve/a5cf03bbe4807361a74c427a46ad329065f75e30/issue952_position_divergence/followups/china_refusal_wording_withholding_v2/attempt1/analysis_tensors/va_10800_10880.pt
issue952_position_divergence/followups/china_refusal_wording_withholding_v2,issue952_position_divergence/followups/china_refusal_wording_withholding_v2/attempt1/analysis_tensors/vc.pt,58559579,a5cf03bbe4807361a74c427a46ad329065f75e30,121ecda924221a32f44a514d6b662a46d83ec0b5,ff86d4760f05bd295253fa2a9f5deaf87dc6b1236d3474fd50c9c43c18b9d702,https://huggingface.co/datasets/superkaiba1/explore-persona-space-data/blob/a5cf03bbe4807361a74c427a46ad329065f75e30/issue952_position_divergence/followups/china_refusal_wording_withholding_v2/attempt1/analysis_tensors/vc.pt,https://huggingface.co/datasets/superkaiba1/explore-persona-space-data/resolve/a5cf03bbe4807361a74c427a46ad329065f75e30/issue952_position_divergence/followups/china_refusal_wording_withholding_v2/attempt1/analysis_tensors/vc.pt
issue952_position_divergence/followups/china_refusal_wording_withholding_v2,issue952_position_divergence/followups/china_refusal_wording_withholding_v2/attempt1/gpu_completion_text/archive.part0000.jsonl,8839202,a5cf03bbe4807361a74c427a46ad329065f75e30,1da61e5e274ee35ae01f1fd4a64ddb17fb0167ef,,https://huggingface.co/datasets/superkaiba1/explore-persona-space-data/blob/a5cf03bbe4807361a74c427a46ad329065f75e30/issue952_position_divergence/followups/china_refusal_wording_withholding_v2/attempt1/gpu_completion_text/archive.part0000.jsonl,https://huggingface.co/datasets/superkaiba1/explore-persona-space-data/resolve/a5cf03bbe4807361a74c427a46ad329065f75e30/issue952_position_divergence/followups/china_refusal_wording_withholding_v2/attempt1/gpu_completion_text/archive.part0000.jsonl
issue952_position_divergence/followups/china_refusal_wording_withholding_v2,issue952_position_divergence/followups/china_refusal_wording_withholding_v2/attempt1/gpu_completion_text/archive.part0001.jsonl,8867160,a5cf03bbe4807361a74c427a46ad329065f75e30,206a2cf0fc80b7ac8eccaf5b809317a30450b9d9,,https://huggingface.co/datasets/superkaiba1/explore-persona-space-data/blob/a5cf03bbe4807361a74c427a46ad329065f75e30/issue952_position_divergence/followups/china_refusal_wording_withholding_v2/attempt1/gpu_completion_text/archive.part0001.jsonl,https://huggingface.co/datasets/superkaiba1/explore-persona-space-data/resolve/a5cf03bbe4807361a74c427a46ad329065f75e30/issue952_position_divergence/followups/china_refusal_wording_withholding_v2/attempt1/gpu_completion_text/archive.part0001.jsonl
issue952_position_divergence/followups/china_refusal_wording_withholding_v2,issue952_position_divergence/followups/china_refusal_wording_withholding_v2/attempt1/gpu_completion_text/archive.part0002.jsonl,8938545,a5cf03bbe4807361a74c427a46ad329065f75e30,8130126134da4d1b0a931ca9e6a5332bf5920b29,,https://huggingface.co/datasets/superkaiba1/explore-persona-space-data/blob/a5cf03bbe4807361a74c427a46ad329065f75e30/issue952_position_divergence/followups/china_refusal_wording_withholding_v2/attempt1/gpu_completion_text/archive.part0002.jsonl,https://huggingface.co/datasets/superkaiba1/explore-persona-space-data/resolve/a5cf03bbe4807361a74c427a46ad329065f75e30/issue952_position_divergence/followups/china_refusal_wording_withholding_v2/attempt1/gpu_completion_text/archive.part0002.jsonl
issue952_position_divergence/followups/china_refusal_wording_withholding_v2,issue952_position_divergence/followups/china_refusal_wording_withholding_v2/attempt1/gpu_completion_text/archive.part0003.jsonl,8915667,a5cf03bbe4807361a74c427a46ad329065f75e30,cff5e275160ac2adf791a34a305541ceaef36357,,https://huggingface.co/datasets/superkaiba1/explore-persona-space-data/blob/a5cf03bbe4807361a74c427a46ad329065f75e30/issue952_position_divergence/followups/china_refusal_wording_withholding_v2/attempt1/gpu_completion_text/archive.part0003.jsonl,https://huggingface.co/datasets/superkaiba1/explore-persona-space-data/resolve/a5cf03bbe4807361a74c427a46ad329065f75e30/issue952_position_divergence/followups/china_refusal_wording_withholding_v2/attempt1/gpu_completion_text/archive.part0003.jsonl
issue952_position_divergence/followups/china_refusal_wording_withholding_v2,issue952_position_divergence/followups/china_refusal_wording_withholding_v2/attempt1/gpu_completion_text/archive.part0004.jsonl,8911496,a5cf03bbe4807361a74c427a46ad329065f75e30,1dce761c27b11023d40468c0d2daf038cb315ef4,,https://huggingface.co/datasets/superkaiba1/explore-persona-space-data/blob/a5cf03bbe4807361a74c427a46ad329065f75e30/issue952_position_divergence/followups/china_refusal_wording_withholding_v2/attempt1/gpu_completion_text/archive.part0004.jsonl,https://huggingface.co/datasets/superkaiba1/explore-persona-space-data/resolve/a5cf03bbe4807361a74c427a46ad329065f75e30/issue952_position_divergence/followups/china_refusal_wording_withholding_v2/attempt1/gpu_completion_text/archive.part0004.jsonl
issue952_position_divergence/followups/china_refusal_wording_withholding_v2,issue952_position_divergence/followups/china_refusal_wording_withholding_v2/attempt1/gpu_completion_text/archive.part0005.jsonl,8944744,a5cf03bbe4807361a74c427a46ad329065f75e30,dc90d1682981295b93a696c24f4286ddf31f3935,,https://huggingface.co/datasets/superkaiba1/explore-persona-space-data/blob/a5cf03bbe4807361a74c427a46ad329065f75e30/issue952_position_divergence/followups/china_refusal_wording_withholding_v2/attempt1/gpu_completion_text/archive.part0005.jsonl,https://huggingface.co/datasets/superkaiba1/explore-persona-space-data/resolve/a5cf03bbe4807361a74c427a46ad329065f75e30/issue952_position_divergence/followups/china_refusal_wording_withholding_v2/attempt1/gpu_completion_text/archive.part0005.jsonl
issue952_position_divergence/followups/china_refusal_wording_withholding_v2,issue952_position_divergence/followups/china_refusal_wording_withholding_v2/attempt1/gpu_completion_text/archive.part0006.jsonl,8995875,a5cf03bbe4807361a74c427a46ad329065f75e30,d2cb4a16c3477c419a36fd0804dbfe7bf0c7ab96,,https://huggingface.co/datasets/superkaiba1/explore-persona-space-data/blob/a5cf03bbe4807361a74c427a46ad329065f75e30/issue952_position_divergence/followups/china_refusal_wording_withholding_v2/attempt1/gpu_completion_text/archive.part0006.jsonl,https://huggingface.co/datasets/superkaiba1/explore-persona-space-data/resolve/a5cf03bbe4807361a74c427a46ad329065f75e30/issue952_position_divergence/followups/china_refusal_wording_withholding_v2/attempt1/gpu_completion_text/archive.part0006.jsonl
issue952_position_divergence/followups/china_refusal_wording_withholding_v2,issue952_position_divergence/followups/china_refusal_wording_withholding_v2/attempt1/gpu_completion_text/archive.part0007.jsonl,8835135,a5cf03bbe4807361a74c427a46ad329065f75e30,7cb6e094d754c088924eb9fea73dfa3837e85d5a,,https://huggingface.co/datasets/superkaiba1/explore-persona-space-data/blob/a5cf03bbe4807361a74c427a46ad329065f75e30/issue952_position_divergence/followups/china_refusal_wording_withholding_v2/attempt1/gpu_completion_text/archive.part0007.jsonl,https://huggingface.co/datasets/superkaiba1/explore-persona-space-data/resolve/a5cf03bbe4807361a74c427a46ad329065f75e30/issue952_position_divergence/followups/china_refusal_wording_withholding_v2/attempt1/gpu_completion_text/archive.part0007.jsonl
issue952_position_divergence/followups/china_refusal_wording_withholding_v2,issue952_position_divergence/followups/china_refusal_wording_withholding_v2/attempt1/gpu_completion_text/archive.part0008.jsonl,8948325,a5cf03bbe4807361a74c427a46ad329065f75e30,d777d7ed6099fac0710c27be12e763df6251f847,,https://huggingface.co/datasets/superkaiba1/explore-persona-space-data/blob/a5cf03bbe4807361a74c427a46ad329065f75e30/issue952_position_divergence/followups/china_refusal_wording_withholding_v2/attempt1/gpu_completion_text/archive.part0008.jsonl,https://huggingface.co/datasets/superkaiba1/explore-persona-space-data/resolve/a5cf03bbe4807361a74c427a46ad329065f75e30/issue952_position_divergence/followups/china_refusal_wording_withholding_v2/attempt1/gpu_completion_text/archive.part0008.jsonl
issue952_position_divergence/followups/china_refusal_wording_withholding_v2,issue952_position_divergence/followups/china_refusal_wording_withholding_v2/attempt1/gpu_completion_text/archive.part0009.jsonl,8894339,a5cf03bbe4807361a74c427a46ad329065f75e30,af589314d091444149a76e2afc483d95d271dc40,,https://huggingface.co/datasets/superkaiba1/explore-persona-space-data/blob/a5cf03bbe4807361a74c427a46ad329065f75e30/issue952_position_divergence/followups/china_refusal_wording_withholding_v2/attempt1/gpu_completion_text/archive.part0009.jsonl,https://huggingface.co/datasets/superkaiba1/explore-persona-space-data/resolve/a5cf03bbe4807361a74c427a46ad329065f75e30/issue952_position_divergence/followups/china_refusal_wording_withholding_v2/attempt1/gpu_completion_text/archive.part0009.jsonl
issue952_position_divergence/followups/china_refusal_wording_withholding_v2,issue952_position_divergence/followups/china_refusal_wording_withholding_v2/attempt1/gpu_completion_text/archive.part0010.jsonl,8905639,a5cf03bbe4807361a74c427a46ad329065f75e30,760012f8f736d5bc5b32e1709deadf0de0bccf94,,https://huggingface.co/datasets/superkaiba1/explore-persona-space-data/blob/a5cf03bbe4807361a74c427a46ad329065f75e30/issue952_position_divergence/followups/china_refusal_wording_withholding_v2/attempt1/gpu_completion_text/archive.part0010.jsonl,https://huggingface.co/datasets/superkaiba1/explore-persona-space-data/resolve/a5cf03bbe4807361a74c427a46ad329065f75e30/issue952_position_divergence/followups/china_refusal_wording_withholding_v2/attempt1/gpu_completion_text/archive.part0010.jsonl
issue952_position_divergence/followups/china_refusal_wording_withholding_v2,issue952_position_divergence/followups/china_refusal_wording_withholding_v2/attempt1/gpu_completion_text/archive.part0011.jsonl,8898127,a5cf03bbe4807361a74c427a46ad329065f75e30,24599627630ded339a95fa3c53b091cf4c2b0a84,,https://huggingface.co/datasets/superkaiba1/explore-persona-space-data/blob/a5cf03bbe4807361a74c427a46ad329065f75e30/issue952_position_divergence/followups/china_refusal_wording_withholding_v2/attempt1/gpu_completion_text/archive.part0011.jsonl,https://huggingface.co/datasets/superkaiba1/explore-persona-space-data/resolve/a5cf03bbe4807361a74c427a46ad329065f75e30/issue952_position_divergence/followups/china_refusal_wording_withholding_v2/attempt1/gpu_completion_text/archive.part0011.jsonl
issue952_position_divergence/followups/china_refusal_wording_withholding_v2,issue952_position_divergence/followups/china_refusal_wording_withholding_v2/attempt1/gpu_completion_text/archive.part0012.jsonl,8917297,a5cf03bbe4807361a74c427a46ad329065f75e30,39752567e4f4113c34e2b714c1da1b0d43fc53db,,https://huggingface.co/datasets/superkaiba1/explore-persona-space-data/blob/a5cf03bbe4807361a74c427a46ad329065f75e30/issue952_position_divergence/followups/china_refusal_wording_withholding_v2/attempt1/gpu_completion_text/archive.part0012.jsonl,https://huggingface.co/datasets/superkaiba1/explore-persona-space-data/resolve/a5cf03bbe4807361a74c427a46ad329065f75e30/issue952_position_divergence/followups/china_refusal_wording_withholding_v2/attempt1/gpu_completion_text/archive.part0012.jsonl
issue952_position_divergence/followups/china_refusal_wording_withholding_v2,issue952_position_divergence/followups/china_refusal_wording_withholding_v2/attempt1/gpu_completion_text/archive.part0013.jsonl,8985635,a5cf03bbe4807361a74c427a46ad329065f75e30,da0b8d9e99b2f05e8f42e2dcba8cbbc99e8e2a29,,https://huggingface.co/datasets/superkaiba1/explore-persona-space-data/blob/a5cf03bbe4807361a74c427a46ad329065f75e30/issue952_position_divergence/followups/china_refusal_wording_withholding_v2/attempt1/gpu_completion_text/archive.part0013.jsonl,https://huggingface.co/datasets/superkaiba1/explore-persona-space-data/resolve/a5cf03bbe4807361a74c427a46ad329065f75e30/issue952_position_divergence/followups/china_refusal_wording_withholding_v2/attempt1/gpu_completion_text/archive.part0013.jsonl
issue952_position_divergence/followups/china_refusal_wording_withholding_v2,issue952_position_divergence/followups/china_refusal_wording_withholding_v2/attempt1/gpu_completion_text/archive.part0014.jsonl,8854866,a5cf03bbe4807361a74c427a46ad329065f75e30,2f8d178d3cb1037f063d855330752b0f39803172,,https://huggingface.co/datasets/superkaiba1/explore-persona-space-data/blob/a5cf03bbe4807361a74c427a46ad329065f75e30/issue952_position_divergence/followups/china_refusal_wording_withholding_v2/attempt1/gpu_completion_text/archive.part0014.jsonl,https://huggingface.co/datasets/superkaiba1/explore-persona-space-data/resolve/a5cf03bbe4807361a74c427a46ad329065f75e30/issue952_position_divergence/followups/china_refusal_wording_withholding_v2/attempt1/gpu_completion_text/archive.part0014.jsonl
issue952_position_divergence/followups/china_refusal_wording_withholding_v2,issue952_position_divergence/followups/china_refusal_wording_withholding_v2/attempt1/gpu_completion_text/archive.part0015.jsonl,8965615,a5cf03bbe4807361a74c427a46ad329065f75e30,f5220b676500736fc6a25db5b18ee5a1629b4b39,,https://huggingface.co/datasets/superkaiba1/explore-persona-space-data/blob/a5cf03bbe4807361a74c427a46ad329065f75e30/issue952_position_divergence/followups/china_refusal_wording_withholding_v2/attempt1/gpu_completion_text/archive.part0015.jsonl,https://huggingface.co/datasets/superkaiba1/explore-persona-space-data/resolve/a5cf03bbe4807361a74c427a46ad329065f75e30/issue952_position_divergence/followups/china_refusal_wording_withholding_v2/attempt1/gpu_completion_text/archive.part0015.jsonl
issue952_position_divergence/followups/china_refusal_wording_withholding_v2,issue952_position_divergence/followups/china_refusal_wording_withholding_v2/attempt1/gpu_completion_text/archive.part0016.jsonl,8990429,a5cf03bbe4807361a74c427a46ad329065f75e30,e8dbd0dd4eefa1ee59af30fabc0b77c241161491,,https://huggingface.co/datasets/superkaiba1/explore-persona-space-data/blob/a5cf03bbe4807361a74c427a46ad329065f75e30/issue952_position_divergence/followups/china_refusal_wording_withholding_v2/attempt1/gpu_completion_text/archive.part0016.jsonl,https://huggingface.co/datasets/superkaiba1/explore-persona-space-data/resolve/a5cf03bbe4807361a74c427a46ad329065f75e30/issue952_position_divergence/followups/china_refusal_wording_withholding_v2/attempt1/gpu_completion_text/archive.part0016.jsonl
issue952_position_divergence/followups/china_refusal_wording_withholding_v2,issue952_position_divergence/followups/china_refusal_wording_withholding_v2/attempt1/gpu_completion_text/archive.part0017.jsonl,8856062,a5cf03bbe4807361a74c427a46ad329065f75e30,c13a07ce45dd6a5753058064003a2998ff7cffb7,,https://huggingface.co/datasets/superkaiba1/explore-persona-space-data/blob/a5cf03bbe4807361a74c427a46ad329065f75e30/issue952_position_divergence/followups/china_refusal_wording_withholding_v2/attempt1/gpu_completion_text/archive.part0017.jsonl,https://huggingface.co/datasets/superkaiba1/explore-persona-space-data/resolve/a5cf03bbe4807361a74c427a46ad329065f75e30/issue952_position_divergence/followups/china_refusal_wording_withholding_v2/attempt1/gpu_completion_text/archive.part0017.jsonl
issue952_position_divergence/followups/china_refusal_wording_withholding_v2,issue952_position_divergence/followups/china_refusal_wording_withholding_v2/attempt1/gpu_completion_text/archive.part0018.jsonl,8869175,a5cf03bbe4807361a74c427a46ad329065f75e30,60321f24ae6fc717a5f9a1a88314c654e1e130ac,,https://huggingface.co/datasets/superkaiba1/explore-persona-space-data/blob/a5cf03bbe4807361a74c427a46ad329065f75e30/issue952_position_divergence/followups/china_refusal_wording_withholding_v2/attempt1/gpu_completion_text/archive.part0018.jsonl,https://huggingface.co/datasets/superkaiba1/explore-persona-space-data/resolve/a5cf03bbe4807361a74c427a46ad329065f75e30/issue952_position_divergence/followups/china_refusal_wording_withholding_v2/attempt1/gpu_completion_text/archive.part0018.jsonl
issue952_position_divergence/followups/china_refusal_wording_withholding_v2,issue952_position_divergence/followups/china_refusal_wording_withholding_v2/attempt1/gpu_completion_text/archive.part0019.jsonl,8929397,a5cf03bbe4807361a74c427a46ad329065f75e30,f87d3d8d613b28c4346fed40d9c5be4aa4f0c799,,https://huggingface.co/datasets/superkaiba1/explore-persona-space-data/blob/a5cf03bbe4807361a74c427a46ad329065f75e30/issue952_position_divergence/followups/china_refusal_wording_withholding_v2/attempt1/gpu_completion_text/archive.part0019.jsonl,https://huggingface.co/datasets/superkaiba1/explore-persona-space-data/resolve/a5cf03bbe4807361a74c427a46ad329065f75e30/issue952_position_divergence/followups/china_refusal_wording_withholding_v2/attempt1/gpu_completion_text/archive.part0019.jsonl
issue952_position_divergence/followups/china_refusal_wording_withholding_v2,issue952_position_divergence/followups/china_refusal_wording_withholding_v2/attempt1/gpu_completion_text/archive.part0020.jsonl,489078,a5cf03bbe4807361a74c427a46ad329065f75e30,3d12749de89b4fef3769b3d806af54e074ec3bf3,,https://huggingface.co/datasets/superkaiba1/explore-persona-space-data/blob/a5cf03bbe4807361a74c427a46ad329065f75e30/issue952_position_divergence/followups/china_refusal_wording_withholding_v2/attempt1/gpu_completion_text/archive.part0020.jsonl,https://huggingface.co/datasets/superkaiba1/explore-persona-space-data/resolve/a5cf03bbe4807361a74c427a46ad329065f75e30/issue952_position_divergence/followups/china_refusal_wording_withholding_v2/attempt1/gpu_completion_text/archive.part0020.jsonl
issue952_position_divergence/followups/china_refusal_wording_withholding_v2,issue952_position_divergence/followups/china_refusal_wording_withholding_v2/attempt1/gpu_completion_text/packed_manifest.json,15082,a5cf03bbe4807361a74c427a46ad329065f75e30,79cc394ee9298a2e599615a44cbe19cc62f77ccb,,https://huggingface.co/datasets/superkaiba1/explore-persona-space-data/blob/a5cf03bbe4807361a74c427a46ad329065f75e30/issue952_position_divergence/followups/china_refusal_wording_withholding_v2/attempt1/gpu_completion_text/packed_manifest.json,https://huggingface.co/datasets/superkaiba1/explore-persona-space-data/resolve/a5cf03bbe4807361a74c427a46ad329065f75e30/issue952_position_divergence/followups/china_refusal_wording_withholding_v2/attempt1/gpu_completion_text/packed_manifest.json
issue952_position_divergence/followups/china_refusal_wording_withholding_v2,issue952_position_divergence/followups/china_refusal_wording_withholding_v2/attempt1/issue952_china_definitive_done.json,199058,a5cf03bbe4807361a74c427a46ad329065f75e30,3dc56a448df6148e659bdbafd833a07f06aae664,,https://huggingface.co/datasets/superkaiba1/explore-persona-space-data/blob/a5cf03bbe4807361a74c427a46ad329065f75e30/issue952_position_divergence/followups/china_refusal_wording_withholding_v2/attempt1/issue952_china_definitive_done.json,https://huggingface.co/datasets/superkaiba1/explore-persona-space-data/resolve/a5cf03bbe4807361a74c427a46ad329065f75e30/issue952_position_divergence/followups/china_refusal_wording_withholding_v2/attempt1/issue952_china_definitive_done.json
issue952_position_divergence/followups/china_refusal_wording_withholding_v2,issue952_position_divergence/followups/china_refusal_wording_withholding_v2/attempt1/judge_checkpoints/checkpoint_20260908T2353Z/archive.part0000.jsonl,8872183,a5cf03bbe4807361a74c427a46ad329065f75e30,cccc6808e087b7a1d01e55fb9b15bcf9eb3a4249,,https://huggingface.co/datasets/superkaiba1/explore-persona-space-data/blob/a5cf03bbe4807361a74c427a46ad329065f75e30/issue952_position_divergence/followups/china_refusal_wording_withholding_v2/attempt1/judge_checkpoints/checkpoint_20260908T2353Z/archive.part0000.jsonl,https://huggingface.co/datasets/superkaiba1/explore-persona-space-data/resolve/a5cf03bbe4807361a74c427a46ad329065f75e30/issue952_position_divergence/followups/china_refusal_wording_withholding_v2/attempt1/judge_checkpoints/checkpoint_20260908T2353Z/archive.part0000.jsonl
issue952_position_divergence/followups/china_refusal_wording_withholding_v2,issue952_position_divergence/followups/china_refusal_wording_withholding_v2/attempt1/judge_checkpoints/checkpoint_20260908T2353Z/archive.part0001.jsonl,304661,a5cf03bbe4807361a74c427a46ad329065f75e30,f749993e7bfd27950a8fd236b36155665e2928bd,,https://huggingface.co/datasets/superkaiba1/explore-persona-space-data/blob/a5cf03bbe4807361a74c427a46ad329065f75e30/issue952_position_divergence/followups/china_refusal_wording_withholding_v2/attempt1/judge_checkpoints/checkpoint_20260908T2353Z/archive.part0001.jsonl,https://huggingface.co/datasets/superkaiba1/explore-persona-space-data/resolve/a5cf03bbe4807361a74c427a46ad329065f75e30/issue952_position_divergence/followups/china_refusal_wording_withholding_v2/attempt1/judge_checkpoints/checkpoint_20260908T2353Z/archive.part0001.jsonl
issue952_position_divergence/followups/china_refusal_wording_withholding_v2,issue952_position_divergence/followups/china_refusal_wording_withholding_v2/attempt1/judge_checkpoints/checkpoint_20260908T2353Z/packed_manifest.json,18322,a5cf03bbe4807361a74c427a46ad329065f75e30,91c92ce5720b21c45aa8ccbd0c9a75f1ac3a0108,,https://huggingface.co/datasets/superkaiba1/explore-persona-space-data/blob/a5cf03bbe4807361a74c427a46ad329065f75e30/issue952_position_divergence/followups/china_refusal_wording_withholding_v2/attempt1/judge_checkpoints/checkpoint_20260908T2353Z/packed_manifest.json,https://huggingface.co/datasets/superkaiba1/explore-persona-space-data/resolve/a5cf03bbe4807361a74c427a46ad329065f75e30/issue952_position_divergence/followups/china_refusal_wording_withholding_v2/attempt1/judge_checkpoints/checkpoint_20260908T2353Z/packed_manifest.json
issue952_position_divergence/followups/china_refusal_wording_withholding_v2,issue952_position_divergence/followups/china_refusal_wording_withholding_v2/attempt1/judge_checkpoints/prepared_bank/archive.part0000.jsonl,8970930,a5cf03bbe4807361a74c427a46ad329065f75e30,91cd7d94c2730830fea8e9f7bd766d3705b3c1c6,,https://huggingface.co/datasets/superkaiba1/explore-persona-space-data/blob/a5cf03bbe4807361a74c427a46ad329065f75e30/issue952_position_divergence/followups/china_refusal_wording_withholding_v2/attempt1/judge_checkpoints/prepared_bank/archive.part0000.jsonl,https://huggingface.co/datasets/superkaiba1/explore-persona-space-data/resolve/a5cf03bbe4807361a74c427a46ad329065f75e30/issue952_position_divergence/followups/china_refusal_wording_withholding_v2/attempt1/judge_checkpoints/prepared_bank/archive.part0000.jsonl
issue952_position_divergence/followups/china_refusal_wording_withholding_v2,issue952_position_divergence/followups/china_refusal_wording_withholding_v2/attempt1/judge_checkpoints/prepared_bank/archive.part0001.jsonl,8979744,a5cf03bbe4807361a74c427a46ad329065f75e30,fcbdf1849a1c6038583a837ae4424c4308588043,,https://huggingface.co/datasets/superkaiba1/explore-persona-space-data/blob/a5cf03bbe4807361a74c427a46ad329065f75e30/issue952_position_divergence/followups/china_refusal_wording_withholding_v2/attempt1/judge_checkpoints/prepared_bank/archive.part0001.jsonl,https://huggingface.co/datasets/superkaiba1/explore-persona-space-data/resolve/a5cf03bbe4807361a74c427a46ad329065f75e30/issue952_position_divergence/followups/china_refusal_wording_withholding_v2/attempt1/judge_checkpoints/prepared_bank/archive.part0001.jsonl
issue952_position_divergence/followups/china_refusal_wording_withholding_v2,issue952_position_divergence/followups/china_refusal_wording_withholding_v2/attempt1/judge_checkpoints/prepared_bank/archive.part0002.jsonl,8962580,a5cf03bbe4807361a74c427a46ad329065f75e30,84be79991491f49d2072f9fa59d50abfd0116558,,https://huggingface.co/datasets/superkaiba1/explore-persona-space-data/blob/a5cf03bbe4807361a74c427a46ad329065f75e30/issue952_position_divergence/followups/china_refusal_wording_withholding_v2/attempt1/judge_checkpoints/prepared_bank/archive.part0002.jsonl,https://huggingface.co/datasets/superkaiba1/explore-persona-space-data/resolve/a5cf03bbe4807361a74c427a46ad329065f75e30/issue952_position_divergence/followups/china_refusal_wording_withholding_v2/attempt1/judge_checkpoints/prepared_bank/archive.part0002.jsonl
issue952_position_divergence/followups/china_refusal_wording_withholding_v2,issue952_position_divergence/followups/china_refusal_wording_withholding_v2/attempt1/judge_checkpoints/prepared_bank/archive.part0003.jsonl,8972473,a5cf03bbe4807361a74c427a46ad329065f75e30,24227cd20706d0830117edabfaff57edf7672120,,https://huggingface.co/datasets/superkaiba1/explore-persona-space-data/blob/a5cf03bbe4807361a74c427a46ad329065f75e30/issue952_position_divergence/followups/china_refusal_wording_withholding_v2/attempt1/judge_checkpoints/prepared_bank/archive.part0003.jsonl,https://huggingface.co/datasets/superkaiba1/explore-persona-space-data/resolve/a5cf03bbe4807361a74c427a46ad329065f75e30/issue952_position_divergence/followups/china_refusal_wording_withholding_v2/attempt1/judge_checkpoints/prepared_bank/archive.part0003.jsonl
issue952_position_divergence/followups/china_refusal_wording_withholding_v2,issue952_position_divergence/followups/china_refusal_wording_withholding_v2/attempt1/judge_checkpoints/prepared_bank/archive.part0004.jsonl,6960603,a5cf03bbe4807361a74c427a46ad329065f75e30,88c9f5accc6950b9ec6a0972eccee28ffe7d1498,,https://huggingface.co/datasets/superkaiba1/explore-persona-space-data/blob/a5cf03bbe4807361a74c427a46ad329065f75e30/issue952_position_divergence/followups/china_refusal_wording_withholding_v2/attempt1/judge_checkpoints/prepared_bank/archive.part0004.jsonl,https://huggingface.co/datasets/superkaiba1/explore-persona-space-data/resolve/a5cf03bbe4807361a74c427a46ad329065f75e30/issue952_position_divergence/followups/china_refusal_wording_withholding_v2/attempt1/judge_checkpoints/prepared_bank/archive.part0004.jsonl
issue952_position_divergence/followups/china_refusal_wording_withholding_v2,issue952_position_divergence/followups/china_refusal_wording_withholding_v2/attempt1/judge_checkpoints/prepared_bank/packed_manifest.json,145322,a5cf03bbe4807361a74c427a46ad329065f75e30,8397d45dba8568b49770d1a6266c46360e8b148e,,https://huggingface.co/datasets/superkaiba1/explore-persona-space-data/blob/a5cf03bbe4807361a74c427a46ad329065f75e30/issue952_position_divergence/followups/china_refusal_wording_withholding_v2/attempt1/judge_checkpoints/prepared_bank/packed_manifest.json,https://huggingface.co/datasets/superkaiba1/explore-persona-space-data/resolve/a5cf03bbe4807361a74c427a46ad329065f75e30/issue952_position_divergence/followups/china_refusal_wording_withholding_v2/attempt1/judge_checkpoints/prepared_bank/packed_manifest.json
issue952_position_divergence/followups/china_refusal_wording_withholding_v2,issue952_position_divergence/followups/china_refusal_wording_withholding_v2/attempt1/judge_checkpoints/watch_0a9ab654408ebe4c0f015b9ce65b3194dd678b9692570d791d137d36960451a9/archive.part0000.jsonl,8968328,a5cf03bbe4807361a74c427a46ad329065f75e30,024139d649f2193809550c881b845ec4078ee484,,https://huggingface.co/datasets/superkaiba1/explore-persona-space-data/blob/a5cf03bbe4807361a74c427a46ad329065f75e30/issue952_position_divergence/followups/china_refusal_wording_withholding_v2/attempt1/judge_checkpoints/watch_0a9ab654408ebe4c0f015b9ce65b3194dd678b9692570d791d137d36960451a9/archive.part0000.jsonl,https://huggingface.co/datasets/superkaiba1/explore-persona-space-data/resolve/a5cf03bbe4807361a74c427a46ad329065f75e30/issue952_position_divergence/followups/china_refusal_wording_withholding_v2/attempt1/judge_checkpoints/watch_0a9ab654408ebe4c0f015b9ce65b3194dd678b9692570d791d137d36960451a9/archive.part0000.jsonl
issue952_position_divergence/followups/china_refusal_wording_withholding_v2,issue952_position_divergence/followups/china_refusal_wording_withholding_v2/attempt1/judge_checkpoints/watch_0a9ab654408ebe4c0f015b9ce65b3194dd678b9692570d791d137d36960451a9/archive.part0001.jsonl,3628987,a5cf03bbe4807361a74c427a46ad329065f75e30,cb08254920baa218880d2f965123c98227889b22,,https://huggingface.co/datasets/superkaiba1/explore-persona-space-data/blob/a5cf03bbe4807361a74c427a46ad329065f75e30/issue952_position_divergence/followups/china_refusal_wording_withholding_v2/attempt1/judge_checkpoints/watch_0a9ab654408ebe4c0f015b9ce65b3194dd678b9692570d791d137d36960451a9/archive.part0001.jsonl,https://huggingface.co/datasets/superkaiba1/explore-persona-space-data/resolve/a5cf03bbe4807361a74c427a46ad329065f75e30/issue952_position_divergence/followups/china_refusal_wording_withholding_v2/attempt1/judge_checkpoints/watch_0a9ab654408ebe4c0f015b9ce65b3194dd678b9692570d791d137d36960451a9/archive.part0001.jsonl
issue952_position_divergence/followups/china_refusal_wording_withholding_v2,issue952_position_divergence/followups/china_refusal_wording_withholding_v2/attempt1/judge_checkpoints/watch_0a9ab654408ebe4c0f015b9ce65b3194dd678b9692570d791d137d36960451a9/packed_manifest.json,51763,a5cf03bbe4807361a74c427a46ad329065f75e30,c293a7ba77c03999740f5d1d2785b0c3a82f84f4,,https://huggingface.co/datasets/superkaiba1/explore-persona-space-data/blob/a5cf03bbe4807361a74c427a46ad329065f75e30/issue952_position_divergence/followups/china_refusal_wording_withholding_v2/attempt1/judge_checkpoints/watch_0a9ab654408ebe4c0f015b9ce65b3194dd678b9692570d791d137d36960451a9/packed_manifest.json,https://huggingface.co/datasets/superkaiba1/explore-persona-space-data/resolve/a5cf03bbe4807361a74c427a46ad329065f75e30/issue952_position_divergence/followups/china_refusal_wording_withholding_v2/attempt1/judge_checkpoints/watch_0a9ab654408ebe4c0f015b9ce65b3194dd678b9692570d791d137d36960451a9/packed_manifest.json
issue952_position_divergence/followups/china_refusal_wording_withholding_v2,issue952_position_divergence/followups/china_refusal_wording_withholding_v2/attempt1/judge_checkpoints/watch_99f6a4313601dfc1dd7c7683a4c0305d83f5b374dbcbf89780a2461ff4b3698d/archive.part0000.jsonl,8900170,a5cf03bbe4807361a74c427a46ad329065f75e30,9779ca755e3c576e06250ed610167ebefd8af31d,,https://huggingface.co/datasets/superkaiba1/explore-persona-space-data/blob/a5cf03bbe4807361a74c427a46ad329065f75e30/issue952_position_divergence/followups/china_refusal_wording_withholding_v2/attempt1/judge_checkpoints/watch_99f6a4313601dfc1dd7c7683a4c0305d83f5b374dbcbf89780a2461ff4b3698d/archive.part0000.jsonl,https://huggingface.co/datasets/superkaiba1/explore-persona-space-data/resolve/a5cf03bbe4807361a74c427a46ad329065f75e30/issue952_position_divergence/followups/china_refusal_wording_withholding_v2/attempt1/judge_checkpoints/watch_99f6a4313601dfc1dd7c7683a4c0305d83f5b374dbcbf89780a2461ff4b3698d/archive.part0000.jsonl
issue952_position_divergence/followups/china_refusal_wording_withholding_v2,issue952_position_divergence/followups/china_refusal_wording_withholding_v2/attempt1/judge_checkpoints/watch_99f6a4313601dfc1dd7c7683a4c0305d83f5b374dbcbf89780a2461ff4b3698d/archive.part0001.jsonl,1750598,a5cf03bbe4807361a74c427a46ad329065f75e30,0d570054d14eba6c3c74896bd0f1332e666e521a,,https://huggingface.co/datasets/superkaiba1/explore-persona-space-data/blob/a5cf03bbe4807361a74c427a46ad329065f75e30/issue952_position_divergence/followups/china_refusal_wording_withholding_v2/attempt1/judge_checkpoints/watch_99f6a4313601dfc1dd7c7683a4c0305d83f5b374dbcbf89780a2461ff4b3698d/archive.part0001.jsonl,https://huggingface.co/datasets/superkaiba1/explore-persona-space-data/resolve/a5cf03bbe4807361a74c427a46ad329065f75e30/issue952_position_divergence/followups/china_refusal_wording_withholding_v2/attempt1/judge_checkpoints/watch_99f6a4313601dfc1dd7c7683a4c0305d83f5b374dbcbf89780a2461ff4b3698d/archive.part0001.jsonl
issue952_position_divergence/followups/china_refusal_wording_withholding_v2,issue952_position_divergence/followups/china_refusal_wording_withholding_v2/attempt1/judge_checkpoints/watch_99f6a4313601dfc1dd7c7683a4c0305d83f5b374dbcbf89780a2461ff4b3698d/packed_manifest.json,31831,a5cf03bbe4807361a74c427a46ad329065f75e30,0245d43c259b766d556c1ee465f638f08c3d2cdd,,https://huggingface.co/datasets/superkaiba1/explore-persona-space-data/blob/a5cf03bbe4807361a74c427a46ad329065f75e30/issue952_position_divergence/followups/china_refusal_wording_withholding_v2/attempt1/judge_checkpoints/watch_99f6a4313601dfc1dd7c7683a4c0305d83f5b374dbcbf89780a2461ff4b3698d/packed_manifest.json,https://huggingface.co/datasets/superkaiba1/explore-persona-space-data/resolve/a5cf03bbe4807361a74c427a46ad329065f75e30/issue952_position_divergence/followups/china_refusal_wording_withholding_v2/attempt1/judge_checkpoints/watch_99f6a4313601dfc1dd7c7683a4c0305d83f5b374dbcbf89780a2461ff4b3698d/packed_manifest.json
issue952_position_divergence/followups/china_refusal_wording_withholding_v2,issue952_position_divergence/followups/china_refusal_wording_withholding_v2/attempt1/judge_checkpoints/watch_a33d061215d4356a33739043164cd773a31b7f8a330525b7ecc79a3a27777762/archive.part0000.jsonl,8961150,a5cf03bbe4807361a74c427a46ad329065f75e30,30662cb513de7183c1aacbba24662f63bdc71fc0,,https://huggingface.co/datasets/superkaiba1/explore-persona-space-data/blob/a5cf03bbe4807361a74c427a46ad329065f75e30/issue952_position_divergence/followups/china_refusal_wording_withholding_v2/attempt1/judge_checkpoints/watch_a33d061215d4356a33739043164cd773a31b7f8a330525b7ecc79a3a27777762/archive.part0000.jsonl,https://huggingface.co/datasets/superkaiba1/explore-persona-space-data/resolve/a5cf03bbe4807361a74c427a46ad329065f75e30/issue952_position_divergence/followups/china_refusal_wording_withholding_v2/attempt1/judge_checkpoints/watch_a33d061215d4356a33739043164cd773a31b7f8a330525b7ecc79a3a27777762/archive.part0000.jsonl
issue952_position_divergence/followups/china_refusal_wording_withholding_v2,issue952_position_divergence/followups/china_refusal_wording_withholding_v2/attempt1/judge_checkpoints/watch_a33d061215d4356a33739043164cd773a31b7f8a330525b7ecc79a3a27777762/archive.part0001.jsonl,1605982,a5cf03bbe4807361a74c427a46ad329065f75e30,f93704b826558b0f82b1a9629e357abbc80c2370,,https://huggingface.co/datasets/superkaiba1/explore-persona-space-data/blob/a5cf03bbe4807361a74c427a46ad329065f75e30/issue952_position_divergence/followups/china_refusal_wording_withholding_v2/attempt1/judge_checkpoints/watch_a33d061215d4356a33739043164cd773a31b7f8a330525b7ecc79a3a27777762/archive.part0001.jsonl,https://huggingface.co/datasets/superkaiba1/explore-persona-space-data/resolve/a5cf03bbe4807361a74c427a46ad329065f75e30/issue952_position_divergence/followups/china_refusal_wording_withholding_v2/attempt1/judge_checkpoints/watch_a33d061215d4356a33739043164cd773a31b7f8a330525b7ecc79a3a27777762/archive.part0001.jsonl
issue952_position_divergence/followups/china_refusal_wording_withholding_v2,issue952_position_divergence/followups/china_refusal_wording_withholding_v2/attempt1/judge_checkpoints/watch_a33d061215d4356a33739043164cd773a31b7f8a330525b7ecc79a3a27777762/packed_manifest.json,31227,a5cf03bbe4807361a74c427a46ad329065f75e30,72f85bc46b29caa661095d5f7d3680b170b8ba98,,https://huggingface.co/datasets/superkaiba1/explore-persona-space-data/blob/a5cf03bbe4807361a74c427a46ad329065f75e30/issue952_position_divergence/followups/china_refusal_wording_withholding_v2/attempt1/judge_checkpoints/watch_a33d061215d4356a33739043164cd773a31b7f8a330525b7ecc79a3a27777762/packed_manifest.json,https://huggingface.co/datasets/superkaiba1/explore-persona-space-data/resolve/a5cf03bbe4807361a74c427a46ad329065f75e30/issue952_position_divergence/followups/china_refusal_wording_withholding_v2/attempt1/judge_checkpoints/watch_a33d061215d4356a33739043164cd773a31b7f8a330525b7ecc79a3a27777762/packed_manifest.json
issue952_position_divergence/followups/china_refusal_wording_withholding_v2,issue952_position_divergence/followups/china_refusal_wording_withholding_v2/attempt1/judge_checkpoints/watch_a94d9adaf51c0dba04b0af11fee673a771c6dd63b509e6e6403426f400c2fd8d/archive.part0000.jsonl,8861597,a5cf03bbe4807361a74c427a46ad329065f75e30,042dbc662773ea7756f6504294b3c39de646b139,,https://huggingface.co/datasets/superkaiba1/explore-persona-space-data/blob/a5cf03bbe4807361a74c427a46ad329065f75e30/issue952_position_divergence/followups/china_refusal_wording_withholding_v2/attempt1/judge_checkpoints/watch_a94d9adaf51c0dba04b0af11fee673a771c6dd63b509e6e6403426f400c2fd8d/archive.part0000.jsonl,https://huggingface.co/datasets/superkaiba1/explore-persona-space-data/resolve/a5cf03bbe4807361a74c427a46ad329065f75e30/issue952_position_divergence/followups/china_refusal_wording_withholding_v2/attempt1/judge_checkpoints/watch_a94d9adaf51c0dba04b0af11fee673a771c6dd63b509e6e6403426f400c2fd8d/archive.part0000.jsonl
issue952_position_divergence/followups/china_refusal_wording_withholding_v2,issue952_position_divergence/followups/china_refusal_wording_withholding_v2/attempt1/judge_checkpoints/watch_a94d9adaf51c0dba04b0af11fee673a771c6dd63b509e6e6403426f400c2fd8d/archive.part0001.jsonl,1750598,a5cf03bbe4807361a74c427a46ad329065f75e30,0d570054d14eba6c3c74896bd0f1332e666e521a,,https://huggingface.co/datasets/superkaiba1/explore-persona-space-data/blob/a5cf03bbe4807361a74c427a46ad329065f75e30/issue952_position_divergence/followups/china_refusal_wording_withholding_v2/attempt1/judge_checkpoints/watch_a94d9adaf51c0dba04b0af11fee673a771c6dd63b509e6e6403426f400c2fd8d/archive.part0001.jsonl,https://huggingface.co/datasets/superkaiba1/explore-persona-space-data/resolve/a5cf03bbe4807361a74c427a46ad329065f75e30/issue952_position_divergence/followups/china_refusal_wording_withholding_v2/attempt1/judge_checkpoints/watch_a94d9adaf51c0dba04b0af11fee673a771c6dd63b509e6e6403426f400c2fd8d/archive.part0001.jsonl
issue952_position_divergence/followups/china_refusal_wording_withholding_v2,issue952_position_divergence/followups/china_refusal_wording_withholding_v2/attempt1/judge_checkpoints/watch_a94d9adaf51c0dba04b0af11fee673a771c6dd63b509e6e6403426f400c2fd8d/packed_manifest.json,31831,a5cf03bbe4807361a74c427a46ad329065f75e30,cf90624a6968d44d339b93620fd599e94683f42d,,https://huggingface.co/datasets/superkaiba1/explore-persona-space-data/blob/a5cf03bbe4807361a74c427a46ad329065f75e30/issue952_position_divergence/followups/china_refusal_wording_withholding_v2/attempt1/judge_checkpoints/watch_a94d9adaf51c0dba04b0af11fee673a771c6dd63b509e6e6403426f400c2fd8d/packed_manifest.json,https://huggingface.co/datasets/superkaiba1/explore-persona-space-data/resolve/a5cf03bbe4807361a74c427a46ad329065f75e30/issue952_position_divergence/followups/china_refusal_wording_withholding_v2/attempt1/judge_checkpoints/watch_a94d9adaf51c0dba04b0af11fee673a771c6dd63b509e6e6403426f400c2fd8d/packed_manifest.json
issue952_position_divergence/followups/china_refusal_wording_withholding_v2,issue952_position_divergence/followups/china_refusal_wording_withholding_v2/attempt1/judge_luna_continuation/prepared_bank/archive.part0000.jsonl,8969513,a5cf03bbe4807361a74c427a46ad329065f75e30,fe45c776a40903367b18a356ec24860ec19ca889,,https://huggingface.co/datasets/superkaiba1/explore-persona-space-data/blob/a5cf03bbe4807361a74c427a46ad329065f75e30/issue952_position_divergence/followups/china_refusal_wording_withholding_v2/attempt1/judge_luna_continuation/prepared_bank/archive.part0000.jsonl,https://huggingface.co/datasets/superkaiba1/explore-persona-space-data/resolve/a5cf03bbe4807361a74c427a46ad329065f75e30/issue952_position_divergence/followups/china_refusal_wording_withholding_v2/attempt1/judge_luna_continuation/prepared_bank/archive.part0000.jsonl
issue952_position_divergence/followups/china_refusal_wording_withholding_v2,issue952_position_divergence/followups/china_refusal_wording_withholding_v2/attempt1/judge_luna_continuation/prepared_bank/archive.part0001.jsonl,8982399,a5cf03bbe4807361a74c427a46ad329065f75e30,298f93e2a665669c84b338846e2eadfb8b2ca467,,https://huggingface.co/datasets/superkaiba1/explore-persona-space-data/blob/a5cf03bbe4807361a74c427a46ad329065f75e30/issue952_position_divergence/followups/china_refusal_wording_withholding_v2/attempt1/judge_luna_continuation/prepared_bank/archive.part0001.jsonl,https://huggingface.co/datasets/superkaiba1/explore-persona-space-data/resolve/a5cf03bbe4807361a74c427a46ad329065f75e30/issue952_position_divergence/followups/china_refusal_wording_withholding_v2/attempt1/judge_luna_continuation/prepared_bank/archive.part0001.jsonl
issue952_position_divergence/followups/china_refusal_wording_withholding_v2,issue952_position_divergence/followups/china_refusal_wording_withholding_v2/attempt1/judge_luna_continuation/prepared_bank/archive.part0002.jsonl,8859518,a5cf03bbe4807361a74c427a46ad329065f75e30,305e563bbe982f3a65483e9fb7a9683001a0f520,,https://huggingface.co/datasets/superkaiba1/explore-persona-space-data/blob/a5cf03bbe4807361a74c427a46ad329065f75e30/issue952_position_divergence/followups/china_refusal_wording_withholding_v2/attempt1/judge_luna_continuation/prepared_bank/archive.part0002.jsonl,https://huggingface.co/datasets/superkaiba1/explore-persona-space-data/resolve/a5cf03bbe4807361a74c427a46ad329065f75e30/issue952_position_divergence/followups/china_refusal_wording_withholding_v2/attempt1/judge_luna_continuation/prepared_bank/archive.part0002.jsonl
issue952_position_divergence/followups/china_refusal_wording_withholding_v2,issue952_position_divergence/followups/china_refusal_wording_withholding_v2/attempt1/judge_luna_continuation/prepared_bank/archive.part0003.jsonl,8994662,a5cf03bbe4807361a74c427a46ad329065f75e30,e85957e5346009fd4be0d5740cd061e4531aa535,,https://huggingface.co/datasets/superkaiba1/explore-persona-space-data/blob/a5cf03bbe4807361a74c427a46ad329065f75e30/issue952_position_divergence/followups/china_refusal_wording_withholding_v2/attempt1/judge_luna_continuation/prepared_bank/archive.part0003.jsonl,https://huggingface.co/datasets/superkaiba1/explore-persona-space-data/resolve/a5cf03bbe4807361a74c427a46ad329065f75e30/issue952_position_divergence/followups/china_refusal_wording_withholding_v2/attempt1/judge_luna_continuation/prepared_bank/archive.part0003.jsonl
issue952_position_divergence/followups/china_refusal_wording_withholding_v2,issue952_position_divergence/followups/china_refusal_wording_withholding_v2/attempt1/judge_luna_continuation/prepared_bank/archive.part0004.jsonl,8999519,a5cf03bbe4807361a74c427a46ad329065f75e30,56c346a91d3e2cf4bcd7e6b6e7030f17498d0fac,,https://huggingface.co/datasets/superkaiba1/explore-persona-space-data/blob/a5cf03bbe4807361a74c427a46ad329065f75e30/issue952_position_divergence/followups/china_refusal_wording_withholding_v2/attempt1/judge_luna_continuation/prepared_bank/archive.part0004.jsonl,https://huggingface.co/datasets/superkaiba1/explore-persona-space-data/resolve/a5cf03bbe4807361a74c427a46ad329065f75e30/issue952_position_divergence/followups/china_refusal_wording_withholding_v2/attempt1/judge_luna_continuation/prepared_bank/archive.part0004.jsonl
issue952_position_divergence/followups/china_refusal_wording_withholding_v2,issue952_position_divergence/followups/china_refusal_wording_withholding_v2/attempt1/judge_luna_continuation/prepared_bank/archive.part0005.jsonl,8992897,a5cf03bbe4807361a74c427a46ad329065f75e30,81290d88ffdf2d176aeb0ca756df55edaff6c0d0,,https://huggingface.co/datasets/superkaiba1/explore-persona-space-data/blob/a5cf03bbe4807361a74c427a46ad329065f75e30/issue952_position_divergence/followups/china_refusal_wording_withholding_v2/attempt1/judge_luna_continuation/prepared_bank/archive.part0005.jsonl,https://huggingface.co/datasets/superkaiba1/explore-persona-space-data/resolve/a5cf03bbe4807361a74c427a46ad329065f75e30/issue952_position_divergence/followups/china_refusal_wording_withholding_v2/attempt1/judge_luna_continuation/prepared_bank/archive.part0005.jsonl
issue952_position_divergence/followups/china_refusal_wording_withholding_v2,issue952_position_divergence/followups/china_refusal_wording_withholding_v2/attempt1/judge_luna_continuation/prepared_bank/archive.part0006.jsonl,8968206,a5cf03bbe4807361a74c427a46ad329065f75e30,11b98b6cb6e3726c2ad37148fcd4074f275674d9,,https://huggingface.co/datasets/superkaiba1/explore-persona-space-data/blob/a5cf03bbe4807361a74c427a46ad329065f75e30/issue952_position_divergence/followups/china_refusal_wording_withholding_v2/attempt1/judge_luna_continuation/prepared_bank/archive.part0006.jsonl,https://huggingface.co/datasets/superkaiba1/explore-persona-space-data/resolve/a5cf03bbe4807361a74c427a46ad329065f75e30/issue952_position_divergence/followups/china_refusal_wording_withholding_v2/attempt1/judge_luna_continuation/prepared_bank/archive.part0006.jsonl
issue952_position_divergence/followups/china_refusal_wording_withholding_v2,issue952_position_divergence/followups/china_refusal_wording_withholding_v2/attempt1/judge_luna_continuation/prepared_bank/archive.part0007.jsonl,8975740,a5cf03bbe4807361a74c427a46ad329065f75e30,672dfa7551f69f273842e0146783db9e850bf6e6,,https://huggingface.co/datasets/superkaiba1/explore-persona-space-data/blob/a5cf03bbe4807361a74c427a46ad329065f75e30/issue952_position_divergence/followups/china_refusal_wording_withholding_v2/attempt1/judge_luna_continuation/prepared_bank/archive.part0007.jsonl,https://huggingface.co/datasets/superkaiba1/explore-persona-space-data/resolve/a5cf03bbe4807361a74c427a46ad329065f75e30/issue952_position_divergence/followups/china_refusal_wording_withholding_v2/attempt1/judge_luna_continuation/prepared_bank/archive.part0007.jsonl
issue952_position_divergence/followups/china_refusal_wording_withholding_v2,issue952_position_divergence/followups/china_refusal_wording_withholding_v2/attempt1/judge_luna_continuation/prepared_bank/archive.part0008.jsonl,8970274,a5cf03bbe4807361a74c427a46ad329065f75e30,c44630b6324574bd6ccfa03afb39e86957858448,,https://huggingface.co/datasets/superkaiba1/explore-persona-space-data/blob/a5cf03bbe4807361a74c427a46ad329065f75e30/issue952_position_divergence/followups/china_refusal_wording_withholding_v2/attempt1/judge_luna_continuation/prepared_bank/archive.part0008.jsonl,https://huggingface.co/datasets/superkaiba1/explore-persona-space-data/resolve/a5cf03bbe4807361a74c427a46ad329065f75e30/issue952_position_divergence/followups/china_refusal_wording_withholding_v2/attempt1/judge_luna_continuation/prepared_bank/archive.part0008.jsonl
issue952_position_divergence/followups/china_refusal_wording_withholding_v2,issue952_position_divergence/followups/china_refusal_wording_withholding_v2/attempt1/judge_luna_continuation/prepared_bank/archive.part0009.jsonl,3781731,a5cf03bbe4807361a74c427a46ad329065f75e30,466b7b91057bc25e1c28a7cded0c4f7464c6fd17,,https://huggingface.co/datasets/superkaiba1/explore-persona-space-data/blob/a5cf03bbe4807361a74c427a46ad329065f75e30/issue952_position_divergence/followups/china_refusal_wording_withholding_v2/attempt1/judge_luna_continuation/prepared_bank/archive.part0009.jsonl,https://huggingface.co/datasets/superkaiba1/explore-persona-space-data/resolve/a5cf03bbe4807361a74c427a46ad329065f75e30/issue952_position_divergence/followups/china_refusal_wording_withholding_v2/attempt1/judge_luna_continuation/prepared_bank/archive.part0009.jsonl
issue952_position_divergence/followups/china_refusal_wording_withholding_v2,issue952_position_divergence/followups/china_refusal_wording_withholding_v2/attempt1/judge_luna_continuation/prepared_bank/packed_manifest.json,405535,a5cf03bbe4807361a74c427a46ad329065f75e30,7671649da56be6023aacf45dbab7ef5afa9d01dd,,https://huggingface.co/datasets/superkaiba1/explore-persona-space-data/blob/a5cf03bbe4807361a74c427a46ad329065f75e30/issue952_position_divergence/followups/china_refusal_wording_withholding_v2/attempt1/judge_luna_continuation/prepared_bank/packed_manifest.json,https://huggingface.co/datasets/superkaiba1/explore-persona-space-data/resolve/a5cf03bbe4807361a74c427a46ad329065f75e30/issue952_position_divergence/followups/china_refusal_wording_withholding_v2/attempt1/judge_luna_continuation/prepared_bank/packed_manifest.json
issue952_position_divergence/followups/china_refusal_wording_withholding_v2,issue952_position_divergence/followups/china_refusal_wording_withholding_v2/attempt1/manifests/cap_extension.json,7289,a5cf03bbe4807361a74c427a46ad329065f75e30,cddbbb0ddc8b0cc17c8dacf44e4b4d60659a964a,,https://huggingface.co/datasets/superkaiba1/explore-persona-space-data/blob/a5cf03bbe4807361a74c427a46ad329065f75e30/issue952_position_divergence/followups/china_refusal_wording_withholding_v2/attempt1/manifests/cap_extension.json,https://huggingface.co/datasets/superkaiba1/explore-persona-space-data/resolve/a5cf03bbe4807361a74c427a46ad329065f75e30/issue952_position_divergence/followups/china_refusal_wording_withholding_v2/attempt1/manifests/cap_extension.json
issue952_position_divergence/followups/china_refusal_wording_withholding_v2,issue952_position_divergence/followups/china_refusal_wording_withholding_v2/attempt1/manifests/capture.json,151741,a5cf03bbe4807361a74c427a46ad329065f75e30,22d9e1dd19727795e7a1d7e46b6f60aa1887e44c,,https://huggingface.co/datasets/superkaiba1/explore-persona-space-data/blob/a5cf03bbe4807361a74c427a46ad329065f75e30/issue952_position_divergence/followups/china_refusal_wording_withholding_v2/attempt1/manifests/capture.json,https://huggingface.co/datasets/superkaiba1/explore-persona-space-data/resolve/a5cf03bbe4807361a74c427a46ad329065f75e30/issue952_position_divergence/followups/china_refusal_wording_withholding_v2/attempt1/manifests/capture.json
issue952_position_divergence/followups/china_refusal_wording_withholding_v2,issue952_position_divergence/followups/china_refusal_wording_withholding_v2/attempt1/manifests/capture_upload.json,7812,a5cf03bbe4807361a74c427a46ad329065f75e30,c34a46ec8880845ae03487aa9782ca74fa3cea77,,https://huggingface.co/datasets/superkaiba1/explore-persona-space-data/blob/a5cf03bbe4807361a74c427a46ad329065f75e30/issue952_position_divergence/followups/china_refusal_wording_withholding_v2/attempt1/manifests/capture_upload.json,https://huggingface.co/datasets/superkaiba1/explore-persona-space-data/resolve/a5cf03bbe4807361a74c427a46ad329065f75e30/issue952_position_divergence/followups/china_refusal_wording_withholding_v2/attempt1/manifests/capture_upload.json
issue952_position_divergence/followups/china_refusal_wording_withholding_v2,issue952_position_divergence/followups/china_refusal_wording_withholding_v2/attempt1/manifests/generation.initial.json,15773,a5cf03bbe4807361a74c427a46ad329065f75e30,e87f2360cbc98c9d0f1635c7466845eb4faafffb,,https://huggingface.co/datasets/superkaiba1/explore-persona-space-data/blob/a5cf03bbe4807361a74c427a46ad329065f75e30/issue952_position_divergence/followups/china_refusal_wording_withholding_v2/attempt1/manifests/generation.initial.json,https://huggingface.co/datasets/superkaiba1/explore-persona-space-data/resolve/a5cf03bbe4807361a74c427a46ad329065f75e30/issue952_position_divergence/followups/china_refusal_wording_withholding_v2/attempt1/manifests/generation.initial.json
issue952_position_divergence/followups/china_refusal_wording_withholding_v2,issue952_position_divergence/followups/china_refusal_wording_withholding_v2/attempt1/manifests/generation.json,16407,a5cf03bbe4807361a74c427a46ad329065f75e30,fd4ab72ccdb872cc11e7c09df945a1daed5ca8f5,,https://huggingface.co/datasets/superkaiba1/explore-persona-space-data/blob/a5cf03bbe4807361a74c427a46ad329065f75e30/issue952_position_divergence/followups/china_refusal_wording_withholding_v2/attempt1/manifests/generation.json,https://huggingface.co/datasets/superkaiba1/explore-persona-space-data/resolve/a5cf03bbe4807361a74c427a46ad329065f75e30/issue952_position_divergence/followups/china_refusal_wording_withholding_v2/attempt1/manifests/generation.json
issue952_position_divergence/followups/china_refusal_wording_withholding_v2,issue952_position_divergence/followups/china_refusal_wording_withholding_v2/attempt1/manifests/input_stage.json,773,a5cf03bbe4807361a74c427a46ad329065f75e30,371494dbd62de431f0213f12824694e4aeaa98d7,,https://huggingface.co/datasets/superkaiba1/explore-persona-space-data/blob/a5cf03bbe4807361a74c427a46ad329065f75e30/issue952_position_divergence/followups/china_refusal_wording_withholding_v2/attempt1/manifests/input_stage.json,https://huggingface.co/datasets/superkaiba1/explore-persona-space-data/resolve/a5cf03bbe4807361a74c427a46ad329065f75e30/issue952_position_divergence/followups/china_refusal_wording_withholding_v2/attempt1/manifests/input_stage.json
issue952_position_divergence/followups/china_refusal_wording_withholding_v2,issue952_position_divergence/followups/china_refusal_wording_withholding_v2/attempt1/manifests/raw_upload.json,7769,a5cf03bbe4807361a74c427a46ad329065f75e30,80bf1f3b5bb982a9611ba27ed1d6e84acc30e724,,https://huggingface.co/datasets/superkaiba1/explore-persona-space-data/blob/a5cf03bbe4807361a74c427a46ad329065f75e30/issue952_position_divergence/followups/china_refusal_wording_withholding_v2/attempt1/manifests/raw_upload.json,https://huggingface.co/datasets/superkaiba1/explore-persona-space-data/resolve/a5cf03bbe4807361a74c427a46ad329065f75e30/issue952_position_divergence/followups/china_refusal_wording_withholding_v2/attempt1/manifests/raw_upload.json
issue952_position_divergence/followups/china_refusal_wording_withholding_v2,issue952_position_divergence/followups/china_refusal_wording_withholding_v2/attempt1/raw_completions/rollouts.extensions.jsonl,0,a5cf03bbe4807361a74c427a46ad329065f75e30,e69de29bb2d1d6434b8b29ae775ad8c2e48c5391,,https://huggingface.co/datasets/superkaiba1/explore-persona-space-data/blob/a5cf03bbe4807361a74c427a46ad329065f75e30/issue952_position_divergence/followups/china_refusal_wording_withholding_v2/attempt1/raw_completions/rollouts.extensions.jsonl,https://huggingface.co/datasets/superkaiba1/explore-persona-space-data/resolve/a5cf03bbe4807361a74c427a46ad329065f75e30/issue952_position_divergence/followups/china_refusal_wording_withholding_v2/attempt1/raw_completions/rollouts.extensions.jsonl
issue952_position_divergence/followups/china_refusal_wording_withholding_v2,issue952_position_divergence/followups/china_refusal_wording_withholding_v2/attempt1/raw_completions/rollouts.initial.jsonl,51464038,a5cf03bbe4807361a74c427a46ad329065f75e30,02b967c89d416e49835b9cb826e7b418168fce1b,b63d8423b83524cc46513559dec44291e8fd84f4ba77412461f17f438a405858,https://huggingface.co/datasets/superkaiba1/explore-persona-space-data/blob/a5cf03bbe4807361a74c427a46ad329065f75e30/issue952_position_divergence/followups/china_refusal_wording_withholding_v2/attempt1/raw_completions/rollouts.initial.jsonl,https://huggingface.co/datasets/superkaiba1/explore-persona-space-data/resolve/a5cf03bbe4807361a74c427a46ad329065f75e30/issue952_position_divergence/followups/china_refusal_wording_withholding_v2/attempt1/raw_completions/rollouts.initial.jsonl
issue952_position_divergence/followups/china_refusal_wording_withholding_v2,issue952_position_divergence/followups/china_refusal_wording_withholding_v2/attempt1/raw_completions/rollouts.jsonl,51464038,a5cf03bbe4807361a74c427a46ad329065f75e30,02b967c89d416e49835b9cb826e7b418168fce1b,b63d8423b83524cc46513559dec44291e8fd84f4ba77412461f17f438a405858,https://huggingface.co/datasets/superkaiba1/explore-persona-space-data/blob/a5cf03bbe4807361a74c427a46ad329065f75e30/issue952_position_divergence/followups/china_refusal_wording_withholding_v2/attempt1/raw_completions/rollouts.jsonl,https://huggingface.co/datasets/superkaiba1/explore-persona-space-data/resolve/a5cf03bbe4807361a74c427a46ad329065f75e30/issue952_position_divergence/followups/china_refusal_wording_withholding_v2/attempt1/raw_completions/rollouts.jsonl
issue952_position_divergence/followups/china_refusal_wording_withholding_v2,issue952_position_divergence/followups/china_refusal_wording_withholding_v2/attempt1/raw_completions/rollouts_p0000_0090.done.json,334,a5cf03bbe4807361a74c427a46ad329065f75e30,5c318f15ec4282589f76736df306627f6b7ac2b2,,https://huggingface.co/datasets/superkaiba1/explore-persona-space-data/blob/a5cf03bbe4807361a74c427a46ad329065f75e30/issue952_position_divergence/followups/china_refusal_wording_withholding_v2/attempt1/raw_completions/rollouts_p0000_0090.done.json,https://huggingface.co/datasets/superkaiba1/explore-persona-space-data/resolve/a5cf03bbe4807361a74c427a46ad329065f75e30/issue952_position_divergence/followups/china_refusal_wording_withholding_v2/attempt1/raw_completions/rollouts_p0000_0090.done.json
issue952_position_divergence/followups/china_refusal_wording_withholding_v2,issue952_position_divergence/followups/china_refusal_wording_withholding_v2/attempt1/raw_completions/rollouts_p0000_0090.jsonl,3457210,a5cf03bbe4807361a74c427a46ad329065f75e30,0a369065d715553dbb782a2ea04b18907d39b878,,https://huggingface.co/datasets/superkaiba1/explore-persona-space-data/blob/a5cf03bbe4807361a74c427a46ad329065f75e30/issue952_position_divergence/followups/china_refusal_wording_withholding_v2/attempt1/raw_completions/rollouts_p0000_0090.jsonl,https://huggingface.co/datasets/superkaiba1/explore-persona-space-data/resolve/a5cf03bbe4807361a74c427a46ad329065f75e30/issue952_position_divergence/followups/china_refusal_wording_withholding_v2/attempt1/raw_completions/rollouts_p0000_0090.jsonl
issue952_position_divergence/followups/china_refusal_wording_withholding_v2,issue952_position_divergence/followups/china_refusal_wording_withholding_v2/attempt1/raw_completions/rollouts_p0090_0180.done.json,333,a5cf03bbe4807361a74c427a46ad329065f75e30,36ae247df61fd910d3efd48009d9373508a8283f,,https://huggingface.co/datasets/superkaiba1/explore-persona-space-data/blob/a5cf03bbe4807361a74c427a46ad329065f75e30/issue952_position_divergence/followups/china_refusal_wording_withholding_v2/attempt1/raw_completions/rollouts_p0090_0180.done.json,https://huggingface.co/datasets/superkaiba1/explore-persona-space-data/resolve/a5cf03bbe4807361a74c427a46ad329065f75e30/issue952_position_divergence/followups/china_refusal_wording_withholding_v2/attempt1/raw_completions/rollouts_p0090_0180.done.json
issue952_position_divergence/followups/china_refusal_wording_withholding_v2,issue952_position_divergence/followups/china_refusal_wording_withholding_v2/attempt1/raw_completions/rollouts_p0090_0180.jsonl,3580150,a5cf03bbe4807361a74c427a46ad329065f75e30,3f93d15bdc680bbd5ce67af8edc527b1f55528b4,,https://huggingface.co/datasets/superkaiba1/explore-persona-space-data/blob/a5cf03bbe4807361a74c427a46ad329065f75e30/issue952_position_divergence/followups/china_refusal_wording_withholding_v2/attempt1/raw_completions/rollouts_p0090_0180.jsonl,https://huggingface.co/datasets/superkaiba1/explore-persona-space-data/resolve/a5cf03bbe4807361a74c427a46ad329065f75e30/issue952_position_divergence/followups/china_refusal_wording_withholding_v2/attempt1/raw_completions/rollouts_p0090_0180.jsonl
issue952_position_divergence/followups/china_refusal_wording_withholding_v2,issue952_position_divergence/followups/china_refusal_wording_withholding_v2/attempt1/raw_completions/rollouts_p0180_0270.done.json,334,a5cf03bbe4807361a74c427a46ad329065f75e30,7a48a94f662fe87ca12a5fbc61560f9ae2694ed9,,https://huggingface.co/datasets/superkaiba1/explore-persona-space-data/blob/a5cf03bbe4807361a74c427a46ad329065f75e30/issue952_position_divergence/followups/china_refusal_wording_withholding_v2/attempt1/raw_completions/rollouts_p0180_0270.done.json,https://huggingface.co/datasets/superkaiba1/explore-persona-space-data/resolve/a5cf03bbe4807361a74c427a46ad329065f75e30/issue952_position_divergence/followups/china_refusal_wording_withholding_v2/attempt1/raw_completions/rollouts_p0180_0270.done.json
issue952_position_divergence/followups/china_refusal_wording_withholding_v2,issue952_position_divergence/followups/china_refusal_wording_withholding_v2/attempt1/raw_completions/rollouts_p0180_0270.jsonl,3733331,a5cf03bbe4807361a74c427a46ad329065f75e30,f001d508d8764b311f62a4da61c937c5c57a9817,,https://huggingface.co/datasets/superkaiba1/explore-persona-space-data/blob/a5cf03bbe4807361a74c427a46ad329065f75e30/issue952_position_divergence/followups/china_refusal_wording_withholding_v2/attempt1/raw_completions/rollouts_p0180_0270.jsonl,https://huggingface.co/datasets/superkaiba1/explore-persona-space-data/resolve/a5cf03bbe4807361a74c427a46ad329065f75e30/issue952_position_divergence/followups/china_refusal_wording_withholding_v2/attempt1/raw_completions/rollouts_p0180_0270.jsonl
issue952_position_divergence/followups/china_refusal_wording_withholding_v2,issue952_position_divergence/followups/china_refusal_wording_withholding_v2/attempt1/raw_completions/rollouts_p0270_0360.done.json,333,a5cf03bbe4807361a74c427a46ad329065f75e30,813c54949f56bef17e4251a9a0f651cec377187e,,https://huggingface.co/datasets/superkaiba1/explore-persona-space-data/blob/a5cf03bbe4807361a74c427a46ad329065f75e30/issue952_position_divergence/followups/china_refusal_wording_withholding_v2/attempt1/raw_completions/rollouts_p0270_0360.done.json,https://huggingface.co/datasets/superkaiba1/explore-persona-space-data/resolve/a5cf03bbe4807361a74c427a46ad329065f75e30/issue952_position_divergence/followups/china_refusal_wording_withholding_v2/attempt1/raw_completions/rollouts_p0270_0360.done.json
issue952_position_divergence/followups/china_refusal_wording_withholding_v2,issue952_position_divergence/followups/china_refusal_wording_withholding_v2/attempt1/raw_completions/rollouts_p0270_0360.jsonl,3325433,a5cf03bbe4807361a74c427a46ad329065f75e30,44bc23fbb403f9a6c6a5fc0b8c604b9df81bae00,,https://huggingface.co/datasets/superkaiba1/explore-persona-space-data/blob/a5cf03bbe4807361a74c427a46ad329065f75e30/issue952_position_divergence/followups/china_refusal_wording_withholding_v2/attempt1/raw_completions/rollouts_p0270_0360.jsonl,https://huggingface.co/datasets/superkaiba1/explore-persona-space-data/resolve/a5cf03bbe4807361a74c427a46ad329065f75e30/issue952_position_divergence/followups/china_refusal_wording_withholding_v2/attempt1/raw_completions/rollouts_p0270_0360.jsonl
issue952_position_divergence/followups/china_refusal_wording_withholding_v2,issue952_position_divergence/followups/china_refusal_wording_withholding_v2/attempt1/raw_completions/rollouts_p0360_0450.done.json,334,a5cf03bbe4807361a74c427a46ad329065f75e30,9ccb1862e2d25e56134b30e378d0a4518a2a9560,,https://huggingface.co/datasets/superkaiba1/explore-persona-space-data/blob/a5cf03bbe4807361a74c427a46ad329065f75e30/issue952_position_divergence/followups/china_refusal_wording_withholding_v2/attempt1/raw_completions/rollouts_p0360_0450.done.json,https://huggingface.co/datasets/superkaiba1/explore-persona-space-data/resolve/a5cf03bbe4807361a74c427a46ad329065f75e30/issue952_position_divergence/followups/china_refusal_wording_withholding_v2/attempt1/raw_completions/rollouts_p0360_0450.done.json
issue952_position_divergence/followups/china_refusal_wording_withholding_v2,issue952_position_divergence/followups/china_refusal_wording_withholding_v2/attempt1/raw_completions/rollouts_p0360_0450.jsonl,3294401,a5cf03bbe4807361a74c427a46ad329065f75e30,e16f1fa859712707298622f0ed1124e7547b3ba6,,https://huggingface.co/datasets/superkaiba1/explore-persona-space-data/blob/a5cf03bbe4807361a74c427a46ad329065f75e30/issue952_position_divergence/followups/china_refusal_wording_withholding_v2/attempt1/raw_completions/rollouts_p0360_0450.jsonl,https://huggingface.co/datasets/superkaiba1/explore-persona-space-data/resolve/a5cf03bbe4807361a74c427a46ad329065f75e30/issue952_position_divergence/followups/china_refusal_wording_withholding_v2/attempt1/raw_completions/rollouts_p0360_0450.jsonl
issue952_position_divergence/followups/china_refusal_wording_withholding_v2,issue952_position_divergence/followups/china_refusal_wording_withholding_v2/attempt1/raw_completions/rollouts_p0450_0540.done.json,333,a5cf03bbe4807361a74c427a46ad329065f75e30,eb39f50c62e2c60f76d9b8dc7064744b9323a0c7,,https://huggingface.co/datasets/superkaiba1/explore-persona-space-data/blob/a5cf03bbe4807361a74c427a46ad329065f75e30/issue952_position_divergence/followups/china_refusal_wording_withholding_v2/attempt1/raw_completions/rollouts_p0450_0540.done.json,https://huggingface.co/datasets/superkaiba1/explore-persona-space-data/resolve/a5cf03bbe4807361a74c427a46ad329065f75e30/issue952_position_divergence/followups/china_refusal_wording_withholding_v2/attempt1/raw_completions/rollouts_p0450_0540.done.json
issue952_position_divergence/followups/china_refusal_wording_withholding_v2,issue952_position_divergence/followups/china_refusal_wording_withholding_v2/attempt1/raw_completions/rollouts_p0450_0540.jsonl,3387047,a5cf03bbe4807361a74c427a46ad329065f75e30,72009c63c74c5d43ce358df458cf0fe9ccf5e85b,,https://huggingface.co/datasets/superkaiba1/explore-persona-space-data/blob/a5cf03bbe4807361a74c427a46ad329065f75e30/issue952_position_divergence/followups/china_refusal_wording_withholding_v2/attempt1/raw_completions/rollouts_p0450_0540.jsonl,https://huggingface.co/datasets/superkaiba1/explore-persona-space-data/resolve/a5cf03bbe4807361a74c427a46ad329065f75e30/issue952_position_divergence/followups/china_refusal_wording_withholding_v2/attempt1/raw_completions/rollouts_p0450_0540.jsonl
issue952_position_divergence/followups/china_refusal_wording_withholding_v2,issue952_position_divergence/followups/china_refusal_wording_withholding_v2/attempt1/raw_completions/rollouts_p0540_0630.done.json,334,a5cf03bbe4807361a74c427a46ad329065f75e30,b5ede322d1439281292799e1a3ba1502a9d0e20f,,https://huggingface.co/datasets/superkaiba1/explore-persona-space-data/blob/a5cf03bbe4807361a74c427a46ad329065f75e30/issue952_position_divergence/followups/china_refusal_wording_withholding_v2/attempt1/raw_completions/rollouts_p0540_0630.done.json,https://huggingface.co/datasets/superkaiba1/explore-persona-space-data/resolve/a5cf03bbe4807361a74c427a46ad329065f75e30/issue952_position_divergence/followups/china_refusal_wording_withholding_v2/attempt1/raw_completions/rollouts_p0540_0630.done.json
issue952_position_divergence/followups/china_refusal_wording_withholding_v2,issue952_position_divergence/followups/china_refusal_wording_withholding_v2/attempt1/raw_completions/rollouts_p0540_0630.jsonl,3544941,a5cf03bbe4807361a74c427a46ad329065f75e30,ea81fa7f7d71201810828379742fa0499124944f,,https://huggingface.co/datasets/superkaiba1/explore-persona-space-data/blob/a5cf03bbe4807361a74c427a46ad329065f75e30/issue952_position_divergence/followups/china_refusal_wording_withholding_v2/attempt1/raw_completions/rollouts_p0540_0630.jsonl,https://huggingface.co/datasets/superkaiba1/explore-persona-space-data/resolve/a5cf03bbe4807361a74c427a46ad329065f75e30/issue952_position_divergence/followups/china_refusal_wording_withholding_v2/attempt1/raw_completions/rollouts_p0540_0630.jsonl
issue952_position_divergence/followups/china_refusal_wording_withholding_v2,issue952_position_divergence/followups/china_refusal_wording_withholding_v2/attempt1/raw_completions/rollouts_p0630_0720.done.json,333,a5cf03bbe4807361a74c427a46ad329065f75e30,4c40cccbe1d11d9992345ceeb60e00c555c47370,,https://huggingface.co/datasets/superkaiba1/explore-persona-space-data/blob/a5cf03bbe4807361a74c427a46ad329065f75e30/issue952_position_divergence/followups/china_refusal_wording_withholding_v2/attempt1/raw_completions/rollouts_p0630_0720.done.json,https://huggingface.co/datasets/superkaiba1/explore-persona-space-data/resolve/a5cf03bbe4807361a74c427a46ad329065f75e30/issue952_position_divergence/followups/china_refusal_wording_withholding_v2/attempt1/raw_completions/rollouts_p0630_0720.done.json
issue952_position_divergence/followups/china_refusal_wording_withholding_v2,issue952_position_divergence/followups/china_refusal_wording_withholding_v2/attempt1/raw_completions/rollouts_p0630_0720.jsonl,2981382,a5cf03bbe4807361a74c427a46ad329065f75e30,8437e7688dca58e3d816da1fae2d1065d9ab75bc,,https://huggingface.co/datasets/superkaiba1/explore-persona-space-data/blob/a5cf03bbe4807361a74c427a46ad329065f75e30/issue952_position_divergence/followups/china_refusal_wording_withholding_v2/attempt1/raw_completions/rollouts_p0630_0720.jsonl,https://huggingface.co/datasets/superkaiba1/explore-persona-space-data/resolve/a5cf03bbe4807361a74c427a46ad329065f75e30/issue952_position_divergence/followups/china_refusal_wording_withholding_v2/attempt1/raw_completions/rollouts_p0630_0720.jsonl
issue952_position_divergence/followups/china_refusal_wording_withholding_v2,issue952_position_divergence/followups/china_refusal_wording_withholding_v2/attempt1/raw_completions/rollouts_p0720_0810.done.json,333,a5cf03bbe4807361a74c427a46ad329065f75e30,4dca2f88716ddeb13a21eac681a0d0d8d6bf408e,,https://huggingface.co/datasets/superkaiba1/explore-persona-space-data/blob/a5cf03bbe4807361a74c427a46ad329065f75e30/issue952_position_divergence/followups/china_refusal_wording_withholding_v2/attempt1/raw_completions/rollouts_p0720_0810.done.json,https://huggingface.co/datasets/superkaiba1/explore-persona-space-data/resolve/a5cf03bbe4807361a74c427a46ad329065f75e30/issue952_position_divergence/followups/china_refusal_wording_withholding_v2/attempt1/raw_completions/rollouts_p0720_0810.done.json
issue952_position_divergence/followups/china_refusal_wording_withholding_v2,issue952_position_divergence/followups/china_refusal_wording_withholding_v2/attempt1/raw_completions/rollouts_p0720_0810.jsonl,2407998,a5cf03bbe4807361a74c427a46ad329065f75e30,961a2439c5865f0d23046079d37c5030ef1dec31,,https://huggingface.co/datasets/superkaiba1/explore-persona-space-data/blob/a5cf03bbe4807361a74c427a46ad329065f75e30/issue952_position_divergence/followups/china_refusal_wording_withholding_v2/attempt1/raw_completions/rollouts_p0720_0810.jsonl,https://huggingface.co/datasets/superkaiba1/explore-persona-space-data/resolve/a5cf03bbe4807361a74c427a46ad329065f75e30/issue952_position_divergence/followups/china_refusal_wording_withholding_v2/attempt1/raw_completions/rollouts_p0720_0810.jsonl
issue952_position_divergence/followups/china_refusal_wording_withholding_v2,issue952_position_divergence/followups/china_refusal_wording_withholding_v2/attempt1/raw_completions/rollouts_p0810_0900.done.json,333,a5cf03bbe4807361a74c427a46ad329065f75e30,56447e5e2b149ac7211a558c4da37acd95fe877c,,https://huggingface.co/datasets/superkaiba1/explore-persona-space-data/blob/a5cf03bbe4807361a74c427a46ad329065f75e30/issue952_position_divergence/followups/china_refusal_wording_withholding_v2/attempt1/raw_completions/rollouts_p0810_0900.done.json,https://huggingface.co/datasets/superkaiba1/explore-persona-space-data/resolve/a5cf03bbe4807361a74c427a46ad329065f75e30/issue952_position_divergence/followups/china_refusal_wording_withholding_v2/attempt1/raw_completions/rollouts_p0810_0900.done.json
issue952_position_divergence/followups/china_refusal_wording_withholding_v2,issue952_position_divergence/followups/china_refusal_wording_withholding_v2/attempt1/raw_completions/rollouts_p0810_0900.jsonl,3095313,a5cf03bbe4807361a74c427a46ad329065f75e30,5cd0fb0a75842bdef5b52305debbed86769ab7b2,,https://huggingface.co/datasets/superkaiba1/explore-persona-space-data/blob/a5cf03bbe4807361a74c427a46ad329065f75e30/issue952_position_divergence/followups/china_refusal_wording_withholding_v2/attempt1/raw_completions/rollouts_p0810_0900.jsonl,https://huggingface.co/datasets/superkaiba1/explore-persona-space-data/resolve/a5cf03bbe4807361a74c427a46ad329065f75e30/issue952_position_divergence/followups/china_refusal_wording_withholding_v2/attempt1/raw_completions/rollouts_p0810_0900.jsonl
issue952_position_divergence/followups/china_refusal_wording_withholding_v2,issue952_position_divergence/followups/china_refusal_wording_withholding_v2/attempt1/raw_completions/rollouts_p0900_0990.done.json,334,a5cf03bbe4807361a74c427a46ad329065f75e30,6c6317ea6223c00a0a53683770e74bbaadbc01d5,,https://huggingface.co/datasets/superkaiba1/explore-persona-space-data/blob/a5cf03bbe4807361a74c427a46ad329065f75e30/issue952_position_divergence/followups/china_refusal_wording_withholding_v2/attempt1/raw_completions/rollouts_p0900_0990.done.json,https://huggingface.co/datasets/superkaiba1/explore-persona-space-data/resolve/a5cf03bbe4807361a74c427a46ad329065f75e30/issue952_position_divergence/followups/china_refusal_wording_withholding_v2/attempt1/raw_completions/rollouts_p0900_0990.done.json
issue952_position_divergence/followups/china_refusal_wording_withholding_v2,issue952_position_divergence/followups/china_refusal_wording_withholding_v2/attempt1/raw_completions/rollouts_p0900_0990.jsonl,3887408,a5cf03bbe4807361a74c427a46ad329065f75e30,0b346304469e67014857723bbe387157c670c2b9,,https://huggingface.co/datasets/superkaiba1/explore-persona-space-data/blob/a5cf03bbe4807361a74c427a46ad329065f75e30/issue952_position_divergence/followups/china_refusal_wording_withholding_v2/attempt1/raw_completions/rollouts_p0900_0990.jsonl,https://huggingface.co/datasets/superkaiba1/explore-persona-space-data/resolve/a5cf03bbe4807361a74c427a46ad329065f75e30/issue952_position_divergence/followups/china_refusal_wording_withholding_v2/attempt1/raw_completions/rollouts_p0900_0990.jsonl
issue952_position_divergence/followups/china_refusal_wording_withholding_v2,issue952_position_divergence/followups/china_refusal_wording_withholding_v2/attempt1/raw_completions/rollouts_p0990_1080.done.json,334,a5cf03bbe4807361a74c427a46ad329065f75e30,6d3c25c938453cbacbd912dce782e5efb965f321,,https://huggingface.co/datasets/superkaiba1/explore-persona-space-data/blob/a5cf03bbe4807361a74c427a46ad329065f75e30/issue952_position_divergence/followups/china_refusal_wording_withholding_v2/attempt1/raw_completions/rollouts_p0990_1080.done.json,https://huggingface.co/datasets/superkaiba1/explore-persona-space-data/resolve/a5cf03bbe4807361a74c427a46ad329065f75e30/issue952_position_divergence/followups/china_refusal_wording_withholding_v2/attempt1/raw_completions/rollouts_p0990_1080.done.json
issue952_position_divergence/followups/china_refusal_wording_withholding_v2,issue952_position_divergence/followups/china_refusal_wording_withholding_v2/attempt1/raw_completions/rollouts_p0990_1080.jsonl,3739228,a5cf03bbe4807361a74c427a46ad329065f75e30,90f16c0d57f648e7926827635a0b9727b1b4e595,,https://huggingface.co/datasets/superkaiba1/explore-persona-space-data/blob/a5cf03bbe4807361a74c427a46ad329065f75e30/issue952_position_divergence/followups/china_refusal_wording_withholding_v2/attempt1/raw_completions/rollouts_p0990_1080.jsonl,https://huggingface.co/datasets/superkaiba1/explore-persona-space-data/resolve/a5cf03bbe4807361a74c427a46ad329065f75e30/issue952_position_divergence/followups/china_refusal_wording_withholding_v2/attempt1/raw_completions/rollouts_p0990_1080.jsonl
issue952_position_divergence/followups/china_refusal_wording_withholding_v2,issue952_position_divergence/followups/china_refusal_wording_withholding_v2/attempt1/raw_completions/rollouts_p1080_1170.done.json,333,a5cf03bbe4807361a74c427a46ad329065f75e30,c25a5d876318df518abf4d3ad1d8720f6c924a8c,,https://huggingface.co/datasets/superkaiba1/explore-persona-space-data/blob/a5cf03bbe4807361a74c427a46ad329065f75e30/issue952_position_divergence/followups/china_refusal_wording_withholding_v2/attempt1/raw_completions/rollouts_p1080_1170.done.json,https://huggingface.co/datasets/superkaiba1/explore-persona-space-data/resolve/a5cf03bbe4807361a74c427a46ad329065f75e30/issue952_position_divergence/followups/china_refusal_wording_withholding_v2/attempt1/raw_completions/rollouts_p1080_1170.done.json
issue952_position_divergence/followups/china_refusal_wording_withholding_v2,issue952_position_divergence/followups/china_refusal_wording_withholding_v2/attempt1/raw_completions/rollouts_p1080_1170.jsonl,3805205,a5cf03bbe4807361a74c427a46ad329065f75e30,2a9b8064fbe25abb71b79515f496d56941ea2fb6,,https://huggingface.co/datasets/superkaiba1/explore-persona-space-data/blob/a5cf03bbe4807361a74c427a46ad329065f75e30/issue952_position_divergence/followups/china_refusal_wording_withholding_v2/attempt1/raw_completions/rollouts_p1080_1170.jsonl,https://huggingface.co/datasets/superkaiba1/explore-persona-space-data/resolve/a5cf03bbe4807361a74c427a46ad329065f75e30/issue952_position_divergence/followups/china_refusal_wording_withholding_v2/attempt1/raw_completions/rollouts_p1080_1170.jsonl
issue952_position_divergence/followups/china_refusal_wording_withholding_v2,issue952_position_divergence/followups/china_refusal_wording_withholding_v2/attempt1/raw_completions/rollouts_p1170_1260.done.json,334,a5cf03bbe4807361a74c427a46ad329065f75e30,b012eb1039ce848e1dda9ae688a9d43dacf572ca,,https://huggingface.co/datasets/superkaiba1/explore-persona-space-data/blob/a5cf03bbe4807361a74c427a46ad329065f75e30/issue952_position_divergence/followups/china_refusal_wording_withholding_v2/attempt1/raw_completions/rollouts_p1170_1260.done.json,https://huggingface.co/datasets/superkaiba1/explore-persona-space-data/resolve/a5cf03bbe4807361a74c427a46ad329065f75e30/issue952_position_divergence/followups/china_refusal_wording_withholding_v2/attempt1/raw_completions/rollouts_p1170_1260.done.json
issue952_position_divergence/followups/china_refusal_wording_withholding_v2,issue952_position_divergence/followups/china_refusal_wording_withholding_v2/attempt1/raw_completions/rollouts_p1170_1260.jsonl,2999901,a5cf03bbe4807361a74c427a46ad329065f75e30,c46a33f6b65bdbac5e2790e1907d4795cbb88fb7,,https://huggingface.co/datasets/superkaiba1/explore-persona-space-data/blob/a5cf03bbe4807361a74c427a46ad329065f75e30/issue952_position_divergence/followups/china_refusal_wording_withholding_v2/attempt1/raw_completions/rollouts_p1170_1260.jsonl,https://huggingface.co/datasets/superkaiba1/explore-persona-space-data/resolve/a5cf03bbe4807361a74c427a46ad329065f75e30/issue952_position_divergence/followups/china_refusal_wording_withholding_v2/attempt1/raw_completions/rollouts_p1170_1260.jsonl
issue952_position_divergence/followups/china_refusal_wording_withholding_v2,issue952_position_divergence/followups/china_refusal_wording_withholding_v2/attempt1/raw_completions/rollouts_p1260_1350.done.json,334,a5cf03bbe4807361a74c427a46ad329065f75e30,022606b4bd60e6cbaa2c520c152238e41e334b3f,,https://huggingface.co/datasets/superkaiba1/explore-persona-space-data/blob/a5cf03bbe4807361a74c427a46ad329065f75e30/issue952_position_divergence/followups/china_refusal_wording_withholding_v2/attempt1/raw_completions/rollouts_p1260_1350.done.json,https://huggingface.co/datasets/superkaiba1/explore-persona-space-data/resolve/a5cf03bbe4807361a74c427a46ad329065f75e30/issue952_position_divergence/followups/china_refusal_wording_withholding_v2/attempt1/raw_completions/rollouts_p1260_1350.done.json
issue952_position_divergence/followups/china_refusal_wording_withholding_v2,issue952_position_divergence/followups/china_refusal_wording_withholding_v2/attempt1/raw_completions/rollouts_p1260_1350.jsonl,3782140,a5cf03bbe4807361a74c427a46ad329065f75e30,ec9a4b3b4821c397f5d1510de1a365e454da16c0,,https://huggingface.co/datasets/superkaiba1/explore-persona-space-data/blob/a5cf03bbe4807361a74c427a46ad329065f75e30/issue952_position_divergence/followups/china_refusal_wording_withholding_v2/attempt1/raw_completions/rollouts_p1260_1350.jsonl,https://huggingface.co/datasets/superkaiba1/explore-persona-space-data/resolve/a5cf03bbe4807361a74c427a46ad329065f75e30/issue952_position_divergence/followups/china_refusal_wording_withholding_v2/attempt1/raw_completions/rollouts_p1260_1350.jsonl
issue952_position_divergence/followups/china_refusal_wording_withholding_v2,issue952_position_divergence/followups/china_refusal_wording_withholding_v2/attempt1/raw_completions/rollouts_p1350_1360.done.json,332,a5cf03bbe4807361a74c427a46ad329065f75e30,b4f7dadbe4f0e7e88fdda903fbe873ca9c7af3ac,,https://huggingface.co/datasets/superkaiba1/explore-persona-space-data/blob/a5cf03bbe4807361a74c427a46ad329065f75e30/issue952_position_divergence/followups/china_refusal_wording_withholding_v2/attempt1/raw_completions/rollouts_p1350_1360.done.json,https://huggingface.co/datasets/superkaiba1/explore-persona-space-data/resolve/a5cf03bbe4807361a74c427a46ad329065f75e30/issue952_position_divergence/followups/china_refusal_wording_withholding_v2/attempt1/raw_completions/rollouts_p1350_1360.done.json
issue952_position_divergence/followups/china_refusal_wording_withholding_v2,issue952_position_divergence/followups/china_refusal_wording_withholding_v2/attempt1/raw_completions/rollouts_p1350_1360.jsonl,442950,a5cf03bbe4807361a74c427a46ad329065f75e30,b4f54bf44194adbdf84c1ba0d3ed280a24c7a380,,https://huggingface.co/datasets/superkaiba1/explore-persona-space-data/blob/a5cf03bbe4807361a74c427a46ad329065f75e30/issue952_position_divergence/followups/china_refusal_wording_withholding_v2/attempt1/raw_completions/rollouts_p1350_1360.jsonl,https://huggingface.co/datasets/superkaiba1/explore-persona-space-data/resolve/a5cf03bbe4807361a74c427a46ad329065f75e30/issue952_position_divergence/followups/china_refusal_wording_withholding_v2/attempt1/raw_completions/rollouts_p1350_1360.jsonl
issue952_position_divergence/followups/china_refusal_wording_withholding_v2,issue952_position_divergence/followups/china_refusal_wording_withholding_v2/attempt1/smoke/analysis_tensors/va_00000_00720.pt,31068079,a5cf03bbe4807361a74c427a46ad329065f75e30,9abd461059d3758b70cd7834b16e69f029051a0f,0af1a5d6935b057c966b551eae109d81801ef074a4e4f0c2f372537349403485,https://huggingface.co/datasets/superkaiba1/explore-persona-space-data/blob/a5cf03bbe4807361a74c427a46ad329065f75e30/issue952_position_divergence/followups/china_refusal_wording_withholding_v2/attempt1/smoke/analysis_tensors/va_00000_00720.pt,https://huggingface.co/datasets/superkaiba1/explore-persona-space-data/resolve/a5cf03bbe4807361a74c427a46ad329065f75e30/issue952_position_divergence/followups/china_refusal_wording_withholding_v2/attempt1/smoke/analysis_tensors/va_00000_00720.pt
issue952_position_divergence/followups/china_refusal_wording_withholding_v2,issue952_position_divergence/followups/china_refusal_wording_withholding_v2/attempt1/smoke/analysis_tensors/va_00720_01280.pt,24165167,a5cf03bbe4807361a74c427a46ad329065f75e30,802933cd9aa71862e51bb5e297145488aa135986,3a4056983d69fbfd0aa3a9e8fffaa9cac66688ccb948f74a4a7ea0f8a4b14ab0,https://huggingface.co/datasets/superkaiba1/explore-persona-space-data/blob/a5cf03bbe4807361a74c427a46ad329065f75e30/issue952_position_divergence/followups/china_refusal_wording_withholding_v2/attempt1/smoke/analysis_tensors/va_00720_01280.pt,https://huggingface.co/datasets/superkaiba1/explore-persona-space-data/resolve/a5cf03bbe4807361a74c427a46ad329065f75e30/issue952_position_divergence/followups/china_refusal_wording_withholding_v2/attempt1/smoke/analysis_tensors/va_00720_01280.pt
issue952_position_divergence/followups/china_refusal_wording_withholding_v2,issue952_position_divergence/followups/china_refusal_wording_withholding_v2/attempt1/smoke/analysis_tensors/vc.pt,6892251,a5cf03bbe4807361a74c427a46ad329065f75e30,c31af95b037e9a15843d70ca7e7daa6ecbe807aa,948811de40db2ad44cc9f1b7e9170d0fde8ae35fbc7acd1b11b90f4a668dbfc6,https://huggingface.co/datasets/superkaiba1/explore-persona-space-data/blob/a5cf03bbe4807361a74c427a46ad329065f75e30/issue952_position_divergence/followups/china_refusal_wording_withholding_v2/attempt1/smoke/analysis_tensors/vc.pt,https://huggingface.co/datasets/superkaiba1/explore-persona-space-data/resolve/a5cf03bbe4807361a74c427a46ad329065f75e30/issue952_position_divergence/followups/china_refusal_wording_withholding_v2/attempt1/smoke/analysis_tensors/vc.pt
issue952_position_divergence/followups/china_refusal_wording_withholding_v2,issue952_position_divergence/followups/china_refusal_wording_withholding_v2/attempt1/smoke/issue952_china_definitive_done.json,61874,a5cf03bbe4807361a74c427a46ad329065f75e30,b80991084e8a3ff8fe991f5abe4ce02d177da618,,https://huggingface.co/datasets/superkaiba1/explore-persona-space-data/blob/a5cf03bbe4807361a74c427a46ad329065f75e30/issue952_position_divergence/followups/china_refusal_wording_withholding_v2/attempt1/smoke/issue952_china_definitive_done.json,https://huggingface.co/datasets/superkaiba1/explore-persona-space-data/resolve/a5cf03bbe4807361a74c427a46ad329065f75e30/issue952_position_divergence/followups/china_refusal_wording_withholding_v2/attempt1/smoke/issue952_china_definitive_done.json
issue952_position_divergence/followups/china_refusal_wording_withholding_v2,issue952_position_divergence/followups/china_refusal_wording_withholding_v2/attempt1/smoke/manifests/cap_extension.json,7172,a5cf03bbe4807361a74c427a46ad329065f75e30,4a09ec0f5000986b13b523cfad40021957c1a1c4,,https://huggingface.co/datasets/superkaiba1/explore-persona-space-data/blob/a5cf03bbe4807361a74c427a46ad329065f75e30/issue952_position_divergence/followups/china_refusal_wording_withholding_v2/attempt1/smoke/manifests/cap_extension.json,https://huggingface.co/datasets/superkaiba1/explore-persona-space-data/resolve/a5cf03bbe4807361a74c427a46ad329065f75e30/issue952_position_divergence/followups/china_refusal_wording_withholding_v2/attempt1/smoke/manifests/cap_extension.json
issue952_position_divergence/followups/china_refusal_wording_withholding_v2,issue952_position_divergence/followups/china_refusal_wording_withholding_v2/attempt1/smoke/manifests/capture.json,21938,a5cf03bbe4807361a74c427a46ad329065f75e30,437a948040720f079a6d390fb6cc9851daeb4418,,https://huggingface.co/datasets/superkaiba1/explore-persona-space-data/blob/a5cf03bbe4807361a74c427a46ad329065f75e30/issue952_position_divergence/followups/china_refusal_wording_withholding_v2/attempt1/smoke/manifests/capture.json,https://huggingface.co/datasets/superkaiba1/explore-persona-space-data/resolve/a5cf03bbe4807361a74c427a46ad329065f75e30/issue952_position_divergence/followups/china_refusal_wording_withholding_v2/attempt1/smoke/manifests/capture.json
issue952_position_divergence/followups/china_refusal_wording_withholding_v2,issue952_position_divergence/followups/china_refusal_wording_withholding_v2/attempt1/smoke/manifests/capture_upload.json,2042,a5cf03bbe4807361a74c427a46ad329065f75e30,250c322cad24d0265749d184b7ba6e2fb181d9ad,,https://huggingface.co/datasets/superkaiba1/explore-persona-space-data/blob/a5cf03bbe4807361a74c427a46ad329065f75e30/issue952_position_divergence/followups/china_refusal_wording_withholding_v2/attempt1/smoke/manifests/capture_upload.json,https://huggingface.co/datasets/superkaiba1/explore-persona-space-data/resolve/a5cf03bbe4807361a74c427a46ad329065f75e30/issue952_position_divergence/followups/china_refusal_wording_withholding_v2/attempt1/smoke/manifests/capture_upload.json
issue952_position_divergence/followups/china_refusal_wording_withholding_v2,issue952_position_divergence/followups/china_refusal_wording_withholding_v2/attempt1/smoke/manifests/generation.initial.json,15711,a5cf03bbe4807361a74c427a46ad329065f75e30,db7bf23136a2a7f032d66e18cbc8831a686cbad2,,https://huggingface.co/datasets/superkaiba1/explore-persona-space-data/blob/a5cf03bbe4807361a74c427a46ad329065f75e30/issue952_position_divergence/followups/china_refusal_wording_withholding_v2/attempt1/smoke/manifests/generation.initial.json,https://huggingface.co/datasets/superkaiba1/explore-persona-space-data/resolve/a5cf03bbe4807361a74c427a46ad329065f75e30/issue952_position_divergence/followups/china_refusal_wording_withholding_v2/attempt1/smoke/manifests/generation.initial.json
issue952_position_divergence/followups/china_refusal_wording_withholding_v2,issue952_position_divergence/followups/china_refusal_wording_withholding_v2/attempt1/smoke/manifests/generation.json,16296,a5cf03bbe4807361a74c427a46ad329065f75e30,cc418bf0b52a1b6a50aa2e3ea807d2061a144335,,https://huggingface.co/datasets/superkaiba1/explore-persona-space-data/blob/a5cf03bbe4807361a74c427a46ad329065f75e30/issue952_position_divergence/followups/china_refusal_wording_withholding_v2/attempt1/smoke/manifests/generation.json,https://huggingface.co/datasets/superkaiba1/explore-persona-space-data/resolve/a5cf03bbe4807361a74c427a46ad329065f75e30/issue952_position_divergence/followups/china_refusal_wording_withholding_v2/attempt1/smoke/manifests/generation.json
issue952_position_divergence/followups/china_refusal_wording_withholding_v2,issue952_position_divergence/followups/china_refusal_wording_withholding_v2/attempt1/smoke/manifests/input_stage.json,773,a5cf03bbe4807361a74c427a46ad329065f75e30,bda88544c92c6cdb263e740a0db8a2cda59c257d,,https://huggingface.co/datasets/superkaiba1/explore-persona-space-data/blob/a5cf03bbe4807361a74c427a46ad329065f75e30/issue952_position_divergence/followups/china_refusal_wording_withholding_v2/attempt1/smoke/manifests/input_stage.json,https://huggingface.co/datasets/superkaiba1/explore-persona-space-data/resolve/a5cf03bbe4807361a74c427a46ad329065f75e30/issue952_position_divergence/followups/china_refusal_wording_withholding_v2/attempt1/smoke/manifests/input_stage.json
issue952_position_divergence/followups/china_refusal_wording_withholding_v2,issue952_position_divergence/followups/china_refusal_wording_withholding_v2/attempt1/smoke/manifests/raw_upload.json,2105,a5cf03bbe4807361a74c427a46ad329065f75e30,c71d8751065026f1cfd56543661b57284df80bcd,,https://huggingface.co/datasets/superkaiba1/explore-persona-space-data/blob/a5cf03bbe4807361a74c427a46ad329065f75e30/issue952_position_divergence/followups/china_refusal_wording_withholding_v2/attempt1/smoke/manifests/raw_upload.json,https://huggingface.co/datasets/superkaiba1/explore-persona-space-data/resolve/a5cf03bbe4807361a74c427a46ad329065f75e30/issue952_position_divergence/followups/china_refusal_wording_withholding_v2/attempt1/smoke/manifests/raw_upload.json
issue952_position_divergence/followups/china_refusal_wording_withholding_v2,issue952_position_divergence/followups/china_refusal_wording_withholding_v2/attempt1/smoke/manifests/smoke_timing.json,13467,a5cf03bbe4807361a74c427a46ad329065f75e30,0121da49662c3052ba3effc673058be9dc7c6d94,,https://huggingface.co/datasets/superkaiba1/explore-persona-space-data/blob/a5cf03bbe4807361a74c427a46ad329065f75e30/issue952_position_divergence/followups/china_refusal_wording_withholding_v2/attempt1/smoke/manifests/smoke_timing.json,https://huggingface.co/datasets/superkaiba1/explore-persona-space-data/resolve/a5cf03bbe4807361a74c427a46ad329065f75e30/issue952_position_divergence/followups/china_refusal_wording_withholding_v2/attempt1/smoke/manifests/smoke_timing.json
issue952_position_divergence/followups/china_refusal_wording_withholding_v2,issue952_position_divergence/followups/china_refusal_wording_withholding_v2/attempt1/smoke/raw_completions/rollouts.extensions.jsonl,0,a5cf03bbe4807361a74c427a46ad329065f75e30,e69de29bb2d1d6434b8b29ae775ad8c2e48c5391,,https://huggingface.co/datasets/superkaiba1/explore-persona-space-data/blob/a5cf03bbe4807361a74c427a46ad329065f75e30/issue952_position_divergence/followups/china_refusal_wording_withholding_v2/attempt1/smoke/raw_completions/rollouts.extensions.jsonl,https://huggingface.co/datasets/superkaiba1/explore-persona-space-data/resolve/a5cf03bbe4807361a74c427a46ad329065f75e30/issue952_position_divergence/followups/china_refusal_wording_withholding_v2/attempt1/smoke/raw_completions/rollouts.extensions.jsonl
issue952_position_divergence/followups/china_refusal_wording_withholding_v2,issue952_position_divergence/followups/china_refusal_wording_withholding_v2/attempt1/smoke/raw_completions/rollouts.initial.jsonl,6113719,a5cf03bbe4807361a74c427a46ad329065f75e30,b36983ee2b4497cde911091d337d1e7837fea2bf,,https://huggingface.co/datasets/superkaiba1/explore-persona-space-data/blob/a5cf03bbe4807361a74c427a46ad329065f75e30/issue952_position_divergence/followups/china_refusal_wording_withholding_v2/attempt1/smoke/raw_completions/rollouts.initial.jsonl,https://huggingface.co/datasets/superkaiba1/explore-persona-space-data/resolve/a5cf03bbe4807361a74c427a46ad329065f75e30/issue952_position_divergence/followups/china_refusal_wording_withholding_v2/attempt1/smoke/raw_completions/rollouts.initial.jsonl
issue952_position_divergence/followups/china_refusal_wording_withholding_v2,issue952_position_divergence/followups/china_refusal_wording_withholding_v2/attempt1/smoke/raw_completions/rollouts.jsonl,6113719,a5cf03bbe4807361a74c427a46ad329065f75e30,b36983ee2b4497cde911091d337d1e7837fea2bf,,https://huggingface.co/datasets/superkaiba1/explore-persona-space-data/blob/a5cf03bbe4807361a74c427a46ad329065f75e30/issue952_position_divergence/followups/china_refusal_wording_withholding_v2/attempt1/smoke/raw_completions/rollouts.jsonl,https://huggingface.co/datasets/superkaiba1/explore-persona-space-data/resolve/a5cf03bbe4807361a74c427a46ad329065f75e30/issue952_position_divergence/followups/china_refusal_wording_withholding_v2/attempt1/smoke/raw_completions/rollouts.jsonl
issue952_position_divergence/followups/china_refusal_wording_withholding_v2,issue952_position_divergence/followups/china_refusal_wording_withholding_v2/attempt1/smoke/raw_completions/rollouts_p0000_0090.done.json,331,a5cf03bbe4807361a74c427a46ad329065f75e30,3673cbf58059a964c25c18929766f748bb9f7d0b,,https://huggingface.co/datasets/superkaiba1/explore-persona-space-data/blob/a5cf03bbe4807361a74c427a46ad329065f75e30/issue952_position_divergence/followups/china_refusal_wording_withholding_v2/attempt1/smoke/raw_completions/rollouts_p0000_0090.done.json,https://huggingface.co/datasets/superkaiba1/explore-persona-space-data/resolve/a5cf03bbe4807361a74c427a46ad329065f75e30/issue952_position_divergence/followups/china_refusal_wording_withholding_v2/attempt1/smoke/raw_completions/rollouts_p0000_0090.done.json
issue952_position_divergence/followups/china_refusal_wording_withholding_v2,issue952_position_divergence/followups/china_refusal_wording_withholding_v2/attempt1/smoke/raw_completions/rollouts_p0000_0090.jsonl,3461885,a5cf03bbe4807361a74c427a46ad329065f75e30,4b6fa340f545f59ee9ceafe5e7cfe3faa1af7e1b,,https://huggingface.co/datasets/superkaiba1/explore-persona-space-data/blob/a5cf03bbe4807361a74c427a46ad329065f75e30/issue952_position_divergence/followups/china_refusal_wording_withholding_v2/attempt1/smoke/raw_completions/rollouts_p0000_0090.jsonl,https://huggingface.co/datasets/superkaiba1/explore-persona-space-data/resolve/a5cf03bbe4807361a74c427a46ad329065f75e30/issue952_position_divergence/followups/china_refusal_wording_withholding_v2/attempt1/smoke/raw_completions/rollouts_p0000_0090.jsonl
issue952_position_divergence/followups/china_refusal_wording_withholding_v2,issue952_position_divergence/followups/china_refusal_wording_withholding_v2/attempt1/smoke/raw_completions/rollouts_p0090_0160.done.json,334,a5cf03bbe4807361a74c427a46ad329065f75e30,26e271e52ce5a1c6d8fcccacb05946c454e11cbd,,https://huggingface.co/datasets/superkaiba1/explore-persona-space-data/blob/a5cf03bbe4807361a74c427a46ad329065f75e30/issue952_position_divergence/followups/china_refusal_wording_withholding_v2/attempt1/smoke/raw_completions/rollouts_p0090_0160.done.json,https://huggingface.co/datasets/superkaiba1/explore-persona-space-data/resolve/a5cf03bbe4807361a74c427a46ad329065f75e30/issue952_position_divergence/followups/china_refusal_wording_withholding_v2/attempt1/smoke/raw_completions/rollouts_p0090_0160.done.json
issue952_position_divergence/followups/china_refusal_wording_withholding_v2,issue952_position_divergence/followups/china_refusal_wording_withholding_v2/attempt1/smoke/raw_completions/rollouts_p0090_0160.jsonl,2651834,a5cf03bbe4807361a74c427a46ad329065f75e30,912f4b481ae27ec571b0c601c9c2a08271478c0a,,https://huggingface.co/datasets/superkaiba1/explore-persona-space-data/blob/a5cf03bbe4807361a74c427a46ad329065f75e30/issue952_position_divergence/followups/china_refusal_wording_withholding_v2/attempt1/smoke/raw_completions/rollouts_p0090_0160.jsonl,https://huggingface.co/datasets/superkaiba1/explore-persona-space-data/resolve/a5cf03bbe4807361a74c427a46ad329065f75e30/issue952_position_divergence/followups/china_refusal_wording_withholding_v2/attempt1/smoke/raw_completions/rollouts_p0090_0160.jsonl
issue952_position_divergence/followups/china_refusal_wording_withholding_v2,issue952_position_divergence/followups/china_refusal_wording_withholding_v2/development_instrument_v2/archive.part0000.jsonl,4196565,a5cf03bbe4807361a74c427a46ad329065f75e30,a4424e5004b547179e2744f63c4d9a77ad02bf45,,https://huggingface.co/datasets/superkaiba1/explore-persona-space-data/blob/a5cf03bbe4807361a74c427a46ad329065f75e30/issue952_position_divergence/followups/china_refusal_wording_withholding_v2/development_instrument_v2/archive.part0000.jsonl,https://huggingface.co/datasets/superkaiba1/explore-persona-space-data/resolve/a5cf03bbe4807361a74c427a46ad329065f75e30/issue952_position_divergence/followups/china_refusal_wording_withholding_v2/development_instrument_v2/archive.part0000.jsonl
issue952_position_divergence/followups/china_refusal_wording_withholding_v2,issue952_position_divergence/followups/china_refusal_wording_withholding_v2/development_instrument_v2/packed_manifest.json,30565,a5cf03bbe4807361a74c427a46ad329065f75e30,e23c209b027d527915f1c41e009dfbb2f5ff5157,,https://huggingface.co/datasets/superkaiba1/explore-persona-space-data/blob/a5cf03bbe4807361a74c427a46ad329065f75e30/issue952_position_divergence/followups/china_refusal_wording_withholding_v2/development_instrument_v2/packed_manifest.json,https://huggingface.co/datasets/superkaiba1/explore-persona-space-data/resolve/a5cf03bbe4807361a74c427a46ad329065f75e30/issue952_position_divergence/followups/china_refusal_wording_withholding_v2/development_instrument_v2/packed_manifest.json
issue952_position_divergence/followups/china_refusal_wording_withholding_v2,issue952_position_divergence/followups/china_refusal_wording_withholding_v2/inputs/audit_packets/batch_000.json,60502,a5cf03bbe4807361a74c427a46ad329065f75e30,4dba16f8d4293d28c527a6218b227fe7f76befb4,,https://huggingface.co/datasets/superkaiba1/explore-persona-space-data/blob/a5cf03bbe4807361a74c427a46ad329065f75e30/issue952_position_divergence/followups/china_refusal_wording_withholding_v2/inputs/audit_packets/batch_000.json,https://huggingface.co/datasets/superkaiba1/explore-persona-space-data/resolve/a5cf03bbe4807361a74c427a46ad329065f75e30/issue952_position_divergence/followups/china_refusal_wording_withholding_v2/inputs/audit_packets/batch_000.json
issue952_position_divergence/followups/china_refusal_wording_withholding_v2,issue952_position_divergence/followups/china_refusal_wording_withholding_v2/inputs/audit_packets/batch_001.json,61075,a5cf03bbe4807361a74c427a46ad329065f75e30,9ef7536c72abad12307e9cad5c5aa2a8c68311d2,,https://huggingface.co/datasets/superkaiba1/explore-persona-space-data/blob/a5cf03bbe4807361a74c427a46ad329065f75e30/issue952_position_divergence/followups/china_refusal_wording_withholding_v2/inputs/audit_packets/batch_001.json,https://huggingface.co/datasets/superkaiba1/explore-persona-space-data/resolve/a5cf03bbe4807361a74c427a46ad329065f75e30/issue952_position_divergence/followups/china_refusal_wording_withholding_v2/inputs/audit_packets/batch_001.json
issue952_position_divergence/followups/china_refusal_wording_withholding_v2,issue952_position_divergence/followups/china_refusal_wording_withholding_v2/inputs/audit_packets/batch_002.json,59775,a5cf03bbe4807361a74c427a46ad329065f75e30,41b8613c36f2e6d9f17b3c6385916db4ff00acde,,https://huggingface.co/datasets/superkaiba1/explore-persona-space-data/blob/a5cf03bbe4807361a74c427a46ad329065f75e30/issue952_position_divergence/followups/china_refusal_wording_withholding_v2/inputs/audit_packets/batch_002.json,https://huggingface.co/datasets/superkaiba1/explore-persona-space-data/resolve/a5cf03bbe4807361a74c427a46ad329065f75e30/issue952_position_divergence/followups/china_refusal_wording_withholding_v2/inputs/audit_packets/batch_002.json
issue952_position_divergence/followups/china_refusal_wording_withholding_v2,issue952_position_divergence/followups/china_refusal_wording_withholding_v2/inputs/audit_packets/batch_003.json,60953,a5cf03bbe4807361a74c427a46ad329065f75e30,b6038ddd98c6b94b43dff0d2ce2a938c9bd86856,,https://huggingface.co/datasets/superkaiba1/explore-persona-space-data/blob/a5cf03bbe4807361a74c427a46ad329065f75e30/issue952_position_divergence/followups/china_refusal_wording_withholding_v2/inputs/audit_packets/batch_003.json,https://huggingface.co/datasets/superkaiba1/explore-persona-space-data/resolve/a5cf03bbe4807361a74c427a46ad329065f75e30/issue952_position_divergence/followups/china_refusal_wording_withholding_v2/inputs/audit_packets/batch_003.json
issue952_position_divergence/followups/china_refusal_wording_withholding_v2,issue952_position_divergence/followups/china_refusal_wording_withholding_v2/inputs/audit_packets/batch_004.json,60373,a5cf03bbe4807361a74c427a46ad329065f75e30,b8442e16adc628ccb4947b3e90438b0db4f9e17a,,https://huggingface.co/datasets/superkaiba1/explore-persona-space-data/blob/a5cf03bbe4807361a74c427a46ad329065f75e30/issue952_position_divergence/followups/china_refusal_wording_withholding_v2/inputs/audit_packets/batch_004.json,https://huggingface.co/datasets/superkaiba1/explore-persona-space-data/resolve/a5cf03bbe4807361a74c427a46ad329065f75e30/issue952_position_divergence/followups/china_refusal_wording_withholding_v2/inputs/audit_packets/batch_004.json
issue952_position_divergence/followups/china_refusal_wording_withholding_v2,issue952_position_divergence/followups/china_refusal_wording_withholding_v2/inputs/audit_packets/batch_005.json,61438,a5cf03bbe4807361a74c427a46ad329065f75e30,1de204b0312a4d80f22c057efc4b2cd57f0d7ca7,,https://huggingface.co/datasets/superkaiba1/explore-persona-space-data/blob/a5cf03bbe4807361a74c427a46ad329065f75e30/issue952_position_divergence/followups/china_refusal_wording_withholding_v2/inputs/audit_packets/batch_005.json,https://huggingface.co/datasets/superkaiba1/explore-persona-space-data/resolve/a5cf03bbe4807361a74c427a46ad329065f75e30/issue952_position_divergence/followups/china_refusal_wording_withholding_v2/inputs/audit_packets/batch_005.json
issue952_position_divergence/followups/china_refusal_wording_withholding_v2,issue952_position_divergence/followups/china_refusal_wording_withholding_v2/inputs/audit_packets/batch_006.json,61581,a5cf03bbe4807361a74c427a46ad329065f75e30,81061b3d27fe3d2d149a943aee9da2e9dedf2968,,https://huggingface.co/datasets/superkaiba1/explore-persona-space-data/blob/a5cf03bbe4807361a74c427a46ad329065f75e30/issue952_position_divergence/followups/china_refusal_wording_withholding_v2/inputs/audit_packets/batch_006.json,https://huggingface.co/datasets/superkaiba1/explore-persona-space-data/resolve/a5cf03bbe4807361a74c427a46ad329065f75e30/issue952_position_divergence/followups/china_refusal_wording_withholding_v2/inputs/audit_packets/batch_006.json
issue952_position_divergence/followups/china_refusal_wording_withholding_v2,issue952_position_divergence/followups/china_refusal_wording_withholding_v2/inputs/audit_packets/batch_007.json,60842,a5cf03bbe4807361a74c427a46ad329065f75e30,98df44d089fe98300858920ea7e879fc22d8a75b,,https://huggingface.co/datasets/superkaiba1/explore-persona-space-data/blob/a5cf03bbe4807361a74c427a46ad329065f75e30/issue952_position_divergence/followups/china_refusal_wording_withholding_v2/inputs/audit_packets/batch_007.json,https://huggingface.co/datasets/superkaiba1/explore-persona-space-data/resolve/a5cf03bbe4807361a74c427a46ad329065f75e30/issue952_position_divergence/followups/china_refusal_wording_withholding_v2/inputs/audit_packets/batch_007.json
issue952_position_divergence/followups/china_refusal_wording_withholding_v2,issue952_position_divergence/followups/china_refusal_wording_withholding_v2/inputs/audit_packets/batch_008.json,31853,a5cf03bbe4807361a74c427a46ad329065f75e30,1d46e97224eb3b51c1b2b72f149ab2d146351bc9,,https://huggingface.co/datasets/superkaiba1/explore-persona-space-data/blob/a5cf03bbe4807361a74c427a46ad329065f75e30/issue952_position_divergence/followups/china_refusal_wording_withholding_v2/inputs/audit_packets/batch_008.json,https://huggingface.co/datasets/superkaiba1/explore-persona-space-data/resolve/a5cf03bbe4807361a74c427a46ad329065f75e30/issue952_position_divergence/followups/china_refusal_wording_withholding_v2/inputs/audit_packets/batch_008.json
issue952_position_divergence/followups/china_refusal_wording_withholding_v2,issue952_position_divergence/followups/china_refusal_wording_withholding_v2/inputs/author_packets/batch_000.json,7222,a5cf03bbe4807361a74c427a46ad329065f75e30,5e0a02ae81f0a7b7bdeab7caa96d221061799d36,,https://huggingface.co/datasets/superkaiba1/explore-persona-space-data/blob/a5cf03bbe4807361a74c427a46ad329065f75e30/issue952_position_divergence/followups/china_refusal_wording_withholding_v2/inputs/author_packets/batch_000.json,https://huggingface.co/datasets/superkaiba1/explore-persona-space-data/resolve/a5cf03bbe4807361a74c427a46ad329065f75e30/issue952_position_divergence/followups/china_refusal_wording_withholding_v2/inputs/author_packets/batch_000.json
issue952_position_divergence/followups/china_refusal_wording_withholding_v2,issue952_position_divergence/followups/china_refusal_wording_withholding_v2/inputs/author_packets/batch_001.json,7527,a5cf03bbe4807361a74c427a46ad329065f75e30,ac09dc642463b14b34a475b05f70e2d8369628a7,,https://huggingface.co/datasets/superkaiba1/explore-persona-space-data/blob/a5cf03bbe4807361a74c427a46ad329065f75e30/issue952_position_divergence/followups/china_refusal_wording_withholding_v2/inputs/author_packets/batch_001.json,https://huggingface.co/datasets/superkaiba1/explore-persona-space-data/resolve/a5cf03bbe4807361a74c427a46ad329065f75e30/issue952_position_divergence/followups/china_refusal_wording_withholding_v2/inputs/author_packets/batch_001.json
issue952_position_divergence/followups/china_refusal_wording_withholding_v2,issue952_position_divergence/followups/china_refusal_wording_withholding_v2/inputs/author_packets/batch_002.json,6919,a5cf03bbe4807361a74c427a46ad329065f75e30,9f0ff8cabeb5ccd6bfa0efe21a2e37e599a94eef,,https://huggingface.co/datasets/superkaiba1/explore-persona-space-data/blob/a5cf03bbe4807361a74c427a46ad329065f75e30/issue952_position_divergence/followups/china_refusal_wording_withholding_v2/inputs/author_packets/batch_002.json,https://huggingface.co/datasets/superkaiba1/explore-persona-space-data/resolve/a5cf03bbe4807361a74c427a46ad329065f75e30/issue952_position_divergence/followups/china_refusal_wording_withholding_v2/inputs/author_packets/batch_002.json
issue952_position_divergence/followups/china_refusal_wording_withholding_v2,issue952_position_divergence/followups/china_refusal_wording_withholding_v2/inputs/author_packets/batch_003.json,7414,a5cf03bbe4807361a74c427a46ad329065f75e30,27ea2020c1760e2cf0a942de525d613fc88e1531,,https://huggingface.co/datasets/superkaiba1/explore-persona-space-data/blob/a5cf03bbe4807361a74c427a46ad329065f75e30/issue952_position_divergence/followups/china_refusal_wording_withholding_v2/inputs/author_packets/batch_003.json,https://huggingface.co/datasets/superkaiba1/explore-persona-space-data/resolve/a5cf03bbe4807361a74c427a46ad329065f75e30/issue952_position_divergence/followups/china_refusal_wording_withholding_v2/inputs/author_packets/batch_003.json
issue952_position_divergence/followups/china_refusal_wording_withholding_v2,issue952_position_divergence/followups/china_refusal_wording_withholding_v2/inputs/author_packets/batch_004.json,7056,a5cf03bbe4807361a74c427a46ad329065f75e30,3f9666ae4d3da9f0a0d4cc18ea4c45c396c2b4d2,,https://huggingface.co/datasets/superkaiba1/explore-persona-space-data/blob/a5cf03bbe4807361a74c427a46ad329065f75e30/issue952_position_divergence/followups/china_refusal_wording_withholding_v2/inputs/author_packets/batch_004.json,https://huggingface.co/datasets/superkaiba1/explore-persona-space-data/resolve/a5cf03bbe4807361a74c427a46ad329065f75e30/issue952_position_divergence/followups/china_refusal_wording_withholding_v2/inputs/author_packets/batch_004.json
issue952_position_divergence/followups/china_refusal_wording_withholding_v2,issue952_position_divergence/followups/china_refusal_wording_withholding_v2/inputs/author_packets/batch_005.json,7308,a5cf03bbe4807361a74c427a46ad329065f75e30,99c2370eb70cbfe979b60eaf4407f15a1744842e,,https://huggingface.co/datasets/superkaiba1/explore-persona-space-data/blob/a5cf03bbe4807361a74c427a46ad329065f75e30/issue952_position_divergence/followups/china_refusal_wording_withholding_v2/inputs/author_packets/batch_005.json,https://huggingface.co/datasets/superkaiba1/explore-persona-space-data/resolve/a5cf03bbe4807361a74c427a46ad329065f75e30/issue952_position_divergence/followups/china_refusal_wording_withholding_v2/inputs/author_packets/batch_005.json
issue952_position_divergence/followups/china_refusal_wording_withholding_v2,issue952_position_divergence/followups/china_refusal_wording_withholding_v2/inputs/author_packets/batch_006.json,7632,a5cf03bbe4807361a74c427a46ad329065f75e30,7e65c2c2a4890b67a8ead413425ec6da967a5f8b,,https://huggingface.co/datasets/superkaiba1/explore-persona-space-data/blob/a5cf03bbe4807361a74c427a46ad329065f75e30/issue952_position_divergence/followups/china_refusal_wording_withholding_v2/inputs/author_packets/batch_006.json,https://huggingface.co/datasets/superkaiba1/explore-persona-space-data/resolve/a5cf03bbe4807361a74c427a46ad329065f75e30/issue952_position_divergence/followups/china_refusal_wording_withholding_v2/inputs/author_packets/batch_006.json
issue952_position_divergence/followups/china_refusal_wording_withholding_v2,issue952_position_divergence/followups/china_refusal_wording_withholding_v2/inputs/author_packets/batch_007.json,7191,a5cf03bbe4807361a74c427a46ad329065f75e30,e95b3b8bb645b3542e0fe68f9b9b79b04674f1db,,https://huggingface.co/datasets/superkaiba1/explore-persona-space-data/blob/a5cf03bbe4807361a74c427a46ad329065f75e30/issue952_position_divergence/followups/china_refusal_wording_withholding_v2/inputs/author_packets/batch_007.json,https://huggingface.co/datasets/superkaiba1/explore-persona-space-data/resolve/a5cf03bbe4807361a74c427a46ad329065f75e30/issue952_position_divergence/followups/china_refusal_wording_withholding_v2/inputs/author_packets/batch_007.json
issue952_position_divergence/followups/china_refusal_wording_withholding_v2,issue952_position_divergence/followups/china_refusal_wording_withholding_v2/inputs/author_packets/batch_008.json,4242,a5cf03bbe4807361a74c427a46ad329065f75e30,fb9b021caa290ba907b959c19a2124886cf6f293,,https://huggingface.co/datasets/superkaiba1/explore-persona-space-data/blob/a5cf03bbe4807361a74c427a46ad329065f75e30/issue952_position_divergence/followups/china_refusal_wording_withholding_v2/inputs/author_packets/batch_008.json,https://huggingface.co/datasets/superkaiba1/explore-persona-space-data/resolve/a5cf03bbe4807361a74c427a46ad329065f75e30/issue952_position_divergence/followups/china_refusal_wording_withholding_v2/inputs/author_packets/batch_008.json
issue952_position_divergence/followups/china_refusal_wording_withholding_v2,issue952_position_divergence/followups/china_refusal_wording_withholding_v2/inputs/bank_audit_report.json,1543,a5cf03bbe4807361a74c427a46ad329065f75e30,06651f9cc8a8b73e689a7a5da84775bfd0bd733e,,https://huggingface.co/datasets/superkaiba1/explore-persona-space-data/blob/a5cf03bbe4807361a74c427a46ad329065f75e30/issue952_position_divergence/followups/china_refusal_wording_withholding_v2/inputs/bank_audit_report.json,https://huggingface.co/datasets/superkaiba1/explore-persona-space-data/resolve/a5cf03bbe4807361a74c427a46ad329065f75e30/issue952_position_divergence/followups/china_refusal_wording_withholding_v2/inputs/bank_audit_report.json
issue952_position_divergence/followups/china_refusal_wording_withholding_v2,issue952_position_divergence/followups/china_refusal_wording_withholding_v2/inputs/build_manifest.json,1277,a5cf03bbe4807361a74c427a46ad329065f75e30,5f2d5a9e06162b68992a6e070bab9f1a7d0b9bd6,,https://huggingface.co/datasets/superkaiba1/explore-persona-space-data/blob/a5cf03bbe4807361a74c427a46ad329065f75e30/issue952_position_divergence/followups/china_refusal_wording_withholding_v2/inputs/build_manifest.json,https://huggingface.co/datasets/superkaiba1/explore-persona-space-data/resolve/a5cf03bbe4807361a74c427a46ad329065f75e30/issue952_position_divergence/followups/china_refusal_wording_withholding_v2/inputs/build_manifest.json
issue952_position_divergence/followups/china_refusal_wording_withholding_v2,issue952_position_divergence/followups/china_refusal_wording_withholding_v2/inputs/country_audit.jsonl,56608,a5cf03bbe4807361a74c427a46ad329065f75e30,99e0f02ec62dab6656b39ecc8b23da81855e3498,,https://huggingface.co/datasets/superkaiba1/explore-persona-space-data/blob/a5cf03bbe4807361a74c427a46ad329065f75e30/issue952_position_divergence/followups/china_refusal_wording_withholding_v2/inputs/country_audit.jsonl,https://huggingface.co/datasets/superkaiba1/explore-persona-space-data/resolve/a5cf03bbe4807361a74c427a46ad329065f75e30/issue952_position_divergence/followups/china_refusal_wording_withholding_v2/inputs/country_audit.jsonl
issue952_position_divergence/followups/china_refusal_wording_withholding_v2,issue952_position_divergence/followups/china_refusal_wording_withholding_v2/inputs/country_metadata.jsonl,23515,a5cf03bbe4807361a74c427a46ad329065f75e30,43e24071cb7e9545f6542db66f18ee0660fa2c08,,https://huggingface.co/datasets/superkaiba1/explore-persona-space-data/blob/a5cf03bbe4807361a74c427a46ad329065f75e30/issue952_position_divergence/followups/china_refusal_wording_withholding_v2/inputs/country_metadata.jsonl,https://huggingface.co/datasets/superkaiba1/explore-persona-space-data/resolve/a5cf03bbe4807361a74c427a46ad329065f75e30/issue952_position_divergence/followups/china_refusal_wording_withholding_v2/inputs/country_metadata.jsonl
issue952_position_divergence/followups/china_refusal_wording_withholding_v2,issue952_position_divergence/followups/china_refusal_wording_withholding_v2/inputs/prompt_bank.candidate.jsonl,795196,a5cf03bbe4807361a74c427a46ad329065f75e30,26bd7067629e82618eaf7747c599d59d39cd51fc,,https://huggingface.co/datasets/superkaiba1/explore-persona-space-data/blob/a5cf03bbe4807361a74c427a46ad329065f75e30/issue952_position_divergence/followups/china_refusal_wording_withholding_v2/inputs/prompt_bank.candidate.jsonl,https://huggingface.co/datasets/superkaiba1/explore-persona-space-data/resolve/a5cf03bbe4807361a74c427a46ad329065f75e30/issue952_position_divergence/followups/china_refusal_wording_withholding_v2/inputs/prompt_bank.candidate.jsonl
issue952_position_divergence/followups/china_refusal_wording_withholding_v2,issue952_position_divergence/followups/china_refusal_wording_withholding_v2/inputs/prompt_bank.jsonl,795196,a5cf03bbe4807361a74c427a46ad329065f75e30,26bd7067629e82618eaf7747c599d59d39cd51fc,,https://huggingface.co/datasets/superkaiba1/explore-persona-space-data/blob/a5cf03bbe4807361a74c427a46ad329065f75e30/issue952_position_divergence/followups/china_refusal_wording_withholding_v2/inputs/prompt_bank.jsonl,https://huggingface.co/datasets/superkaiba1/explore-persona-space-data/resolve/a5cf03bbe4807361a74c427a46ad329065f75e30/issue952_position_divergence/followups/china_refusal_wording_withholding_v2/inputs/prompt_bank.jsonl
issue952_position_divergence/followups/china_refusal_wording_withholding_v2,issue952_position_divergence/followups/china_refusal_wording_withholding_v2/inputs/source_manifest.json,2737,a5cf03bbe4807361a74c427a46ad329065f75e30,ce091168154c3e756b69dd1269d1e3323947a377,,https://huggingface.co/datasets/superkaiba1/explore-persona-space-data/blob/a5cf03bbe4807361a74c427a46ad329065f75e30/issue952_position_divergence/followups/china_refusal_wording_withholding_v2/inputs/source_manifest.json,https://huggingface.co/datasets/superkaiba1/explore-persona-space-data/resolve/a5cf03bbe4807361a74c427a46ad329065f75e30/issue952_position_divergence/followups/china_refusal_wording_withholding_v2/inputs/source_manifest.json
issue952_position_divergence/followups/china_refusal_wording_withholding_v2,issue952_position_divergence/followups/china_refusal_wording_withholding_v2/inputs/upload_verified.json,3044,a5cf03bbe4807361a74c427a46ad329065f75e30,d33ef2aad3ce925d17a3b9af8c94a8661bcf1859,,https://huggingface.co/datasets/superkaiba1/explore-persona-space-data/blob/a5cf03bbe4807361a74c427a46ad329065f75e30/issue952_position_divergence/followups/china_refusal_wording_withholding_v2/inputs/upload_verified.json,https://huggingface.co/datasets/superkaiba1/explore-persona-space-data/resolve/a5cf03bbe4807361a74c427a46ad329065f75e30/issue952_position_divergence/followups/china_refusal_wording_withholding_v2/inputs/upload_verified.json
