behavior,regime,variant,u_rung_label,budget_l,draw,seed,f_u,f_l,delta_rho_frozen,ci_lo_inherited,ci_hi_inherited,rho_arm6,rho_arm2
evil,e1,context_end,full,250,0,0,,,-0.01681494360434943,-0.1379371281400519,0.10200385886385503,0.42974462693758797,0.4465595705419374
evil,e2,context_end,full,250,0,0,,,-0.18140078086435057,-0.30452161152552976,-0.0346845291403937,0.2651587896775868,0.4465595705419374
evil,e2p,context_end,full,250,0,0,,,0.05734545312381556,-0.029731882471096514,0.1481151512595341,0.503905023665753,0.4465595705419374
evil,e1,context_end,full,2500,0,0,,,-0.1539946738337783,-0.1864926649253079,-0.12756645375394163,0.5064538925473012,0.6604485663810795
evil,e2,context_end,full,2500,0,0,,,-0.4118851584162361,-0.4489358859738486,-0.3672319814271992,0.24856340796484344,0.6604485663810795
evil,e2p,context_end,full,2500,0,0,,,-0.10731800669627944,-0.13722371268339814,-0.08255577397112396,0.5531305596848001,0.6604485663810795
evil,e1,context_end,full,8000,0,0,,,-0.1348871745146737,-0.15041601339989522,-0.11985548489263151,0.5248838063710559,0.6597709808857296
evil,e2,context_end,full,8000,0,0,,,-0.42275302893739186,-0.44171844513934827,-0.39204627363822225,0.23701795194833772,0.6597709808857296
evil,e2p,context_end,full,8000,0,0,,,-0.10872440605439027,-0.12420037385299273,-0.09199079088822162,0.5510465748313393,0.6597709808857296
evil,e1,context_end,250,250,0,0,,,-0.25737915460272787,-0.363549506168582,-0.10879493090515245,0.20538550826085186,0.46276466286357976
evil,e2,context_end,250,250,0,0,,,-0.18441323947167532,-0.29377819894289836,-0.018739764281545345,0.27835142339190444,0.46276466286357976
evil,e2p,context_end,250,250,0,0,,,-0.11761364436116095,-0.24105712838717308,0.011142945092880748,0.3451510185024188,0.46276466286357976
evil,e1,context_end,250,250,0,1,,,-0.08024926316898706,-0.18717101553301593,-0.0059479688834241495,0.5243335856585393,0.6045828488275263
evil,e2,context_end,250,250,0,1,,,-0.2943120182670545,-0.42619887767127806,-0.18829023012374943,0.31027083056047183,0.6045828488275263
evil,e2p,context_end,250,250,0,1,,,-0.0864956195592631,-0.1888694492091044,-0.007036758875953876,0.5180872292682632,0.6045828488275263
evil,e1,context_end,250,250,0,2,,,-0.3288737661193307,-0.39403543242577116,-0.21099102025483144,0.29627900832563936,0.6251527744449701
evil,e2,context_end,250,250,0,2,,,-0.4531909398960675,-0.5069957339740646,-0.32617075392961503,0.17196183454890254,0.6251527744449701
evil,e2p,context_end,250,250,0,2,,,-0.24529492530167107,-0.3387097807380999,-0.17162341762483616,0.379857849143299,0.6251527744449701
evil,e1,context_end,250,250,1,0,,,-0.12292419960397533,-0.23396278606358836,-0.0010784673847030308,0.3659561525358703,0.48888035213984565
evil,e2,context_end,250,250,1,0,,,-0.300061539489684,-0.41492670772999407,-0.14568141293663422,0.18881881265016165,0.48888035213984565
evil,e2p,context_end,250,250,1,0,,,-0.18482350215017046,-0.3059014579410133,-0.05466949540907334,0.3040568499896752,0.48888035213984565
evil,e1,context_end,250,250,1,1,,,-0.21759824596608374,-0.30978732820543586,-0.1305186245822256,0.395006726706638,0.6126049726727217
evil,e2,context_end,250,250,1,1,,,-0.49240474853253635,-0.5941552848544618,-0.3494538634406915,0.12020022414018536,0.6126049726727217
evil,e2p,context_end,250,250,1,1,,,-0.2851595880153497,-0.38904709090415035,-0.18209895259983871,0.32744538465737205,0.6126049726727217
evil,e1,context_end,250,250,1,2,,,-0.23666911677749258,-0.2920867133668518,-0.08750617737214698,0.36913208589787594,0.6058012026753685
evil,e2,context_end,250,250,1,2,,,-0.37903787848544424,-0.45176086568362184,-0.23597848226116794,0.2267633241899243,0.6058012026753685
evil,e2p,context_end,250,250,1,2,,,-0.23311299703207217,-0.3164090283100726,-0.11274366641970691,0.37268820564329636,0.6058012026753685
evil,e1,context_end,250,250,2,0,,,-0.28143125883975784,-0.37363687990103817,-0.18567061592118758,0.3736290485103392,0.655060307350097
evil,e2,context_end,250,250,2,0,,,-0.5072839250883961,-0.5867557437440083,-0.3621788766529992,0.14777638226170084,0.655060307350097
evil,e2p,context_end,250,250,2,0,,,-0.3681572006368973,-0.421236963407256,-0.24210358233078344,0.28690310671319974,0.655060307350097
evil,e1,context_end,250,250,2,1,,,-0.01012209445240908,-0.07411072160601241,0.04108744257214105,0.61590741381679,0.6260295082691991
evil,e2,context_end,250,250,2,1,,,-0.24610720630605826,-0.39722368671140923,-0.11426823432963434,0.37992230196314086,0.6260295082691991
evil,e2p,context_end,250,250,2,1,,,-0.0660879152738375,-0.17386377150464397,0.017394814150082618,0.5599415929953616,0.6260295082691991
evil,e1,context_end,250,250,2,2,,,-0.1385965586788767,-0.28148737994294803,0.004551134670258214,0.34024551043051804,0.47884206910939475
evil,e2,context_end,250,250,2,2,,,-0.2964071624047179,-0.3908220827022639,-0.1366313104526442,0.18243490670467682,0.47884206910939475
evil,e2p,context_end,250,250,2,2,,,-0.08341625309658923,-0.2209017895492145,0.03353675928720588,0.3954258160128055,0.47884206910939475
evil,e1,context_end,250,250,3,0,,,-0.26397958317011844,-0.35755276531894686,-0.17186650450150967,0.4043874336905329,0.6683670168606514
evil,e2,context_end,250,250,3,0,,,-0.3958961887063423,-0.4766127491636358,-0.2640046051978763,0.27247082815430906,0.6683670168606514
evil,e2p,context_end,250,250,3,0,,,-0.2462552527976335,-0.34394255216192365,-0.15153320025254477,0.42211176406301787,0.6683670168606514
evil,e1,context_end,250,250,3,1,,,-0.47165710529241744,-0.5238354404804616,-0.3266111332406594,0.16238835735672877,0.6340454626491462
evil,e2,context_end,250,250,3,1,,,-0.40310666603091244,-0.4539431372925425,-0.26230428199064226,0.23093879661823374,0.6340454626491462
evil,e2p,context_end,250,250,3,1,,,-0.40131432743696904,-0.45266912894864636,-0.2650623826163424,0.23273113521217714,0.6340454626491462
evil,e1,context_end,250,250,3,2,,,-0.2688428574057832,-0.32982525044039024,-0.14807151505776248,0.35911879270550195,0.6279616501112851
evil,e2,context_end,250,250,3,2,,,-0.296767518958495,-0.4007805587927422,-0.20724674462775458,0.3311941311527901,0.6279616501112851
evil,e2p,context_end,250,250,3,2,,,-0.2745070283823599,-0.40660488649341475,-0.15094540529337735,0.3534546217289252,0.6279616501112851
evil,e1,context_end,250,250,4,0,,,-0.17999930518386825,-0.2471832518797103,-0.0741226253367301,0.36789754836874683,0.5478968535526151
evil,e2,context_end,250,250,4,0,,,-0.2773856224168328,-0.3487371071550194,-0.1304563622907441,0.2705112311357823,0.5478968535526151
evil,e2p,context_end,250,250,4,0,,,-0.1871076902473623,-0.25974627923558424,-0.06943666546337576,0.3607891633052528,0.5478968535526151
evil,e1,context_end,250,250,4,1,,,-0.38394365339117265,-0.47352721578132434,-0.27080344732374667,0.33247236755885456,0.7164160209500272
evil,e2,context_end,250,250,4,1,,,-0.5121986864904565,-0.5946620145402466,-0.36517760193149507,0.20421733445957072,0.7164160209500272
evil,e2p,context_end,250,250,4,1,,,-0.4758892252051829,-0.5561515648274887,-0.3407062550457867,0.2405267957448443,0.7164160209500272
evil,e1,context_end,250,250,4,2,,,-0.333281942172099,-0.3985370340836382,-0.22810728406662453,0.3584842517822406,0.6917661939543396
evil,e2,context_end,250,250,4,2,,,-0.4464795889162863,-0.5155045403041224,-0.308757922046121,0.24528660503805327,0.6917661939543396
evil,e2p,context_end,250,250,4,2,,,-0.25968527174819506,-0.3267372115713839,-0.15531809694362364,0.4320809222061445,0.6917661939543396
evil,e1,context_end,250,2500,0,0,,,-0.3693247048108373,-0.3904689343315888,-0.3303477685211032,0.2918877383253989,0.6612124431362362
evil,e2,context_end,250,2500,0,0,,,-0.5376650132911899,-0.563676935722636,-0.486038159148505,0.12354742984504628,0.6612124431362362
evil,e2p,context_end,250,2500,0,0,,,-0.3574923597363715,-0.39855842056237356,-0.3186968209077138,0.30372008339986467,0.6612124431362362
evil,e1,context_end,250,2500,0,1,,,-0.31988954912255785,-0.3518839464097727,-0.28813645584430325,0.342745017275603,0.6626345663981609
evil,e2,context_end,250,2500,0,1,,,-0.44760713538441155,-0.48561730058944075,-0.40410413386004806,0.21502743101374933,0.6626345663981609
evil,e2p,context_end,250,2500,0,1,,,-0.273249303386207,-0.30867532946414933,-0.23920532125282182,0.38938526301195386,0.6626345663981609
evil,e1,context_end,250,2500,0,2,,,-0.31399450473006363,-0.3483103533611243,-0.28008357316632587,0.3492780541869288,0.6632725589169924
evil,e2,context_end,250,2500,0,2,,,-0.4691105466957901,-0.515249192306579,-0.4293052616025517,0.1941620122212023,0.6632725589169924
evil,e2p,context_end,250,2500,0,2,,,-0.2957699805407551,-0.33181063170004155,-0.2619524865373176,0.36750257837623734,0.6632725589169924
evil,e1,context_end,250,2500,1,0,,,-0.30466554925106054,-0.3406871285904159,-0.27626658389414843,0.3582172264815027,0.6628827757325633
evil,e2,context_end,250,2500,1,0,,,-0.548793451725491,-0.5795901943578354,-0.5097666199688407,0.11408932400707225,0.6628827757325633
evil,e2p,context_end,250,2500,1,0,,,-0.36153049046221025,-0.39882203669054167,-0.32538957332315843,0.301352285270353,0.6628827757325633
evil,e1,context_end,250,2500,1,1,,,-0.31778761231130487,-0.35029138052259223,-0.28108820656780714,0.3368177843851106,0.6546053966964155
evil,e2,context_end,250,2500,1,1,,,-0.5028216791163819,-0.5446724103318974,-0.4597077223041198,0.1517837175800336,0.6546053966964155
evil,e2p,context_end,250,2500,1,1,,,-0.30969872734868287,-0.3425551813164415,-0.269071051816035,0.3449066693477326,0.6546053966964155
evil,e1,context_end,250,2500,1,2,,,-0.3048340554511618,-0.33987232701642284,-0.2716173960925506,0.34222634033973187,0.6470603957908937
evil,e2,context_end,250,2500,1,2,,,-0.44640966913979985,-0.4940279152242101,-0.4022092293256554,0.20065072665109387,0.6470603957908937
evil,e2p,context_end,250,2500,1,2,,,-0.25572225468511073,-0.2945040192812966,-0.21976689450813333,0.39133814110578297,0.6470603957908937
evil,e1,context_end,250,2500,2,0,,,-0.3023335505528514,-0.3358586538152849,-0.26942363527923024,0.3561036779958996,0.658437228548751
evil,e2,context_end,250,2500,2,0,,,-0.495928341715733,-0.5317761578849354,-0.448402290936517,0.16250888683301795,0.658437228548751
evil,e2p,context_end,250,2500,2,0,,,-0.2758412033115867,-0.30808260120355546,-0.23917990474525877,0.3825960252371643,0.658437228548751
evil,e1,context_end,250,2500,2,1,,,-0.2700271642806442,-0.3014658132363362,-0.2411082724768274,0.3998236512921861,0.6698508155728303
evil,e2,context_end,250,2500,2,1,,,-0.46542669930229363,-0.5087994666264074,-0.4248225083198918,0.20442411627053672,0.6698508155728303
evil,e2p,context_end,250,2500,2,1,,,-0.2456637911528874,-0.2789454899068703,-0.21478860157027863,0.42418702441994294,0.6698508155728303
evil,e1,context_end,250,2500,2,2,,,-0.32496000692809285,-0.3575840866411706,-0.29236892095610295,0.32632642844844023,0.6512864353765331
evil,e2,context_end,250,2500,2,2,,,-0.5008114674092838,-0.5275118438191471,-0.4500943933914044,0.1504749679672492,0.6512864353765331
evil,e2p,context_end,250,2500,2,2,,,-0.31702609518996705,-0.35513382787414466,-0.2803006272591432,0.33426034018656603,0.6512864353765331
evil,e1,context_end,250,2500,3,0,,,-0.31994543394032465,-0.3529458552069566,-0.2834081872862759,0.3388315208251253,0.65877695476545
evil,e2,context_end,250,2500,3,0,,,-0.5238127655596525,-0.5622077489564474,-0.47804291224753925,0.1349641892057975,0.65877695476545
evil,e2p,context_end,250,2500,3,0,,,-0.31821495806607375,-0.35566012588041285,-0.27931050071420216,0.3405619966993762,0.65877695476545
evil,e1,context_end,250,2500,3,1,,,-0.31139932337909265,-0.3451473776127451,-0.27891659270114094,0.3487291286368211,0.6601284520159137
evil,e2,context_end,250,2500,3,1,,,-0.5165717876913353,-0.5451339324718032,-0.47306026140214846,0.14355666432457845,0.6601284520159137
evil,e2p,context_end,250,2500,3,1,,,-0.3052449432082694,-0.34296578634585395,-0.26426886914288295,0.35488350880764435,0.6601284520159137
evil,e1,context_end,250,2500,3,2,,,-0.32376288026600003,-0.35745340397240155,-0.2944615119366627,0.3146668005466117,0.6384296808126118
evil,e2,context_end,250,2500,3,2,,,-0.4871609677112322,-0.5196524028190233,-0.44742835209610354,0.15126871310137954,0.6384296808126118
evil,e2p,context_end,250,2500,3,2,,,-0.2993963630654781,-0.34127819249176145,-0.27081908414258804,0.33903331774713363,0.6384296808126118
evil,e1,context_end,250,2500,4,0,,,-0.31930220375420487,-0.34967963696550364,-0.2916664708943602,0.34712260932216416,0.666424813076369
evil,e2,context_end,250,2500,4,0,,,-0.5210434708822073,-0.564784203597369,-0.47483547724458414,0.14538134219416174,0.666424813076369
evil,e2p,context_end,250,2500,4,0,,,-0.33671002419796664,-0.3747899546994416,-0.2978474013874554,0.3297147888784024,0.666424813076369
evil,e1,context_end,250,2500,4,1,,,-0.3160544184777429,-0.3507160632672382,-0.2817790917994148,0.344432501654985,0.6604869201327279
evil,e2,context_end,250,2500,4,1,,,-0.4814465549489818,-0.5271406584997104,-0.43957494382013335,0.1790403651837461,0.6604869201327279
evil,e2p,context_end,250,2500,4,1,,,-0.2798106103425765,-0.3150850049182121,-0.24466305554401369,0.38067630979015143,0.6604869201327279
evil,e1,context_end,250,2500,4,2,,,-0.32261961952804247,-0.3572575553824233,-0.2889521069901186,0.32588399792347283,0.6485036174515153
evil,e2,context_end,250,2500,4,2,,,-0.5326093319344294,-0.5619012358464905,-0.489114751473834,0.1158942855170859,0.6485036174515153
evil,e2p,context_end,250,2500,4,2,,,-0.31818115823941234,-0.3555416225304673,-0.2799194692686388,0.33032245921210296,0.6485036174515153
evil,e1,context_end,250,8000,0,0,,,-0.31443856097144895,-0.33643846221887436,-0.29458707233767234,0.3435293645295344,0.6579679255009834
evil,e2,context_end,250,8000,0,0,,,-0.49874722330337456,-0.5264818288091115,-0.471327153168116,0.1592207021976088,0.6579679255009834
evil,e2p,context_end,250,8000,0,0,,,-0.3010936549513722,-0.32219980320816444,-0.2792866304691011,0.3568742705496112,0.6579679255009834
evil,e1,context_end,250,8000,0,1,,,-0.31994660160335575,-0.3390773758271629,-0.297467580030785,0.3435293645295344,0.6634759661328902
evil,e2,context_end,250,8000,0,1,,,-0.5042552639352813,-0.5296410943810774,-0.47869421863997197,0.1592207021976088,0.6634759661328902
evil,e2p,context_end,250,8000,0,1,,,-0.306601695583279,-0.3285054205634637,-0.2855624878924722,0.3568742705496112,0.6634759661328902
evil,e1,context_end,250,8000,0,2,,,-0.31925317034175027,-0.34017664834467765,-0.29867435318811036,0.3435293645295344,0.6627825348712847
evil,e2,context_end,250,8000,0,2,,,-0.5035618326736759,-0.5318508895284056,-0.4790941956279646,0.1592207021976088,0.6627825348712847
evil,e2p,context_end,250,8000,0,2,,,-0.3059082643216735,-0.3297410046200234,-0.2826286476417287,0.3568742705496112,0.6627825348712847
evil,e1,context_end,250,8000,1,0,,,-0.3221353449918005,-0.34295194968552256,-0.30193755035324477,0.3435293645295344,0.6656647095213349
evil,e2,context_end,250,8000,1,0,,,-0.5064440073237262,-0.5334997770642059,-0.47904836481072594,0.1592207021976088,0.6656647095213349
evil,e2p,context_end,250,8000,1,0,,,-0.30879043897172376,-0.33315641878365027,-0.2866846121623327,0.3568742705496112,0.6656647095213349
evil,e1,context_end,250,8000,1,1,,,-0.32128915473084985,-0.3423468456232997,-0.30246590198586903,0.3435293645295344,0.6648185192603843
evil,e2,context_end,250,8000,1,1,,,-0.5055978170627755,-0.5305663623454983,-0.4764967515926573,0.1592207021976088,0.6648185192603843
evil,e2p,context_end,250,8000,1,1,,,-0.3079442487107731,-0.33077529902154484,-0.28573479129350876,0.3568742705496112,0.6648185192603843
evil,e1,context_end,250,8000,1,2,,,-0.3184524884396922,-0.33805482905972767,-0.29770296144658637,0.3435293645295344,0.6619818529692266
evil,e2,context_end,250,8000,1,2,,,-0.5027611507716179,-0.5302046552246525,-0.4761439698478111,0.1592207021976088,0.6619818529692266
evil,e2p,context_end,250,8000,1,2,,,-0.30510758241961544,-0.32901482139228644,-0.2821313009235348,0.3568742705496112,0.6619818529692266
evil,e1,context_end,250,8000,2,0,,,-0.32055400160072167,-0.3402803749948664,-0.2994984580736534,0.3435293645295344,0.6640833661302561
evil,e2,context_end,250,8000,2,0,,,-0.5048626639326472,-0.5324356124195408,-0.4791623548945756,0.1592207021976088,0.6640833661302561
evil,e2p,context_end,250,8000,2,0,,,-0.3072090955806449,-0.3280956826881741,-0.28484347684965783,0.3568742705496112,0.6640833661302561
evil,e1,context_end,250,8000,2,1,,,-0.31746928526013485,-0.339101912048739,-0.29633154093576364,0.3435293645295344,0.6609986497896693
evil,e2,context_end,250,8000,2,1,,,-0.5017779475920605,-0.52768073140214,-0.47345468085781217,0.1592207021976088,0.6609986497896693
evil,e2p,context_end,250,8000,2,1,,,-0.3041243792400581,-0.326942884673628,-0.2822416662715954,0.3568742705496112,0.6609986497896693
evil,e1,context_end,250,8000,2,2,,,-0.3223204600314993,-0.3433173761167143,-0.30197357157802185,0.3435293645295344,0.6658498245610337
evil,e2,context_end,250,8000,2,2,,,-0.5066291223634249,-0.5337551012454175,-0.47931863162640104,0.1592207021976088,0.6658498245610337
evil,e2p,context_end,250,8000,2,2,,,-0.3089755540114225,-0.3306355915563904,-0.28569302432367033,0.3568742705496112,0.6658498245610337
evil,e1,context_end,250,8000,3,0,,,-0.3198602268706242,-0.342872988275398,-0.29942583728060057,0.3435293645295344,0.6633895914001586
evil,e2,context_end,250,8000,3,0,,,-0.5041688892025498,-0.5319803410112667,-0.47695344221171054,0.1592207021976088,0.6633895914001586
evil,e2p,context_end,250,8000,3,0,,,-0.30651532085054745,-0.33121038094635924,-0.28250234151170106,0.3568742705496112,0.6633895914001586
evil,e1,context_end,250,8000,3,1,,,-0.31929176396169234,-0.3414289589141652,-0.2994852201763242,0.3435293645295344,0.6628211284912268
evil,e2,context_end,250,8000,3,1,,,-0.503600426293618,-0.5302746574328222,-0.4790476855917303,0.1592207021976088,0.6628211284912268
evil,e2p,context_end,250,8000,3,1,,,-0.3059468579416156,-0.3287104305373902,-0.2848294794775351,0.3568742705496112,0.6628211284912268
evil,e1,context_end,250,8000,3,2,,,-0.320089812022748,-0.3410790131875927,-0.2998288470131948,0.3435293645295344,0.6636191765522824
evil,e2,context_end,250,8000,3,2,,,-0.5043984743546737,-0.5312800349914996,-0.4762472501111209,0.1592207021976088,0.6636191765522824
evil,e2p,context_end,250,8000,3,2,,,-0.30674490600267124,-0.329399976135643,-0.28528245616609094,0.3568742705496112,0.6636191765522824
evil,e1,context_end,250,8000,4,0,,,-0.32141949862639607,-0.34161275053445145,-0.302149651859699,0.3435293645295344,0.6649488631559305
evil,e2,context_end,250,8000,4,0,,,-0.5057281609583217,-0.5303549076067252,-0.47650234231547667,0.1592207021976088,0.6649488631559305
evil,e2p,context_end,250,8000,4,0,,,-0.3080745926063193,-0.33155441317133816,-0.2871173761891807,0.3568742705496112,0.6649488631559305
evil,e1,context_end,250,8000,4,1,,,-0.3210988440659688,-0.3420831435201203,-0.300458424619329,0.3435293645295344,0.6646282085955032
evil,e2,context_end,250,8000,4,1,,,-0.5054075063978944,-0.53109518657671,-0.4803877321034477,0.1592207021976088,0.6646282085955032
evil,e2p,context_end,250,8000,4,1,,,-0.307753938045892,-0.3277909852462915,-0.285537494601361,0.3568742705496112,0.6646282085955032
evil,e1,context_end,250,8000,4,2,,,-0.3202826373313902,-0.3400533372467816,-0.2998378043390699,0.3435293645295344,0.6638120018609246
evil,e2,context_end,250,8000,4,2,,,-0.5045912996633157,-0.5315497379034452,-0.4774452897071659,0.1592207021976088,0.6638120018609246
evil,e2p,context_end,250,8000,4,2,,,-0.3069377313113134,-0.3290283156093525,-0.2852037958272259,0.3568742705496112,0.6638120018609246
evil,e1,context_end,5000,250,0,0,,,-0.15755786973223473,-0.26573742332705574,-0.04038210869279448,0.2725158701687667,0.43007373990100145
evil,e2,context_end,5000,250,0,0,,,-0.28481129894513557,-0.37874535096266226,-0.14887658518289126,0.1452624409558659,0.43007373990100145
evil,e2p,context_end,5000,250,0,0,,,-0.1490836243828348,-0.2817280474892439,-0.03573703066006886,0.28099011551816666,0.43007373990100145
evil,e1,context_end,5000,250,0,1,,,-0.22992225802642202,-0.3061733790321916,-0.11247764912002071,0.3877819926641561,0.6177042506905781
evil,e2,context_end,5000,250,0,1,,,-0.31795656472763767,-0.40522728669464997,-0.20036117143899324,0.29974768596294044,0.6177042506905781
evil,e2p,context_end,5000,250,0,1,,,-0.2849509959129313,-0.33362094845231716,-0.14148278470429698,0.3327532547776468,0.6177042506905781
evil,e1,context_end,5000,250,0,2,,,-0.2774036216355313,-0.37967914150295723,-0.17901305550551008,0.3761432430879062,0.6535468647234375
evil,e2,context_end,5000,250,0,2,,,-0.41594013882554287,-0.5191114364042774,-0.2694865978616186,0.2376067258978946,0.6535468647234375
evil,e2p,context_end,5000,250,0,2,,,-0.23269742332507182,-0.33515817669921855,-0.11408460491569085,0.42084944139836566,0.6535468647234375
evil,e1,context_end,5000,250,1,0,,,-0.20895043613274267,-0.26474434061267715,-0.06729207946152087,0.30282846047809486,0.5117788966108375
evil,e2,context_end,5000,250,1,0,,,-0.23030557778713556,-0.3322820419377663,-0.12374345495942636,0.28147331882370197,0.5117788966108375
evil,e2p,context_end,5000,250,1,0,,,-0.136339057435992,-0.24107771385737353,-0.03099122262778384,0.3754398391748455,0.5117788966108375
evil,e1,context_end,5000,250,1,1,,,-0.27222170073688556,-0.33608435600659986,-0.15139989682978616,0.32901621556789085,0.6012379163047764
evil,e2,context_end,5000,250,1,1,,,-0.2965899633542878,-0.39512819810815264,-0.1785946834940697,0.30464795295048863,0.6012379163047764
evil,e2p,context_end,5000,250,1,1,,,-0.21304665281150204,-0.2942859440442064,-0.10909559357407385,0.3881912634932744,0.6012379163047764
evil,e1,context_end,5000,250,1,2,,,-0.12856363458953457,-0.2408795467444677,-0.017633712804227243,0.4727283396854085,0.6012919742749431
evil,e2,context_end,5000,250,1,2,,,-0.24173163451842283,-0.35391570876014206,-0.13420986065168627,0.35956033975652024,0.6012919742749431
evil,e2p,context_end,5000,250,1,2,,,-0.18560784532027036,-0.2939244135092714,-0.09143171369034793,0.4156841289546727,0.6012919742749431
evil,e1,context_end,5000,250,2,0,,,-0.23529828023858396,-0.31282195700298937,-0.12774712149472683,0.4203951831859792,0.6556934634245631
evil,e2,context_end,5000,250,2,0,,,-0.33849028982665247,-0.43124538918181743,-0.2327864439703079,0.31720317359791067,0.6556934634245631
evil,e2p,context_end,5000,250,2,0,,,-0.25711830617154713,-0.32529382663387285,-0.1442597099692251,0.398575157253016,0.6556934634245631
evil,e1,context_end,5000,250,2,1,,,-0.22099869089963553,-0.29708174382282304,-0.13765377150945576,0.41976058795580906,0.6407592788554446
evil,e2,context_end,5000,250,2,1,,,-0.4056755623038698,-0.46842499503956775,-0.2878068616799653,0.23508371655157478,0.6407592788554446
evil,e2p,context_end,5000,250,2,1,,,-0.19995603418398333,-0.2701404224192475,-0.11004018448882467,0.44080324467146126,0.6407592788554446
evil,e1,context_end,5000,250,2,2,,,-0.11809813305692429,-0.2415357996324689,0.003867634959918723,0.29808482695994837,0.41618296001687266
evil,e2,context_end,5000,250,2,2,,,-0.23621989519209133,-0.33274578936047994,-0.09749696865058978,0.17996306482478133,0.41618296001687266
evil,e2p,context_end,5000,250,2,2,,,-0.1929506475083734,-0.2658818849677661,-0.030811405161366528,0.22323231250849926,0.41618296001687266
evil,e1,context_end,5000,250,3,0,,,-0.30930752884821283,-0.34394191562257465,-0.17449668039446023,0.3366791111126283,0.6459866399608412
evil,e2,context_end,5000,250,3,0,,,-0.40609192013471507,-0.44940050465467,-0.25962147177560824,0.23989471982612612,0.6459866399608412
evil,e2p,context_end,5000,250,3,0,,,-0.27610809161546074,-0.3253213482137963,-0.13820658539599084,0.3698785483453804,0.6459866399608412
evil,e1,context_end,5000,250,3,1,,,-0.34797044437999547,-0.40637093080362485,-0.21408870198811503,0.29855936979028574,0.6465298141702812
evil,e2,context_end,5000,250,3,1,,,-0.45788566033577016,-0.513781074404307,-0.30133516364661955,0.18864415383451108,0.6465298141702812
evil,e2p,context_end,5000,250,3,1,,,-0.3979450616464167,-0.4474009093047931,-0.24717586661839822,0.24858475252386453,0.6465298141702812
evil,e1,context_end,5000,250,3,2,,,-0.25018872159483996,-0.359345559297487,-0.15670721071123556,0.38152342598065436,0.6317121475754943
evil,e2,context_end,5000,250,3,2,,,-0.27261644955657527,-0.4059189522569726,-0.17849467480152195,0.35909569801891905,0.6317121475754943
evil,e2p,context_end,5000,250,3,2,,,-0.3180182142730063,-0.39046535074304733,-0.190212921450965,0.313693933302488,0.6317121475754943
evil,e1,context_end,5000,250,4,0,,,-0.15504683440462547,-0.2352235983176286,-0.0364880876276427,0.39240592531440827,0.5474527597190337
evil,e2,context_end,5000,250,4,0,,,-0.26439814356944286,-0.36268581210823775,-0.12505216806662373,0.2830546161495909,0.5474527597190337
evil,e2p,context_end,5000,250,4,0,,,-0.23008509757068618,-0.2959840327193807,-0.11647681167949499,0.31736766214834755,0.5474527597190337
evil,e1,context_end,5000,250,4,1,,,-0.2856707831711674,-0.36022912949796165,-0.1845151936988247,0.414535262960041,0.7002060461312084
evil,e2,context_end,5000,250,4,1,,,-0.46525781167304403,-0.4922465075732625,-0.3258896070140255,0.23494823445816435,0.7002060461312084
evil,e2p,context_end,5000,250,4,1,,,-0.39015004280244997,-0.4185727408332576,-0.23807954907935996,0.31005600332875843,0.7002060461312084
evil,e1,context_end,5000,250,4,2,,,-0.24056367397580264,-0.34151141163892373,-0.14207526783830565,0.4521756649841982,0.6927393389600008
evil,e2,context_end,5000,250,4,2,,,-0.3801233154301773,-0.4665083042134204,-0.2800634040079379,0.31261602352982354,0.6927393389600008
evil,e2p,context_end,5000,250,4,2,,,-0.28894400301255385,-0.3651885165227404,-0.19818538913755607,0.403795335947447,0.6927393389600008
evil,e1,context_end,5000,2500,0,0,,,-0.2797086719458206,-0.3178663022179323,-0.24740051861059087,0.3779588974927347,0.6576675694385553
evil,e2,context_end,5000,2500,0,0,,,-0.4519606534817478,-0.49137219855305175,-0.41048566029949296,0.2057069159568075,0.6576675694385553
evil,e2p,context_end,5000,2500,0,0,,,-0.4142309202073485,-0.43502514063500014,-0.374373049042394,0.24343664923120684,0.6576675694385553
evil,e1,context_end,5000,2500,0,1,,,-0.29661206706081994,-0.3307321509408147,-0.2604641716844978,0.3660080384512567,0.6626201055120766
evil,e2,context_end,5000,2500,0,1,,,-0.5031169765817964,-0.5295111805737263,-0.4635704426218884,0.15950312893028024,0.6626201055120766
evil,e2p,context_end,5000,2500,0,1,,,-0.43888093838363307,-0.4596434325566648,-0.39344649172455787,0.22373916712844355,0.6626201055120766
evil,e1,context_end,5000,2500,0,2,,,-0.2944755701057218,-0.32675173867281626,-0.2611096160636089,0.3695375341071213,0.6640131042128431
evil,e2,context_end,5000,2500,0,2,,,-0.4675386696217626,-0.5049373760703293,-0.42856659513622447,0.1964744345910805,0.6640131042128431
evil,e2p,context_end,5000,2500,0,2,,,-0.3924734325028283,-0.4236130143029655,-0.3599432224596435,0.2715396717100148,0.6640131042128431
evil,e1,context_end,5000,2500,1,0,,,-0.2872991685089892,-0.3199509197400724,-0.25532944665719065,0.3767111222305224,0.6640102907395116
evil,e2,context_end,5000,2500,1,0,,,-0.44998966634554627,-0.4890796155054979,-0.4100879810852889,0.21402062439396527,0.6640102907395116
evil,e2p,context_end,5000,2500,1,0,,,-0.3949338227498256,-0.415119686694778,-0.35663786131889924,0.269076467989686,0.6640102907395116
evil,e1,context_end,5000,2500,1,1,,,-0.31376771366959993,-0.3513415442607105,-0.2778100447472824,0.3416221223268376,0.6553898359964375
evil,e2,context_end,5000,2500,1,1,,,-0.4834579434344821,-0.5159821943824189,-0.4449591471368796,0.1719318925619554,0.6553898359964375
evil,e2p,context_end,5000,2500,1,1,,,-0.4069574606945886,-0.43395493466733553,-0.36843107649298673,0.2484323753018489,0.6553898359964375
evil,e1,context_end,5000,2500,1,2,,,-0.30734719453193904,-0.3450539171517885,-0.2746125662979646,0.3389092968548366,0.6462564913867757
evil,e2,context_end,5000,2500,1,2,,,-0.49310978320569165,-0.526396815631942,-0.45206738475756875,0.15314670818108403,0.6462564913867757
evil,e2p,context_end,5000,2500,1,2,,,-0.42375456179102816,-0.43830090048773496,-0.37826606583294564,0.2225019295957475,0.6462564913867757
evil,e1,context_end,5000,2500,2,0,,,-0.2914008544847465,-0.3316595340373009,-0.2582886600592432,0.36964538054836216,0.6610462350331087
evil,e2,context_end,5000,2500,2,0,,,-0.467380383524933,-0.504840812870745,-0.4244980863935328,0.19366585150817567,0.6610462350331087
evil,e2p,context_end,5000,2500,2,0,,,-0.4352205120607078,-0.44964393455936863,-0.3885132952562989,0.22582572297240086,0.6610462350331087
evil,e1,context_end,5000,2500,2,1,,,-0.290226642516573,-0.3269282220956176,-0.2581338518449577,0.3823287193018949,0.6725553618184679
evil,e2,context_end,5000,2500,2,1,,,-0.4943218215877756,-0.5327095221512508,-0.44895294326364604,0.17823354023069224,0.6725553618184679
evil,e2p,context_end,5000,2500,2,1,,,-0.42608524140219506,-0.44664098398772456,-0.379775695005519,0.24647012041627278,0.6725553618184679
evil,e1,context_end,5000,2500,2,2,,,-0.3051640133231505,-0.3428923148340325,-0.2678292921049049,0.34935559735248073,0.6545196106756312
evil,e2,context_end,5000,2500,2,2,,,-0.45916923246112096,-0.5017007975554891,-0.4162970042765954,0.19535037821451026,0.6545196106756312
evil,e2p,context_end,5000,2500,2,2,,,-0.40023726086002054,-0.41927171051993184,-0.3586944983496801,0.2542823498156107,0.6545196106756312
evil,e1,context_end,5000,2500,3,0,,,-0.3126117423488113,-0.34724883094929,-0.2786616124896738,0.35312109886345455,0.6657328412122658
evil,e2,context_end,5000,2500,3,0,,,-0.5120944588568904,-0.5459875445011838,-0.47214459436289596,0.1536383823553754,0.6657328412122658
evil,e2p,context_end,5000,2500,3,0,,,-0.42152613454968285,-0.4413287755250529,-0.37886497034435335,0.24420670666258298,0.6657328412122658
evil,e1,context_end,5000,2500,3,1,,,-0.3230647690646107,-0.35746154236587907,-0.28840166630121944,0.3465712177232412,0.6696359867878519
evil,e2,context_end,5000,2500,3,1,,,-0.49947143151587636,-0.535432014171093,-0.45760770222796127,0.17016455527197547,0.6696359867878519
evil,e2p,context_end,5000,2500,3,1,,,-0.4089816279341731,-0.42636378044150625,-0.3654902813010768,0.26065435885367877,0.6696359867878519
evil,e1,context_end,5000,2500,3,2,,,-0.2577801314409292,-0.2940363034927607,-0.22663223373395106,0.3831063590030484,0.6408864904439776
evil,e2,context_end,5000,2500,3,2,,,-0.5184260247586726,-0.5479243325134259,-0.47299859916054793,0.12246046568530504,0.6408864904439776
evil,e2p,context_end,5000,2500,3,2,,,-0.4023998763001352,-0.42338713390793076,-0.3588990631940127,0.2384866141438424,0.6408864904439776
evil,e1,context_end,5000,2500,4,0,,,-0.292630723148319,-0.3251699709921557,-0.2570125303561345,0.37432665361639833,0.6669573767647173
evil,e2,context_end,5000,2500,4,0,,,-0.5165971312222933,-0.5533121659271756,-0.4777990507915581,0.15036024554242397,0.6669573767647173
evil,e2p,context_end,5000,2500,4,0,,,-0.3896466526003041,-0.42784946273848495,-0.3556855757509803,0.2773107241644132,0.6669573767647173
evil,e1,context_end,5000,2500,4,1,,,-0.31095092303649485,-0.3496487492114504,-0.27230137481632594,0.3500623898177815,0.6610133128542763
evil,e2,context_end,5000,2500,4,1,,,-0.5103725409167533,-0.5474819201533248,-0.468808224070391,0.15064077193752304,0.6610133128542763
evil,e2p,context_end,5000,2500,4,1,,,-0.4462770891293808,-0.47252835358952916,-0.40222880500346403,0.2147362237248955,0.6610133128542763
evil,e1,context_end,5000,2500,4,2,,,-0.29400781773079565,-0.32977016091526623,-0.260463445513005,0.35681565745592836,0.650823475186724
evil,e2,context_end,5000,2500,4,2,,,-0.49479373809551525,-0.5275371954600764,-0.4505509044785196,0.15602973709120876,0.650823475186724
evil,e2p,context_end,5000,2500,4,2,,,-0.39881093977734083,-0.426597092565797,-0.36064329595002814,0.2520125354093832,0.650823475186724
evil,e1,context_end,5000,8000,0,0,,,-0.2882553142503537,-0.30980574420148066,-0.2652810427496264,0.3715903998810957,0.6598457141314494
evil,e2,context_end,5000,8000,0,0,,,-0.48619857748020484,-0.5096814220085595,-0.4628012839198626,0.1736471366512446,0.6598457141314494
evil,e2p,context_end,5000,8000,0,0,,,-0.4226162228131272,-0.4394374694066113,-0.3960135506963465,0.23722949131832222,0.6598457141314494
evil,e1,context_end,5000,8000,0,1,,,-0.29315771251871464,-0.3136581994834992,-0.270935826282716,0.3715903998810957,0.6647481123998104
evil,e2,context_end,5000,8000,0,1,,,-0.49110097574856576,-0.5137811386022356,-0.4648147698358531,0.1736471366512446,0.6647481123998104
evil,e2p,context_end,5000,8000,0,1,,,-0.42751862108148814,-0.4412943298530327,-0.404179496466395,0.23722949131832222,0.6647481123998104
evil,e1,context_end,5000,8000,0,2,,,-0.29282130979921367,-0.3142550964771048,-0.2721057556269432,0.3715903998810957,0.6644117096803094
evil,e2,context_end,5000,8000,0,2,,,-0.4907645730290648,-0.5149392368889154,-0.46625325256543954,0.1736471366512446,0.6644117096803094
evil,e2p,context_end,5000,8000,0,2,,,-0.42718221836198716,-0.44165725338554623,-0.4032547784032813,0.23722949131832222,0.6644117096803094
evil,e1,context_end,5000,8000,1,0,,,-0.2955666240284948,-0.31637398802230116,-0.272007460666975,0.3715903998810957,0.6671570239095905
evil,e2,context_end,5000,8000,1,0,,,-0.49350988725834594,-0.5182323369969557,-0.4676877323655079,0.1736471366512446,0.6671570239095905
evil,e2p,context_end,5000,8000,1,0,,,-0.4299275325912683,-0.4460454273651963,-0.40577528554301495,0.23722949131832222,0.6671570239095905
evil,e1,context_end,5000,8000,1,1,,,-0.29417627174448385,-0.31497179301252703,-0.2752770546543287,0.3715903998810957,0.6657666716255796
evil,e2,context_end,5000,8000,1,1,,,-0.49211953497433497,-0.5160168858719182,-0.4687635613960282,0.1736471366512446,0.6657666716255796
evil,e2p,context_end,5000,8000,1,1,,,-0.42853718030725735,-0.4444911120581787,-0.40381015242555257,0.23722949131832222,0.6657666716255796
evil,e1,context_end,5000,8000,1,2,,,-0.29284264199595805,-0.31474269956269135,-0.271986639332528,0.3715903998810957,0.6644330418770538
evil,e2,context_end,5000,8000,1,2,,,-0.49078590522580917,-0.518019797517443,-0.4649941473491232,0.1736471366512446,0.6644330418770538
evil,e2p,context_end,5000,8000,1,2,,,-0.42720355055873155,-0.4418210512055921,-0.4029800237192594,0.23722949131832222,0.6644330418770538
evil,e1,context_end,5000,8000,2,0,,,-0.29335705229786185,-0.3150858697637472,-0.27267406320351784,0.3715903998810957,0.6649474521789576
evil,e2,context_end,5000,8000,2,0,,,-0.49130031552771297,-0.5165199545100254,-0.46618621288755124,0.1736471366512446,0.6649474521789576
evil,e2p,context_end,5000,8000,2,0,,,-0.42771796086063535,-0.44123487773970393,-0.4027968961291324,0.23722949131832222,0.6649474521789576
evil,e1,context_end,5000,8000,2,1,,,-0.29095553779524413,-0.31183182564428524,-0.26841154135285744,0.3715903998810957,0.6625459376763398
evil,e2,context_end,5000,8000,2,1,,,-0.48889880102509525,-0.5161599989365891,-0.46535212468606524,0.1736471366512446,0.6625459376763398
evil,e2p,context_end,5000,8000,2,1,,,-0.42531644635801763,-0.4398505697274789,-0.39948328776909714,0.23722949131832222,0.6625459376763398
evil,e1,context_end,5000,8000,2,2,,,-0.2953586869328149,-0.316406320960661,-0.27510353831465906,0.3715903998810957,0.6669490868139106
evil,e2,context_end,5000,8000,2,2,,,-0.49330195016266604,-0.51922092152504,-0.46912917622958955,0.1736471366512446,0.6669490868139106
evil,e2p,context_end,5000,8000,2,2,,,-0.4297195954955884,-0.44568818121529524,-0.404296892591097,0.23722949131832222,0.6669490868139106
evil,e1,context_end,5000,8000,3,0,,,-0.2934780346399964,-0.3144825076629188,-0.27301858210090896,0.3715903998810957,0.6650684345210921
evil,e2,context_end,5000,8000,3,0,,,-0.4914212978698475,-0.517163499642603,-0.4666695944889279,0.1736471366512446,0.6650684345210921
evil,e2p,context_end,5000,8000,3,0,,,-0.4278389432027699,-0.44157075785689376,-0.4037580233242511,0.23722949131832222,0.6650684345210921
evil,e1,context_end,5000,8000,3,1,,,-0.29157417076868825,-0.3153829506126639,-0.2682179776544962,0.3715903998810957,0.663164570649784
evil,e2,context_end,5000,8000,3,1,,,-0.48951743399853936,-0.5169199396014779,-0.4651906195268551,0.1736471366512446,0.663164570649784
evil,e2p,context_end,5000,8000,3,1,,,-0.42593507933146174,-0.44128678596067,-0.4028899880275244,0.23722949131832222,0.663164570649784
evil,e1,context_end,5000,8000,3,2,,,-0.2938922541459758,-0.31527082342389384,-0.27264047183310575,0.3715903998810957,0.6654826540270715
evil,e2,context_end,5000,8000,3,2,,,-0.4918355173758269,-0.5177917483173645,-0.46678650117990295,0.1736471366512446,0.6654826540270715
evil,e2p,context_end,5000,8000,3,2,,,-0.4282531627087493,-0.44413979528384423,-0.40380268862361907,0.23722949131832222,0.6654826540270715
evil,e1,context_end,5000,8000,4,0,,,-0.2952665970619795,-0.3168552379487248,-0.2743356921905415,0.3715903998810957,0.6668569969430752
evil,e2,context_end,5000,8000,4,0,,,-0.4932098602918306,-0.5180196113952372,-0.46919409993021144,0.1736471366512446,0.6668569969430752
evil,e2p,context_end,5000,8000,4,0,,,-0.429627505624753,-0.4442099122474843,-0.40418700772731403,0.23722949131832222,0.6668569969430752
evil,e1,context_end,5000,8000,4,1,,,-0.2936191709518155,-0.31622986814548765,-0.2712091722696333,0.3715903998810957,0.6652095708329112
evil,e2,context_end,5000,8000,4,1,,,-0.4915624341816666,-0.5164745056527804,-0.46662911065912027,0.1736471366512446,0.6652095708329112
evil,e2p,context_end,5000,8000,4,1,,,-0.427980079514589,-0.4418279692986406,-0.40329945012355134,0.23722949131832222,0.6652095708329112
evil,e1,context_end,5000,8000,4,2,,,-0.2938232999943989,-0.3154127439901085,-0.2740166058973751,0.3715903998810957,0.6654136998754946
evil,e2,context_end,5000,8000,4,2,,,-0.49176656322425,-0.5177952988916237,-0.4652035877921712,0.1736471366512446,0.6654136998754946
evil,e2p,context_end,5000,8000,4,2,,,-0.4281842085571724,-0.4426629942266902,-0.4032892674329228,0.23722949131832222,0.6654136998754946
evil,e1,context_end,full,250,0,1,,,0.00048276511750944273,-0.07076044980431871,0.08135688705555227,0.6088195079444093,0.6083367428268999
evil,e2,context_end,full,250,0,1,,,-0.21760384331516358,-0.32585583476398283,-0.10033673519893245,0.3907328995117363,0.6083367428268999
evil,e2p,context_end,full,250,0,1,,,0.02599311160823159,-0.06874739338227723,0.10955457640945154,0.6343298544351315,0.6083367428268999
evil,e1,context_end,full,250,0,2,,,-0.03440766884462698,-0.1019393477125209,0.03268879365970336,0.6161348614515884,0.6505425302962153
evil,e2,context_end,full,250,0,2,,,-0.28379688457435354,-0.3646512000083945,-0.15445737407006124,0.3667456457218618,0.6505425302962153
evil,e2p,context_end,full,250,0,2,,,0.0040971544265562265,-0.07203022687415371,0.07644065534459976,0.6546396847227716,0.6505425302962153
evil,e1,context_end,full,250,1,0,,,-0.027252304388935944,-0.0952198115501315,0.08643293401232283,0.49869163637824093,0.5259439407671769
evil,e2,context_end,full,250,1,0,,,-0.23566689314716233,-0.34708982752520573,-0.06568384186037463,0.29027704762001455,0.5259439407671769
evil,e2p,context_end,full,250,1,0,,,0.04199419636284141,-0.07183582776258596,0.14884055744094918,0.5679381371300183,0.5259439407671769
evil,e1,context_end,full,250,1,1,,,-0.1294248440923486,-0.20744750208564663,-0.03356320277525302,0.47600990565281726,0.6054347497451659
evil,e2,context_end,full,250,1,1,,,-0.31852174666321553,-0.3863540369291657,-0.17734581422249768,0.28691300308195034,0.6054347497451659
evil,e2p,context_end,full,250,1,1,,,-0.07676210896441138,-0.1570890665883192,0.010388042792431365,0.5286726407807545,0.6054347497451659
evil,e1,context_end,full,250,1,2,,,-0.06406755719352708,-0.15035397407351117,0.020570458006885093,0.533208285881426,0.5972758430749531
evil,e2,context_end,full,250,1,2,,,-0.30297932946790734,-0.4005203799014699,-0.1545150698123123,0.29429651360704573,0.5972758430749531
evil,e2p,context_end,full,250,1,2,,,-0.07956444220899206,-0.14215410378236532,0.020102363831969366,0.517711400865961,0.5972758430749531
evil,e1,context_end,full,250,2,0,,,-0.0913673487394735,-0.16580455408261824,-0.032114426654312606,0.5705546221611393,0.6619219709006128
evil,e2,context_end,full,250,2,0,,,-0.3790912727322376,-0.4414107836431948,-0.22614660295583094,0.2828306981683752,0.6619219709006128
evil,e2p,context_end,full,250,2,0,,,-0.10340773977683537,-0.1803221526472366,-0.01864562007661293,0.5585142311237774,0.6619219709006128
evil,e1,context_end,full,250,2,1,,,-0.006724150520812877,-0.06412774701603746,0.04579325106787742,0.6288308292104455,0.6355549797312584
evil,e2,context_end,full,250,2,1,,,-0.17171870127327682,-0.24126154432510272,-0.07547270973532375,0.4638362784579816,0.6355549797312584
evil,e2p,context_end,full,250,2,1,,,-0.006651076457767746,-0.05325052274431811,0.038213481667085186,0.6289039032734907,0.6355549797312584
evil,e1,context_end,full,250,2,2,,,0.0833874176112761,-0.03055471460841974,0.19231224748418482,0.4869448404823768,0.4035574228711007
evil,e2,context_end,full,250,2,2,,,-0.02262103773527807,-0.18586402049505105,0.09461032089018441,0.3809363851358226,0.4035574228711007
evil,e2p,context_end,full,250,2,2,,,0.0919691784347369,-0.006365731535425141,0.20180594441511746,0.4955266013058376,0.4035574228711007
evil,e1,context_end,full,250,3,0,,,-0.06968476172628169,-0.15989081243719971,0.001701545131458093,0.5517367314450853,0.621421493171367
evil,e2,context_end,full,250,3,0,,,-0.2683923692510309,-0.35129549409080746,-0.14508079901652154,0.3530291239203361,0.621421493171367
evil,e2p,context_end,full,250,3,0,,,0.03376205498317364,-0.06173893617380501,0.09107911764091484,0.6551835481545406,0.621421493171367
evil,e1,context_end,full,250,3,1,,,-0.12064816118303556,-0.17957426359245246,-0.013144634078367023,0.511455704687066,0.6321038658701016
evil,e2,context_end,full,250,3,1,,,-0.19383552716451175,-0.2810803423112736,-0.06163958678486247,0.43826833870558984,0.6321038658701016
evil,e2p,context_end,full,250,3,1,,,-0.025583927916038807,-0.10416362156829614,0.06157230141709595,0.6065199379540628,0.6321038658701016
evil,e1,context_end,full,250,3,2,,,-0.1341713689929942,-0.21947225588669164,-0.04874771213362161,0.5001226052687654,0.6342939742617596
evil,e2,context_end,full,250,3,2,,,-0.4428979537589061,-0.5240400678613042,-0.30011786474015184,0.19139602050285348,0.6342939742617596
evil,e2p,context_end,full,250,3,2,,,-0.108932858400422,-0.2112753744305768,-0.02277095726729902,0.5253611158613376,0.6342939742617596
evil,e1,context_end,full,250,4,0,,,-0.00937128620251304,-0.09406328399486406,0.08890370943715843,0.5500794223191402,0.5594507085216532
evil,e2,context_end,full,250,4,0,,,-0.3555321304570785,-0.4507571165792911,-0.21901350077601656,0.20391857806457475,0.5594507085216532
evil,e2p,context_end,full,250,4,0,,,-0.05541739015510183,-0.11684556850389113,0.03581187175135579,0.5040333183665514,0.5594507085216532
evil,e1,context_end,full,250,4,1,,,-0.1268935814797112,-0.18307835636972825,-0.054164675565847045,0.5732536440594725,0.7001472255391837
evil,e2,context_end,full,250,4,1,,,-0.23005223712477152,-0.3129863456019879,-0.11777843469700736,0.4700949884144122,0.7001472255391837
evil,e2p,context_end,full,250,4,1,,,-0.04304237669043909,-0.10387302225539816,0.023643408932783896,0.6571048488487446,0.7001472255391837
evil,e1,context_end,full,250,4,2,,,-0.12340370102323817,-0.18298356265443136,-0.04857939960758521,0.5725592323554309,0.6959629333786691
evil,e2,context_end,full,250,4,2,,,-0.24645908381713877,-0.35442327934025947,-0.1503658185114705,0.44950384956153033,0.6959629333786691
evil,e2p,context_end,full,250,4,2,,,-0.04644064221461053,-0.11460985865605244,0.017461309726600614,0.6495222911640586,0.6959629333786691
evil,e1,context_end,full,2500,0,1,,,-0.17750407860825962,-0.20471192409118893,-0.15017192578222724,0.48696135225512277,0.6644654308633824
evil,e2,context_end,full,2500,0,1,,,-0.3927538955301409,-0.4295450504278231,-0.34784007610393686,0.2717115353332415,0.6644654308633824
evil,e2p,context_end,full,2500,0,1,,,-0.09580452498243452,-0.12421666280112835,-0.06816799721071583,0.5686609058809479,0.6644654308633824
evil,e1,context_end,full,2500,0,2,,,-0.12657899869722533,-0.15099470302750811,-0.10240233998649222,0.5345293490610781,0.6611083477583034
evil,e2,context_end,full,2500,0,2,,,-0.41960684814341365,-0.44991745749540885,-0.37153005108841997,0.24150149961488973,0.6611083477583034
evil,e2p,context_end,full,2500,0,2,,,-0.08738114008502418,-0.11571780538528174,-0.06407671963119659,0.5737272076732792,0.6611083477583034
evil,e1,context_end,full,2500,1,0,,,-0.09917293549203843,-0.12610414559047456,-0.07968924414884641,0.5641170919661458,0.6632900274581842
evil,e2,context_end,full,2500,1,0,,,-0.44594338794429084,-0.487258707005345,-0.40476229141514347,0.21734663951389338,0.6632900274581842
evil,e2p,context_end,full,2500,1,0,,,-0.11729556321644308,-0.14437019793386047,-0.09160163560971507,0.5459944642417411,0.6632900274581842
evil,e1,context_end,full,2500,1,1,,,-0.14948630820865405,-0.1749319668319309,-0.12136486609352429,0.5059938522342377,0.6554801604428917
evil,e2,context_end,full,2500,1,1,,,-0.370490611396961,-0.40678970072685333,-0.328125767119364,0.2849895490459307,0.6554801604428917
evil,e2p,context_end,full,2500,1,1,,,-0.10482054206072611,-0.1312011454843705,-0.0758246152872291,0.5506596183821656,0.6554801604428917
evil,e1,context_end,full,2500,1,2,,,-0.12012497900947161,-0.147656592499334,-0.0933409572927493,0.5305353959626025,0.6506603749720741
evil,e2,context_end,full,2500,1,2,,,-0.3879175426192773,-0.414981567796522,-0.3397665108468624,0.2627428323527968,0.6506603749720741
evil,e2p,context_end,full,2500,1,2,,,-0.0856440720649374,-0.11057253394607183,-0.055954124339479196,0.5650163029071367,0.6506603749720741
evil,e1,context_end,full,2500,2,0,,,-0.12534274884331953,-0.14990580545662172,-0.09620784219452598,0.5373575881848045,0.662700337028124
evil,e2,context_end,full,2500,2,0,,,-0.370515262436137,-0.4108273838043278,-0.3281343072875279,0.292185074591987,0.662700337028124
evil,e2p,context_end,full,2500,2,0,,,-0.09799331956806567,-0.12600160924879142,-0.0733165451168659,0.5647070174600584,0.662700337028124
evil,e1,context_end,full,2500,2,1,,,-0.14782939178924748,-0.1711436237787916,-0.12121521317850567,0.5270582048575332,0.6748875966467807
evil,e2,context_end,full,2500,2,1,,,-0.4032274054020518,-0.4370746202065242,-0.365315990142642,0.27166019124472884,0.6748875966467807
evil,e2p,context_end,full,2500,2,1,,,-0.0878175466811143,-0.10980841044514043,-0.06329241892447103,0.5870700499656664,0.6748875966467807
evil,e1,context_end,full,2500,2,2,,,-0.1489389786564077,-0.17796289772013169,-0.12298585934063509,0.5074243796602217,0.6563633583166294
evil,e2,context_end,full,2500,2,2,,,-0.4243516542632634,-0.4615839255479189,-0.3830063634317936,0.232011704053366,0.6563633583166294
evil,e2p,context_end,full,2500,2,2,,,-0.10503092800736458,-0.135073717961368,-0.07975403801702192,0.5513324303092648,0.6563633583166294
evil,e1,context_end,full,2500,3,0,,,-0.14260442772537985,-0.17450301412578306,-0.11820577104611199,0.5207187927467076,0.6633232204720875
evil,e2,context_end,full,2500,3,0,,,-0.432099056324195,-0.46334986952869456,-0.3920681656811352,0.23122416414789249,0.6633232204720875
evil,e2p,context_end,full,2500,3,0,,,-0.11571504935987531,-0.1445352907875293,-0.08976503985130974,0.5476081711122122,0.6633232204720875
evil,e1,context_end,full,2500,3,1,,,-0.16125849069458642,-0.1861069121651607,-0.1349351294677103,0.5124899881149094,0.6737484788094958
evil,e2,context_end,full,2500,3,1,,,-0.4432477802701207,-0.47447833961634667,-0.40089417302769986,0.23050069853937516,0.6737484788094958
evil,e2p,context_end,full,2500,3,1,,,-0.12159044775111072,-0.14609713881397127,-0.09597018166141975,0.5521580310583851,0.6737484788094958
evil,e1,context_end,full,2500,3,2,,,-0.13614715094335272,-0.16270897522901484,-0.10908313482072486,0.5107294388363286,0.6468765897796813
evil,e2,context_end,full,2500,3,2,,,-0.4290918598379001,-0.4619934054683728,-0.3833379378873418,0.21778472994178122,0.6468765897796813
evil,e2p,context_end,full,2500,3,2,,,-0.1204864275827019,-0.14766637785556697,-0.0918183678477843,0.5263901621969794,0.6468765897796813
evil,e1,context_end,full,2500,4,0,,,-0.13896492837202767,-0.1665559822501704,-0.11330632589007462,0.5312572225004262,0.6702221508724538
evil,e2,context_end,full,2500,4,0,,,-0.4620278145019727,-0.497834617108553,-0.41870499912289977,0.20819433637048113,0.6702221508724538
evil,e2p,context_end,full,2500,4,0,,,-0.12923674566978338,-0.1528869410071626,-0.09749373783202508,0.5409854052026705,0.6702221508724538
evil,e1,context_end,full,2500,4,1,,,-0.1535334000408468,-0.1805198840270851,-0.12766682606896726,0.5095358142105103,0.6630692142513571
evil,e2,context_end,full,2500,4,1,,,-0.4300634013092828,-0.4603798887610376,-0.38119597467169364,0.23300581294207434,0.6630692142513571
evil,e2p,context_end,full,2500,4,1,,,-0.11959264624191979,-0.15013856074520668,-0.09456239616931227,0.5434765680094373,0.6630692142513571
evil,e1,context_end,full,2500,4,2,,,-0.11616912050289496,-0.14249292535595387,-0.09255333862434631,0.535722849490921,0.6518919699938159
evil,e2,context_end,full,2500,4,2,,,-0.4162009009754427,-0.4544907599191581,-0.3822932102913623,0.23569106901837322,0.6518919699938159
evil,e2p,context_end,full,2500,4,2,,,-0.10060472256251385,-0.128455134231834,-0.0764391557593706,0.5512872474313021,0.6518919699938159
evil,e1,context_end,full,8000,0,1,,,-0.14023911633358888,-0.15718374433144264,-0.12492447609571301,0.5248838063710559,0.6651229227046448
evil,e2,context_end,full,8000,0,1,,,-0.42810497075630705,-0.4470573687608649,-0.40252344624667136,0.23701795194833772,0.6651229227046448
evil,e2p,context_end,full,8000,0,1,,,-0.11407634787330545,-0.13105880998926828,-0.09789525885703707,0.5510465748313393,0.6651229227046448
evil,e1,context_end,full,8000,0,2,,,-0.1397145843508294,-0.1564441778445862,-0.1244327371095028,0.5248838063710559,0.6645983907218853
evil,e2,context_end,full,8000,0,2,,,-0.42758043877354757,-0.4466573854654975,-0.39907172653734513,0.23701795194833772,0.6645983907218853
evil,e2p,context_end,full,8000,0,2,,,-0.11355181589054597,-0.1316916754841254,-0.09547395456074446,0.5510465748313393,0.6645983907218853
evil,e1,context_end,full,8000,1,0,,,-0.14193123855150225,-0.15826162084391107,-0.1263153474835464,0.5248838063710559,0.6668150449225582
evil,e2,context_end,full,8000,1,0,,,-0.4297970929742204,-0.4496846974826361,-0.4001165982184085,0.23701795194833772,0.6668150449225582
evil,e2p,context_end,full,8000,1,0,,,-0.11576847009121882,-0.13325773785685396,-0.09730658009560493,0.5510465748313393,0.6668150449225582
evil,e1,context_end,full,8000,1,1,,,-0.14139266668303063,-0.15842830364658886,-0.12584979661768544,0.5248838063710559,0.6662764730540865
evil,e2,context_end,full,8000,1,1,,,-0.4292585211057488,-0.45005898713960796,-0.4009345632476567,0.23701795194833772,0.6662764730540865
evil,e2p,context_end,full,8000,1,1,,,-0.1152298982227472,-0.13191242877626247,-0.10089962456249771,0.5510465748313393,0.6662764730540865
evil,e1,context_end,full,8000,1,2,,,-0.13946633615104276,-0.15463939617852387,-0.12482099839632875,0.5248838063710559,0.6643501425220987
evil,e2,context_end,full,8000,1,2,,,-0.42733219057376093,-0.4473306471755984,-0.39890031758296446,0.23701795194833772,0.6643501425220987
evil,e2p,context_end,full,8000,1,2,,,-0.11330356769075933,-0.13142786938807327,-0.09820427415242869,0.5510465748313393,0.6643501425220987
evil,e1,context_end,full,8000,2,0,,,-0.14010751898942286,-0.15636302894857596,-0.12543426630552085,0.5248838063710559,0.6649913253604788
evil,e2,context_end,full,8000,2,0,,,-0.42797337341214103,-0.4474823353042163,-0.3986005932373624,0.23701795194833772,0.6649913253604788
evil,e2p,context_end,full,8000,2,0,,,-0.11394475052913944,-0.13292177087713847,-0.09960872070417019,0.5510465748313393,0.6649913253604788
evil,e1,context_end,full,8000,2,1,,,-0.13716279393972208,-0.1529185767912344,-0.12261068225697512,0.5248838063710559,0.662046600310778
evil,e2,context_end,full,8000,2,1,,,-0.42502864836244025,-0.44614656020703336,-0.3975129853521848,0.23701795194833772,0.662046600310778
evil,e2p,context_end,full,8000,2,1,,,-0.11100002547943866,-0.1292623143863769,-0.09577980496653103,0.5510465748313393,0.662046600310778
evil,e1,context_end,full,8000,2,2,,,-0.14185166252521753,-0.16060657038196607,-0.12688045709070372,0.5248838063710559,0.6667354688962734
evil,e2,context_end,full,8000,2,2,,,-0.4297175169479357,-0.45056255108050774,-0.40257846261811164,0.23701795194833772,0.6667354688962734
evil,e2p,context_end,full,8000,2,2,,,-0.1156888940649341,-0.13501132397501028,-0.09944232975528908,0.5510465748313393,0.6667354688962734
evil,e1,context_end,full,8000,3,0,,,-0.1406186652424415,-0.15657070306426196,-0.1264709029581227,0.5248838063710559,0.6655024716134974
evil,e2,context_end,full,8000,3,0,,,-0.42848451966515966,-0.44805471024217675,-0.4030395411466208,0.23701795194833772,0.6655024716134974
evil,e2p,context_end,full,8000,3,0,,,-0.11445589678215806,-0.13378105196777532,-0.09850946673293043,0.5510465748313393,0.6655024716134974
evil,e1,context_end,full,8000,3,1,,,-0.1396601208947409,-0.15735475309142544,-0.1250550585846251,0.5248838063710559,0.6645439272657968
evil,e2,context_end,full,8000,3,1,,,-0.42752597531745906,-0.4463485655849244,-0.40138193232956454,0.23701795194833772,0.6645439272657968
evil,e2p,context_end,full,8000,3,1,,,-0.11349735243445747,-0.13299400467949912,-0.09748517777342262,0.5510465748313393,0.6645439272657968
evil,e1,context_end,full,8000,3,2,,,-0.14055373897513235,-0.1568103444585262,-0.12468631948818919,0.5248838063710559,0.6654375453461883
evil,e2,context_end,full,8000,3,2,,,-0.4284195933978505,-0.44518454205573277,-0.4002618053557015,0.23701795194833772,0.6654375453461883
evil,e2p,context_end,full,8000,3,2,,,-0.11439097051484892,-0.13303392259448635,-0.09846965999903948,0.5510465748313393,0.6654375453461883
evil,e1,context_end,full,8000,4,0,,,-0.142302848527316,-0.15744255753147635,-0.12745976467175346,0.5248838063710559,0.6671866548983719
evil,e2,context_end,full,8000,4,0,,,-0.4301687029500342,-0.4493204039398787,-0.4011372932290026,0.23701795194833772,0.6671866548983719
evil,e2p,context_end,full,8000,4,0,,,-0.11614008006703258,-0.1350277876007081,-0.09943810620328351,0.5510465748313393,0.6671866548983719
evil,e1,context_end,full,8000,4,1,,,-0.14134037475647288,-0.15854983024082978,-0.12572034699054632,0.5248838063710559,0.6662241811275288
evil,e2,context_end,full,8000,4,1,,,-0.42920622917919105,-0.44671625005433596,-0.4010259376894969,0.23701795194833772,0.6662241811275288
evil,e2p,context_end,full,8000,4,1,,,-0.11517760629618945,-0.13334403199412337,-0.09981771415917454,0.5510465748313393,0.6662241811275288
evil,e1,context_end,full,8000,4,2,,,-0.14073735281922095,-0.15850010721023966,-0.12651394878229802,0.5248838063710559,0.6656211591902769
evil,e2,context_end,full,8000,4,2,,,-0.4286032072419391,-0.44937802409581695,-0.3986895939613349,0.23701795194833772,0.6656211591902769
evil,e2p,context_end,full,8000,4,2,,,-0.11457458435893753,-0.1325098437135931,-0.09908397578623337,0.5510465748313393,0.6656211591902769
evil,e1,context_end,compose5000_fu0.0_fl0.0_L250,250,0,0,0.0,0.0,-0.08204629063668883,-0.17018851904646887,0.056928559596336664,0.36254563091921255,0.4445919215559014
evil,e1,context_end,compose5000_fu0.0_fl0.0_L2500,2500,0,0,0.0,0.0,-0.3080863985167332,-0.34599752593142036,-0.2718907378280992,0.3526581455503521,0.6607445440670853
evil,e1,context_end,compose5000_fu0.0_fl0.0_L8000,8000,0,0,0.0,0.0,-0.29887795288796504,-0.31981778654447485,-0.2782406373173453,0.3642938288052253,0.6631717816931904
evil,e1,context_end,compose5000_fu0.5_fl0.0_L250,250,0,0,0.5,0.0,0.34960644726340306,0.21378499508651752,0.43616093059184907,0.5635501329484952,0.21394368568509217
evil,e1,context_end,compose5000_fu0.5_fl0.0_L2500,2500,0,0,0.5,0.0,0.11274737589853917,0.06740003876367621,0.15188892372577414,0.5619500554509158,0.44920267955237664
evil,e1,context_end,compose5000_fu0.5_fl1.0_L250,250,0,0,0.5,1.0,0.2908039663970384,0.1431158715307304,0.431961006623294,0.532531649605273,0.24172768320823457
evil,e1,context_end,compose5000_fu0.5_fl1.0_L2500,2500,0,0,0.5,1.0,0.1932849427095394,0.151992857301964,0.22894474009432214,0.6391939430483696,0.44590900033883024
evil,e1,context_end,compose5000_fu0.5_fl1.0_L8000,8000,0,0,0.5,1.0,0.13404737768482622,0.11197568073511531,0.151372026782891,0.6476746041134177,0.5136272264285915
evil,e1,prefix_end,250,250,0,0,,,-0.22571437394924151,-0.2940112728897849,-0.044837055431605856,0.20498544827183554,0.43069982222107706
evil,e2,prefix_end,250,250,0,0,,,-0.15045849577729953,-0.2726107381919428,-0.008188561979207129,0.2802413264437775,0.43069982222107706
evil,e2p,prefix_end,250,250,0,0,,,-0.167290050545443,-0.26545754741560434,-0.03419653708699904,0.26340977167563406,0.43069982222107706
evil,e1,prefix_end,250,250,0,1,,,-0.06742714850468301,-0.1321708200728036,0.12527274055849053,0.23332644788983392,0.30075359639451693
evil,e2,prefix_end,250,250,0,1,,,0.03481899567589786,-0.1065545159781157,0.16816316747435234,0.3355725920704148,0.30075359639451693
evil,e2p,prefix_end,250,250,0,1,,,0.04583530959410603,-0.11023651878876345,0.19750107877196485,0.34658890598862296,0.30075359639451693
evil,e1,prefix_end,250,250,0,2,,,-0.34231950172426895,-0.4052546034080309,-0.15844065407542843,0.13864545364250117,0.48096495536677014
evil,e2,prefix_end,250,250,0,2,,,-0.30668003062239824,-0.39220650423218545,-0.15573183755389894,0.17428492474437193,0.48096495536677014
evil,e2p,prefix_end,250,250,0,2,,,-0.28926348830975646,-0.4099603060933885,-0.11073685932490186,0.19170146705701366,0.48096495536677014
evil,e1,prefix_end,250,250,1,0,,,0.08724766567534431,-0.035262612432377397,0.20639511287735554,0.28571875651437584,0.19847109083903153
evil,e2,prefix_end,250,250,1,0,,,0.07675740816788723,-0.06304279026661751,0.22027569696286486,0.27522849900691876,0.19847109083903153
evil,e2p,prefix_end,250,250,1,0,,,0.06910327176835529,-0.028032514012343118,0.23140807537012106,0.2675743626073868,0.19847109083903153
evil,e1,prefix_end,250,250,1,1,,,-0.2878348848347926,-0.3828552960064996,-0.12469931395658239,0.18362809976134245,0.47146298459613506
evil,e2,prefix_end,250,250,1,1,,,-0.20237113249729632,-0.3066124689217191,-0.07115456901546441,0.26909185209883874,0.47146298459613506
evil,e2p,prefix_end,250,250,1,1,,,-0.2979787032479084,-0.3915411906397054,-0.1229258136980133,0.17348428134822663,0.47146298459613506
evil,e1,prefix_end,250,250,1,2,,,-0.0010714019883381054,-0.08780188571680853,0.09826424194663108,0.35841167720857875,0.35948307919691685
evil,e2,prefix_end,250,250,1,2,,,-0.16316451456564565,-0.26579529023039866,0.002675627491087346,0.1963185646312712,0.35948307919691685
evil,e2p,prefix_end,250,250,1,2,,,-0.035096688877379656,-0.16514710738263927,0.0804782081797919,0.3243863903195372,0.35948307919691685
evil,e1,prefix_end,250,250,2,0,,,-0.12312392782994014,-0.22848515060795638,0.012772872449502549,0.22798894407130676,0.3511128719012469
evil,e2,prefix_end,250,250,2,0,,,-0.12501600604296131,-0.25511040027057996,0.009404427667979377,0.2260968658582856,0.3511128719012469
evil,e2p,prefix_end,250,250,2,0,,,-0.1785244129927571,-0.28840598568851994,-0.026288632714288027,0.1725884589084898,0.3511128719012469
evil,e1,prefix_end,250,250,2,1,,,-0.10315731808243916,-0.19383091612976708,0.011432460638518806,0.31619837058897443,0.4193556886714136
evil,e2,prefix_end,250,250,2,1,,,-0.1591885822656629,-0.2937776262704534,-0.007186553842263606,0.2601671064057507,0.4193556886714136
evil,e2p,prefix_end,250,250,2,1,,,-0.2190114865547309,-0.3327763426041605,-0.07278819195474052,0.2003442021166827,0.4193556886714136
evil,e1,prefix_end,250,250,2,2,,,0.12431746299499924,-0.012334168448235445,0.25452647459534095,0.20295879149377125,0.078641328498772
evil,e2,prefix_end,250,250,2,2,,,0.021560800036628747,-0.1246981795868417,0.1710049067795694,0.10020212853540075,0.078641328498772
evil,e2p,prefix_end,250,250,2,2,,,0.10034907459782072,-0.02458017327558077,0.25056801801337103,0.17899040309659273,0.078641328498772
evil,e1,prefix_end,250,250,3,0,,,-0.06397223145357123,-0.15063545671007147,0.08792464981494351,0.16727607616709186,0.2312483076206631
evil,e2,prefix_end,250,250,3,0,,,-0.013161627583558572,-0.15927627328265104,0.13440568325384786,0.21808668003710452,0.2312483076206631
evil,e2p,prefix_end,250,250,3,0,,,0.012029887327748207,-0.10706821074722003,0.13590457146039767,0.2432781949484113,0.2312483076206631
evil,e1,prefix_end,250,250,3,1,,,-0.18957636927120275,-0.3214292587872555,-0.05091016492211461,0.28435918527493,0.47393555454613273
evil,e2,prefix_end,250,250,3,1,,,-0.2954315174257993,-0.3763420505619595,-0.1553907203089422,0.17850403712033344,0.47393555454613273
evil,e2p,prefix_end,250,250,3,1,,,-0.2548350491228966,-0.37661478892471206,-0.12074667711059607,0.2191005054232361,0.47393555454613273
evil,e1,prefix_end,250,250,3,2,,,-0.14220982681242317,-0.28048748804073936,-0.051220971495102824,0.29671258940848877,0.43892241622091194
evil,e2,prefix_end,250,250,3,2,,,-0.16566608641541586,-0.288003960611631,-0.06660688876057912,0.2732563298054961,0.43892241622091194
evil,e2p,prefix_end,250,250,3,2,,,-0.2601965231991118,-0.37021863403425836,-0.14906195675043216,0.17872589302180011,0.43892241622091194
evil,e1,prefix_end,250,250,4,0,,,-0.21083909180404983,-0.2930613036224627,-0.048810267430162944,0.17210590853332816,0.382945000337378
evil,e2,prefix_end,250,250,4,0,,,-0.13600283149312273,-0.22622283875334534,-0.010257803788341818,0.24694216884425527,0.382945000337378
evil,e2p,prefix_end,250,250,4,0,,,-0.1304985795008532,-0.26734188385885527,-0.006664893234743089,0.2524464208365248,0.382945000337378
evil,e1,prefix_end,250,250,4,1,,,-0.14705958279270395,-0.23946970043502783,-0.013301530720750718,0.19543654757538712,0.34249613036809107
evil,e2,prefix_end,250,250,4,1,,,-0.05367478042035145,-0.1734866991701745,0.08467100343385858,0.2888213499477396,0.34249613036809107
evil,e2p,prefix_end,250,250,4,1,,,-0.1337251910444831,-0.2732604762439588,-0.012893881563254429,0.20877093932360796,0.34249613036809107
evil,e1,prefix_end,250,250,4,2,,,-0.16207242253743687,-0.28187921108698827,-0.031285626014117225,0.3118381284237824,0.47391055096121926
evil,e2,prefix_end,250,250,4,2,,,-0.1428035494428504,-0.2723375147426486,0.0029190537248143565,0.33110700151836886,0.47391055096121926
evil,e2p,prefix_end,250,250,4,2,,,-0.09821541369296555,-0.21646547226226984,0.038917253067296285,0.3756951372682537,0.47391055096121926
evil,e1,prefix_end,250,2500,0,0,,,-0.4033743619028316,-0.4366963971299936,-0.3542785649791653,0.08688934697245011,0.4902637088752817
evil,e2,prefix_end,250,2500,0,0,,,-0.36471337551020955,-0.4048068148226665,-0.3224372358984867,0.12555033336507218,0.4902637088752817
evil,e2p,prefix_end,250,2500,0,0,,,-0.42992193594196887,-0.456296608457,-0.38029545276881654,0.060341772933312846,0.4902637088752817
evil,e1,prefix_end,250,2500,0,1,,,-0.3999555653914647,-0.4286945203353367,-0.3578707226726357,0.11398067695944412,0.5139362423509088
evil,e2,prefix_end,250,2500,0,1,,,-0.3493923569024897,-0.39353019082798923,-0.31088400787152737,0.16454388544841914,0.5139362423509088
evil,e2p,prefix_end,250,2500,0,1,,,-0.39622088701123503,-0.4379767231162577,-0.35188809998439285,0.11771535533967378,0.5139362423509088
evil,e1,prefix_end,250,2500,0,2,,,-0.41423988899774167,-0.4390975681582252,-0.3626215066541984,0.08435422565881093,0.49859411465655257
evil,e2,prefix_end,250,2500,0,2,,,-0.3994844456521642,-0.44217654196681444,-0.3605101155951495,0.09910966900438838,0.49859411465655257
evil,e2p,prefix_end,250,2500,0,2,,,-0.428665474419017,-0.4622324163194617,-0.3815712647926025,0.0699286402375356,0.49859411465655257
evil,e1,prefix_end,250,2500,1,0,,,-0.30257803161494096,-0.34088698198320183,-0.25689280706626516,0.1588411434645326,0.46141917507947355
evil,e2,prefix_end,250,2500,1,0,,,-0.28495668711199407,-0.32731228737967516,-0.2402105767759799,0.1764624879674795,0.46141917507947355
evil,e2p,prefix_end,250,2500,1,0,,,-0.2903355039310894,-0.33264247794970836,-0.24423593433566185,0.17108367114838413,0.46141917507947355
evil,e1,prefix_end,250,2500,1,1,,,-0.3319870817599546,-0.3746297136694055,-0.2837892868834698,0.15034000524225336,0.482327087002208
evil,e2,prefix_end,250,2500,1,1,,,-0.2799581192427447,-0.3190751877667856,-0.23354158077752138,0.20236896775946325,0.482327087002208
evil,e2p,prefix_end,250,2500,1,1,,,-0.37735920896126873,-0.4095871171811289,-0.32764182061516994,0.1049678780409393,0.482327087002208
evil,e1,prefix_end,250,2500,1,2,,,-0.4093158939365283,-0.4376486821232464,-0.35877794783634787,0.06711400881710594,0.4764299027536342
evil,e2,prefix_end,250,2500,1,2,,,-0.3207966087638983,-0.36432819318371057,-0.2830905644447113,0.1556332939897359,0.4764299027536342
evil,e2p,prefix_end,250,2500,1,2,,,-0.39337404744662446,-0.43427304141687334,-0.3477507171725969,0.08305585530700978,0.4764299027536342
evil,e1,prefix_end,250,2500,2,0,,,-0.33203903197299234,-0.3607038924689462,-0.27016778600501834,0.09721667782087726,0.42925570979386957
evil,e2,prefix_end,250,2500,2,0,,,-0.22442773581083253,-0.26923221443220424,-0.179278764767788,0.20482797398303704,0.42925570979386957
evil,e2p,prefix_end,250,2500,2,0,,,-0.30683584171062706,-0.35228904631341373,-0.261084989776107,0.12241986808324251,0.42925570979386957
evil,e1,prefix_end,250,2500,2,1,,,-0.3614984040623147,-0.39728480197824395,-0.31755453856769983,0.11849034453779507,0.47998874860010976
evil,e2,prefix_end,250,2500,2,1,,,-0.3495761741883508,-0.3975457259145695,-0.3047712875808697,0.13041257441175896,0.47998874860010976
evil,e2p,prefix_end,250,2500,2,1,,,-0.36876784630476006,-0.40789545522038567,-0.3225794358408219,0.1112209022953497,0.47998874860010976
evil,e1,prefix_end,250,2500,2,2,,,-0.33535380354756195,-0.362741215918431,-0.2821665364826017,0.1405971098078134,0.4759509133553753
evil,e2,prefix_end,250,2500,2,2,,,-0.33353240589354904,-0.37785971126490187,-0.2901476093816626,0.14241850746182624,0.4759509133553753
evil,e2p,prefix_end,250,2500,2,2,,,-0.33726482096475896,-0.38298370956072747,-0.2933228693508285,0.13868609239061638,0.4759509133553753
evil,e1,prefix_end,250,2500,3,0,,,-0.3698920629225506,-0.40286045882724797,-0.31847925214478917,0.07108733537002915,0.44097939829257976
evil,e2,prefix_end,250,2500,3,0,,,-0.2577064943002183,-0.29735378208653884,-0.21627336837774946,0.18327290399236149,0.44097939829257976
evil,e2p,prefix_end,250,2500,3,0,,,-0.350499563797105,-0.3861533214759928,-0.3015741911705074,0.09047983449547477,0.44097939829257976
evil,e1,prefix_end,250,2500,3,1,,,-0.2892545401346133,-0.3266400052972602,-0.2457623495507564,0.13641566815487116,0.4256702082894845
evil,e2,prefix_end,250,2500,3,1,,,-0.28032912488168593,-0.327371127920782,-0.23452675449122257,0.14534108340779855,0.4256702082894845
evil,e2p,prefix_end,250,2500,3,1,,,-0.30097197604610254,-0.3312882487334841,-0.2523495207088364,0.12469823224338193,0.4256702082894845
evil,e1,prefix_end,250,2500,3,2,,,-0.34700207626336776,-0.38873109281111573,-0.29732507811551845,0.10091953403164405,0.4479216102950118
evil,e2,prefix_end,250,2500,3,2,,,-0.28225645767170127,-0.33352712328043066,-0.24301006020515353,0.16566515262331052,0.4479216102950118
evil,e2p,prefix_end,250,2500,3,2,,,-0.35039367759085654,-0.39088081534893265,-0.3001931452994361,0.09752793270415527,0.4479216102950118
evil,e1,prefix_end,250,2500,4,0,,,-0.39693421112198546,-0.42701286152664625,-0.35173642042753,0.09498508748970405,0.4919192986116895
evil,e2,prefix_end,250,2500,4,0,,,-0.31060636788151647,-0.35254763389559873,-0.26681116926571374,0.18131293073017302,0.4919192986116895
evil,e2p,prefix_end,250,2500,4,0,,,-0.3916227611271741,-0.424245018951045,-0.34868171490077876,0.10029653748451536,0.4919192986116895
evil,e1,prefix_end,250,2500,4,1,,,-0.36631264871624414,-0.39435114662375387,-0.318851537027757,0.07600690463373892,0.4423195533499831
evil,e2,prefix_end,250,2500,4,1,,,-0.2885811940523669,-0.3276590947896932,-0.25093878877210507,0.1537383592976162,0.4423195533499831
evil,e2p,prefix_end,250,2500,4,1,,,-0.3750757823143575,-0.40717639344453305,-0.3277435773849211,0.06724377103562555,0.4423195533499831
evil,e1,prefix_end,250,2500,4,2,,,-0.38582853310224074,-0.41695913692684805,-0.3356989642092788,0.09702856807001872,0.4828571011722595
evil,e2,prefix_end,250,2500,4,2,,,-0.30887688062034907,-0.350440880543697,-0.26606564695309376,0.17398022055191043,0.4828571011722595
evil,e2p,prefix_end,250,2500,4,2,,,-0.3791215772385481,-0.41341883514584743,-0.33051458316793564,0.10373552393371135,0.4828571011722595
evil,e1,prefix_end,250,8000,0,0,,,-0.40925358034129605,-0.4287606662964172,-0.37624561876161106,0.08941638533008893,0.498669965671385
evil,e2,prefix_end,250,8000,0,0,,,-0.34329029510821774,-0.36883570494575607,-0.3172718681532409,0.15537967056316723,0.498669965671385
evil,e2p,prefix_end,250,8000,0,0,,,-0.4225645438668503,-0.44128156745184904,-0.38899446627303813,0.07610542180453475,0.498669965671385
evil,e1,prefix_end,250,8000,0,1,,,-0.3971028643697596,-0.41767877388362135,-0.3672978183719361,0.08941638533008893,0.48651924969984855
evil,e2,prefix_end,250,8000,0,1,,,-0.33113957913668135,-0.36091116852185157,-0.3077646989097815,0.15537967056316723,0.48651924969984855
evil,e2p,prefix_end,250,8000,0,1,,,-0.4104138278953138,-0.4277300164025626,-0.37931330457717766,0.07610542180453475,0.48651924969984855
evil,e1,prefix_end,250,8000,0,2,,,-0.40925108660740755,-0.4271089100461815,-0.37934634286187563,0.08941638533008893,0.4986674719374965
evil,e2,prefix_end,250,8000,0,2,,,-0.34328780137432924,-0.3715322565288649,-0.31607254099682686,0.15537967056316723,0.4986674719374965
evil,e2p,prefix_end,250,8000,0,2,,,-0.4225620501329618,-0.43777342842728956,-0.3934535613849528,0.07610542180453475,0.4986674719374965
evil,e1,prefix_end,250,8000,1,0,,,-0.40741334514911637,-0.42665897393989977,-0.3765859261268647,0.08941638533008893,0.4968297304792053
evil,e2,prefix_end,250,8000,1,0,,,-0.34145005991603805,-0.3705241495978902,-0.3149415546938212,0.15537967056316723,0.4968297304792053
evil,e2p,prefix_end,250,8000,1,0,,,-0.4207243086746706,-0.4363761860764113,-0.38709314297999525,0.07610542180453475,0.4968297304792053
evil,e1,prefix_end,250,8000,1,1,,,-0.3974026617913377,-0.4141138853656635,-0.3695733710013281,0.08941638533008893,0.48681904712142665
evil,e2,prefix_end,250,8000,1,1,,,-0.3314393765582594,-0.35793714616682404,-0.30658377168757395,0.15537967056316723,0.48681904712142665
evil,e2p,prefix_end,250,8000,1,1,,,-0.41071362531689193,-0.4246084639329712,-0.3805054949824536,0.07610542180453475,0.48681904712142665
evil,e1,prefix_end,250,8000,1,2,,,-0.4073428156665464,-0.42512757029789666,-0.3756072232852959,0.08941638533008893,0.49675920099663534
evil,e2,prefix_end,250,8000,1,2,,,-0.34137953043346814,-0.36601956907661737,-0.3178240433095412,0.15537967056316723,0.49675920099663534
evil,e2p,prefix_end,250,8000,1,2,,,-0.42065377919210056,-0.4362045287162772,-0.38756002339617296,0.07610542180453475,0.49675920099663534
evil,e1,prefix_end,250,8000,2,0,,,-0.40877639055243903,-0.42490820532857587,-0.37485847326100574,0.08941638533008893,0.49819277588252797
evil,e2,prefix_end,250,8000,2,0,,,-0.3428131053193607,-0.3705687902875724,-0.3192536520994939,0.15537967056316723,0.49819277588252797
evil,e2p,prefix_end,250,8000,2,0,,,-0.42208735407799325,-0.43892035094716025,-0.39027228317231255,0.07610542180453475,0.49819277588252797
evil,e1,prefix_end,250,8000,2,1,,,-0.4029397083608816,-0.4203264390424507,-0.3717826765128061,0.08941638533008893,0.49235609369097055
evil,e2,prefix_end,250,8000,2,1,,,-0.3369764231278033,-0.3639002751835823,-0.3084559381204579,0.15537967056316723,0.49235609369097055
evil,e2p,prefix_end,250,8000,2,1,,,-0.41625067188643583,-0.43126595611143326,-0.38236635613819747,0.07610542180453475,0.49235609369097055
evil,e1,prefix_end,250,8000,2,2,,,-0.4060951656458626,-0.4242136235565094,-0.3749008921721522,0.08941638533008893,0.49551155097595156
evil,e2,prefix_end,250,8000,2,2,,,-0.3401318804127843,-0.3680546228971203,-0.31557457885527834,0.15537967056316723,0.49551155097595156
evil,e2p,prefix_end,250,8000,2,2,,,-0.41940612917141684,-0.4344183486365733,-0.3889245192022909,0.07610542180453475,0.49551155097595156
evil,e1,prefix_end,250,8000,3,0,,,-0.40256790240577334,-0.4215467184051602,-0.3730278151673791,0.08941638533008893,0.4919842877358623
evil,e2,prefix_end,250,8000,3,0,,,-0.3366046171726951,-0.3657332859676431,-0.3077834539784641,0.15537967056316723,0.4919842877358623
evil,e2p,prefix_end,250,8000,3,0,,,-0.4158788659313275,-0.4312311755760061,-0.38813953378716665,0.07610542180453475,0.4919842877358623
evil,e1,prefix_end,250,8000,3,1,,,-0.4079029909085445,-0.42426088780454885,-0.376133619827428,0.08941638533008893,0.4973193762386334
evil,e2,prefix_end,250,8000,3,1,,,-0.34193970567546617,-0.37001716920421734,-0.3166650697398044,0.15537967056316723,0.4973193762386334
evil,e2p,prefix_end,250,8000,3,1,,,-0.4212139544340987,-0.4355478594037289,-0.38970308878617005,0.07610542180453475,0.4973193762386334
evil,e1,prefix_end,250,8000,3,2,,,-0.39808514593182387,-0.4151692775018222,-0.36872444770887014,0.08941638533008893,0.4875015312619128
evil,e2,prefix_end,250,8000,3,2,,,-0.3321218606987456,-0.35811964617680275,-0.3052630737004541,0.15537967056316723,0.4875015312619128
evil,e2p,prefix_end,250,8000,3,2,,,-0.41139610945737803,-0.4261986290178169,-0.37980171899699355,0.07610542180453475,0.4875015312619128
evil,e1,prefix_end,250,8000,4,0,,,-0.4080793971800288,-0.42721064949686904,-0.3775354293225562,0.08941638533008893,0.4974957825101177
evil,e2,prefix_end,250,8000,4,0,,,-0.34211611194695046,-0.37291018964272804,-0.3150828802300482,0.15537967056316723,0.4974957825101177
evil,e2p,prefix_end,250,8000,4,0,,,-0.421390360705583,-0.43627818209907193,-0.3894522280070426,0.07610542180453475,0.4974957825101177
evil,e1,prefix_end,250,8000,4,1,,,-0.4098661692578909,-0.42902294276062836,-0.3769123302877541,0.08941638533008893,0.4992825545879798
evil,e2,prefix_end,250,8000,4,1,,,-0.3439028840248126,-0.36936042564824406,-0.3169062483150229,0.15537967056316723,0.4992825545879798
evil,e2p,prefix_end,250,8000,4,1,,,-0.42317713278344504,-0.4370513317387771,-0.3906237449767615,0.07610542180453475,0.4992825545879798
evil,e1,prefix_end,250,8000,4,2,,,-0.4035698504689129,-0.4215357799649593,-0.37235559260303186,0.08941638533008893,0.49298623579900186
evil,e2,prefix_end,250,8000,4,2,,,-0.33760656523583465,-0.3653215144863149,-0.3105728824550785,0.15537967056316723,0.49298623579900186
evil,e2p,prefix_end,250,8000,4,2,,,-0.4168808139944671,-0.43120310179709687,-0.385681172431465,0.07610542180453475,0.49298623579900186
evil,e1,prefix_end,5000,250,0,0,,,-0.16256677651297957,-0.28392448844158275,-0.020032703101267334,0.2656230498457275,0.42818982635870706
evil,e2,prefix_end,5000,250,0,0,,,-0.01820543106805589,-0.11739669201041467,0.08155986727616556,0.40998439529065117,0.42818982635870706
evil,e2p,prefix_end,5000,250,0,0,,,-0.17468219077743768,-0.30336187304889567,-0.06597215644004946,0.2535076355812694,0.42818982635870706
evil,e1,prefix_end,5000,250,0,1,,,0.05625196158113799,-0.09966855306808987,0.14970523116124215,0.3592100870332981,0.3029581254521601
evil,e2,prefix_end,5000,250,0,1,,,-0.1171073735279684,-0.22324032279401101,0.00511169086272471,0.1858507519241917,0.3029581254521601
evil,e2p,prefix_end,5000,250,0,1,,,-0.010315914711156338,-0.13842475757493639,0.08634825545621724,0.29264221074100377,0.3029581254521601
evil,e1,prefix_end,5000,250,0,2,,,-0.10460975194724675,-0.22276597628916095,0.0041609028716201955,0.35823188270206147,0.4628416346493082
evil,e2,prefix_end,5000,250,0,2,,,-0.12388542454106255,-0.2103003646210296,-0.003016338429492423,0.33895621010824567,0.4628416346493082
evil,e2p,prefix_end,5000,250,0,2,,,-0.172248077536947,-0.2642116954849809,-0.0332855461862247,0.29059355711236123,0.4628416346493082
evil,e1,prefix_end,5000,250,1,0,,,0.020332486290126323,-0.0923835352807082,0.1713531391894699,0.18970502611196427,0.16937253982183795
evil,e2,prefix_end,5000,250,1,0,,,-0.015602916473603956,-0.13075670498856257,0.13238147662027486,0.153769623348234,0.16937253982183795
evil,e2p,prefix_end,5000,250,1,0,,,-0.0833876338948316,-0.23239047208363117,0.0694095218286799,0.08598490592700635,0.16937253982183795
evil,e1,prefix_end,5000,250,1,1,,,-0.037023614731798105,-0.14904526700705628,0.06806692174930601,0.45019874622312045,0.48722236095491855
evil,e2,prefix_end,5000,250,1,1,,,-0.3498259400052028,-0.422395222163703,-0.16302629215060185,0.13739642094971577,0.48722236095491855
evil,e2p,prefix_end,5000,250,1,1,,,-0.20384771198455465,-0.3149911158165588,-0.07363740499380668,0.2833746489703639,0.48722236095491855
evil,e1,prefix_end,5000,250,1,2,,,0.0988022431292549,-0.05793694836570912,0.20004132590458046,0.43115815765456567,0.33235591452531077
evil,e2,prefix_end,5000,250,1,2,,,-0.11826611237329504,-0.25524574525910054,-0.013277002124667871,0.21408980215201573,0.33235591452531077
evil,e2p,prefix_end,5000,250,1,2,,,-0.1346126683516756,-0.26689224809390094,-0.016977219479125612,0.19774324617363517,0.33235591452531077
evil,e1,prefix_end,5000,250,2,0,,,-0.05255377153745727,-0.16004975479103256,0.08710069200306403,0.30798539077371234,0.3605391623111696
evil,e2,prefix_end,5000,250,2,0,,,-0.021719047602434705,-0.1658752047739094,0.13172386964134175,0.3388201147087349,0.3605391623111696
evil,e2p,prefix_end,5000,250,2,0,,,-0.1335988663824332,-0.2689607851953674,0.012534547025783015,0.2269402959287364,0.3605391623111696
evil,e1,prefix_end,5000,250,2,1,,,-0.25702513339168476,-0.3445116803038217,-0.139522745070849,0.18907958664939947,0.44610472004108426
evil,e2,prefix_end,5000,250,2,1,,,-0.23329874158827782,-0.31964720971455707,-0.10639154218473247,0.21280597845280644,0.44610472004108426
evil,e2p,prefix_end,5000,250,2,1,,,-0.27415672419923476,-0.36946351071226485,-0.15842529281352039,0.1719479958418495,0.44610472004108426
evil,e1,prefix_end,5000,250,2,2,,,0.27351185379452936,0.12434046136408042,0.4028445887469748,0.38965954280559784,0.11614768901106845
evil,e2,prefix_end,5000,250,2,2,,,0.1753086038764591,-0.00813464374426949,0.32739370118898736,0.29145629288752756,0.11614768901106845
evil,e2p,prefix_end,5000,250,2,2,,,0.12469865584011178,0.00257136621972748,0.28407400426951923,0.24084634485118023,0.11614768901106845
evil,e1,prefix_end,5000,250,3,0,,,0.02499306896252454,-0.0565666968747865,0.14480348011257396,0.24164854053941465,0.2166554715768901
evil,e2,prefix_end,5000,250,3,0,,,-0.036508847591517735,-0.18453817661078584,0.08660894200217588,0.18014662398537237,0.2166554715768901
evil,e2p,prefix_end,5000,250,3,0,,,-0.020816327897012127,-0.17728999672595425,0.09439554224453603,0.19583914367987798,0.2166554715768901
evil,e1,prefix_end,5000,250,3,1,,,-0.27407274672465437,-0.352148409626899,-0.10656211182582473,0.2101584041401473,0.4842311508648017
evil,e2,prefix_end,5000,250,3,1,,,-0.16769143541908887,-0.2469648345121653,-0.03217904120987935,0.3165397154457128,0.4842311508648017
evil,e2p,prefix_end,5000,250,3,1,,,-0.22057574911729183,-0.3143730158101765,-0.051492567526191385,0.26365540174750984,0.4842311508648017
evil,e1,prefix_end,5000,250,3,2,,,-0.1274748777164042,-0.22310975472553052,-0.03139009125524027,0.3363706457667728,0.463845523483177
evil,e2,prefix_end,5000,250,3,2,,,-0.1363365535849711,-0.2693590534967585,-0.05147975147634655,0.3275089698982059,0.463845523483177
evil,e2p,prefix_end,5000,250,3,2,,,-0.12309984462173712,-0.25855382698288754,-0.03199146077183567,0.34074567886143986,0.463845523483177
evil,e1,prefix_end,5000,250,4,0,,,-0.07439738361555026,-0.17853021805403954,0.04390090914999053,0.3511427613657641,0.42554014498131437
evil,e2,prefix_end,5000,250,4,0,,,-0.0945286730524218,-0.21718670242772672,0.017870353938075605,0.3310114719288926,0.42554014498131437
evil,e2p,prefix_end,5000,250,4,0,,,-0.22269974260141567,-0.32835538240009965,-0.08698814334795049,0.2028404023798987,0.42554014498131437
evil,e1,prefix_end,5000,250,4,1,,,-0.0989725034991602,-0.17960553085229786,0.0562737379549204,0.25828184216590516,0.35725434566506536
evil,e2,prefix_end,5000,250,4,1,,,-0.0013985832016650268,-0.09367014380802206,0.13884164667545837,0.35585576246340034,0.35725434566506536
evil,e2p,prefix_end,5000,250,4,1,,,-0.10252417427317673,-0.19255290627773103,0.029273784986874645,0.25473017139188864,0.35725434566506536
evil,e1,prefix_end,5000,250,4,2,,,-0.011642614724930556,-0.11896203607767064,0.09300953117424782,0.4448720498737065,0.45651466459863704
evil,e2,prefix_end,5000,250,4,2,,,-0.18928042237569942,-0.30357769296685705,-0.06530437171925214,0.2672342422229376,0.45651466459863704
evil,e2p,prefix_end,5000,250,4,2,,,-0.15380792991993963,-0.24639600188645622,-0.03665275064743623,0.3027067346786974,0.45651466459863704
evil,e1,prefix_end,5000,2500,0,0,,,-0.28570976938412673,-0.31307883853259283,-0.2478059380028245,0.20188097441441458,0.48759074379854134
evil,e2,prefix_end,5000,2500,0,0,,,-0.27709180911687115,-0.3242717957790424,-0.24021475052806374,0.21049893468167016,0.48759074379854134
evil,e2p,prefix_end,5000,2500,0,0,,,-0.28389251212822997,-0.3254669656849204,-0.2465767230156872,0.20369823167031134,0.48759074379854134
evil,e1,prefix_end,5000,2500,0,1,,,-0.28015938790806394,-0.31485053972777394,-0.23789281881067656,0.2493531872244293,0.5295125751324933
evil,e2,prefix_end,5000,2500,0,1,,,-0.30377575470482426,-0.34103558542117807,-0.26728319745768664,0.22573682042766902,0.5295125751324933
evil,e2p,prefix_end,5000,2500,0,1,,,-0.36656461460474166,-0.4094435504355292,-0.3257279675748423,0.1629479605277516,0.5295125751324933
evil,e1,prefix_end,5000,2500,0,2,,,-0.3124908555754621,-0.3480460218511557,-0.27214314420807906,0.18573351007318556,0.49822436564864764
evil,e2,prefix_end,5000,2500,0,2,,,-0.3250709662170572,-0.3656673817646891,-0.27921031188591394,0.17315339943159044,0.49822436564864764
evil,e2p,prefix_end,5000,2500,0,2,,,-0.3352649229384752,-0.3700519214645426,-0.28741957961910775,0.16295944271017246,0.49822436564864764
evil,e1,prefix_end,5000,2500,1,0,,,-0.2896812218078094,-0.31851985152917156,-0.2476000381702395,0.1747970986428719,0.4644783204506813
evil,e2,prefix_end,5000,2500,1,0,,,-0.19690054081518532,-0.23525998194164205,-0.15917601234897077,0.267577779635496,0.4644783204506813
evil,e2p,prefix_end,5000,2500,1,0,,,-0.27263516074805066,-0.31047686617047765,-0.23324901707208112,0.19184315970263066,0.4644783204506813
evil,e1,prefix_end,5000,2500,1,1,,,-0.26778607570534857,-0.2992908270956811,-0.22982459570039676,0.20296879856488814,0.4707548742702367
evil,e2,prefix_end,5000,2500,1,1,,,-0.30074605090838,-0.34446161425625704,-0.26454589289616737,0.17000882336185666,0.4707548742702367
evil,e2p,prefix_end,5000,2500,1,1,,,-0.304490008935267,-0.34782997199218635,-0.27190700582977523,0.1662648653349697,0.4707548742702367
evil,e1,prefix_end,5000,2500,1,2,,,-0.27403023907748425,-0.2975277770261311,-0.22951799895920788,0.2018699794356816,0.47590021851316583
evil,e2,prefix_end,5000,2500,1,2,,,-0.2747259217589666,-0.3177581392610182,-0.23040249136288812,0.2011742967541992,0.47590021851316583
evil,e2p,prefix_end,5000,2500,1,2,,,-0.26474302028810504,-0.30615459836624975,-0.2213346619992825,0.21115719822506082,0.47590021851316583
evil,e1,prefix_end,5000,2500,2,0,,,-0.24777023996311223,-0.280565446122844,-0.19831085045886307,0.18769355281564323,0.43546379277875547
evil,e2,prefix_end,5000,2500,2,0,,,-0.25109734866404443,-0.2882315454952698,-0.2065088820369164,0.18436644411471106,0.43546379277875547
evil,e2p,prefix_end,5000,2500,2,0,,,-0.2852087217261253,-0.32794968747247843,-0.2366283687648105,0.15025507105263017,0.43546379277875547
evil,e1,prefix_end,5000,2500,2,1,,,-0.2843098562796027,-0.32874779934177834,-0.24042663128603117,0.18963258198237196,0.4739424382619747
evil,e2,prefix_end,5000,2500,2,1,,,-0.3473445879362764,-0.38919933663399964,-0.3053000617668399,0.12659785032569823,0.4739424382619747
evil,e2p,prefix_end,5000,2500,2,1,,,-0.3491680026192504,-0.38589558200766694,-0.3052028176065107,0.12477443564272425,0.4739424382619747
evil,e1,prefix_end,5000,2500,2,2,,,-0.2856698725825735,-0.3177215218454621,-0.237470345441476,0.1921014400815214,0.4777713126640949
evil,e2,prefix_end,5000,2500,2,2,,,-0.25280497892393483,-0.2897680452961888,-0.21375222610051772,0.22496633374016003,0.4777713126640949
evil,e2p,prefix_end,5000,2500,2,2,,,-0.3148726263714222,-0.3489690618127673,-0.27178441355575556,0.1628986862926727,0.4777713126640949
evil,e1,prefix_end,5000,2500,3,0,,,-0.2824763814028336,-0.3101850697345916,-0.23700866021595718,0.1599330013767287,0.44240938277956227
evil,e2,prefix_end,5000,2500,3,0,,,-0.2544738411302936,-0.29768591082023665,-0.2118607082762504,0.18793554164926865,0.44240938277956227
evil,e2p,prefix_end,5000,2500,3,0,,,-0.2707514955945848,-0.30662069739978,-0.2264168169072818,0.1716578871849775,0.44240938277956227
evil,e1,prefix_end,5000,2500,3,1,,,-0.2646198634289749,-0.3102997359451993,-0.22085016977288255,0.16986731803320257,0.4344871814621775
evil,e2,prefix_end,5000,2500,3,1,,,-0.23362751300020274,-0.28395804208793474,-0.19598562670923253,0.20085966846197478,0.4344871814621775
evil,e2p,prefix_end,5000,2500,3,1,,,-0.31946114185384183,-0.3654712715226167,-0.2743879927165544,0.11502603960833567,0.4344871814621775
evil,e1,prefix_end,5000,2500,3,2,,,-0.27197903760204856,-0.3109448593193939,-0.22545775537872906,0.17998078742801726,0.4519598250300658
evil,e2,prefix_end,5000,2500,3,2,,,-0.27436813526068504,-0.3187770135295194,-0.2295767625003899,0.1775916897693808,0.4519598250300658
evil,e2p,prefix_end,5000,2500,3,2,,,-0.3009295949653408,-0.33886456229891176,-0.25927907926409366,0.15103023006472502,0.4519598250300658
evil,e1,prefix_end,5000,2500,4,0,,,-0.35736176801215896,-0.3855563934462293,-0.31063163320462867,0.13349064880125522,0.4908524168134142
evil,e2,prefix_end,5000,2500,4,0,,,-0.27076809925111023,-0.31388193870356645,-0.2373983466827245,0.22008431756230398,0.4908524168134142
evil,e2p,prefix_end,5000,2500,4,0,,,-0.31472124809039936,-0.3581833486827609,-0.27710370719262684,0.17613116872301482,0.4908524168134142
evil,e1,prefix_end,5000,2500,4,1,,,-0.20147664277949348,-0.23985707832545392,-0.15931579337232807,0.2411904721777728,0.4426671149572663
evil,e2,prefix_end,5000,2500,4,1,,,-0.22107270014320107,-0.25687879196663516,-0.17468906534746467,0.22159441481406522,0.4426671149572663
evil,e2p,prefix_end,5000,2500,4,1,,,-0.21422827197247746,-0.2513847532403082,-0.17021982231700541,0.22843884298478884,0.4426671149572663
evil,e1,prefix_end,5000,2500,4,2,,,-0.3251782058920668,-0.35246265972708174,-0.2826661593770341,0.15540415024907167,0.4805823561411385
evil,e2,prefix_end,5000,2500,4,2,,,-0.2271474093522342,-0.27102346000114075,-0.18984607207430218,0.25343494678890427,0.4805823561411385
evil,e2p,prefix_end,5000,2500,4,2,,,-0.2676857601981325,-0.30796059306342344,-0.23608905239271166,0.21289659594300597,0.4805823561411385
evil,e1,prefix_end,5000,8000,0,0,,,-0.3179806034085607,-0.34190175566286224,-0.2931885740042529,0.18123516792475988,0.49921577133332057
evil,e2,prefix_end,5000,8000,0,0,,,-0.2890236198186527,-0.31732088680571896,-0.26188600782882443,0.21019215151466786,0.49921577133332057
evil,e2p,prefix_end,5000,8000,0,0,,,-0.3207932030549625,-0.34629022834733536,-0.29515247723361837,0.17842256827835803,0.49921577133332057
evil,e1,prefix_end,5000,8000,0,1,,,-0.30733070107425464,-0.3294130184250034,-0.2822532523488465,0.18123516792475988,0.4885658689990145
evil,e2,prefix_end,5000,8000,0,1,,,-0.27837371748434664,-0.30653511063689604,-0.2528628803870447,0.21019215151466786,0.4885658689990145
evil,e2p,prefix_end,5000,8000,0,1,,,-0.31014330072065643,-0.33357433914792206,-0.2846138382937159,0.17842256827835803,0.4885658689990145
evil,e1,prefix_end,5000,8000,0,2,,,-0.31876962709127943,-0.3398323009695435,-0.29252342718030194,0.18123516792475988,0.5000047950160393
evil,e2,prefix_end,5000,8000,0,2,,,-0.2898126435013715,-0.313868932568982,-0.2617795169751135,0.21019215151466786,0.5000047950160393
evil,e2p,prefix_end,5000,8000,0,2,,,-0.32158222673768133,-0.34385194848515177,-0.29724179782115817,0.17842256827835803,0.5000047950160393
evil,e1,prefix_end,5000,8000,1,0,,,-0.31662057890183337,-0.3391846115078384,-0.2865962909410863,0.18123516792475988,0.4978557468265932
evil,e2,prefix_end,5000,8000,1,0,,,-0.28766359531192537,-0.3144463335713123,-0.2643309564875611,0.21019215151466786,0.4978557468265932
evil,e2p,prefix_end,5000,8000,1,0,,,-0.31943317854823516,-0.34198984784539144,-0.2949179485039548,0.17842256827835803,0.4978557468265932
evil,e1,prefix_end,5000,8000,1,1,,,-0.30454157679726357,-0.32946965781978643,-0.27792374130518516,0.18123516792475988,0.4857767447220234
evil,e2,prefix_end,5000,8000,1,1,,,-0.27558459320735557,-0.3029308083636112,-0.2514185808031858,0.21019215151466786,0.4857767447220234
evil,e2p,prefix_end,5000,8000,1,1,,,-0.30735417644366536,-0.33431641806834456,-0.2802447915402642,0.17842256827835803,0.4857767447220234
evil,e1,prefix_end,5000,8000,1,2,,,-0.31500631558925085,-0.3393715490282242,-0.29115869550584755,0.18123516792475988,0.4962414835140107
evil,e2,prefix_end,5000,8000,1,2,,,-0.28604933199934285,-0.31400992384541165,-0.25939100695435374,0.21019215151466786,0.4962414835140107
evil,e2p,prefix_end,5000,8000,1,2,,,-0.31781891523565264,-0.34279384965315574,-0.29269073544252605,0.17842256827835803,0.4962414835140107
evil,e1,prefix_end,5000,8000,2,0,,,-0.31644278506255763,-0.3368276889272633,-0.29088630178044506,0.18123516792475988,0.4976779529873175
evil,e2,prefix_end,5000,8000,2,0,,,-0.2874858014726496,-0.3140699425278241,-0.25825005898674885,0.21019215151466786,0.4976779529873175
evil,e2p,prefix_end,5000,8000,2,0,,,-0.3192553847089594,-0.3430591664788355,-0.29221056608468704,0.17842256827835803,0.4976779529873175
evil,e1,prefix_end,5000,8000,2,1,,,-0.31270313731899135,-0.3380822450440597,-0.2870648854751969,0.18123516792475988,0.4939383052437512
evil,e2,prefix_end,5000,8000,2,1,,,-0.28374615372908335,-0.3124153185904355,-0.256761771391354,0.21019215151466786,0.4939383052437512
evil,e2p,prefix_end,5000,8000,2,1,,,-0.31551573696539315,-0.3432551943828351,-0.2910191561926439,0.17842256827835803,0.4939383052437512
evil,e1,prefix_end,5000,8000,2,2,,,-0.3155379039196743,-0.3377601362368088,-0.28678719006793907,0.18123516792475988,0.4967730718444342
evil,e2,prefix_end,5000,8000,2,2,,,-0.28658092032976634,-0.31664587422793156,-0.25727189290418373,0.21019215151466786,0.4967730718444342
evil,e2p,prefix_end,5000,8000,2,2,,,-0.3183505035660762,-0.34605827106216575,-0.2894722791192807,0.17842256827835803,0.4967730718444342
evil,e1,prefix_end,5000,8000,3,0,,,-0.31249541126427105,-0.33648801471023543,-0.2856487038977321,0.18123516792475988,0.49373057918903096
evil,e2,prefix_end,5000,8000,3,0,,,-0.2835384276743631,-0.3107219680367797,-0.25768675712393685,0.21019215151466786,0.49373057918903096
evil,e2p,prefix_end,5000,8000,3,0,,,-0.31530801091067295,-0.33895421970977296,-0.2889272301059017,0.17842256827835803,0.49373057918903096
evil,e1,prefix_end,5000,8000,3,1,,,-0.31903098807335384,-0.3424801565673069,-0.29481155443910545,0.18123516792475988,0.5002661559981137
evil,e2,prefix_end,5000,8000,3,1,,,-0.2900740044834459,-0.3160816596299955,-0.26401057638600883,0.21019215151466786,0.5002661559981137
evil,e2p,prefix_end,5000,8000,3,1,,,-0.32184358771975574,-0.34623466043070134,-0.2954203436265839,0.17842256827835803,0.5002661559981137
evil,e1,prefix_end,5000,8000,3,2,,,-0.3053069714344804,-0.3286227870852883,-0.2811611813614869,0.18123516792475988,0.48654213935924023
evil,e2,prefix_end,5000,8000,3,2,,,-0.2763499878445724,-0.303648151831237,-0.2500791951316221,0.21019215151466786,0.48654213935924023
evil,e2p,prefix_end,5000,8000,3,2,,,-0.30811957108088217,-0.33436833077450523,-0.28129445513904316,0.17842256827835803,0.48654213935924023
evil,e1,prefix_end,5000,8000,4,0,,,-0.3151301070416579,-0.33769399657131904,-0.28584941365398747,0.18123516792475988,0.4963652749664178
evil,e2,prefix_end,5000,8000,4,0,,,-0.28617312345174994,-0.31142326701582773,-0.25870675911938307,0.21019215151466786,0.4963652749664178
evil,e2p,prefix_end,5000,8000,4,0,,,-0.3179427066880598,-0.3409717966205878,-0.2940449975863849,0.17842256827835803,0.4963652749664178
evil,e1,prefix_end,5000,8000,4,1,,,-0.3167326014499636,-0.3395420979503479,-0.29139458494191817,0.18123516792475988,0.4979677693747235
evil,e2,prefix_end,5000,8000,4,1,,,-0.2877756178600556,-0.3161052099304421,-0.2581562654030234,0.21019215151466786,0.4979677693747235
evil,e2p,prefix_end,5000,8000,4,1,,,-0.3195452010963654,-0.34421750222541153,-0.29326449096050416,0.17842256827835803,0.4979677693747235
evil,e1,prefix_end,5000,8000,4,2,,,-0.31405986194387425,-0.3379851297921718,-0.289350192544799,0.18123516792475988,0.4952950298686341
evil,e2,prefix_end,5000,8000,4,2,,,-0.28510287835396625,-0.3114844018015056,-0.25701367631021516,0.21019215151466786,0.4952950298686341
evil,e2p,prefix_end,5000,8000,4,2,,,-0.31687246159027604,-0.3421147880758221,-0.28854903808899285,0.17842256827835803,0.4952950298686341
evil,e1,prefix_end,full,250,0,0,,,-0.07818466316717365,-0.18007931673844943,0.024563970361756355,0.34728251215197514,0.4254671753191488
evil,e2,prefix_end,full,250,0,0,,,-0.3482959592832855,-0.46707905022403706,-0.19727672807848423,0.07717121603586327,0.4254671753191488
evil,e2p,prefix_end,full,250,0,0,,,-0.32033545793700136,-0.4166051675221765,-0.16068665508192123,0.10513171738214747,0.4254671753191488
evil,e1,prefix_end,full,250,0,1,,,0.11202591949201957,-0.035771582436494226,0.22312460456538868,0.4224697936037728,0.3104438741117532
evil,e2,prefix_end,full,250,0,1,,,-0.000821477997201614,-0.16126460839992013,0.1208998336660769,0.3096223961145516,0.3104438741117532
evil,e2p,prefix_end,full,250,0,1,,,0.012484762592218146,-0.13230891620487217,0.1461627567070408,0.3229286367039714,0.3104438741117532
evil,e1,prefix_end,full,250,0,2,,,-0.21848566598982622,-0.3380580534801012,-0.07830613479177745,0.24719945236341406,0.4656851183532403
evil,e2,prefix_end,full,250,0,2,,,-0.35394628902740033,-0.4602630488205873,-0.1953921645431526,0.11173882932583995,0.4656851183532403
evil,e2p,prefix_end,full,250,0,2,,,-0.2482688083959241,-0.36545816811636633,-0.10702021171592713,0.21741630995731617,0.4656851183532403
evil,e1,prefix_end,full,250,1,0,,,0.07138229413010047,-0.04956897884499682,0.19735937746171606,0.24481987561998358,0.1734375814898831
evil,e2,prefix_end,full,250,1,0,,,-0.0722279161521456,-0.22959195168801344,0.07907453868463836,0.10120966533773751,0.1734375814898831
evil,e2p,prefix_end,full,250,1,0,,,-0.10675458907682579,-0.23383080936496076,0.038268655640733146,0.06668299241305732,0.1734375814898831
evil,e1,prefix_end,full,250,1,1,,,-0.034127181972394116,-0.12017750667167114,0.06625043338274421,0.4474684105399639,0.481595592512358
evil,e2,prefix_end,full,250,1,1,,,-0.314274885040189,-0.45802836065908553,-0.1535267899404689,0.16732070747216898,0.481595592512358
evil,e2p,prefix_end,full,250,1,1,,,-0.3433211216634879,-0.4708307299260538,-0.17507414375958102,0.13827447084887012,0.481595592512358
evil,e1,prefix_end,full,250,1,2,,,0.16276817158968432,0.00703827921824466,0.2716782274714342,0.5008738504141522,0.3381056788244679
evil,e2,prefix_end,full,250,1,2,,,-0.2602031510724892,-0.3723250390724746,-0.10605566814051781,0.07790252775197871,0.3381056788244679
evil,e2p,prefix_end,full,250,1,2,,,-0.18026308548634312,-0.291294087706251,-0.04039516966543853,0.15784259333812478,0.3381056788244679
evil,e1,prefix_end,full,250,2,0,,,-0.030859111782483684,-0.12273051260394162,0.11294520393650812,0.3373763158093322,0.3682354275918159
evil,e2,prefix_end,full,250,2,0,,,-0.3092815037161002,-0.4459937220852556,-0.14134662148716676,0.058953923875715665,0.3682354275918159
evil,e2p,prefix_end,full,250,2,0,,,-0.24737969365111137,-0.39832374855828767,-0.07379135587324627,0.12085573394070451,0.3682354275918159
evil,e1,prefix_end,full,250,2,1,,,-0.16449261879287158,-0.25790340491596936,-0.04306288212823822,0.27836183990567676,0.44285445869854834
evil,e2,prefix_end,full,250,2,1,,,-0.21790044883347764,-0.35360385207087563,-0.09893545783421989,0.2249540098650707,0.44285445869854834
evil,e2p,prefix_end,full,250,2,1,,,-0.1758163455595796,-0.31627390894788426,-0.06019001019501774,0.26703811313896875,0.44285445869854834
evil,e1,prefix_end,full,250,2,2,,,0.27673683552689105,0.11602958533074155,0.38863462453884273,0.39004533699509364,0.11330850146820258
evil,e2,prefix_end,full,250,2,2,,,0.20559206032006094,0.017165857221685385,0.3279631707018746,0.31890056178826354,0.11330850146820258
evil,e2p,prefix_end,full,250,2,2,,,0.22463899588121106,0.05004099154771173,0.338848383366915,0.33794749734941365,0.11330850146820258
evil,e1,prefix_end,full,250,3,0,,,0.10975198038045225,-0.017416470468319494,0.19579699746652368,0.3232617880269147,0.21350980764646244
evil,e2,prefix_end,full,250,3,0,,,-0.015886751936853072,-0.19826835076776353,0.09766008410102799,0.19762305570960936,0.21350980764646244
evil,e2p,prefix_end,full,250,3,0,,,-0.0075012423935063854,-0.1457075888706824,0.10489398005461112,0.20600856525295605,0.21350980764646244
evil,e1,prefix_end,full,250,3,1,,,-0.06281598678576689,-0.16542823168144746,0.03380518700575486,0.42151787317018924,0.4843338599559561
evil,e2,prefix_end,full,250,3,1,,,-0.16664236613297007,-0.2686288307358171,-0.04205579335606565,0.31769149382298606,0.4843338599559561
evil,e2p,prefix_end,full,250,3,1,,,-0.08304213833746049,-0.18884913455682434,0.02409982785992886,0.40129172161849563,0.4843338599559561
evil,e1,prefix_end,full,250,3,2,,,-0.05151507195667926,-0.1558551539920672,0.020177692650760293,0.41049093437176787,0.4620060063284471
evil,e2,prefix_end,full,250,3,2,,,-0.4713888986699776,-0.5839140144237102,-0.3237024039470125,-0.009382892341530448,0.4620060063284471
evil,e2p,prefix_end,full,250,3,2,,,-0.38795448671192767,-0.506301406688273,-0.2568807018923507,0.07405151961651944,0.4620060063284471
evil,e1,prefix_end,full,250,4,0,,,-0.13227454668562116,-0.22727678363723725,-0.011664306601951944,0.2941371094441731,0.42641165612979426
evil,e2,prefix_end,full,250,4,0,,,-0.2784643156853522,-0.40089108376272464,-0.10139542093054502,0.14794734044444208,0.42641165612979426
evil,e2p,prefix_end,full,250,4,0,,,-0.14657097586400353,-0.31686973687326075,-0.005879645919874305,0.27984068026579073,0.42641165612979426
evil,e1,prefix_end,full,250,4,1,,,0.045201301096832125,-0.0712056104759184,0.1740041570061253,0.4016266437210747,0.3564253426242426
evil,e2,prefix_end,full,250,4,1,,,-0.11181667802443415,-0.2468902420673668,0.027881749471683842,0.24460866459980843,0.3564253426242426
evil,e2p,prefix_end,full,250,4,1,,,0.0011480484894587084,-0.1524112015032754,0.1379116644661194,0.3575733911137013,0.3564253426242426
evil,e1,prefix_end,full,250,4,2,,,-0.028812932233770405,-0.11910144543820711,0.10407981262434882,0.4302268135409902,0.4590397457747606
evil,e2,prefix_end,full,250,4,2,,,-0.3659711523965381,-0.4771774269667598,-0.20035501433725098,0.09306859337822249,0.4590397457747606
evil,e2p,prefix_end,full,250,4,2,,,-0.19264887775712175,-0.3295157256239973,-0.052776152073648,0.26639086801763884,0.4590397457747606
evil,e1,prefix_end,full,2500,0,0,,,-0.24636528001199645,-0.27527267845595443,-0.20708307864766587,0.2401232490368381,0.48648852904883455
evil,e2,prefix_end,full,2500,0,0,,,-0.37407391902699494,-0.4265301656140382,-0.32765494456260263,0.11241461002183963,0.48648852904883455
evil,e2p,prefix_end,full,2500,0,0,,,-0.27977982189060496,-0.3274786043072817,-0.23563150234432392,0.2067087071582296,0.48648852904883455
evil,e1,prefix_end,full,2500,0,1,,,-0.23440827377605472,-0.2595984056650996,-0.1924458392065709,0.2934994047624398,0.5279076785384945
evil,e2,prefix_end,full,2500,0,1,,,-0.4668347676516844,-0.5138821825339407,-0.4146921621233163,0.06107291088681012,0.5279076785384945
evil,e2p,prefix_end,full,2500,0,1,,,-0.4336175907505595,-0.47964091805484715,-0.38930884830445694,0.094290087787935,0.5279076785384945
evil,e1,prefix_end,full,2500,0,2,,,-0.3149879702589709,-0.3424705815712996,-0.26695977603566035,0.18456407566468697,0.4995520459236579
evil,e2,prefix_end,full,2500,0,2,,,-0.43025755582636255,-0.47929565055041723,-0.3802945060734669,0.06929449009729532,0.4995520459236579
evil,e2p,prefix_end,full,2500,0,2,,,-0.2951191510921568,-0.3412073688689681,-0.2549286363528971,0.20443289483150104,0.4995520459236579
evil,e1,prefix_end,full,2500,1,0,,,-0.21053571233116686,-0.25170538894216593,-0.17117611652015227,0.2535177984064173,0.46405351073758416
evil,e2,prefix_end,full,2500,1,0,,,-0.36735750353312824,-0.4177603382125583,-0.3174202658243002,0.09669600720445591,0.46405351073758416
evil,e2p,prefix_end,full,2500,1,0,,,-0.3074176928820462,-0.3529674056117792,-0.26365340810207727,0.15663581785553798,0.46405351073758416
evil,e1,prefix_end,full,2500,1,1,,,-0.22107828343138763,-0.2620104457751373,-0.18523497347056136,0.24925903765150265,0.4703373210828903
evil,e2,prefix_end,full,2500,1,1,,,-0.4393712573786577,-0.47948671247461394,-0.3907668915155228,0.0309660637042326,0.4703373210828903
evil,e2p,prefix_end,full,2500,1,1,,,-0.3607609569912288,-0.4125065688779451,-0.31683557204004364,0.10957636409166152,0.4703373210828903
evil,e1,prefix_end,full,2500,1,2,,,-0.22929224859198605,-0.2618959804350181,-0.1921836209483341,0.24633819692581693,0.475630445517803
evil,e2,prefix_end,full,2500,1,2,,,-0.39934245071909913,-0.4487560212237543,-0.3548981243661542,0.07628799479870385,0.475630445517803
evil,e2p,prefix_end,full,2500,1,2,,,-0.28754785840878183,-0.33332485934596345,-0.24709591875072387,0.18808258710902112,0.475630445517803
evil,e1,prefix_end,full,2500,2,0,,,-0.19348170358645814,-0.22195004073952862,-0.14690361980200003,0.2420170018882489,0.43549870547470704
evil,e2,prefix_end,full,2500,2,0,,,-0.3338218466169854,-0.37854250337633977,-0.28725517606553824,0.10167685885772165,0.43549870547470704
evil,e2p,prefix_end,full,2500,2,0,,,-0.28734099893220794,-0.3367332862126297,-0.23967736521205943,0.1481577065424991,0.43549870547470704
evil,e1,prefix_end,full,2500,2,1,,,-0.24888725535454947,-0.28714625312734054,-0.2160788710655987,0.22504416870648813,0.4739314240610376
evil,e2,prefix_end,full,2500,2,1,,,-0.39637641581584193,-0.45108020967495965,-0.3520276831078491,0.07755500824519568,0.4739314240610376
evil,e2p,prefix_end,full,2500,2,1,,,-0.29095996006513497,-0.34146436875020947,-0.24959161021623985,0.18297146399590264,0.4739314240610376
evil,e1,prefix_end,full,2500,2,2,,,-0.24028948773952222,-0.2692101045691907,-0.1937062352193375,0.23805937198537466,0.4783488597248969
evil,e2,prefix_end,full,2500,2,2,,,-0.40416949628305526,-0.4560072159999394,-0.356405226467545,0.0741793634418416,0.4783488597248969
evil,e2p,prefix_end,full,2500,2,2,,,-0.31577231188574084,-0.36330277058981153,-0.2748839261869632,0.16257654783915607,0.4783488597248969
evil,e1,prefix_end,full,2500,3,0,,,-0.21974636094283626,-0.2546440691261838,-0.18104650546943227,0.2210439297141912,0.44079029065702746
evil,e2,prefix_end,full,2500,3,0,,,-0.3289338062992138,-0.3792177707418045,-0.2843545456329859,0.11185648435781363,0.44079029065702746
evil,e2p,prefix_end,full,2500,3,0,,,-0.23419795639570629,-0.28312390578065794,-0.1875714299016667,0.20659233426132118,0.44079029065702746
evil,e1,prefix_end,full,2500,3,1,,,-0.2171237304191533,-0.2449664158372225,-0.17823093153232267,0.21687250641286246,0.43399623683201577
evil,e2,prefix_end,full,2500,3,1,,,-0.3310266156142092,-0.38645408518508023,-0.28780208603934665,0.10296962121780658,0.43399623683201577
evil,e2p,prefix_end,full,2500,3,1,,,-0.27075559907097496,-0.3212987239421467,-0.22888672295549733,0.1632406377610408,0.43399623683201577
evil,e1,prefix_end,full,2500,3,2,,,-0.2356297314932128,-0.2774296408341928,-0.19364522488985053,0.21606919453005863,0.45169892602327144
evil,e2,prefix_end,full,2500,3,2,,,-0.3830033225143095,-0.4347205744772054,-0.3380636536636984,0.06869560350896194,0.45169892602327144
evil,e2p,prefix_end,full,2500,3,2,,,-0.3043499311111781,-0.35082081441752366,-0.25815496050925957,0.14734899491209336,0.45169892602327144
evil,e1,prefix_end,full,2500,4,0,,,-0.29000396314406174,-0.33044974701041335,-0.24918314251879034,0.20072781767114875,0.4907317808152105
evil,e2,prefix_end,full,2500,4,0,,,-0.37010624830102884,-0.4155910483050344,-0.32601499797722583,0.12062553251418168,0.4907317808152105
evil,e2p,prefix_end,full,2500,4,0,,,-0.31376751343363457,-0.3576539570327544,-0.2722521894072578,0.17696426738157595,0.4907317808152105
evil,e1,prefix_end,full,2500,4,1,,,-0.21293939374489648,-0.24192212238489322,-0.1637575329268483,0.2278021712993544,0.4407415650442509
evil,e2,prefix_end,full,2500,4,1,,,-0.35986761519665417,-0.413838817162511,-0.30458454627601483,0.08087394984759672,0.4407415650442509
evil,e2p,prefix_end,full,2500,4,1,,,-0.24786315049452864,-0.2959526969148138,-0.19700312298009326,0.19287841454972224,0.4407415650442509
evil,e1,prefix_end,full,2500,4,2,,,-0.27234648256687294,-0.29796598181926465,-0.2239988080122027,0.2078021793311901,0.48014866189806304
evil,e2,prefix_end,full,2500,4,2,,,-0.34921080179339986,-0.40255144640322815,-0.29906039332318207,0.13093786010466318,0.48014866189806304
evil,e2p,prefix_end,full,2500,4,2,,,-0.2693077972947274,-0.31455311448819134,-0.22607620788021737,0.2108408646033356,0.48014866189806304
evil,e1,prefix_end,full,8000,0,0,,,-0.28145251322097553,-0.3025163389668042,-0.2550286593773762,0.21704695480553485,0.4984994680265104
evil,e2,prefix_end,full,8000,0,0,,,-0.3894492795772685,-0.4200473165853117,-0.357980480343087,0.10905018844924194,0.4984994680265104
evil,e2p,prefix_end,full,8000,0,0,,,-0.3178341211734179,-0.34540863483130685,-0.29016936190355125,0.18066534685309246,0.4984994680265104
evil,e1,prefix_end,full,8000,0,1,,,-0.2701971700652831,-0.2911269440835663,-0.24586839637641028,0.21704695480553485,0.487244124870818
evil,e2,prefix_end,full,8000,0,1,,,-0.37819393642157606,-0.41017511601633727,-0.3510208493605954,0.10905018844924194,0.487244124870818
evil,e2p,prefix_end,full,8000,0,1,,,-0.3065787780177255,-0.33723628369683833,-0.28060405878678596,0.18066534685309246,0.487244124870818
evil,e1,prefix_end,full,8000,0,2,,,-0.28214348227287844,-0.30142878114312854,-0.2559402784176512,0.21704695480553485,0.49919043707841326
evil,e2,prefix_end,full,8000,0,2,,,-0.3901402486291713,-0.4189532665397286,-0.36055994111011186,0.10905018844924194,0.49919043707841326
evil,e2p,prefix_end,full,8000,0,2,,,-0.31852509022532083,-0.3458015867483287,-0.2896804758065385,0.18066534685309246,0.49919043707841326
evil,e1,prefix_end,full,8000,1,0,,,-0.2798481052319136,-0.30113056512542224,-0.256577992265216,0.21704695480553485,0.49689506003744843
evil,e2,prefix_end,full,8000,1,0,,,-0.38784487158820646,-0.41546247160859917,-0.35941050076207737,0.10905018844924194,0.49689506003744843
evil,e2p,prefix_end,full,8000,1,0,,,-0.316229713184356,-0.3453209345214395,-0.28661590222145283,0.18066534685309246,0.49689506003744843
evil,e1,prefix_end,full,8000,1,1,,,-0.26778505253398044,-0.2897574032643336,-0.24398156400641166,0.21704695480553485,0.48483200733951526
evil,e2,prefix_end,full,8000,1,1,,,-0.3757818188902733,-0.40340148726882324,-0.3463840861978845,0.10905018844924194,0.48483200733951526
evil,e2p,prefix_end,full,8000,1,1,,,-0.3041666604864228,-0.33268678909749433,-0.27549304409449704,0.18066534685309246,0.48483200733951526
evil,e1,prefix_end,full,8000,1,2,,,-0.2782515633830537,-0.29979713753675136,-0.2529428430584541,0.21704695480553485,0.4952985181885885
evil,e2,prefix_end,full,8000,1,2,,,-0.38624832973934653,-0.4149422546963671,-0.3584287018226145,0.10905018844924194,0.4952985181885885
evil,e2p,prefix_end,full,8000,1,2,,,-0.31463317133549606,-0.34383780088750165,-0.2857013569738307,0.18066534685309246,0.4952985181885885
evil,e1,prefix_end,full,8000,2,0,,,-0.2796320641902149,-0.3017016797081579,-0.2553978444600157,0.21704695480553485,0.49667901899574973
evil,e2,prefix_end,full,8000,2,0,,,-0.38762883054650776,-0.4174186046828966,-0.3588836867258897,0.10905018844924194,0.49667901899574973
evil,e2p,prefix_end,full,8000,2,0,,,-0.3160136721426573,-0.34353647533447484,-0.28775271997641866,0.18066534685309246,0.49667901899574973
evil,e1,prefix_end,full,8000,2,1,,,-0.2758941614611725,-0.2954223242819848,-0.25078257247531716,0.21704695480553485,0.4929411162667074
evil,e2,prefix_end,full,8000,2,1,,,-0.3838909278174655,-0.41316733506191194,-0.35401663543392636,0.10905018844924194,0.4929411162667074
evil,e2p,prefix_end,full,8000,2,1,,,-0.3122757694136149,-0.33910275963777836,-0.2825501469658699,0.18066534685309246,0.4929411162667074
evil,e1,prefix_end,full,8000,2,2,,,-0.27867039394784643,-0.2984948767181921,-0.25416246457550035,0.21704695480553485,0.4957173487533813
evil,e2,prefix_end,full,8000,2,2,,,-0.3866671603041394,-0.41771724555160683,-0.35765367730265185,0.10905018844924194,0.4957173487533813
evil,e2p,prefix_end,full,8000,2,2,,,-0.3150520019002888,-0.347116771886985,-0.2851483752546744,0.18066534685309246,0.4957173487533813
evil,e1,prefix_end,full,8000,3,0,,,-0.27572036390787535,-0.2976502507809566,-0.25155592797125087,0.21704695480553485,0.49276731871341023
evil,e2,prefix_end,full,8000,3,0,,,-0.3837171302641683,-0.4134405680542877,-0.3544861456465071,0.10905018844924194,0.49276731871341023
evil,e2p,prefix_end,full,8000,3,0,,,-0.31210197186031774,-0.33678697968109644,-0.2832900199239411,0.18066534685309246,0.49276731871341023
evil,e1,prefix_end,full,8000,3,1,,,-0.28262874713982056,-0.302482768005148,-0.2576340126038,0.21704695480553485,0.4996757019453554
evil,e2,prefix_end,full,8000,3,1,,,-0.3906255134961134,-0.4181233906453255,-0.3622236734020586,0.10905018844924194,0.4996757019453554
evil,e2p,prefix_end,full,8000,3,1,,,-0.31901035509226294,-0.3474710213169308,-0.29188878189451706,0.18066534685309246,0.4996757019453554
evil,e1,prefix_end,full,8000,3,2,,,-0.26816403529646216,-0.2904085553886176,-0.2442007919994515,0.21704695480553485,0.485210990101997
evil,e2,prefix_end,full,8000,3,2,,,-0.376160801652755,-0.4081877453892171,-0.3450162557352603,0.10905018844924194,0.485210990101997
evil,e2p,prefix_end,full,8000,3,2,,,-0.30454564324890454,-0.33394795817444634,-0.2743740545745225,0.18066534685309246,0.485210990101997
evil,e1,prefix_end,full,8000,4,0,,,-0.2784273212801721,-0.2991131246594764,-0.25162908582781934,0.21704695480553485,0.495474276085707
evil,e2,prefix_end,full,8000,4,0,,,-0.3864240876364651,-0.4161505364909547,-0.355717240718579,0.10905018844924194,0.495474276085707
evil,e2p,prefix_end,full,8000,4,0,,,-0.3148089292326145,-0.3439081099126253,-0.2856408823761862,0.18066534685309246,0.495474276085707
evil,e1,prefix_end,full,8000,4,1,,,-0.2804475822750806,-0.3001873945521952,-0.2582335165213035,0.21704695480553485,0.4974945370806154
evil,e2,prefix_end,full,8000,4,1,,,-0.38844434863137345,-0.41923484948351775,-0.3556309900557925,0.10905018844924194,0.4974945370806154
evil,e2p,prefix_end,full,8000,4,1,,,-0.316829190227523,-0.3444196610315304,-0.284385641162955,0.18066534685309246,0.4974945370806154
evil,e1,prefix_end,full,8000,4,2,,,-0.27694501064856425,-0.2991106643725037,-0.25228075386157833,0.21704695480553485,0.49399196545409907
evil,e2,prefix_end,full,8000,4,2,,,-0.3849417770048571,-0.4202671587699758,-0.35776130194540173,0.10905018844924194,0.49399196545409907
evil,e2p,prefix_end,full,8000,4,2,,,-0.31332661860100663,-0.34427513486194816,-0.2872724469752187,0.18066534685309246,0.49399196545409907
evil,e1,prefix_end,compose5000_fu0.0_fl0.0_L250,250,0,0,0.0,0.0,-0.17228025547667392,-0.22288130651289614,-0.013579513873580605,0.2560741743345332,0.42835442981120714
evil,e1,prefix_end,compose5000_fu0.0_fl0.0_L2500,2500,0,0,0.0,0.0,-0.257554505029252,-0.2998961625230411,-0.22070401994323663,0.2274909866366157,0.4850454916658677
evil,e1,prefix_end,compose5000_fu0.0_fl0.0_L8000,8000,0,0,0.0,0.0,-0.292127754720507,-0.31692211636080875,-0.26694834621703495,0.20662988008602146,0.49875763480652846
evil,e1,prefix_end,compose5000_fu0.5_fl0.0_L250,250,0,0,0.5,0.0,0.2670199946821117,0.1547766687812476,0.3703649164388695,0.5013393564460692,0.23431936176395748
evil,e1,prefix_end,compose5000_fu0.5_fl0.0_L2500,2500,0,0,0.5,0.0,0.051503932233350924,0.00790240009515095,0.08908144952997811,0.32613510922919375,0.27463117699584283
evil,e1,prefix_end,compose5000_fu0.5_fl1.0_L250,250,0,0,0.5,1.0,0.3238056571400969,0.15373621963639242,0.45280153162484715,0.4799537234701356,0.15614806633003872
evil,e1,prefix_end,compose5000_fu0.5_fl1.0_L2500,2500,0,0,0.5,1.0,0.354131102612843,0.31036221186984353,0.38668783306240534,0.6222884831987135,0.2681573805858706
evil,e1,prefix_end,compose5000_fu0.5_fl1.0_L8000,8000,0,0,0.5,1.0,0.2787552239934119,0.25348701678244,0.3011825622001501,0.6226382197172506,0.34388299572383874
hallucination,e1,context_end,full,250,0,0,,,-0.3504246857494239,-0.45896221730867076,-0.21408905121170105,0.12955304667309592,0.47997773242251984
hallucination,e1,context_end,full,2500,0,0,,,-0.39535165474424483,-0.4359508692266675,-0.3527236391142704,0.11345363580072408,0.5088052905449689
hallucination,e1,context_end,full,16000,0,0,,,-0.3756598111232762,-0.3921993531523958,-0.36106223051569786,0.14540151973961546,0.5210613308628916
hallucination,e1,context_end,250,250,0,0,,,-0.3031469496043922,-0.37777579798773625,-0.15882781463307158,0.204938526015,0.5080854756193922
hallucination,e1,context_end,250,250,0,1,,,-0.16673044420442573,-0.2595571774954936,-0.03291976015338304,0.30115385988297055,0.4678843040873963
hallucination,e1,context_end,250,250,0,2,,,-0.32083597077726256,-0.40827767961613937,-0.1905962455214625,0.23766885445073663,0.5585048252279992
hallucination,e1,context_end,250,250,1,0,,,-0.2519963566414779,-0.3324817558099984,-0.11192630902195164,0.2464871878101027,0.4984835444515806
hallucination,e1,context_end,250,250,1,1,,,-0.2539233153954341,-0.33389311981398617,-0.11559164874135623,0.25801147879651376,0.5119347941919479
hallucination,e1,context_end,250,250,1,2,,,-0.3477798580309922,-0.41492568614126657,-0.21599775445582423,0.1789725780660052,0.5267524360969974
hallucination,e1,context_end,250,250,2,0,,,-0.20749150986474052,-0.29903471685767935,-0.06315058106719368,0.2549997291724206,0.4624912390371611
hallucination,e1,context_end,250,250,2,1,,,-0.2761578702901407,-0.3847119541931983,-0.15807243961853465,0.20941151077632966,0.48556938106647035
hallucination,e1,context_end,250,250,2,2,,,-0.38069971953445897,-0.4368843310425328,-0.23049820860856854,0.11717383850604855,0.49787355804050754
hallucination,e1,context_end,250,250,3,0,,,-0.30604136732996307,-0.38625791031428713,-0.15247681307547875,0.14077496484606006,0.4468163321760231
hallucination,e1,context_end,250,250,3,1,,,-0.2848298208347413,-0.3665748077132048,-0.11081324860542087,0.15014530834029874,0.43497512917504
hallucination,e1,context_end,250,250,3,2,,,-0.25215355601510253,-0.32218892955798706,-0.11294233666552941,0.18061055382171282,0.43276410983681535
hallucination,e1,context_end,250,250,4,0,,,-0.21021262386845352,-0.3179435654776415,-0.09381348538368409,0.2383527397269743,0.4485653635954278
hallucination,e1,context_end,250,250,4,1,,,-0.2853553577787413,-0.3882332592701931,-0.1433654629690246,0.20030299887425243,0.48565835665299373
hallucination,e1,context_end,250,250,4,2,,,-0.2929236523891028,-0.35930020866660983,-0.1362389762972991,0.21323893188281753,0.5061625842719203
hallucination,e1,context_end,250,2500,0,0,,,-0.3528817763606358,-0.3801293786723851,-0.30948297339417896,0.16125713308020762,0.5141389094408434
hallucination,e1,context_end,250,2500,0,1,,,-0.35269294360733916,-0.3811776103894108,-0.30733576741895036,0.16405041443878168,0.5167433580461208
hallucination,e1,context_end,250,2500,0,2,,,-0.3201697712324565,-0.3529431950247992,-0.28174507920107494,0.1814354769268194,0.5016052481592759
hallucination,e1,context_end,250,2500,1,0,,,-0.34775603342536243,-0.38306590322687084,-0.30595848282620214,0.17806777159940765,0.5258238050247701
hallucination,e1,context_end,250,2500,1,1,,,-0.33526981180667614,-0.35875781726750083,-0.2912172549919605,0.17342873630803735,0.5086985481147135
hallucination,e1,context_end,250,2500,1,2,,,-0.3472064102501345,-0.38015491908800947,-0.3075160424935339,0.1886967232288716,0.5359031334790061
hallucination,e1,context_end,250,2500,2,0,,,-0.36893505052357034,-0.40225683082136354,-0.3312541377728122,0.18360249075270488,0.5525375412762752
hallucination,e1,context_end,250,2500,2,1,,,-0.3847284923283265,-0.4124673385859985,-0.34199340897915836,0.14933514259837866,0.5340636349267052
hallucination,e1,context_end,250,2500,2,2,,,-0.38361484752468683,-0.4179876684232245,-0.3422123682521094,0.1370795959115761,0.5206944434362629
hallucination,e1,context_end,250,2500,3,0,,,-0.3597243433699061,-0.3824682742718478,-0.3127758164957467,0.15565131738009705,0.5153756607500032
hallucination,e1,context_end,250,2500,3,1,,,-0.33280158359279577,-0.3646615513920006,-0.296769161469559,0.18602775481444422,0.51882933840724
hallucination,e1,context_end,250,2500,3,2,,,-0.33678616431865616,-0.3661808582315602,-0.2941943098913562,0.18107827653172523,0.5178644408503814
hallucination,e1,context_end,250,2500,4,0,,,-0.35334650994408556,-0.38870605694139865,-0.3142795013106458,0.16962648971914004,0.5229729996632256
hallucination,e1,context_end,250,2500,4,1,,,-0.34829327868730053,-0.3782762044532795,-0.3097542768859185,0.18552022926360845,0.533813507950909
hallucination,e1,context_end,250,2500,4,2,,,-0.3752176742798249,-0.40393701953473266,-0.33179070998440185,0.1608597106737839,0.5360773849536088
hallucination,e1,context_end,250,16000,0,0,,,-0.3623247972639143,-0.3750402060988857,-0.34563297128766945,0.16109128343101423,0.5234160806949285
hallucination,e1,context_end,250,16000,0,1,,,-0.3621685975212351,-0.3758443132678037,-0.34491256312100316,0.16109128343101423,0.5232598809522493
hallucination,e1,context_end,250,16000,0,2,,,-0.3620274598223747,-0.3760556905728291,-0.3458066268918153,0.16109128343101423,0.5231187432533889
hallucination,e1,context_end,250,16000,1,0,,,-0.36215481124014814,-0.37575868085878583,-0.34569824545355826,0.16109128343101423,0.5232460946711623
hallucination,e1,context_end,250,16000,1,1,,,-0.36183726435121866,-0.3766088995258617,-0.34704909260001754,0.16109128343101423,0.5229285477822329
hallucination,e1,context_end,250,16000,1,2,,,-0.36209566978302565,-0.37697321207025575,-0.34671310651803944,0.16109128343101423,0.5231869532140399
hallucination,e1,context_end,250,16000,2,0,,,-0.36191193143928513,-0.37486039823192524,-0.34503060428704224,0.16109128343101423,0.5230032148702993
hallucination,e1,context_end,250,16000,2,1,,,-0.3617927546780174,-0.37626932301282434,-0.34692178974640636,0.16109128343101423,0.5228840381090316
hallucination,e1,context_end,250,16000,2,2,,,-0.36231902355140055,-0.3768163173979717,-0.3483447597914549,0.16109128343101423,0.5234103069824148
hallucination,e1,context_end,250,16000,3,0,,,-0.36150459009452995,-0.3755158686731625,-0.3469692537286809,0.16109128343101423,0.5225958735255442
hallucination,e1,context_end,250,16000,3,1,,,-0.36216909257254515,-0.37703518810931963,-0.3474521938404451,0.16109128343101423,0.5232603760035593
hallucination,e1,context_end,250,16000,3,2,,,-0.3618752699846881,-0.3764282060521658,-0.34732081201642767,0.16109128343101423,0.5229665534157023
hallucination,e1,context_end,250,16000,4,0,,,-0.3616412703623739,-0.375559296270553,-0.34534496487558236,0.16109128343101423,0.5227325537933881
hallucination,e1,context_end,250,16000,4,1,,,-0.3620597631808823,-0.3767243945202704,-0.34603618096785627,0.16109128343101423,0.5231510466118965
hallucination,e1,context_end,250,16000,4,2,,,-0.36176539744207137,-0.3752337471310592,-0.3470591733257717,0.16109128343101423,0.5228566808730856
hallucination,e1,context_end,5000,250,0,0,,,-0.25467463004842683,-0.3287794611049125,-0.13950999225279384,0.2182999544414938,0.47297458448992064
hallucination,e1,context_end,5000,250,0,1,,,-0.23864239723007533,-0.34466934500187374,-0.1188357157683053,0.21908901345547946,0.4577314106855548
hallucination,e1,context_end,5000,250,0,2,,,-0.23366316444990554,-0.3334973511844996,-0.11156620645729558,0.3243201121636822,0.5579832766135877
hallucination,e1,context_end,5000,250,1,0,,,-0.29399269434242664,-0.37029254110765836,-0.15955741702650303,0.205786200904648,0.49977889524707464
hallucination,e1,context_end,5000,250,1,1,,,-0.266312721702595,-0.3789996618210052,-0.1494952754212174,0.24367430657264513,0.5099870282752401
hallucination,e1,context_end,5000,250,1,2,,,-0.21573285642513235,-0.3233898116424452,-0.1078255296290945,0.2991432277607082,0.5148760841858405
hallucination,e1,context_end,5000,250,2,0,,,-0.27619283323636745,-0.33199464221423325,-0.11939239910779194,0.16290960635128424,0.43910243958765166
hallucination,e1,context_end,5000,250,2,1,,,-0.25339510650081454,-0.33838223450615246,-0.12867459209337626,0.24892762871852914,0.5023227352193437
hallucination,e1,context_end,5000,250,2,2,,,-0.3713765845741648,-0.40141432054887816,-0.19635638379341397,0.12841861044230038,0.49979519501646513
hallucination,e1,context_end,5000,250,3,0,,,-0.11360247427036785,-0.27477934193519876,0.014384570133467639,0.33872498172452825,0.4523274559948961
hallucination,e1,context_end,5000,250,3,1,,,-0.22269700237864462,-0.32650274936632584,-0.07798053112451843,0.22771075783837783,0.45040776021702245
hallucination,e1,context_end,5000,250,3,2,,,-0.18541649660316545,-0.2661827860473959,-0.06359865133924628,0.2591334233523569,0.44454991995552234
hallucination,e1,context_end,5000,250,4,0,,,-0.23705384127351858,-0.34297216872845077,-0.11004311650611374,0.22842686710810328,0.46548070838162187
hallucination,e1,context_end,5000,250,4,1,,,-0.2100603637130531,-0.3205557312507336,-0.08534080802903704,0.27977064105334937,0.48983100476640246
hallucination,e1,context_end,5000,250,4,2,,,-0.2887106394319673,-0.38024189082242066,-0.1353565484305957,0.17843937019483927,0.4671500096268066
hallucination,e1,context_end,5000,2500,0,0,,,-0.274826128299237,-0.3222718737256996,-0.2299231674741316,0.2342760760592081,0.5091022043584451
hallucination,e1,context_end,5000,2500,0,1,,,-0.29253860349814137,-0.33154043384626053,-0.2550831651473311,0.224026446615415,0.5165650501135564
hallucination,e1,context_end,5000,2500,0,2,,,-0.2657449615084645,-0.30770022677376097,-0.2269634773094162,0.23436449770976808,0.5001094592182326
hallucination,e1,context_end,5000,2500,1,0,,,-0.25631381780303525,-0.29429029579634813,-0.2179640650478147,0.26575092279554685,0.5220647405985821
hallucination,e1,context_end,5000,2500,1,1,,,-0.26764579650253384,-0.309885733487206,-0.22520668816387882,0.23882284853917612,0.50646864504171
hallucination,e1,context_end,5000,2500,1,2,,,-0.25651947858473545,-0.29444251881206995,-0.22216549152115134,0.27379976831831,0.5303192469030454
hallucination,e1,context_end,5000,2500,2,0,,,-0.27202632127533716,-0.3079647088144447,-0.2327261736881001,0.28411368631933437,0.5561400075946715
hallucination,e1,context_end,5000,2500,2,1,,,-0.29332497364092697,-0.3330124109294604,-0.25369334931808585,0.23041352394548226,0.5237384975864092
hallucination,e1,context_end,5000,2500,2,2,,,-0.2988677074683296,-0.3397996656732841,-0.26321969541240436,0.2273136959805785,0.5261814034489081
hallucination,e1,context_end,5000,2500,3,0,,,-0.2709479916309484,-0.30885438470108095,-0.2304361815917525,0.23936747797525806,0.5103154696062064
hallucination,e1,context_end,5000,2500,3,1,,,-0.29388142196532063,-0.3287450501386122,-0.2550683040839248,0.2183343491130079,0.5122157710783285
hallucination,e1,context_end,5000,2500,3,2,,,-0.268506786741636,-0.30632039202398614,-0.2255573434068754,0.23987423768054522,0.5083810244221812
hallucination,e1,context_end,5000,2500,4,0,,,-0.3016654725432796,-0.347233799230667,-0.26227115458487515,0.21582181827250438,0.5174872908157839
hallucination,e1,context_end,5000,2500,4,1,,,-0.2806091200028963,-0.3218053835102221,-0.24162020910654944,0.2472104300252951,0.5278195500281914
hallucination,e1,context_end,5000,2500,4,2,,,-0.27104671744687836,-0.31038123034119003,-0.22867662755448173,0.26244008217456705,0.5334867996214454
hallucination,e1,context_end,5000,16000,0,0,,,-0.2852457510354537,-0.29961372480937115,-0.27109428428696963,0.23675931065018194,0.5220050616856357
hallucination,e1,context_end,5000,16000,0,1,,,-0.28511945783880444,-0.2996737122501747,-0.2698278661706032,0.23675931065018194,0.5218787684889864
hallucination,e1,context_end,5000,16000,0,2,,,-0.28511430359281487,-0.3008133280012437,-0.27102420007137945,0.23675931065018194,0.5218736142429968
hallucination,e1,context_end,5000,16000,1,0,,,-0.2850863325550884,-0.29997966389934927,-0.2695370135213438,0.23675931065018194,0.5218456432052704
hallucination,e1,context_end,5000,16000,1,1,,,-0.28492005190444913,-0.3009778456028029,-0.2692830480367107,0.23675931065018194,0.5216793625546311
hallucination,e1,context_end,5000,16000,1,2,,,-0.2850682496502769,-0.29880538450813593,-0.2681184963558166,0.23675931065018194,0.5218275603004588
hallucination,e1,context_end,5000,16000,2,0,,,-0.28479818412279767,-0.3023179212605036,-0.2701746413530753,0.23675931065018194,0.5215574947729796
hallucination,e1,context_end,5000,16000,2,1,,,-0.28482453742327296,-0.30005520416671844,-0.2680343972537973,0.23675931065018194,0.5215838480734549
hallucination,e1,context_end,5000,16000,2,2,,,-0.28521675426883997,-0.30113881275385396,-0.2689195002153866,0.23675931065018194,0.5219760649190219
hallucination,e1,context_end,5000,16000,3,0,,,-0.28464148468889894,-0.3029339153794951,-0.26879787594620663,0.23675931065018194,0.5214007953390809
hallucination,e1,context_end,5000,16000,3,1,,,-0.2852769116972039,-0.30165705874321413,-0.2689540298221868,0.23675931065018194,0.5220362223473859
hallucination,e1,context_end,5000,16000,3,2,,,-0.28480776597181434,-0.30133595359187065,-0.2674381103832282,0.23675931065018194,0.5215670766219963
hallucination,e1,context_end,5000,16000,4,0,,,-0.28465568221655135,-0.30188747874828187,-0.2666766122864131,0.23675931065018194,0.5214149928667333
hallucination,e1,context_end,5000,16000,4,1,,,-0.28480086601942045,-0.3028265597924607,-0.2678662461896751,0.23675931065018194,0.5215601766696024
hallucination,e1,context_end,5000,16000,4,2,,,-0.2846895642334609,-0.29981667833997516,-0.2684105671308558,0.23675931065018194,0.5214488748836429
hallucination,e1,context_end,full,250,0,1,,,-0.22542573523012122,-0.3660848502590181,-0.08818323757401222,0.24526313047778459,0.4706888657079058
hallucination,e1,context_end,full,250,0,2,,,-0.4252511653587825,-0.5115730234694098,-0.28271316083215814,0.12838766045729563,0.5536388258160782
hallucination,e1,context_end,full,250,1,0,,,-0.3589505214981389,-0.4622171732560593,-0.2391411294072902,0.14245585458330146,0.5014063760814403
hallucination,e1,context_end,full,250,1,1,,,-0.4420818771160105,-0.5220945143010168,-0.28142433145409973,0.06744460188719444,0.5095264790032049
hallucination,e1,context_end,full,250,1,2,,,-0.2874977895862705,-0.4092746558229636,-0.14382151559831816,0.2267874270967882,0.5142852166830587
hallucination,e1,context_end,full,250,2,0,,,-0.32765321903451394,-0.4422791390421963,-0.20753491102859598,0.12057963256388225,0.4482328515983962
hallucination,e1,context_end,full,250,2,1,,,-0.34262842356578393,-0.4769697079580867,-0.1989720341375763,0.16927503711112143,0.5119034606769054
hallucination,e1,context_end,full,250,2,2,,,-0.43337430293861695,-0.5257320867646205,-0.2679894384641246,0.07305203093745509,0.506426333876072
hallucination,e1,context_end,full,250,3,0,,,-0.32570750236467844,-0.445600048140907,-0.1783945844232253,0.11623441902239834,0.4419419213870768
hallucination,e1,context_end,full,250,3,1,,,-0.30661508644597735,-0.44542780419258104,-0.13825679285106807,0.14749529455492455,0.4541103810009019
hallucination,e1,context_end,full,250,3,2,,,-0.25668727971697913,-0.36645168645432047,-0.12458226537376967,0.18958442591686167,0.4462717056338408
hallucination,e1,context_end,full,250,4,0,,,-0.2764377984916109,-0.38642018763531194,-0.1405868817216977,0.18121646400471894,0.45765426249632984
hallucination,e1,context_end,full,250,4,1,,,-0.3713861710960347,-0.48948106931557,-0.23418454129018512,0.12220226587270165,0.4935884369687364
hallucination,e1,context_end,full,250,4,2,,,-0.4030373017656705,-0.5071272076671329,-0.24902057786827464,0.06136473002899841,0.4644020317946689
hallucination,e1,context_end,full,2500,0,1,,,-0.37808175316675213,-0.4188545998012857,-0.3364608888385014,0.13729513593155201,0.5153768890983041
hallucination,e1,context_end,full,2500,0,2,,,-0.3466691472989189,-0.38959562369649076,-0.30286978635845513,0.15282633084317576,0.49949547814209466
hallucination,e1,context_end,full,2500,1,0,,,-0.36488948235720775,-0.40463780909189584,-0.32706467745556617,0.15460148364223278,0.5194909659994406
hallucination,e1,context_end,full,2500,1,1,,,-0.33867985704881154,-0.3796332572859342,-0.2978407846972082,0.1674820442579167,0.5061619013067282
hallucination,e1,context_end,full,2500,1,2,,,-0.3738607291476085,-0.4173692584762877,-0.32925159751234384,0.15466461381331587,0.5285253429609243
hallucination,e1,context_end,full,2500,2,0,,,-0.41341506857594235,-0.4583609577903765,-0.36975493029612627,0.1425103111106415,0.5559253796865838
hallucination,e1,context_end,full,2500,2,1,,,-0.35032520747396106,-0.39136344623996233,-0.30528817676967523,0.1752360461303028,0.5255612536042639
hallucination,e1,context_end,full,2500,2,2,,,-0.4051564331518598,-0.4521296657933376,-0.3675473679037825,0.12083015798418427,0.5259865911360441
hallucination,e1,context_end,full,2500,3,0,,,-0.3700079199900478,-0.41040775872046353,-0.32653367767893365,0.13840792023816503,0.5084158402282128
hallucination,e1,context_end,full,2500,3,1,,,-0.3607022132812374,-0.4034318780612225,-0.31662711767299295,0.1509054201602772,0.5116076334415146
hallucination,e1,context_end,full,2500,3,2,,,-0.3769017462161371,-0.4174939911063099,-0.33296668063662804,0.13121108895879757,0.5081128351749347
hallucination,e1,context_end,full,2500,4,0,,,-0.39752914211150736,-0.44165003193512375,-0.35374640941802005,0.11996819090143761,0.517497333012945
hallucination,e1,context_end,full,2500,4,1,,,-0.37597963461569417,-0.42503632274794356,-0.3362765299198014,0.1513407408903942,0.5273203755060883
hallucination,e1,context_end,full,2500,4,2,,,-0.378736337735406,-0.4193964234599132,-0.33662282682119665,0.15586672984397404,0.53460306757938
hallucination,e1,context_end,full,16000,0,1,,,-0.3754153733392802,-0.39458515348030715,-0.3583210460979401,0.14540151973961546,0.5208168930788957
hallucination,e1,context_end,full,16000,0,2,,,-0.3755193323478677,-0.3908261930312754,-0.3595416213829598,0.14540151973961546,0.5209208520874832
hallucination,e1,context_end,full,16000,1,0,,,-0.37549151123198676,-0.39364500111346856,-0.3582303531899072,0.14540151973961546,0.5208930309716022
hallucination,e1,context_end,full,16000,1,1,,,-0.37537750787001023,-0.39146795452717487,-0.35894228639028447,0.14540151973961546,0.5207790276096257
hallucination,e1,context_end,full,16000,1,2,,,-0.37543047149202,-0.3930971131408264,-0.3575618604448813,0.14540151973961546,0.5208319912316355
hallucination,e1,context_end,full,16000,2,0,,,-0.3752739867987296,-0.3914787747264584,-0.3573236402517916,0.14540151973961546,0.520675506538345
hallucination,e1,context_end,full,16000,2,1,,,-0.37520608698481395,-0.39183263987689987,-0.3576827443662159,0.14540151973961546,0.5206076067244294
hallucination,e1,context_end,full,16000,2,2,,,-0.3755748065984972,-0.3921074235156685,-0.35926872129896414,0.14540151973961546,0.5209763263381126
hallucination,e1,context_end,full,16000,3,0,,,-0.3750453384399749,-0.3924579995010781,-0.35855689540461055,0.14540151973961546,0.5204468581795904
hallucination,e1,context_end,full,16000,3,1,,,-0.37567795976711005,-0.3915752729156233,-0.36039530078288756,0.14540151973961546,0.5210794795067255
hallucination,e1,context_end,full,16000,3,2,,,-0.37513471288102884,-0.3925889821531417,-0.3593808895086261,0.14540151973961546,0.5205362326206443
hallucination,e1,context_end,full,16000,4,0,,,-0.3750070120301301,-0.39151665102822,-0.3575079578954848,0.14540151973961546,0.5204085317697456
hallucination,e1,context_end,full,16000,4,1,,,-0.3751925931081178,-0.39252627775785565,-0.3582990495825267,0.14540151973961546,0.5205941128477333
hallucination,e1,context_end,full,16000,4,2,,,-0.3751791562295882,-0.3922521138853146,-0.3597225430567262,0.14540151973961546,0.5205806759692037
hallucination,e1,prefix_end,250,250,0,0,,,0.06140509644362855,0.01379418822715903,0.21728270034506436,0.1222540948905921,0.060848998446963544
hallucination,e1,prefix_end,250,250,0,1,,,0.06591248927615556,0.017897270672645526,0.26761505201567426,0.06192950920374402,-0.003982980072411541
hallucination,e1,prefix_end,250,250,0,2,,,0.05729022718037417,0.02487620391624553,0.17632402952538584,0.15311907191087884,0.09582884473050467
hallucination,e1,prefix_end,250,250,1,0,,,0.084165190902051,0.036691413058950725,0.26288747273486185,0.07767052851554411,-0.0064946623865069
hallucination,e1,prefix_end,250,250,1,1,,,0.06872481450319377,-0.00901239423377243,0.17833373093480603,0.15086249386105335,0.08213767935785958
hallucination,e1,prefix_end,250,250,1,2,,,0.03874663431930789,-0.02602218739531314,0.1360403256000381,0.1662854303673488,0.12753879604804091
hallucination,e1,prefix_end,250,250,2,0,,,0.18506229142914704,0.09435610956397936,0.3085596124106307,0.13624777930004822,-0.04881451212909883
hallucination,e1,prefix_end,250,250,2,1,,,0.11798531070547905,0.05911460609185161,0.2831267240288076,0.07510120337587707,-0.04288410732960197
hallucination,e1,prefix_end,250,250,2,2,,,0.11496005106935799,0.04736439694115954,0.3011465752422816,0.08258687982212669,-0.0323731712472313
hallucination,e1,prefix_end,250,250,3,0,,,0.13763296213858123,0.04515268726922904,0.3478334273001072,0.03861811731173176,-0.09901484482684948
hallucination,e1,prefix_end,250,250,3,1,,,0.08471547201454654,-0.0068656337794500595,0.20884711993109661,0.13069783857305262,0.04598236655850607
hallucination,e1,prefix_end,250,250,3,2,,,0.09434610655858591,0.05045967887090398,0.21675085066115454,0.10171856469468626,0.007372458136100349
hallucination,e1,prefix_end,250,250,4,0,,,0.034886645889514026,-0.04319069524328899,0.17735164069977793,0.12253498275117322,0.0876483368616592
hallucination,e1,prefix_end,250,250,4,1,,,0.03565765129376679,-0.006058347928347772,0.17965280680335932,0.10721989759921703,0.07156224630545024
hallucination,e1,prefix_end,250,250,4,2,,,0.10077987510168022,0.02700369776157118,0.23199752763311615,0.11649371327869906,0.015713838177018834
hallucination,e1,prefix_end,250,2500,0,0,,,0.009009231554540628,-0.027151318530050178,0.05222104770133612,0.06811239132537714,0.05910315977083651
hallucination,e1,prefix_end,250,2500,0,1,,,0.00019465892649889877,-0.0311891103870405,0.05379033522350053,0.040637705698152504,0.040443046771653605
hallucination,e1,prefix_end,250,2500,0,2,,,0.025024186103780738,-0.0049016573494017664,0.06632227412232365,0.03731763648520599,0.012293450381425252
hallucination,e1,prefix_end,250,2500,1,0,,,0.0012490316247908834,-0.015935667249001986,0.029544568828605556,0.07461971611128762,0.07337068448649674
hallucination,e1,prefix_end,250,2500,1,1,,,0.022324531882369186,-0.008290633850130553,0.050949898374871815,0.07055734564442086,0.04823281376205167
hallucination,e1,prefix_end,250,2500,1,2,,,0.048111178780931935,0.018852329209864162,0.10067050364424951,0.07295746715090161,0.02484628836996967
hallucination,e1,prefix_end,250,2500,2,0,,,-0.0001221073791062427,-0.020039758335012422,0.03598937237932716,0.06797148737309196,0.0680935947521982
hallucination,e1,prefix_end,250,2500,2,1,,,0.020634386422240573,0.0046431102936882575,0.039927682810227294,0.07975877588978485,0.059124389467544274
hallucination,e1,prefix_end,250,2500,2,2,,,0.0025584096140712637,-0.010760836878384712,0.026010711481243152,0.06849320020928155,0.06593479059521029
hallucination,e1,prefix_end,250,2500,3,0,,,0.02633693141048159,0.003586750045255192,0.07340913849179513,0.04318990331875356,0.01685297190827197
hallucination,e1,prefix_end,250,2500,3,1,,,0.042677425851444635,0.010998806569046695,0.07786371740201417,0.07712060856477489,0.03444318271333025
hallucination,e1,prefix_end,250,2500,3,2,,,0.03694389172700319,0.0050694680714607355,0.0707858047443576,0.0691334764237107,0.03218958469670751
hallucination,e1,prefix_end,250,2500,4,0,,,0.035279005203147674,0.01732700200718956,0.07788493070556016,0.04632863230045984,0.011049627097312165
hallucination,e1,prefix_end,250,2500,4,1,,,0.009246536814828947,-0.015485540236697456,0.04933440628787375,0.04674736249018211,0.037500825675353164
hallucination,e1,prefix_end,250,2500,4,2,,,0.027787835700438003,-0.006365806686497559,0.05841265860065027,0.05235529640665241,0.024567460706214406
hallucination,e1,prefix_end,250,16000,0,0,,,-0.007877838946174963,-0.015065221549467805,0.005513218693906036,0.04403718511581972,0.051915024061994684
hallucination,e1,prefix_end,250,16000,0,1,,,-0.007234571482555345,-0.01417044677591279,0.008363786359558442,0.04403718511581972,0.051271756598375066
hallucination,e1,prefix_end,250,16000,0,2,,,-0.010497478856948732,-0.01640898676266843,0.0038244782508568206,0.04403718511581972,0.05453466397276845
hallucination,e1,prefix_end,250,16000,1,0,,,-0.0016744538613610166,-0.008102872860726447,0.013357620792634528,0.04403718511581972,0.04571163897718074
hallucination,e1,prefix_end,250,16000,1,1,,,-0.005004918755734986,-0.012631631457041534,0.009957522317786108,0.04403718511581972,0.04904210387155471
hallucination,e1,prefix_end,250,16000,1,2,,,-0.007883504711272832,-0.014877261167600218,0.00676797293668817,0.04403718511581972,0.05192068982709255
hallucination,e1,prefix_end,250,16000,2,0,,,-0.006960336570748529,-0.01325402617349205,0.006818435317275907,0.04403718511581972,0.05099752168656825
hallucination,e1,prefix_end,250,16000,2,1,,,0.0005401936595322981,-0.006965854790601207,0.014938988713889332,0.04403718511581972,0.04349699145628742
hallucination,e1,prefix_end,250,16000,2,2,,,-0.004413657302527588,-0.011972699659029291,0.00964565756849257,0.04403718511581972,0.04845084241834731
hallucination,e1,prefix_end,250,16000,3,0,,,-0.005464106935557607,-0.012331373615728251,0.010222651216151683,0.04403718511581972,0.04950129205137733
hallucination,e1,prefix_end,250,16000,3,1,,,-0.0065146231018747836,-0.013026413436146531,0.005333694438056378,0.04403718511581972,0.050551808217694505
hallucination,e1,prefix_end,250,16000,3,2,,,-0.00474719369243104,-0.01131643218257501,0.007582441721124471,0.04403718511581972,0.04878437880825076
hallucination,e1,prefix_end,250,16000,4,0,,,-0.009885245980214459,-0.016064539767818888,0.0042593307804401044,0.04403718511581972,0.05392243109603418
hallucination,e1,prefix_end,250,16000,4,1,,,-0.004503454312118224,-0.010530143197780164,0.008590311324607275,0.04403718511581972,0.048540639427937946
hallucination,e1,prefix_end,250,16000,4,2,,,-0.0036000312795078093,-0.009293397246907299,0.010651872035683838,0.04403718511581972,0.04763721639532753
hallucination,e1,prefix_end,5000,250,0,0,,,0.025282490260460866,-0.016428654117435555,0.181093927092047,0.08624688296750185,0.06096439270704099
hallucination,e1,prefix_end,5000,250,0,1,,,0.06722673665281287,0.028823397975611648,0.27423295618274496,0.06477365004362715,-0.002453086609185718
hallucination,e1,prefix_end,5000,250,0,2,,,0.03709544988679256,-0.001686184065963663,0.1733136805912539,0.1284657549849333,0.09137030509814073
hallucination,e1,prefix_end,5000,250,1,0,,,0.09548667819403599,0.046015222249908984,0.26612356162176937,0.09083195147487148,-0.004654726719164507
hallucination,e1,prefix_end,5000,250,1,1,,,0.0729716988962079,0.005765124011278698,0.18767515326055312,0.14604122359360652,0.07306952469739862
hallucination,e1,prefix_end,5000,250,1,2,,,0.03386520841514082,-0.03691468127783992,0.11461683707502078,0.1611042419847677,0.12723903356962687
hallucination,e1,prefix_end,5000,250,2,0,,,0.13697240029192306,0.06855798399386308,0.3264744592450322,0.117186504151472,-0.019785896140451068
hallucination,e1,prefix_end,5000,250,2,1,,,0.11007644756069475,0.027445313596738324,0.2833479943481706,0.06749416674260869,-0.04258228081808606
hallucination,e1,prefix_end,5000,250,2,2,,,0.11353663542227757,0.016709397097282204,0.3085325972339703,0.08217002143594346,-0.03136661398633411
hallucination,e1,prefix_end,5000,250,3,0,,,0.1459716194501432,0.048458286823418455,0.35372649085783026,0.046600790713567646,-0.09937082873657554
hallucination,e1,prefix_end,5000,250,3,1,,,0.09742243955485745,-0.009947666404746272,0.2211738619189543,0.14741227069915563,0.04998983114429818
hallucination,e1,prefix_end,5000,250,3,2,,,0.11130114683950487,0.0564290720288631,0.21836712828743798,0.11732884918268895,0.006027702343184076
hallucination,e1,prefix_end,5000,250,4,0,,,-0.002222922154539217,-0.08105691045983325,0.1703379993193039,0.0895390137997414,0.09176193595428062
hallucination,e1,prefix_end,5000,250,4,1,,,0.06020696946775958,-0.00018182496352911194,0.1802880874831716,0.12918166634732547,0.0689746968795659
hallucination,e1,prefix_end,5000,250,4,2,,,0.09802229680734839,0.030370680097542672,0.2293230317072021,0.11381263473234175,0.015790337924993368
hallucination,e1,prefix_end,5000,2500,0,0,,,0.027973879517512554,0.0021536883622172826,0.061302963828262315,0.08713111454288842,0.05915723502537587
hallucination,e1,prefix_end,5000,2500,0,1,,,0.022981527198815917,0.003966202703172288,0.0695799023720834,0.06460698743672426,0.04162546023790834
hallucination,e1,prefix_end,5000,2500,0,2,,,0.033031805881593046,0.008801473780031616,0.07486544684402527,0.04619380988891013,0.01316200400731708
hallucination,e1,prefix_end,5000,2500,1,0,,,-0.02017604023384944,-0.04146481054230341,0.01699403107093434,0.05129953604628119,0.07147557628013063
hallucination,e1,prefix_end,5000,2500,1,1,,,0.03151798473517951,0.004660996756542763,0.061240415597780255,0.08202865614501809,0.05051067140983857
hallucination,e1,prefix_end,5000,2500,1,2,,,0.03198580029790264,2.461322213022398e-05,0.08461142230725109,0.056229494574733606,0.024243694276830964
hallucination,e1,prefix_end,5000,2500,2,0,,,0.012136741866070708,-0.018788001621767914,0.04283936066799297,0.07996420777607706,0.06782746591000635
hallucination,e1,prefix_end,5000,2500,2,1,,,0.03214149020463762,0.0017105546785498122,0.06208875192872965,0.09134318564758316,0.05920169544294554
hallucination,e1,prefix_end,5000,2500,2,2,,,0.03330739738317268,0.006578435593949473,0.060962412489712986,0.098419635473385,0.06511223809021233
hallucination,e1,prefix_end,5000,2500,3,0,,,0.02305854081800378,-0.005710759372962942,0.08019388776002227,0.03865388778309536,0.015595346965091576
hallucination,e1,prefix_end,5000,2500,3,1,,,0.03442587822149942,0.008648108915255357,0.07263501882899301,0.06953447134921564,0.03510859312771622
hallucination,e1,prefix_end,5000,2500,3,2,,,0.02593096954311446,-0.004826408229338108,0.06172920509105072,0.0584144482069099,0.03248347866379544
hallucination,e1,prefix_end,5000,2500,4,0,,,0.043318725134601076,0.01861643794918138,0.08898943621820952,0.052778802245928166,0.00946007711132709
hallucination,e1,prefix_end,5000,2500,4,1,,,0.01913187463898998,-0.015372539112349008,0.05381440491395463,0.05730556667948405,0.03817369204049407
hallucination,e1,prefix_end,5000,2500,4,2,,,0.049386935752674235,0.01163968497919775,0.0835395009911329,0.07355141726975621,0.02416448151708198
hallucination,e1,prefix_end,5000,16000,0,0,,,-0.0015803299679235938,-0.011461529118300447,0.016667201850224724,0.05003454662166696,0.051614876589590554
hallucination,e1,prefix_end,5000,16000,0,1,,,-0.0013083726034719897,-0.009841869064480977,0.019072579369318526,0.05003454662166696,0.05134291922513895
hallucination,e1,prefix_end,5000,16000,0,2,,,-0.0046278598746947175,-0.012969279046606457,0.013567816456841684,0.05003454662166696,0.05466240649636168
hallucination,e1,prefix_end,5000,16000,1,0,,,0.004341102311475185,-0.007402936548079406,0.02297601202335082,0.05003454662166696,0.045693444310191775
hallucination,e1,prefix_end,5000,16000,1,1,,,0.0009633336345243881,-0.008711823565449755,0.01907139337267684,0.05003454662166696,0.04907121298714257
hallucination,e1,prefix_end,5000,16000,1,2,,,-0.002329148144356745,-0.011182121614228437,0.01821961830082235,0.05003454662166696,0.052363694766023705
hallucination,e1,prefix_end,5000,16000,2,0,,,-0.001112868964188142,-0.010710211858626747,0.01684355126373298,0.05003454662166696,0.0511474155858551
hallucination,e1,prefix_end,5000,16000,2,1,,,0.006208801367394795,-0.003046280478355752,0.024130734110798652,0.05003454662166696,0.043825745254272165
hallucination,e1,prefix_end,5000,16000,2,2,,,0.0001350103798668234,-0.008879121556611134,0.018737916860903214,0.05003454662166696,0.04989953624180014
hallucination,e1,prefix_end,5000,16000,3,0,,,0.0007299645928506571,-0.008021098348595584,0.018920888005472872,0.05003454662166696,0.0493045820288163
hallucination,e1,prefix_end,5000,16000,3,1,,,-0.00018628774271146203,-0.008780987601667165,0.017706666543966545,0.05003454662166696,0.05022083436437842
hallucination,e1,prefix_end,5000,16000,3,2,,,0.0015584567300347893,-0.008337561901961289,0.018785065958291953,0.05003454662166696,0.04847608989163217
hallucination,e1,prefix_end,5000,16000,4,0,,,-0.00370933791029697,-0.012659837087665281,0.013702414337825174,0.05003454662166696,0.05374388453196393
hallucination,e1,prefix_end,5000,16000,4,1,,,0.0016903326410402722,-0.007309056370308706,0.018208891920299074,0.05003454662166696,0.04834421398062669
hallucination,e1,prefix_end,5000,16000,4,2,,,0.0023463211483771493,-0.007773822880012581,0.01861766191657913,0.05003454662166696,0.04768822547328981
hallucination,e1,prefix_end,full,250,0,0,,,0.06265397106143683,-0.03706554101751599,0.21845241472077212,0.1239454587763665,0.06129148771492967
hallucination,e1,prefix_end,full,250,0,1,,,0.05743225999350765,0.027675192586367005,0.2627124591500084,0.05547657969116432,-0.001955680302343331
hallucination,e1,prefix_end,full,250,0,2,,,0.04172326038465289,0.010425528529273394,0.17978652682013962,0.1310809291735301,0.0893576687888772
hallucination,e1,prefix_end,full,250,1,0,,,0.09034846794642107,0.042166672676674365,0.24751689849892763,0.0857914865404598,-0.004556981405961271
hallucination,e1,prefix_end,full,250,1,1,,,0.05439772007584302,-0.014011145578977972,0.16495589503304517,0.12801316941906737,0.07361544934322435
hallucination,e1,prefix_end,full,250,1,2,,,-0.031901712754941566,-0.10739027085073403,0.08505704149664362,0.09448978467514978,0.12639149743009134
hallucination,e1,prefix_end,full,250,2,0,,,0.12974249659809906,0.06661068894480407,0.3076993646012858,0.11018476361442787,-0.01955773298367117
hallucination,e1,prefix_end,full,250,2,1,,,0.09555768273343374,0.029956595464538327,0.27585069613489327,0.052038911878310876,-0.04351877085512285
hallucination,e1,prefix_end,full,250,2,2,,,0.06866180767044508,0.0026554692319719743,0.2914143431008314,0.03687162085535236,-0.03179018681509273
hallucination,e1,prefix_end,full,250,3,0,,,0.17811653665208263,0.049948665617915756,0.3617393731774853,0.07911393472914621,-0.09900260192293642
hallucination,e1,prefix_end,full,250,3,1,,,0.10582789736802833,0.017339965593024663,0.21808665395815327,0.1584823298857127,0.05265443251768437
hallucination,e1,prefix_end,full,250,3,2,,,0.09585121106129242,0.037084893921445025,0.20368099685608754,0.1028110809175902,0.006959869856297774
hallucination,e1,prefix_end,full,250,4,0,,,0.015490752452181678,-0.05401120425221206,0.14936675716959086,0.10518899187195578,0.0896982394197741
hallucination,e1,prefix_end,full,250,4,1,,,0.060448855599583365,0.0012976144134547963,0.16489559024316425,0.12866096049961379,0.06821210490003042
hallucination,e1,prefix_end,full,250,4,2,,,0.07697209329742676,0.028245844832433614,0.22210349129944007,0.09338978073276247,0.01641768743533571
hallucination,e1,prefix_end,full,2500,0,0,,,0.010278966972372378,-0.01735850816341785,0.04229434478423502,0.06925750997373468,0.05897854300136231
hallucination,e1,prefix_end,full,2500,0,1,,,0.017787705689083694,-0.009793499920000455,0.04884878327979131,0.059514354604747646,0.04172664891566395
hallucination,e1,prefix_end,full,2500,0,2,,,0.023145753431395553,-0.006114486959036121,0.06484103989291504,0.0360551140892382,0.012909360657842647
hallucination,e1,prefix_end,full,2500,1,0,,,-0.021039499591801757,-0.04345286403948237,0.009085471082413856,0.05209780657841754,0.0731373061702193
hallucination,e1,prefix_end,full,2500,1,1,,,0.008849943217528293,-0.01067976592673698,0.04627662230873544,0.05961658623946889,0.050766643021940595
hallucination,e1,prefix_end,full,2500,1,2,,,0.02106498030184666,-0.005726720903534071,0.0759961975258671,0.04480687316336903,0.02374189286152237
hallucination,e1,prefix_end,full,2500,2,0,,,-0.006998982827007491,-0.033290098203086746,0.022548600711072512,0.06084225251551964,0.06784123534252713
hallucination,e1,prefix_end,full,2500,2,1,,,0.014129374984967372,-0.006867179960652872,0.03475324747085278,0.07282484393748616,0.05869546895251879
hallucination,e1,prefix_end,full,2500,2,2,,,0.002395241817749416,-0.014485432294368791,0.0397692786968485,0.06748690614296349,0.06509166432521407
hallucination,e1,prefix_end,full,2500,3,0,,,0.018810547945231668,-0.013255915594515204,0.07383076516027587,0.034298094177460686,0.015487546232229019
hallucination,e1,prefix_end,full,2500,3,1,,,0.03505414904023096,0.0007745264068220508,0.07156167941895092,0.0703726856283618,0.03531853658813084
hallucination,e1,prefix_end,full,2500,3,2,,,0.01212381524785519,-0.014335214133104927,0.04871222816798292,0.044716738049172616,0.032592922801317425
hallucination,e1,prefix_end,full,2500,4,0,,,0.03957746933637747,0.007340648170460619,0.07317484614464459,0.048902372678464,0.009324903342086525
hallucination,e1,prefix_end,full,2500,4,1,,,-0.004470916400467741,-0.0310047244693566,0.03800793222906964,0.03319171308187079,0.03766262948233853
hallucination,e1,prefix_end,full,2500,4,2,,,0.028898996999574506,0.0003892416066334422,0.0708825177999084,0.052196776995281864,0.023297779995707358
hallucination,e1,prefix_end,full,16000,0,0,,,-0.005688292513147196,-0.01716224714942776,0.005155223922493515,0.04599690201264301,0.05168519452579021
hallucination,e1,prefix_end,full,16000,0,1,,,-0.005388854145116348,-0.016275576532642465,0.006983145945874777,0.04599690201264301,0.05138575615775936
hallucination,e1,prefix_end,full,16000,0,2,,,-0.008577691459585923,-0.018573145683239724,0.003266436670828925,0.04599690201264301,0.054574593472228934
hallucination,e1,prefix_end,full,16000,1,0,,,0.00013303672504051678,-0.012423201204872433,0.01107655475607956,0.04599690201264301,0.045863865287602494
hallucination,e1,prefix_end,full,16000,1,1,,,-0.003214689446582715,-0.015075881597397457,0.007981213274627225,0.04599690201264301,0.049211591459225726
hallucination,e1,prefix_end,full,16000,1,2,,,-0.006431046776849941,-0.016467487412458584,0.004520556732566167,0.04599690201264301,0.05242794878949295
hallucination,e1,prefix_end,full,16000,2,0,,,-0.00505190823179931,-0.015528163840546245,0.006002452119352257,0.04599690201264301,0.05104881024444232
hallucination,e1,prefix_end,full,16000,2,1,,,0.0020413200350100358,-0.00906182197975106,0.014612744865790924,0.04599690201264301,0.043955581977632975
hallucination,e1,prefix_end,full,16000,2,2,,,-0.003635442391979847,-0.01404176367777245,0.008057809971996361,0.04599690201264301,0.04963234440462286
hallucination,e1,prefix_end,full,16000,3,0,,,-0.003885012628878602,-0.01578893264620451,0.008923932622203791,0.04599690201264301,0.04988191464152161
hallucination,e1,prefix_end,full,16000,3,1,,,-0.004346825813693826,-0.01724754386612929,0.007520769517080772,0.04599690201264301,0.05034372782633684
hallucination,e1,prefix_end,full,16000,3,2,,,-0.0023058596643495757,-0.014852462747364716,0.009006818106153834,0.04599690201264301,0.04830276167699259
hallucination,e1,prefix_end,full,16000,4,0,,,-0.007884724238422847,-0.02067314695747801,0.0020040409187041305,0.04599690201264301,0.05388162625106586
hallucination,e1,prefix_end,full,16000,4,1,,,-0.0025942550656725474,-0.01362888476539569,0.00827686107218571,0.04599690201264301,0.04859115707831556
hallucination,e1,prefix_end,full,16000,4,2,,,-0.0015879303098454145,-0.013957318176905716,0.009566426445913885,0.04599690201264301,0.047584832322488425
sycophancy,e1,context_end,full,250,0,0,,,-0.04568274312139886,-0.16328802822573446,0.14438766673035558,0.24935865127891788,0.29504139440031674
sycophancy,e2,context_end,full,250,0,0,,,0.16453924985641244,0.013684321265739038,0.31936355291896257,0.4595806442567292,0.29504139440031674
sycophancy,e2p,context_end,full,250,0,0,,,0.18431620232293117,0.09643138644244069,0.30670925296325646,0.4793575967232479,0.29504139440031674
sycophancy,e1,context_end,full,2500,0,0,,,-0.07657754885057266,-0.11338586587426372,-0.03592945091991803,0.379486522081396,0.45606407093196866
sycophancy,e2,context_end,full,2500,0,0,,,-0.026300145550945953,-0.06923499985648184,0.014843902345507613,0.4297639253810227,0.45606407093196866
sycophancy,e2p,context_end,full,2500,0,0,,,0.02276215310278168,0.0002867662190581814,0.05721982495495366,0.47882622403475034,0.45606407093196866
sycophancy,e1,context_end,full,16000,0,0,,,-0.06344082465004225,-0.07865751375058437,-0.05004675595335912,0.3593140076559399,0.42275483230598215
sycophancy,e2,context_end,full,16000,0,0,,,-0.012202893221721911,-0.025494606859621613,0.008436602196182518,0.41055193908426024,0.42275483230598215
sycophancy,e2p,context_end,full,16000,0,0,,,0.05042239226382955,0.039481385068928135,0.06481568875565706,0.4731772245698117,0.42275483230598215
sycophancy,e1,context_end,250,250,0,0,,,-0.05910071860349109,-0.17115101726357282,0.13604330570263862,0.2043102306154544,0.2634109492189455
sycophancy,e2,context_end,250,250,0,0,,,0.05678357823776847,-0.07178263913364534,0.23288343129766192,0.32019452745671395,0.2634109492189455
sycophancy,e2p,context_end,250,250,0,0,,,0.15802735928127842,0.05977728454979951,0.29868122365601385,0.4214383085002239,0.2634109492189455
sycophancy,e1,context_end,250,250,0,1,,,-0.12352881639917923,-0.22971654065737476,-0.030723797568928145,0.3649095021270296,0.48843831852620884
sycophancy,e2,context_end,250,250,0,1,,,-0.09090797763683034,-0.1865041776727725,0.01916962913206867,0.3975303408893785,0.48843831852620884
sycophancy,e2p,context_end,250,250,0,1,,,-0.07175409112733622,-0.1480721122763265,0.04126414768820669,0.4166842273988726,0.48843831852620884
sycophancy,e1,context_end,250,250,0,2,,,-0.10182824369477506,-0.2226464145894193,0.0169375492307554,0.37708509170049753,0.4789133353952726
sycophancy,e2,context_end,250,250,0,2,,,-0.026527230853128192,-0.1663189566057175,0.08004944985895672,0.4523861045421444,0.4789133353952726
sycophancy,e2p,context_end,250,250,0,2,,,-0.04608683343992054,-0.1367782759155957,0.0723703431281271,0.43282650195535205,0.4789133353952726
sycophancy,e1,context_end,250,250,1,0,,,0.052181757986209554,-0.06545712887889484,0.1883479331259701,0.3829352363660418,0.33075347837983227
sycophancy,e2,context_end,250,250,1,0,,,0.021350854159836508,-0.08386979437163275,0.16792969052246945,0.3521043325396688,0.33075347837983227
sycophancy,e2p,context_end,250,250,1,0,,,0.06293823411311478,-0.022827750640760362,0.18665122088406202,0.39369171249294704,0.33075347837983227
sycophancy,e1,context_end,250,250,1,1,,,0.04870213451315314,-0.04202086013004123,0.16079259143722155,0.44699199347691576,0.3982898589637626
sycophancy,e2,context_end,250,250,1,1,,,0.03360535265604375,-0.07627131808547874,0.14706890993804247,0.4318952116198064,0.3982898589637626
sycophancy,e2p,context_end,250,250,1,1,,,0.05343522324900252,-0.037157588392245255,0.15086736582839413,0.45172508221276514,0.3982898589637626
sycophancy,e1,context_end,250,250,1,2,,,0.03211610283997923,-0.1034202616539019,0.14943860498202596,0.40542369697627634,0.3733075941362971
sycophancy,e2,context_end,250,250,1,2,,,0.004856684442623382,-0.10103365410536326,0.15591108220054417,0.3781642785789205,0.3733075941362971
sycophancy,e2p,context_end,250,250,1,2,,,0.0024202771910020737,-0.07949623908903215,0.14953507677123254,0.3757278713272992,0.3733075941362971
sycophancy,e1,context_end,250,250,2,0,,,-0.028325747876589646,-0.13462496802069368,0.06458493626003282,0.4062139023566877,0.43453965023327734
sycophancy,e2,context_end,250,250,2,0,,,0.044447962777111605,-0.07548548474522974,0.12792285363712275,0.47898761301038895,0.43453965023327734
sycophancy,e2p,context_end,250,250,2,0,,,-0.02637562553484729,-0.09982178151359405,0.06968401718342745,0.40816402469843005,0.43453965023327734
sycophancy,e1,context_end,250,250,2,1,,,-0.099294217807335,-0.2103618876569342,0.03191081356192642,0.2731722327752899,0.3724664505826249
sycophancy,e2,context_end,250,250,2,1,,,-0.0016249779139295706,-0.12237497755558069,0.1300325471283184,0.3708414726686953,0.3724664505826249
sycophancy,e2p,context_end,250,250,2,1,,,0.011531580855871693,-0.08808172031824554,0.12834161202792546,0.3839980314384966,0.3724664505826249
sycophancy,e1,context_end,250,250,2,2,,,-0.03647103048295369,-0.12762522586147143,0.07070176402581048,0.45939985924951954,0.49587088973247323
sycophancy,e2,context_end,250,250,2,2,,,-0.07918899197150758,-0.18283693771615553,0.06257537025407138,0.41668189776096565,0.49587088973247323
sycophancy,e2p,context_end,250,250,2,2,,,-0.05007262423420278,-0.11117661558263285,0.07485459095910613,0.44579826549827045,0.49587088973247323
sycophancy,e1,context_end,250,250,3,0,,,-0.029714519742421897,-0.12377869489229434,0.09371194269509035,0.40804596413757344,0.43776048387999533
sycophancy,e2,context_end,250,250,3,0,,,0.031263119173715326,-0.08930350381698772,0.145470821106307,0.46902360305371066,0.43776048387999533
sycophancy,e2p,context_end,250,250,3,0,,,-0.000802721431399589,-0.09309595726435951,0.12025479394587209,0.43695776244859574,0.43776048387999533
sycophancy,e1,context_end,250,250,3,1,,,-0.0011732608289262147,-0.14065523598007937,0.09647612529780908,0.34122796780824977,0.342401228637176
sycophancy,e2,context_end,250,250,3,1,,,0.037757561902213355,-0.14440954381042748,0.12499556555577825,0.38015879053938934,0.342401228637176
sycophancy,e2p,context_end,250,250,3,1,,,0.0575608524095777,-0.06309702520413794,0.13792449571542661,0.3999620810467537,0.342401228637176
sycophancy,e1,context_end,250,250,3,2,,,-0.16744902893812214,-0.2725790086360872,-0.056433010973058764,0.31844751690987017,0.4858965458479923
sycophancy,e2,context_end,250,250,3,2,,,-0.0734859973961538,-0.18690026248412822,0.03470085826229546,0.4124105484518385,0.4858965458479923
sycophancy,e2p,context_end,250,250,3,2,,,0.0018100396738717217,-0.09942094744505343,0.10903390640073586,0.487706585521864,0.4858965458479923
sycophancy,e1,context_end,250,250,4,0,,,-0.1294429119604219,-0.21549451181256957,0.003740075494357677,0.29171851220255146,0.42116142416297336
sycophancy,e2,context_end,250,250,4,0,,,-0.12607014832212438,-0.213337059066332,0.018109366764782996,0.295091275840849,0.42116142416297336
sycophancy,e2p,context_end,250,250,4,0,,,-0.046699006480794225,-0.10695325383497457,0.06544717606866027,0.37446241768217914,0.42116142416297336
sycophancy,e1,context_end,250,250,4,1,,,-0.07885112845133124,-0.20029565764075216,0.023795887447490165,0.3792945617049055,0.45814569015623674
sycophancy,e2,context_end,250,250,4,1,,,-0.10066378546792576,-0.22389148776619755,-3.7091575816795234e-05,0.357481904688311,0.45814569015623674
sycophancy,e2p,context_end,250,250,4,1,,,-0.0423501019094486,-0.13747066576338718,0.032348757277829335,0.41579558824678814,0.45814569015623674
sycophancy,e1,context_end,250,250,4,2,,,-0.09258406967161686,-0.19099407819582617,0.03128932413241383,0.41324086656650877,0.5058249362381256
sycophancy,e2,context_end,250,250,4,2,,,-0.1030664449399788,-0.22314032507798542,0.012295483045453267,0.40275849129814684,0.5058249362381256
sycophancy,e2p,context_end,250,250,4,2,,,-0.028669012054700016,-0.12993659647080572,0.055679913664035234,0.4771559241834256,0.5058249362381256
sycophancy,e1,context_end,250,2500,0,0,,,-0.091792756960489,-0.1304189324398526,-0.05416539228602928,0.3632572110022766,0.4550499679627656
sycophancy,e2,context_end,250,2500,0,0,,,-0.07472979178548622,-0.11883211490506113,-0.038583502916832164,0.38032017617727937,0.4550499679627656
sycophancy,e2p,context_end,250,2500,0,0,,,-0.052183175946693916,-0.08063986974208084,-0.01735900305850267,0.4028667920160717,0.4550499679627656
sycophancy,e1,context_end,250,2500,0,1,,,-0.0636491833128941,-0.10574538629689736,-0.026050662902624314,0.36201072849034943,0.42565991180324353
sycophancy,e2,context_end,250,2500,0,1,,,-0.06228826370328655,-0.11146398786776482,-0.01923792325852194,0.363371648099957,0.42565991180324353
sycophancy,e2p,context_end,250,2500,0,1,,,-0.0038255717716093596,-0.041410126931195876,0.025998153093197397,0.42183434003163417,0.42565991180324353
sycophancy,e1,context_end,250,2500,0,2,,,-0.09060938506889354,-0.13121909866895107,-0.04546084809465322,0.33128948543431047,0.421898870503204
sycophancy,e2,context_end,250,2500,0,2,,,-0.053199413503498216,-0.10297467393121414,-0.011020613784752876,0.3686994569997058,0.421898870503204
sycophancy,e2p,context_end,250,2500,0,2,,,-0.029272978658283655,-0.05452549807446567,0.008964322637728124,0.39262589184492036,0.421898870503204
sycophancy,e1,context_end,250,2500,1,0,,,-0.06297415423568009,-0.10252405984653226,-0.023315283860811723,0.3523499164174304,0.4153240706531105
sycophancy,e2,context_end,250,2500,1,0,,,-0.02258865040575775,-0.07060829148352882,0.023219869139612815,0.39273542024735275,0.4153240706531105
sycophancy,e2p,context_end,250,2500,1,0,,,-0.00558189702751849,-0.03835220827723763,0.025398091765245264,0.409742173625592,0.4153240706531105
sycophancy,e1,context_end,250,2500,1,1,,,-0.08745129136257324,-0.12407323056961278,-0.04805241868903507,0.35055775897702135,0.4380090503395946
sycophancy,e2,context_end,250,2500,1,1,,,-0.0973857479465734,-0.14913180089341602,-0.044105245968430434,0.3406233023930212,0.4380090503395946
sycophancy,e2p,context_end,250,2500,1,1,,,-0.048427986351141095,-0.08184394060506672,-0.01635144109210011,0.3895810639884535,0.4380090503395946
sycophancy,e1,context_end,250,2500,1,2,,,-0.08107025066369872,-0.12120950260270241,-0.041941910641431455,0.37454475449251395,0.45561500515621267
sycophancy,e2,context_end,250,2500,1,2,,,-0.09399574741332256,-0.13898302253929185,-0.05233754051082615,0.3616192577428901,0.45561500515621267
sycophancy,e2p,context_end,250,2500,1,2,,,-0.06375837682873792,-0.08838161307572091,-0.03021222860303691,0.39185662832747475,0.45561500515621267
sycophancy,e1,context_end,250,2500,2,0,,,-0.06792595321333067,-0.11037134629405296,-0.03203946274261373,0.36457885677760665,0.4325048099909373
sycophancy,e2,context_end,250,2500,2,0,,,-0.050565334465307865,-0.09488494039922442,-0.008143099518397574,0.38193947552562946,0.4325048099909373
sycophancy,e2p,context_end,250,2500,2,0,,,-0.04707894975264493,-0.07601819699509291,-0.01089932254099447,0.3854258602382924,0.4325048099909373
sycophancy,e1,context_end,250,2500,2,1,,,-0.10215511651370035,-0.14066307736695632,-0.059791904418620076,0.3478930017587362,0.45004811827243657
sycophancy,e2,context_end,250,2500,2,1,,,-0.0990821931136685,-0.14391556414661957,-0.051890049886799045,0.35096592515876807,0.45004811827243657
sycophancy,e2p,context_end,250,2500,2,1,,,-0.06767816580836022,-0.09255281286668361,-0.026182443854561144,0.38236995246407635,0.45004811827243657
sycophancy,e1,context_end,250,2500,2,2,,,-0.11674236162646445,-0.1548895686210097,-0.07657953946929119,0.3328467235948952,0.44958908522135965
sycophancy,e2,context_end,250,2500,2,2,,,-0.07056233216352592,-0.1147746780186579,-0.030172337485847536,0.37902675305783373,0.44958908522135965
sycophancy,e2p,context_end,250,2500,2,2,,,-0.04468896195649236,-0.06777286471107614,-0.012012036015532974,0.4049001232648673,0.44958908522135965
sycophancy,e1,context_end,250,2500,3,0,,,-0.09892515258625306,-0.13739833706933455,-0.06540680430962419,0.35111776939031136,0.4500429219765644
sycophancy,e2,context_end,250,2500,3,0,,,-0.09715624372471204,-0.13758773754798317,-0.05926822620701654,0.3528866782518524,0.4500429219765644
sycophancy,e2p,context_end,250,2500,3,0,,,-0.06368235800832439,-0.09118816993992736,-0.03404477584759032,0.38636056396824003,0.4500429219765644
sycophancy,e1,context_end,250,2500,3,1,,,-0.12621877571139412,-0.15986460750271822,-0.08675978910222182,0.35206839717232313,0.47828717288371725
sycophancy,e2,context_end,250,2500,3,1,,,-0.10065459727643505,-0.14482257230366039,-0.05856745736352651,0.3776325756072822,0.47828717288371725
sycophancy,e2p,context_end,250,2500,3,1,,,-0.08968143054404643,-0.11427976613202685,-0.0512248489183325,0.3886057423396708,0.47828717288371725
sycophancy,e1,context_end,250,2500,3,2,,,-0.08185802193390779,-0.12431769330237039,-0.041416837887290885,0.36100340181557367,0.44286142374948145
sycophancy,e2,context_end,250,2500,3,2,,,-0.06675432033780693,-0.10571931307528534,-0.025236616660986304,0.3761071034116745,0.44286142374948145
sycophancy,e2p,context_end,250,2500,3,2,,,-0.061551489540148385,-0.08644302137768076,-0.025329264096904346,0.38130993420933307,0.44286142374948145
sycophancy,e1,context_end,250,2500,4,0,,,-0.022699463221645066,-0.06311667137889108,0.012316373027331929,0.36337637064028594,0.386075833861931
sycophancy,e2,context_end,250,2500,4,0,,,-0.03256107546027631,-0.07969342590951424,0.010690700668751807,0.3535147584016547,0.386075833861931
sycophancy,e2p,context_end,250,2500,4,0,,,-0.0032833753802564702,-0.03952538052797995,0.028379463002687205,0.38279245848167454,0.386075833861931
sycophancy,e1,context_end,250,2500,4,1,,,-0.11153170017882941,-0.1504082597072192,-0.07562568725309098,0.34797132020471405,0.45950302038354346
sycophancy,e2,context_end,250,2500,4,1,,,-0.08920568364624426,-0.12648204821602904,-0.04969620693884223,0.3702973367372992,0.45950302038354346
sycophancy,e2p,context_end,250,2500,4,1,,,-0.07635436031466153,-0.10003770195329777,-0.04280613431041392,0.38314866006888193,0.45950302038354346
sycophancy,e1,context_end,250,2500,4,2,,,-0.08720618154904397,-0.12514899334048207,-0.054799116708357846,0.3532443989577555,0.44045058050679947
sycophancy,e2,context_end,250,2500,4,2,,,-0.09175164986506074,-0.13108864247900284,-0.04816238579346104,0.34869893064173874,0.44045058050679947
sycophancy,e2p,context_end,250,2500,4,2,,,-0.03609468218211065,-0.06718737521383751,-0.004563522964061125,0.4043558983246888,0.44045058050679947
sycophancy,e1,context_end,250,16000,0,0,,,-0.07471974427122785,-0.089442219350327,-0.059450331988884886,0.3501127467671118,0.42483249103833964
sycophancy,e2,context_end,250,16000,0,0,,,-0.0559679216332733,-0.07289025220583967,-0.03636517016354129,0.36886456940506634,0.42483249103833964
sycophancy,e2p,context_end,250,16000,0,0,,,-0.02976301474825993,-0.043235823668150174,-0.015914963913434325,0.3950694762900797,0.42483249103833964
sycophancy,e1,context_end,250,16000,0,1,,,-0.07239935202052811,-0.08823473936361428,-0.05641541642205074,0.3501127467671118,0.4225120987876399
sycophancy,e2,context_end,250,16000,0,1,,,-0.053647529382573556,-0.07107978040972178,-0.033943675269106036,0.36886456940506634,0.4225120987876399
sycophancy,e2p,context_end,250,16000,0,1,,,-0.027442622497560187,-0.04097761515689439,-0.014456498310817972,0.3950694762900797,0.4225120987876399
sycophancy,e1,context_end,250,16000,0,2,,,-0.0728774788998085,-0.08860780333155559,-0.05565613644089616,0.3501127467671118,0.4229902256669203
sycophancy,e2,context_end,250,16000,0,2,,,-0.05412565626185395,-0.07191245882810442,-0.03541425523126605,0.36886456940506634,0.4229902256669203
sycophancy,e2p,context_end,250,16000,0,2,,,-0.02792074937684058,-0.04125341234452276,-0.01383864330600083,0.3950694762900797,0.4229902256669203
sycophancy,e1,context_end,250,16000,1,0,,,-0.07328787607058312,-0.08954186096351158,-0.0577072672732037,0.3501127467671118,0.4234006228376949
sycophancy,e2,context_end,250,16000,1,0,,,-0.05453605343262857,-0.07209685393199161,-0.038697238757876534,0.36886456940506634,0.4234006228376949
sycophancy,e2p,context_end,250,16000,1,0,,,-0.028331146547615205,-0.04219695675240823,-0.01610799843571617,0.3950694762900797,0.4234006228376949
sycophancy,e1,context_end,250,16000,1,1,,,-0.07454837670183434,-0.08933883857319236,-0.05875228517347153,0.3501127467671118,0.42466112346894613
sycophancy,e2,context_end,250,16000,1,1,,,-0.05579655406387979,-0.07428804547323647,-0.03690362519762259,0.36886456940506634,0.42466112346894613
sycophancy,e2p,context_end,250,16000,1,1,,,-0.02959164717886642,-0.042611835610918615,-0.016488441689918223,0.3950694762900797,0.42466112346894613
sycophancy,e1,context_end,250,16000,1,2,,,-0.07207308979604349,-0.08730390201187917,-0.05418039701509639,0.3501127467671118,0.4221858365631553
sycophancy,e2,context_end,250,16000,1,2,,,-0.053321267158088936,-0.07262380270075956,-0.0339974492441686,0.36886456940506634,0.4221858365631553
sycophancy,e2p,context_end,250,16000,1,2,,,-0.027116360273075568,-0.040249218446328734,-0.013519638612784669,0.3950694762900797,0.4221858365631553
sycophancy,e1,context_end,250,16000,2,0,,,-0.0738935614870887,-0.0913000607349226,-0.05793673376027565,0.3501127467671118,0.4240063082542005
sycophancy,e2,context_end,250,16000,2,0,,,-0.05514173884913415,-0.07417290422534879,-0.03597333984015791,0.36886456940506634,0.4240063082542005
sycophancy,e2p,context_end,250,16000,2,0,,,-0.02893683196412078,-0.04338673188975806,-0.014793521877507803,0.3950694762900797,0.4240063082542005
sycophancy,e1,context_end,250,16000,2,1,,,-0.07426008328884665,-0.08939131841800393,-0.05871030822780219,0.3501127467671118,0.42437283005595844
sycophancy,e2,context_end,250,16000,2,1,,,-0.055508260650892094,-0.07330046572937893,-0.037636577413667265,0.36886456940506634,0.42437283005595844
sycophancy,e2p,context_end,250,16000,2,1,,,-0.029303353765878726,-0.04213162850148445,-0.015552573179379556,0.3950694762900797,0.42437283005595844
sycophancy,e1,context_end,250,16000,2,2,,,-0.074004969393764,-0.08879496034109993,-0.05882445351289507,0.3501127467671118,0.4241177161608758
sycophancy,e2,context_end,250,16000,2,2,,,-0.055253146755809446,-0.07337060025106634,-0.03834742071868835,0.36886456940506634,0.4241177161608758
sycophancy,e2p,context_end,250,16000,2,2,,,-0.029048239870796078,-0.041969173228364215,-0.01562738812472509,0.3950694762900797,0.4241177161608758
sycophancy,e1,context_end,250,16000,3,0,,,-0.07395717013459474,-0.09016405869764155,-0.05878506051009813,0.3501127467671118,0.42406991690170653
sycophancy,e2,context_end,250,16000,3,0,,,-0.05520534749664019,-0.07454469387432848,-0.036705425240737735,0.36886456940506634,0.42406991690170653
sycophancy,e2p,context_end,250,16000,3,0,,,-0.02900044061162682,-0.042056889051611125,-0.01652105582323429,0.3950694762900797,0.42406991690170653
sycophancy,e1,context_end,250,16000,3,1,,,-0.07368884702299056,-0.08943939710405925,-0.058694795948271726,0.3501127467671118,0.42380159379010235
sycophancy,e2,context_end,250,16000,3,1,,,-0.054937024385036004,-0.07451090689205196,-0.035288127797977895,0.36886456940506634,0.42380159379010235
sycophancy,e2p,context_end,250,16000,3,1,,,-0.028732117500022636,-0.043233443237338263,-0.015668634835040652,0.3950694762900797,0.42380159379010235
sycophancy,e1,context_end,250,16000,3,2,,,-0.07414212457785258,-0.08861732819061348,-0.0572312801536569,0.3501127467671118,0.42425487134496437
sycophancy,e2,context_end,250,16000,3,2,,,-0.05539030193989802,-0.07211733499988247,-0.03741128844214767,0.36886456940506634,0.42425487134496437
sycophancy,e2p,context_end,250,16000,3,2,,,-0.029185395054884655,-0.041818799613355884,-0.015907247136647096,0.3950694762900797,0.42425487134496437
sycophancy,e1,context_end,250,16000,4,0,,,-0.07355104201068463,-0.08862014695553404,-0.058301218932651444,0.3501127467671118,0.4236637887777964
sycophancy,e2,context_end,250,16000,4,0,,,-0.05479921937273008,-0.07222850785777987,-0.03455885919222257,0.36886456940506634,0.4236637887777964
sycophancy,e2p,context_end,250,16000,4,0,,,-0.02859431248771671,-0.04136884094776927,-0.0153026945523043,0.3950694762900797,0.4236637887777964
sycophancy,e1,context_end,250,16000,4,1,,,-0.07546276285032116,-0.09165936146407296,-0.06110270018824058,0.3501127467671118,0.42557550961743296
sycophancy,e2,context_end,250,16000,4,1,,,-0.05671094021236661,-0.07437813576288839,-0.0393456787854835,0.36886456940506634,0.42557550961743296
sycophancy,e2p,context_end,250,16000,4,1,,,-0.030506033327353244,-0.04381697773885617,-0.016920068187345916,0.3950694762900797,0.42557550961743296
sycophancy,e1,context_end,250,16000,4,2,,,-0.0743315869829535,-0.0909397019380354,-0.05937576456410644,0.3501127467671118,0.4244443337500653
sycophancy,e2,context_end,250,16000,4,2,,,-0.05557976434499895,-0.07553445660574178,-0.037044180729785874,0.36886456940506634,0.4244443337500653
sycophancy,e2p,context_end,250,16000,4,2,,,-0.02937485745998558,-0.04507104408248291,-0.016348343845025877,0.3950694762900797,0.4244443337500653
sycophancy,e1,context_end,5000,250,0,0,,,-0.10305223398687868,-0.2297595264810212,0.10175963861552668,0.19304995042334694,0.2961021844102256
sycophancy,e2,context_end,5000,250,0,0,,,0.001989413499206061,-0.13363787783769224,0.19276471478322546,0.2980915979094317,0.2961021844102256
sycophancy,e2p,context_end,5000,250,0,0,,,0.026882823974401393,-0.05464264309201924,0.18207807202464743,0.322985008384627,0.2961021844102256
sycophancy,e1,context_end,5000,250,0,1,,,-0.283913038480342,-0.3362053579344499,-0.11310646151669097,0.20527278251553382,0.4891858209958758
sycophancy,e2,context_end,5000,250,0,1,,,-0.17115809118148145,-0.250869790043814,-0.02142969316361148,0.31802772981439437,0.4891858209958758
sycophancy,e2p,context_end,5000,250,0,1,,,-0.08418660137052342,-0.1638627363552424,0.002077211348667876,0.4049992196253524,0.4891858209958758
sycophancy,e1,context_end,5000,250,0,2,,,-0.17575332377000608,-0.322590287390391,-0.04200422287084904,0.29608674921298855,0.47184007298299463
sycophancy,e2,context_end,5000,250,0,2,,,-0.13430939913736284,-0.2504277779552711,0.015454658911345566,0.3375306738456318,0.47184007298299463
sycophancy,e2p,context_end,5000,250,0,2,,,-0.04844074633567591,-0.15296107212329993,0.05043879610213554,0.4233993266473187,0.47184007298299463
sycophancy,e1,context_end,5000,250,1,0,,,-0.09373149430629013,-0.20189157892725607,0.06796206182251031,0.26430209458073106,0.3580335888870212
sycophancy,e2,context_end,5000,250,1,0,,,-0.09156391244777046,-0.1852705337411006,0.06707552136647028,0.26646967643925074,0.3580335888870212
sycophancy,e2p,context_end,5000,250,1,0,,,-0.01875690053754636,-0.09483423459441409,0.09964788392704796,0.33927668834947483,0.3580335888870212
sycophancy,e1,context_end,5000,250,1,1,,,-0.05483874408284112,-0.1931777497314278,0.076898857638684,0.36627936395383554,0.42111810803667665
sycophancy,e2,context_end,5000,250,1,1,,,-0.10002804230150025,-0.20043506974045433,0.02682684202408458,0.3210900657351764,0.42111810803667665
sycophancy,e2p,context_end,5000,250,1,1,,,-0.03656031535329335,-0.09790982163211832,0.0768482593364292,0.3845577926833833,0.42111810803667665
sycophancy,e1,context_end,5000,250,1,2,,,-0.1221644705409391,-0.23821572607366573,0.029573154014495794,0.27563892493996067,0.39780339548089977
sycophancy,e2,context_end,5000,250,1,2,,,-0.07347741875818653,-0.19293459107318434,0.08904285185018289,0.32432597672271324,0.39780339548089977
sycophancy,e2p,context_end,5000,250,1,2,,,-0.019085318154054065,-0.10153052850311074,0.0945594911880753,0.3787180773268457,0.39780339548089977
sycophancy,e1,context_end,5000,250,2,0,,,-0.22231202641268974,-0.29348652059086083,-0.06671099467268328,0.22315898716973956,0.4454710135824293
sycophancy,e2,context_end,5000,250,2,0,,,-0.10227406442374126,-0.20022076035583344,0.03383186302483827,0.34319694915868804,0.4454710135824293
sycophancy,e2p,context_end,5000,250,2,0,,,-0.11061230665232946,-0.17688949287451028,-0.011372542184516192,0.33485870693009984,0.4454710135824293
sycophancy,e1,context_end,5000,250,2,1,,,-0.06695101083157357,-0.21486146368603995,0.03620390289070814,0.32524797297254193,0.3921989838041155
sycophancy,e2,context_end,5000,250,2,1,,,-0.0991355615712941,-0.21087392886877115,0.030360148875548394,0.2930634222328214,0.3921989838041155
sycophancy,e2p,context_end,5000,250,2,1,,,-0.07763706535445258,-0.12674895513394316,0.05718146980043746,0.3145619184496629,0.3921989838041155
sycophancy,e1,context_end,5000,250,2,2,,,-0.25608192071247843,-0.33212515401460335,-0.1098952824495153,0.25531142491825604,0.5113933456307345
sycophancy,e2,context_end,5000,250,2,2,,,-0.2022774235287914,-0.27626183335151294,-0.04039020996541777,0.30911592210194305,0.5113933456307345
sycophancy,e2p,context_end,5000,250,2,2,,,-0.15756869449215427,-0.2108790203740785,-0.04528327103436898,0.3538246511385802,0.5113933456307345
sycophancy,e1,context_end,5000,250,3,0,,,-0.1922974880117539,-0.2675177314852848,-0.020398753448420747,0.2516105361701467,0.4439080241819006
sycophancy,e2,context_end,5000,250,3,0,,,-0.1627504259459302,-0.2118771492921817,0.0020102128164886106,0.2811575982359704,0.4439080241819006
sycophancy,e2p,context_end,5000,250,3,0,,,-0.10472211615501664,-0.1490114956929734,0.02087150267751969,0.339185908026884,0.4439080241819006
sycophancy,e1,context_end,5000,250,3,1,,,-0.0930310551187894,-0.19980105943784587,0.0025277297021633316,0.2475676391996826,0.340598694318472
sycophancy,e2,context_end,5000,250,3,1,,,-0.055494392030142725,-0.16130049991491524,0.055651812056248154,0.2851043022883293,0.340598694318472
sycophancy,e2p,context_end,5000,250,3,1,,,0.05277253447515173,-0.061270808273061535,0.14530862347282686,0.39337122879362374,0.340598694318472
sycophancy,e1,context_end,5000,250,3,2,,,-0.2676208192340779,-0.35108390119519833,-0.12910705138533973,0.22083751663620865,0.48845833587028653
sycophancy,e2,context_end,5000,250,3,2,,,-0.17122967632145097,-0.25676145369441666,-0.046292927768423656,0.31722865954883556,0.48845833587028653
sycophancy,e2p,context_end,5000,250,3,2,,,0.03626110252429249,-0.07448310230288473,0.11329966903357765,0.524719438394579,0.48845833587028653
sycophancy,e1,context_end,5000,250,4,0,,,-0.23807194295105616,-0.3023083142674381,-0.07392455877015049,0.18554156218981172,0.4236135051408679
sycophancy,e2,context_end,5000,250,4,0,,,-0.13427832039255128,-0.24131707750251918,-0.00799298883424118,0.2893351847483166,0.4236135051408679
sycophancy,e2p,context_end,5000,250,4,0,,,-0.07701546943571819,-0.1327278145438971,0.026364498687160134,0.3465980357051497,0.4236135051408679
sycophancy,e1,context_end,5000,250,4,1,,,-0.2328625680958547,-0.31627321630686894,-0.11465610675757823,0.22396949993291448,0.4568320680287692
sycophancy,e2,context_end,5000,250,4,1,,,-0.20132833913592602,-0.25529225136133527,-0.062134606789241466,0.2555037288928432,0.4568320680287692
sycophancy,e2p,context_end,5000,250,4,1,,,-0.09477783649678173,-0.16136796803239947,0.024440506157400697,0.36205423153198746,0.4568320680287692
sycophancy,e1,context_end,5000,250,4,2,,,-0.20822598401798853,-0.32236666797442254,-0.08076880525630285,0.2933670447439237,0.5015930287619123
sycophancy,e2,context_end,5000,250,4,2,,,-0.13657323992164017,-0.2550274781810597,-0.0017388721195336322,0.3650197888402721,0.5015930287619123
sycophancy,e2p,context_end,5000,250,4,2,,,-0.07031843500284957,-0.16072623797722244,0.02327139997960528,0.4312745937590627,0.5015930287619123
sycophancy,e1,context_end,5000,2500,0,0,,,-0.21851109710091088,-0.2586929317340666,-0.16683344741042525,0.22291348891477564,0.4414245860156865
sycophancy,e2,context_end,5000,2500,0,0,,,-0.1905174302075936,-0.22592031257519937,-0.13953297185692493,0.2509071558080929,0.4414245860156865
sycophancy,e2p,context_end,5000,2500,0,0,,,-0.09814652457451561,-0.12461133499855757,-0.0563114036656892,0.3432780614411709,0.4414245860156865
sycophancy,e1,context_end,5000,2500,0,1,,,-0.16715932641274742,-0.2206754407707308,-0.12422177596727033,0.24891389708845926,0.4160732235012067
sycophancy,e2,context_end,5000,2500,0,1,,,-0.1478663584627708,-0.18833906661166508,-0.0968330328919048,0.2682068650384359,0.4160732235012067
sycophancy,e2p,context_end,5000,2500,0,1,,,-0.08494158649415012,-0.1147185210846869,-0.04982310439544908,0.33113163700705656,0.4160732235012067
sycophancy,e1,context_end,5000,2500,0,2,,,-0.16261328574376757,-0.21502079860990644,-0.11253745770487894,0.23664664642543112,0.3992599321691987
sycophancy,e2,context_end,5000,2500,0,2,,,-0.14058871691254954,-0.1832446861139102,-0.08716593357364479,0.25867121525664916,0.3992599321691987
sycophancy,e2p,context_end,5000,2500,0,2,,,-0.060943392768945115,-0.09460251563040262,-0.02019058708567471,0.3383165394002536,0.3992599321691987
sycophancy,e1,context_end,5000,2500,1,0,,,-0.12626437875568491,-0.17918033697841668,-0.08001808934248877,0.2692205010659572,0.3954848798216421
sycophancy,e2,context_end,5000,2500,1,0,,,-0.11536017287533873,-0.15412058323356115,-0.06151431443009329,0.28012470694630337,0.3954848798216421
sycophancy,e2p,context_end,5000,2500,1,0,,,-0.05213933075204419,-0.08476893746757252,-0.016489619834815568,0.3433455490695979,0.3954848798216421
sycophancy,e1,context_end,5000,2500,1,1,,,-0.20991763787290443,-0.2576152475512266,-0.16127348108640754,0.22887856026893674,0.4387961981418412
sycophancy,e2,context_end,5000,2500,1,1,,,-0.1856328597724315,-0.2204262853290521,-0.13287907830397377,0.2531633383694097,0.4387961981418412
sycophancy,e2p,context_end,5000,2500,1,1,,,-0.09918291292372472,-0.1319748908453461,-0.06384639679727253,0.33961328521811646,0.4387961981418412
sycophancy,e1,context_end,5000,2500,1,2,,,-0.20533642262892823,-0.2560397455930253,-0.16070602249046154,0.23914055713404805,0.4444769797629763
sycophancy,e2,context_end,5000,2500,1,2,,,-0.18966342480145376,-0.22289231431238207,-0.13530874794922162,0.2548135549615225,0.4444769797629763
sycophancy,e2p,context_end,5000,2500,1,2,,,-0.13150830734518087,-0.15496182577436277,-0.09053140948528796,0.3129686724177954,0.4444769797629763
sycophancy,e1,context_end,5000,2500,2,0,,,-0.18964501908465017,-0.23675834940272295,-0.13833298917367273,0.22373683436914507,0.41338185345379524
sycophancy,e2,context_end,5000,2500,2,0,,,-0.161479418459051,-0.1962539162902172,-0.10243692559575802,0.25190243499474424,0.41338185345379524
sycophancy,e2p,context_end,5000,2500,2,0,,,-0.05846827842496444,-0.0913859507606152,-0.026889538998108684,0.3549135750288308,0.41338185345379524
sycophancy,e1,context_end,5000,2500,2,1,,,-0.2046572681903932,-0.25623565799922265,-0.14885204341638267,0.24587300685588348,0.4505302750462767
sycophancy,e2,context_end,5000,2500,2,1,,,-0.19910915347574626,-0.22779679127290425,-0.1403688557977882,0.2514211215705304,0.4505302750462767
sycophancy,e2p,context_end,5000,2500,2,1,,,-0.11047189629779997,-0.14322257507328345,-0.0766903608719816,0.3400583787484767,0.4505302750462767
sycophancy,e1,context_end,5000,2500,2,2,,,-0.20537368234070277,-0.25648227384905975,-0.1495788625662309,0.22787179412378664,0.4332454764644894
sycophancy,e2,context_end,5000,2500,2,2,,,-0.1698439961726474,-0.20222065784241347,-0.1157625713188543,0.263401480291842,0.4332454764644894
sycophancy,e2p,context_end,5000,2500,2,2,,,-0.11153917917906153,-0.1344213916159625,-0.06159684857932301,0.3217062972854279,0.4332454764644894
sycophancy,e1,context_end,5000,2500,3,0,,,-0.1962705196456559,-0.2454121959045386,-0.14721980868500018,0.24433006505464527,0.44060058470030117
sycophancy,e2,context_end,5000,2500,3,0,,,-0.16919359113039295,-0.21101896315795324,-0.12436025686795693,0.2714069935699082,0.44060058470030117
sycophancy,e2p,context_end,5000,2500,3,0,,,-0.133063038976864,-0.15362842499243695,-0.09139312779172086,0.30753754572343717,0.44060058470030117
sycophancy,e1,context_end,5000,2500,3,1,,,-0.2237550786352929,-0.27082433907509756,-0.17796181038323913,0.24629465728043817,0.47004973591573107
sycophancy,e2,context_end,5000,2500,3,1,,,-0.19676573748750859,-0.23013895347932775,-0.14076956790589157,0.2732839984282225,0.47004973591573107
sycophancy,e2p,context_end,5000,2500,3,1,,,-0.11788802423238381,-0.15065295714568686,-0.07853602899115328,0.35216171168334726,0.47004973591573107
sycophancy,e1,context_end,5000,2500,3,2,,,-0.19771061730705414,-0.2422486502794317,-0.15035220739759828,0.2109855620481922,0.4086961793552463
sycophancy,e2,context_end,5000,2500,3,2,,,-0.13031287188596008,-0.1723505955968394,-0.0863498868662085,0.27838330746928625,0.4086961793552463
sycophancy,e2p,context_end,5000,2500,3,2,,,-0.07028892445783769,-0.096115028337079,-0.027298759216147505,0.33840725489740864,0.4086961793552463
sycophancy,e1,context_end,5000,2500,4,0,,,-0.1499188309175603,-0.19514930741987538,-0.09997793117601857,0.22633869394382772,0.376257524861388
sycophancy,e2,context_end,5000,2500,4,0,,,-0.10663643051522037,-0.14761234024537054,-0.05534423706696405,0.26962109434616766,0.376257524861388
sycophancy,e2p,context_end,5000,2500,4,0,,,-0.06027825376552726,-0.08582873960143605,-0.02163031984962257,0.31597927109586077,0.376257524861388
sycophancy,e1,context_end,5000,2500,4,1,,,-0.21463527130957627,-0.25616725459036244,-0.1681704015797488,0.2348560332829671,0.4494913045925434
sycophancy,e2,context_end,5000,2500,4,1,,,-0.16552889843837587,-0.21122337822633655,-0.12203490505589946,0.2839624061541675,0.4494913045925434
sycophancy,e2p,context_end,5000,2500,4,1,,,-0.1060230504598334,-0.13518248231710994,-0.07423994478860367,0.34346825413271,0.4494913045925434
sycophancy,e1,context_end,5000,2500,4,2,,,-0.23262442443166242,-0.2704672618350213,-0.17853276572260246,0.1986557277942741,0.4312801522259365
sycophancy,e2,context_end,5000,2500,4,2,,,-0.19312620277392106,-0.22004473555460233,-0.13503555625910177,0.23815394945201546,0.4312801522259365
sycophancy,e2p,context_end,5000,2500,4,2,,,-0.11304058256413352,-0.1399099670737828,-0.06717203203594141,0.318239569661803,0.4312801522259365
sycophancy,e1,context_end,5000,16000,0,0,,,-0.16840918136948502,-0.1875793398244069,-0.1488091597052261,0.23577020931052506,0.4041793906800101
sycophancy,e2,context_end,5000,16000,0,0,,,-0.14523049665771764,-0.16285700005235038,-0.1242487033289833,0.25894889402229243,0.4041793906800101
sycophancy,e2p,context_end,5000,16000,0,0,,,-0.07955482671021624,-0.09112452834751769,-0.06330023149876125,0.32462456396979383,0.4041793906800101
sycophancy,e1,context_end,5000,16000,0,1,,,-0.16629428397584545,-0.1867627281811967,-0.1457269545435065,0.23577020931052506,0.4020644932863705
sycophancy,e2,context_end,5000,16000,0,1,,,-0.14311559926407807,-0.16279649795105366,-0.12132889339073116,0.25894889402229243,0.4020644932863705
sycophancy,e2p,context_end,5000,16000,0,1,,,-0.07743992931657667,-0.08906107886837987,-0.06053029953538017,0.32462456396979383,0.4020644932863705
sycophancy,e1,context_end,5000,16000,0,2,,,-0.1669833283550129,-0.18685895080154388,-0.14482763387686903,0.23577020931052506,0.40275353766553795
sycophancy,e2,context_end,5000,16000,0,2,,,-0.14380464364324552,-0.16259115542884714,-0.12143646549456753,0.25894889402229243,0.40275353766553795
sycophancy,e2p,context_end,5000,16000,0,2,,,-0.07812897369574412,-0.08989652443276995,-0.06066095618472521,0.32462456396979383,0.40275353766553795
sycophancy,e1,context_end,5000,16000,1,0,,,-0.16695482485126656,-0.18496171936235284,-0.14697853597282146,0.23577020931052506,0.4027250341617916
sycophancy,e2,context_end,5000,16000,1,0,,,-0.1437761401394992,-0.16071501194616838,-0.12232213671118299,0.25894889402229243,0.4027250341617916
sycophancy,e2p,context_end,5000,16000,1,0,,,-0.07810047019199778,-0.08922657951110877,-0.06077381833508942,0.32462456396979383,0.4027250341617916
sycophancy,e1,context_end,5000,16000,1,1,,,-0.16868232334920252,-0.18852651811391144,-0.1478120771439305,0.23577020931052506,0.4044525326597276
sycophancy,e2,context_end,5000,16000,1,1,,,-0.14550363863743515,-0.16315293623829244,-0.1249265920391966,0.25894889402229243,0.4044525326597276
sycophancy,e2p,context_end,5000,16000,1,1,,,-0.07982796868993375,-0.09160380367176882,-0.061201046463714555,0.32462456396979383,0.4044525326597276
sycophancy,e1,context_end,5000,16000,1,2,,,-0.1666934296827875,-0.18719607760297222,-0.14554937599626042,0.23577020931052506,0.40246363899331256
sycophancy,e2,context_end,5000,16000,1,2,,,-0.14351474497102013,-0.16121898842474772,-0.12367102659899355,0.25894889402229243,0.40246363899331256
sycophancy,e2p,context_end,5000,16000,1,2,,,-0.07783907502351872,-0.08935463685567861,-0.05937137500658885,0.32462456396979383,0.40246363899331256
sycophancy,e1,context_end,5000,16000,2,0,,,-0.1682244444689966,-0.1893309664929521,-0.14632319450149503,0.23577020931052506,0.40399465377952165
sycophancy,e2,context_end,5000,16000,2,0,,,-0.14504575975722922,-0.16414386142654508,-0.12557183781075698,0.25894889402229243,0.40399465377952165
sycophancy,e2p,context_end,5000,16000,2,0,,,-0.07937008980972782,-0.09035397401791993,-0.06314314984341998,0.32462456396979383,0.40399465377952165
sycophancy,e1,context_end,5000,16000,2,1,,,-0.16759044725931327,-0.18747696236120284,-0.14742709778077268,0.23577020931052506,0.4033606565698383
sycophancy,e2,context_end,5000,16000,2,1,,,-0.1444117625475459,-0.1626982616494348,-0.12412804624214775,0.25894889402229243,0.4033606565698383
sycophancy,e2p,context_end,5000,16000,2,1,,,-0.0787360926000445,-0.09013637461409628,-0.06216249857845837,0.32462456396979383,0.4033606565698383
sycophancy,e1,context_end,5000,16000,2,2,,,-0.16758710987629083,-0.18810134306191023,-0.1479976976936163,0.23577020931052506,0.4033573191868159
sycophancy,e2,context_end,5000,16000,2,2,,,-0.14440842516452346,-0.1628967756447312,-0.1228733968206113,0.25894889402229243,0.4033573191868159
sycophancy,e2p,context_end,5000,16000,2,2,,,-0.07873275521702205,-0.09131613315887666,-0.061248760797319016,0.32462456396979383,0.4033573191868159
sycophancy,e1,context_end,5000,16000,3,0,,,-0.16721763082797525,-0.18790472802810504,-0.14724232769090073,0.23577020931052506,0.4029878401385003
sycophancy,e2,context_end,5000,16000,3,0,,,-0.14403894611620788,-0.16165355113589652,-0.12081098555372431,0.25894889402229243,0.4029878401385003
sycophancy,e2p,context_end,5000,16000,3,0,,,-0.07836327616870647,-0.0896180266827122,-0.06067236240777564,0.32462456396979383,0.4029878401385003
sycophancy,e1,context_end,5000,16000,3,1,,,-0.16761678555557236,-0.1890401934297781,-0.14644849991954192,0.23577020931052506,0.4033869948660974
sycophancy,e2,context_end,5000,16000,3,1,,,-0.14443810084380498,-0.16391608386015827,-0.12427500511703968,0.25894889402229243,0.4033869948660974
sycophancy,e2p,context_end,5000,16000,3,1,,,-0.07876243089630358,-0.09124227894037375,-0.061676864390655485,0.32462456396979383,0.4033869948660974
sycophancy,e1,context_end,5000,16000,3,2,,,-0.16758591254198757,-0.18685980234807853,-0.14440817566421685,0.23577020931052506,0.40335612185251263
sycophancy,e2,context_end,5000,16000,3,2,,,-0.1444072278302202,-0.16175035531560616,-0.12367947655346843,0.25894889402229243,0.40335612185251263
sycophancy,e2p,context_end,5000,16000,3,2,,,-0.0787315578827188,-0.09180463905828141,-0.06173254667978303,0.32462456396979383,0.40335612185251263
sycophancy,e1,context_end,5000,16000,4,0,,,-0.16762268829277738,-0.1859228286503092,-0.14547181541659113,0.23577020931052506,0.40339289760330244
sycophancy,e2,context_end,5000,16000,4,0,,,-0.14444400358101,-0.16226170552269523,-0.12401709195376628,0.25894889402229243,0.40339289760330244
sycophancy,e2p,context_end,5000,16000,4,0,,,-0.0787683336335086,-0.08978898157977228,-0.06265420573590953,0.32462456396979383,0.40339289760330244
sycophancy,e1,context_end,5000,16000,4,1,,,-0.169006249601387,-0.18900759253042443,-0.14832461976488248,0.23577020931052506,0.40477645891191205
sycophancy,e2,context_end,5000,16000,4,1,,,-0.14582756488961962,-0.16485472198218734,-0.12604703983347768,0.25894889402229243,0.40477645891191205
sycophancy,e2p,context_end,5000,16000,4,1,,,-0.08015189494211822,-0.09220245589438056,-0.06300299768015226,0.32462456396979383,0.40477645891191205
sycophancy,e1,context_end,5000,16000,4,2,,,-0.16815087912827853,-0.1895044844612521,-0.1486448682699288,0.23577020931052506,0.4039210884388036
sycophancy,e2,context_end,5000,16000,4,2,,,-0.14497219441651116,-0.16437859710122998,-0.125304148057303,0.25894889402229243,0.4039210884388036
sycophancy,e2p,context_end,5000,16000,4,2,,,-0.07929652446900975,-0.0920378361231161,-0.06282389075765084,0.32462456396979383,0.4039210884388036
sycophancy,e1,context_end,full,250,0,1,,,-0.1057105239734632,-0.218194422408281,0.0036157800027871554,0.37781179424092737,0.48352231821439057
sycophancy,e2,context_end,full,250,0,1,,,-0.04259534884962696,-0.12563000403823824,0.07542277088235773,0.4409269693647636,0.48352231821439057
sycophancy,e2p,context_end,full,250,0,1,,,0.06966177563284698,-0.01310651741004576,0.14118753680734542,0.5531840938472375,0.48352231821439057
sycophancy,e1,context_end,full,250,0,2,,,-0.09383961339238861,-0.2280052340756013,0.030838191230217988,0.3898798835811626,0.4837194969735512
sycophancy,e2,context_end,full,250,0,2,,,0.00710937008398177,-0.10040594951470197,0.11774580316515022,0.490828867057533,0.4837194969735512
sycophancy,e2p,context_end,full,250,0,2,,,0.0845357419419821,0.015581216835875301,0.15416275290143014,0.5682552389155333,0.4837194969735512
sycophancy,e1,context_end,full,250,1,0,,,-0.011616133791156003,-0.14440777635426807,0.13995827494447297,0.3441699765464768,0.3557861103376328
sycophancy,e2,context_end,full,250,1,0,,,0.023149297941794544,-0.08224234584645082,0.17294001208650533,0.37893540827942734,0.3557861103376328
sycophancy,e2p,context_end,full,250,1,0,,,0.10983029339762768,0.039540252819126334,0.19111936763473358,0.4656164037352605,0.3557861103376328
sycophancy,e1,context_end,full,250,1,1,,,0.03644851010756461,-0.07904919318837635,0.13465891054236118,0.46801752704137894,0.43156901693381433
sycophancy,e2,context_end,full,250,1,1,,,0.05828050144104702,-0.047501190586149426,0.156633613656448,0.48984951837486135,0.43156901693381433
sycophancy,e2p,context_end,full,250,1,1,,,0.10616542029212106,0.02708326910022354,0.1941903603340483,0.5377344372259354,0.43156901693381433
sycophancy,e1,context_end,full,250,1,2,,,-0.007489724814173704,-0.13002099138023748,0.10763994392447743,0.38984705105595685,0.39733677587013055
sycophancy,e2,context_end,full,250,1,2,,,0.018224664205301944,-0.08752248831931711,0.14453923982484515,0.4155614400754325,0.39733677587013055
sycophancy,e2p,context_end,full,250,1,2,,,0.08170720611553073,0.01001535404522791,0.19847559685061367,0.4790439819856613,0.39733677587013055
sycophancy,e1,context_end,full,250,2,0,,,-0.10164297302971281,-0.1899901048035152,-0.008934819721007093,0.3676197635874849,0.4692627366171977
sycophancy,e2,context_end,full,250,2,0,,,0.04137086408109075,-0.06960051082476747,0.16495447534913044,0.5106336006982884,0.4692627366171977
sycophancy,e2p,context_end,full,250,2,0,,,0.026819271645682874,-0.0352674250473496,0.11327845719570022,0.49608200826288057,0.4692627366171977
sycophancy,e1,context_end,full,250,2,1,,,-0.07171453946815193,-0.19565828193998716,0.056950775507221274,0.323904965221455,0.39561950468960694
sycophancy,e2,context_end,full,250,2,1,,,0.01816364201570142,-0.09694690691306335,0.13987050465914905,0.41378314670530836,0.39561950468960694
sycophancy,e2p,context_end,full,250,2,1,,,0.12844355566337762,0.03031025193231308,0.2146724917832528,0.5240630603529846,0.39561950468960694
sycophancy,e1,context_end,full,250,2,2,,,-0.06913528937241836,-0.1616671342599752,0.05446694420847765,0.45686559641288954,0.5260008857853079
sycophancy,e2,context_end,full,250,2,2,,,-0.0367809956404499,-0.14453386650407438,0.06620871160716257,0.489219890144858,0.5260008857853079
sycophancy,e2p,context_end,full,250,2,2,,,0.008660203724991988,-0.051414474389017334,0.09405223576417933,0.5346610895102999,0.5260008857853079
sycophancy,e1,context_end,full,250,3,0,,,-0.025571478555576233,-0.1417527962182655,0.08013042228375772,0.4302967108769386,0.45586818943251484
sycophancy,e2,context_end,full,250,3,0,,,0.05306219107895327,-0.06520227157077704,0.15783598227887302,0.5089303805114681,0.45586818943251484
sycophancy,e2p,context_end,full,250,3,0,,,0.09370908537800604,0.02940984641580898,0.179546007690797,0.5495772748105209,0.45586818943251484
sycophancy,e1,context_end,full,250,3,1,,,-0.012775250689297246,-0.152180236677159,0.10481936766868688,0.33591602364270834,0.3486912743320056
sycophancy,e2,context_end,full,250,3,1,,,-0.005582401147716909,-0.11083718790295148,0.11180144133381362,0.3431088731842887,0.3486912743320056
sycophancy,e2p,context_end,full,250,3,1,,,0.17693572377655326,0.06511059106171443,0.24565724246340612,0.5256269981085588,0.3486912743320056
sycophancy,e1,context_end,full,250,3,2,,,-0.22641629553766002,-0.3165047920678116,-0.10498380060039747,0.2821468485777659,0.5085631441154259
sycophancy,e2,context_end,full,250,3,2,,,-0.0749434020062279,-0.14681854285615936,0.02805311653274559,0.433619742109198,0.5085631441154259
sycophancy,e2p,context_end,full,250,3,2,,,0.04844813959841243,-0.02080259558982527,0.1353993356888617,0.5570112837138383,0.5085631441154259
sycophancy,e1,context_end,full,250,4,0,,,-0.16583388316493886,-0.2869485607866345,-0.06327767286128137,0.2700565430749957,0.43589042623993457
sycophancy,e2,context_end,full,250,4,0,,,-0.10132540946891372,-0.19740258674160557,0.027073345944811568,0.33456501677102085,0.43589042623993457
sycophancy,e2p,context_end,full,250,4,0,,,0.042694017703146014,-0.019042340662281,0.12308191947171951,0.4785844439430806,0.43589042623993457
sycophancy,e1,context_end,full,250,4,1,,,-0.09749342376028924,-0.22597884423906783,0.015419372185845206,0.3590459600400793,0.45653938380036857
sycophancy,e2,context_end,full,250,4,1,,,-0.058935541518819246,-0.152699096418596,0.0493273492714287,0.3976038422815493,0.45653938380036857
sycophancy,e2p,context_end,full,250,4,1,,,0.06526435783293688,-0.031533365179868295,0.13490836861674166,0.5218037416333055,0.45653938380036857
sycophancy,e1,context_end,full,250,4,2,,,-0.0790227559997711,-0.1832892080436645,0.0489075990814731,0.4200484170495796,0.4990711730493507
sycophancy,e2,context_end,full,250,4,2,,,-0.02920112207327069,-0.15213708413458066,0.09185539596839185,0.46987005097608003,0.4990711730493507
sycophancy,e2p,context_end,full,250,4,2,,,0.07307887578510947,-0.0007396157853623552,0.16335572211520955,0.5721500488344602,0.4990711730493507
sycophancy,e1,context_end,full,2500,0,1,,,-0.0750454833797145,-0.1155248733947409,-0.041301286109502795,0.3566961700026195,0.431741653382334
sycophancy,e2,context_end,full,2500,0,1,,,-0.008546169805243697,-0.05378325220488544,0.03639810837334701,0.4231954835770903,0.431741653382334
sycophancy,e2p,context_end,full,2500,0,1,,,0.05812058479003657,0.03229292259520428,0.09328566517531973,0.48986223817237057,0.431741653382334
sycophancy,e1,context_end,full,2500,0,2,,,-0.061020112279369265,-0.0994775043172215,-0.01929300338984605,0.3579070159753614,0.41892712825473066
sycophancy,e2,context_end,full,2500,0,2,,,0.0003416560525202339,-0.044246462978963855,0.04431282366303423,0.4192687843072509,0.41892712825473066
sycophancy,e2p,context_end,full,2500,0,2,,,0.068236690411975,0.04470638130305301,0.10113108321405372,0.48716381866670566,0.41892712825473066
sycophancy,e1,context_end,full,2500,1,0,,,-0.05042047033808883,-0.08826396389900559,-0.01220228405165696,0.36575847756987495,0.4161789479079638
sycophancy,e2,context_end,full,2500,1,0,,,0.012199265342728638,-0.024185401959021725,0.06165032657371346,0.4283782132506924,0.4161789479079638
sycophancy,e2p,context_end,full,2500,1,0,,,0.06648406935185691,0.04477300953158027,0.10797651508420818,0.4826630172598207,0.4161789479079638
sycophancy,e1,context_end,full,2500,1,1,,,-0.08046873055763792,-0.1164474971532111,-0.04293296406585851,0.3726136105638915,0.4530823411215294
sycophancy,e2,context_end,full,2500,1,1,,,-0.03258367729543277,-0.07114759136947198,0.01505263721799627,0.42049866382609663,0.4530823411215294
sycophancy,e2p,context_end,full,2500,1,1,,,0.012028011682422568,-0.00561552953985773,0.05108290549214483,0.46511035280395197,0.4530823411215294
sycophancy,e1,context_end,full,2500,1,2,,,-0.10202240920057254,-0.14074530507548808,-0.0671247362809252,0.35734772293139766,0.4593701321319702
sycophancy,e2,context_end,full,2500,1,2,,,-0.045668411834759115,-0.08388092706410005,-0.005180215431634311,0.4137017202972111,0.4593701321319702
sycophancy,e2p,context_end,full,2500,1,2,,,0.01231623626716033,-0.009062446925206538,0.041254175856523,0.47168636839913053,0.4593701321319702
sycophancy,e1,context_end,full,2500,2,0,,,-0.06443717587372866,-0.09771241968627947,-0.025562912298836383,0.36775218494229484,0.4321893608160235
sycophancy,e2,context_end,full,2500,2,0,,,-0.012511927798719624,-0.04866456558506267,0.03249352759370597,0.41967743301730387,0.4321893608160235
sycophancy,e2p,context_end,full,2500,2,0,,,0.04808163866756382,0.021497366226184405,0.0864447971492948,0.4802709994835873,0.4321893608160235
sycophancy,e1,context_end,full,2500,2,1,,,-0.08974285423779099,-0.1281623394433251,-0.051839992609890466,0.37523858981328506,0.46498144405107605
sycophancy,e2,context_end,full,2500,2,1,,,-0.05042271440027618,-0.08470978188468822,-0.0031821607014008374,0.4145587296507999,0.46498144405107605
sycophancy,e2p,context_end,full,2500,2,1,,,0.002305529483038915,-0.020005470919099797,0.03727426177643875,0.46728697353411497,0.46498144405107605
sycophancy,e1,context_end,full,2500,2,2,,,-0.10332034743188168,-0.1387631453204523,-0.0640396217541925,0.3464361663238527,0.4497565137557344
sycophancy,e2,context_end,full,2500,2,2,,,-0.0331693161801912,-0.06571807128907109,0.008801891723350564,0.4165871975755432,0.4497565137557344
sycophancy,e2p,context_end,full,2500,2,2,,,0.03545843935387949,0.017865878375466854,0.06979539624370798,0.4852149531096139,0.4497565137557344
sycophancy,e1,context_end,full,2500,3,0,,,-0.11552192948292478,-0.14903797694386506,-0.08235216332239806,0.34461901986309973,0.4601409493460245
sycophancy,e2,context_end,full,2500,3,0,,,-0.040671370505159954,-0.07597449277836367,-0.00363563520014797,0.41946957884086455,0.4601409493460245
sycophancy,e2p,context_end,full,2500,3,0,,,0.018673868268171356,-0.002329500136883948,0.04838137905045163,0.47881481761419586,0.4601409493460245
sycophancy,e1,context_end,full,2500,3,1,,,-0.12164082727508596,-0.15539447157857067,-0.08851003694645013,0.3699575779671787,0.49159840524226467
sycophancy,e2,context_end,full,2500,3,1,,,-0.0651361824549822,-0.10034946632376956,-0.023077826352321064,0.42646222278728246,0.49159840524226467
sycophancy,e2p,context_end,full,2500,3,1,,,-0.017518435934781806,-0.0382735232509671,0.014615870023009153,0.47407996930748286,0.49159840524226467
sycophancy,e1,context_end,full,2500,3,2,,,-0.07031787687353852,-0.107952898714311,-0.03649186121388129,0.3549056740836449,0.4252235509571834
sycophancy,e2,context_end,full,2500,3,2,,,-0.020294305616420816,-0.055744038705324024,0.02006108828558997,0.4049292453407626,0.4252235509571834
sycophancy,e2p,context_end,full,2500,3,2,,,0.04949229429457486,0.023228903689036004,0.08141121863344424,0.47471584525175825,0.4252235509571834
sycophancy,e1,context_end,full,2500,4,0,,,-0.009914888557844614,-0.05261860404385216,0.02630529352178934,0.3757122346281686,0.3856271231860132
sycophancy,e2,context_end,full,2500,4,0,,,0.034242362397532644,-0.0012513431963330018,0.07792684063613552,0.41986948558354587,0.3856271231860132
sycophancy,e2p,context_end,full,2500,4,0,,,0.08166562072992517,0.05743778856276718,0.1114588358163418,0.4672927439159384,0.3856271231860132
sycophancy,e1,context_end,full,2500,4,1,,,-0.10260137123466129,-0.13783543763217188,-0.06764754430094401,0.362096775545773,0.4646981467804343
sycophancy,e2,context_end,full,2500,4,1,,,-0.04120795701227653,-0.07691327597251155,-0.0011010786706814153,0.4234901897681578,0.4646981467804343
sycophancy,e2p,context_end,full,2500,4,1,,,0.011396303913621453,-0.01297508474113438,0.03948562608354247,0.47609445069405576,0.4646981467804343
sycophancy,e1,context_end,full,2500,4,2,,,-0.08512165274107192,-0.12008726909653095,-0.04758721038938448,0.36430625974186076,0.4494279124829327
sycophancy,e2,context_end,full,2500,4,2,,,-0.0129253091450513,-0.05519795558650784,0.02839064419814462,0.4365026033378814,0.4494279124829327
sycophancy,e2p,context_end,full,2500,4,2,,,0.021939386655620674,-0.0013696771350979475,0.05861272530167876,0.47136729913855335,0.4494279124829327
sycophancy,e1,context_end,full,16000,0,1,,,-0.06156541622469264,-0.07696880131096297,-0.0470255932896608,0.3593140076559399,0.42087942388063254
sycophancy,e2,context_end,full,16000,0,1,,,-0.0103274847963723,-0.02638698718519619,0.006783578157515412,0.41055193908426024,0.42087942388063254
sycophancy,e2p,context_end,full,16000,0,1,,,0.052297800689179164,0.040990972575385774,0.06698434475865406,0.4731772245698117,0.42087942388063254
sycophancy,e1,context_end,full,16000,0,2,,,-0.062071687683779464,-0.0781316512010003,-0.046337277416840315,0.3593140076559399,0.42138569533971937
sycophancy,e2,context_end,full,16000,0,2,,,-0.010833756255459126,-0.02641717873013398,0.006834135202215489,0.41055193908426024,0.42138569533971937
sycophancy,e2p,context_end,full,16000,0,2,,,0.05179152923009234,0.04176316931656817,0.06600187945105464,0.4731772245698117,0.42138569533971937
sycophancy,e1,context_end,full,16000,1,0,,,-0.06216001890775147,-0.07773927636003869,-0.0466632724442754,0.3593140076559399,0.4214740265636914
sycophancy,e2,context_end,full,16000,1,0,,,-0.01092208747943113,-0.02656595194958065,0.005669627242122718,0.41055193908426024,0.4214740265636914
sycophancy,e2p,context_end,full,16000,1,0,,,0.05170319800612033,0.04180121303990757,0.06541503396365389,0.4731772245698117,0.4214740265636914
sycophancy,e1,context_end,full,16000,1,1,,,-0.06363970403241115,-0.07960594775467245,-0.04725190836902353,0.3593140076559399,0.42295371168835105
sycophancy,e2,context_end,full,16000,1,1,,,-0.01240177260409081,-0.028511891382188848,0.004661621053668908,0.41055193908426024,0.42295371168835105
sycophancy,e2p,context_end,full,16000,1,1,,,0.05022351288146065,0.0397902408523509,0.06448038656676243,0.4731772245698117,0.42295371168835105
sycophancy,e1,context_end,full,16000,1,2,,,-0.06213913920850789,-0.07544599338704823,-0.04668731381014487,0.3593140076559399,0.4214531468644478
sycophancy,e2,context_end,full,16000,1,2,,,-0.01090120778018755,-0.025935588167145154,0.007291260800961301,0.41055193908426024,0.4214531468644478
sycophancy,e2p,context_end,full,16000,1,2,,,0.05172407770536391,0.0410712212137982,0.06499184902498345,0.4731772245698117,0.4214531468644478
sycophancy,e1,context_end,full,16000,2,0,,,-0.06339364653066604,-0.0786356421921299,-0.04729136301642466,0.3593140076559399,0.42270765418660594
sycophancy,e2,context_end,full,16000,2,0,,,-0.012155715102345699,-0.028010756222622737,0.006500564730772154,0.41055193908426024,0.42270765418660594
sycophancy,e2p,context_end,full,16000,2,0,,,0.050469570383205764,0.040165788382009245,0.06394434667263006,0.4731772245698117,0.42270765418660594
sycophancy,e1,context_end,full,16000,2,1,,,-0.06269853054442937,-0.0781958600291575,-0.049504224632170114,0.3593140076559399,0.42201253820036927
sycophancy,e2,context_end,full,16000,2,1,,,-0.011460599116109027,-0.0299613494564677,0.006142146156159096,0.41055193908426024,0.42201253820036927
sycophancy,e2p,context_end,full,16000,2,1,,,0.051164686369442436,0.04048014216026101,0.0649854119708923,0.4731772245698117,0.42201253820036927
sycophancy,e1,context_end,full,16000,2,2,,,-0.06269532858270244,-0.07826030748199841,-0.04671644778329624,0.3593140076559399,0.42200933623864234
sycophancy,e2,context_end,full,16000,2,2,,,-0.011457397154382098,-0.026993071205769756,0.005132004080954713,0.41055193908426024,0.42200933623864234
sycophancy,e2p,context_end,full,16000,2,2,,,0.051167888331169364,0.03940197508364516,0.06585688235135222,0.4731772245698117,0.42200933623864234
sycophancy,e1,context_end,full,16000,3,0,,,-0.06225716060317882,-0.07806982996513889,-0.04633797307832903,0.3593140076559399,0.4215711682591187
sycophancy,e2,context_end,full,16000,3,0,,,-0.01101922917485848,-0.027176945095960733,0.004978449428455421,0.41055193908426024,0.4215711682591187
sycophancy,e2p,context_end,full,16000,3,0,,,0.05160605631069298,0.040924418526427614,0.06726209669156931,0.4731772245698117,0.4215711682591187
sycophancy,e1,context_end,full,16000,3,1,,,-0.0626652373024435,-0.07693978941840998,-0.047286423025835925,0.3593140076559399,0.4219792449583834
sycophancy,e2,context_end,full,16000,3,1,,,-0.011427305874123161,-0.028543408001835295,0.006607174026619727,0.41055193908426024,0.4219792449583834
sycophancy,e2p,context_end,full,16000,3,1,,,0.0511979796114283,0.04095622580289106,0.06468487825158878,0.4731772245698117,0.4219792449583834
sycophancy,e1,context_end,full,16000,3,2,,,-0.06265525625695673,-0.07738487184009656,-0.04744843407136127,0.3593140076559399,0.42196926391289663
sycophancy,e2,context_end,full,16000,3,2,,,-0.011417324828636388,-0.027059019955304853,0.004144741522309508,0.41055193908426024,0.42196926391289663
sycophancy,e2p,context_end,full,16000,3,2,,,0.051207960656915075,0.04092005310312849,0.06481938328171048,0.4731772245698117,0.42196926391289663
sycophancy,e1,context_end,full,16000,4,0,,,-0.06264250519477688,-0.07750586879290289,-0.045308166520127355,0.3593140076559399,0.4219565128507168
sycophancy,e2,context_end,full,16000,4,0,,,-0.011404573766456538,-0.025763017637656614,0.00842930507229594,0.41055193908426024,0.4219565128507168
sycophancy,e2p,context_end,full,16000,4,0,,,0.051220711719094925,0.0408508150003439,0.06700131816876774,0.4731772245698117,0.4219565128507168
sycophancy,e1,context_end,full,16000,4,1,,,-0.06399675436166435,-0.07861846550124395,-0.0478961923355416,0.3593140076559399,0.42331076201760426
sycophancy,e2,context_end,full,16000,4,1,,,-0.012758822933344016,-0.028084075147646558,0.004844463609948756,0.41055193908426024,0.42331076201760426
sycophancy,e2p,context_end,full,16000,4,1,,,0.04986646255220745,0.03955652135372268,0.06274552478621187,0.4731772245698117,0.42331076201760426
sycophancy,e1,context_end,full,16000,4,2,,,-0.06309871619460167,-0.07878389363230294,-0.04843831421880668,0.3593140076559399,0.42241272385054157
sycophancy,e2,context_end,full,16000,4,2,,,-0.01186078476628133,-0.028207061297859277,0.005548205304015606,0.41055193908426024,0.42241272385054157
sycophancy,e2p,context_end,full,16000,4,2,,,0.050764500719270134,0.03846359457857886,0.06518760256736061,0.4731772245698117,0.42241272385054157
sycophancy,e1,prefix_end,250,250,0,0,,,0.14256424282538271,-0.011417769566274261,0.24345569319417876,0.046376115025620834,-0.09618812779976188
sycophancy,e2,prefix_end,250,250,0,0,,,0.14256424282538271,-0.011417769566274261,0.24345569319417876,0.046376115025620834,-0.09618812779976188
sycophancy,e2p,prefix_end,250,250,0,0,,,0.14256424282538271,-0.011417769566274261,0.24345569319417876,0.046376115025620834,-0.09618812779976188
sycophancy,e1,prefix_end,250,250,0,1,,,-0.04714970942443594,-0.17154498069217683,0.07655005336962492,0.003952742758947633,0.05110245218338358
sycophancy,e2,prefix_end,250,250,0,1,,,-0.04714970942443594,-0.17154498069217683,0.07655005336962492,0.003952742758947633,0.05110245218338358
sycophancy,e2p,prefix_end,250,250,0,1,,,-0.04714970942443594,-0.17154498069217683,0.07655005336962492,0.003952742758947633,0.05110245218338358
sycophancy,e1,prefix_end,250,250,0,2,,,nan,nan,nan,nan,0.028364235078807334
sycophancy,e2,prefix_end,250,250,0,2,,,nan,nan,nan,nan,0.028364235078807334
sycophancy,e2p,prefix_end,250,250,0,2,,,nan,nan,nan,nan,0.028364235078807334
sycophancy,e1,prefix_end,250,250,1,0,,,0.16224939112079428,0.010676325017365115,0.27542236781734775,0.15351809950573495,-0.008731291615059353
sycophancy,e2,prefix_end,250,250,1,0,,,0.16224939112079428,0.010676325017365115,0.27542236781734775,0.15351809950573495,-0.008731291615059353
sycophancy,e2p,prefix_end,250,250,1,0,,,0.16224939112079428,0.010676325017365115,0.27542236781734775,0.15351809950573495,-0.008731291615059353
sycophancy,e1,prefix_end,250,250,1,1,,,0.04749257995732155,-0.09936948780569499,0.13834363832664898,0.07936964788187162,0.03187706792455007
sycophancy,e2,prefix_end,250,250,1,1,,,0.04749257995732155,-0.09936948780569499,0.13834363832664898,0.07936964788187162,0.03187706792455007
sycophancy,e2p,prefix_end,250,250,1,1,,,0.04749257995732155,-0.09936948780569499,0.13834363832664898,0.07936964788187162,0.03187706792455007
sycophancy,e1,prefix_end,250,250,1,2,,,-0.04659414519875442,-0.17262817281466108,0.08569408843617093,0.05650885395363506,0.10310299915238948
sycophancy,e2,prefix_end,250,250,1,2,,,-0.04659414519875442,-0.17262817281466108,0.08569408843617093,0.05650885395363506,0.10310299915238948
sycophancy,e2p,prefix_end,250,250,1,2,,,-0.04659414519875442,-0.17262817281466108,0.08569408843617093,0.05650885395363506,0.10310299915238948
sycophancy,e1,prefix_end,250,250,2,0,,,0.04565561500030704,-0.06918527624812278,0.21836513964891727,0.018557623149637253,-0.027097991850669793
sycophancy,e2,prefix_end,250,250,2,0,,,0.04565561500030704,-0.06918527624812278,0.21836513964891727,0.018557623149637253,-0.027097991850669793
sycophancy,e2p,prefix_end,250,250,2,0,,,0.04565561500030704,-0.06918527624812278,0.21836513964891727,0.018557623149637253,-0.027097991850669793
sycophancy,e1,prefix_end,250,250,2,1,,,0.023381765318816625,-0.11967999614071054,0.11204030818887979,0.00614923906177414,-0.017232526257042483
sycophancy,e2,prefix_end,250,250,2,1,,,0.023381765318816625,-0.11967999614071054,0.11204030818887979,0.00614923906177414,-0.017232526257042483
sycophancy,e2p,prefix_end,250,250,2,1,,,0.023381765318816625,-0.11967999614071054,0.11204030818887979,0.00614923906177414,-0.017232526257042483
sycophancy,e1,prefix_end,250,250,2,2,,,nan,nan,nan,nan,0.015739314102242302
sycophancy,e2,prefix_end,250,250,2,2,,,nan,nan,nan,nan,0.015739314102242302
sycophancy,e2p,prefix_end,250,250,2,2,,,nan,nan,nan,nan,0.015739314102242302
sycophancy,e1,prefix_end,250,250,3,0,,,0.026418841908111647,-0.11959332244690303,0.1714217783853826,0.05385243579563314,0.027433593887521493
sycophancy,e2,prefix_end,250,250,3,0,,,0.026418841908111647,-0.11959332244690303,0.1714217783853826,0.05385243579563314,0.027433593887521493
sycophancy,e2p,prefix_end,250,250,3,0,,,0.026418841908111647,-0.11959332244690303,0.1714217783853826,0.05385243579563314,0.027433593887521493
sycophancy,e1,prefix_end,250,250,3,1,,,0.0072008292412264335,-0.15366016341596048,0.12277586267730434,0.0452076135441434,0.038006784302916964
sycophancy,e2,prefix_end,250,250,3,1,,,0.0072008292412264335,-0.15366016341596048,0.12277586267730434,0.0452076135441434,0.038006784302916964
sycophancy,e2p,prefix_end,250,250,3,1,,,0.0072008292412264335,-0.15366016341596048,0.12277586267730434,0.0452076135441434,0.038006784302916964
sycophancy,e1,prefix_end,250,250,3,2,,,-0.07755032672369935,-0.19907758408949888,0.06817716431866418,0.017737922365494315,0.09528824908919367
sycophancy,e2,prefix_end,250,250,3,2,,,-0.07755032672369935,-0.19907758408949888,0.06817716431866418,0.017737922365494315,0.09528824908919367
sycophancy,e2p,prefix_end,250,250,3,2,,,-0.07755032672369935,-0.19907758408949888,0.06817716431866418,0.017737922365494315,0.09528824908919367
sycophancy,e1,prefix_end,250,250,4,0,,,-0.03566956506346503,-0.15159095580070972,0.13855307332256453,0.04175342487813067,0.0774229899415957
sycophancy,e2,prefix_end,250,250,4,0,,,-0.03566956506346503,-0.15159095580070972,0.13855307332256453,0.04175342487813067,0.0774229899415957
sycophancy,e2p,prefix_end,250,250,4,0,,,-0.03566956506346503,-0.15159095580070972,0.13855307332256453,0.04175342487813067,0.0774229899415957
sycophancy,e1,prefix_end,250,250,4,1,,,0.0021705544538367233,-0.12918888353674143,0.10695729956642991,0.026789242324513223,0.0246186878706765
sycophancy,e2,prefix_end,250,250,4,1,,,0.0021705544538367233,-0.12918888353674143,0.10695729956642991,0.026789242324513223,0.0246186878706765
sycophancy,e2p,prefix_end,250,250,4,1,,,0.0021705544538367233,-0.12918888353674143,0.10695729956642991,0.026789242324513223,0.0246186878706765
sycophancy,e1,prefix_end,250,250,4,2,,,0.033938502558429964,-0.06664718926044519,0.19555362176850413,0.017626234542172256,-0.016312268016257705
sycophancy,e2,prefix_end,250,250,4,2,,,0.033938502558429964,-0.06664718926044519,0.19555362176850413,0.017626234542172256,-0.016312268016257705
sycophancy,e2p,prefix_end,250,250,4,2,,,0.033938502558429964,-0.06664718926044519,0.19555362176850413,0.017626234542172256,-0.016312268016257705
sycophancy,e1,prefix_end,250,2500,0,0,,,0.0012271699443329592,-0.040871575741402606,0.04807915689895083,0.02128780588236885,0.020060635938035892
sycophancy,e2,prefix_end,250,2500,0,0,,,0.0012271699443329592,-0.040871575741402606,0.04807915689895083,0.02128780588236885,0.020060635938035892
sycophancy,e2p,prefix_end,250,2500,0,0,,,0.0012271699443329592,-0.04218286316655315,0.047313290774914786,0.02128780588236885,0.020060635938035892
sycophancy,e1,prefix_end,250,2500,0,1,,,nan,nan,nan,nan,0.019518590791923286
sycophancy,e2,prefix_end,250,2500,0,1,,,nan,nan,nan,nan,0.019518590791923286
sycophancy,e2p,prefix_end,250,2500,0,1,,,nan,nan,nan,nan,0.019518590791923286
sycophancy,e1,prefix_end,250,2500,0,2,,,nan,nan,nan,nan,0.04295719006661686
sycophancy,e2,prefix_end,250,2500,0,2,,,nan,nan,nan,nan,0.04295719006661686
sycophancy,e2p,prefix_end,250,2500,0,2,,,nan,nan,nan,nan,0.04295719006661686
sycophancy,e1,prefix_end,250,2500,1,0,,,0.06106945803868524,0.021501318278110606,0.10913566574169871,0.030621757160070113,-0.030447700878615133
sycophancy,e2,prefix_end,250,2500,1,0,,,0.06106945803868524,0.021501318278110606,0.10913566574169871,0.030621757160070113,-0.030447700878615133
sycophancy,e2p,prefix_end,250,2500,1,0,,,0.06106945803868524,0.021501318278110606,0.10913566574169871,0.030621757160070113,-0.030447700878615133
sycophancy,e1,prefix_end,250,2500,1,1,,,nan,nan,nan,nan,0.00288182344653186
sycophancy,e2,prefix_end,250,2500,1,1,,,nan,nan,nan,nan,0.00288182344653186
sycophancy,e2p,prefix_end,250,2500,1,1,,,nan,nan,nan,nan,0.00288182344653186
sycophancy,e1,prefix_end,250,2500,1,2,,,0.046195052621868314,0.01450048016546172,0.09437669716837002,0.02959898575015498,-0.016596066871713333
sycophancy,e2,prefix_end,250,2500,1,2,,,0.046195052621868314,0.01450048016546172,0.09437669716837002,0.02959898575015498,-0.016596066871713333
sycophancy,e2p,prefix_end,250,2500,1,2,,,0.046195052621868314,0.01450048016546172,0.09437669716837002,0.02959898575015498,-0.016596066871713333
sycophancy,e1,prefix_end,250,2500,2,0,,,0.03326368243871151,-0.005096280709067053,0.08213697742694005,0.029431532949240877,-0.003832149489470628
sycophancy,e2,prefix_end,250,2500,2,0,,,0.03326368243871151,-0.005096280709067053,0.08213697742694005,0.029431532949240877,-0.003832149489470628
sycophancy,e2p,prefix_end,250,2500,2,0,,,0.03326368243871151,-0.005096280709067053,0.08213697742694005,0.029431532949240877,-0.003832149489470628
sycophancy,e1,prefix_end,250,2500,2,1,,,0.01181983993369904,-0.02553768497293524,0.05895671661845791,0.030847469734438405,0.019027629800739364
sycophancy,e2,prefix_end,250,2500,2,1,,,0.01181983993369904,-0.02553768497293524,0.05895671661845791,0.030847469734438405,0.019027629800739364
sycophancy,e2p,prefix_end,250,2500,2,1,,,0.01181983993369904,-0.02553768497293524,0.05895671661845791,0.030847469734438405,0.019027629800739364
sycophancy,e1,prefix_end,250,2500,2,2,,,0.012474499500080291,-0.019534136627497645,0.054141311967950384,0.015819083260628797,0.003344583760548506
sycophancy,e2,prefix_end,250,2500,2,2,,,0.012474499500080291,-0.019534136627497645,0.054141311967950384,0.015819083260628797,0.003344583760548506
sycophancy,e2p,prefix_end,250,2500,2,2,,,0.012474499500080291,-0.019534136627497645,0.054141311967950384,0.015819083260628797,0.003344583760548506
sycophancy,e1,prefix_end,250,2500,3,0,,,nan,nan,nan,nan,-0.0040059535880895844
sycophancy,e2,prefix_end,250,2500,3,0,,,nan,nan,nan,nan,-0.0040059535880895844
sycophancy,e2p,prefix_end,250,2500,3,0,,,nan,nan,nan,nan,-0.0040059535880895844
sycophancy,e1,prefix_end,250,2500,3,1,,,nan,nan,nan,nan,0.012745549532796784
sycophancy,e2,prefix_end,250,2500,3,1,,,nan,nan,nan,nan,0.012745549532796784
sycophancy,e2p,prefix_end,250,2500,3,1,,,nan,nan,nan,nan,0.012745549532796784
sycophancy,e1,prefix_end,250,2500,3,2,,,0.012778748189053371,-0.023607655543311044,0.05835371248980698,0.017050839918649575,0.004272091729596203
sycophancy,e2,prefix_end,250,2500,3,2,,,0.012778748189053371,-0.023607655543311044,0.05835371248980698,0.017050839918649575,0.004272091729596203
sycophancy,e2p,prefix_end,250,2500,3,2,,,0.012778748189053371,-0.023607655543311044,0.05835371248980698,0.017050839918649575,0.004272091729596203
sycophancy,e1,prefix_end,250,2500,4,0,,,0.03475455044933087,0.003087012241588265,0.07687770678106877,0.016691311790830436,-0.018063238658500437
sycophancy,e2,prefix_end,250,2500,4,0,,,0.03475455044933087,0.003087012241588265,0.07687770678106877,0.016691311790830436,-0.018063238658500437
sycophancy,e2p,prefix_end,250,2500,4,0,,,0.03475455044933087,0.003087012241588265,0.07687770678106877,0.016691311790830436,-0.018063238658500437
sycophancy,e1,prefix_end,250,2500,4,1,,,nan,nan,nan,nan,0.038185264789573695
sycophancy,e2,prefix_end,250,2500,4,1,,,nan,nan,nan,nan,0.038185264789573695
sycophancy,e2p,prefix_end,250,2500,4,1,,,nan,nan,nan,nan,0.038185264789573695
sycophancy,e1,prefix_end,250,2500,4,2,,,nan,nan,nan,nan,0.023363776665140577
sycophancy,e2,prefix_end,250,2500,4,2,,,nan,nan,nan,nan,0.023363776665140577
sycophancy,e2p,prefix_end,250,2500,4,2,,,nan,nan,nan,nan,0.023363776665140577
sycophancy,e1,prefix_end,250,16000,0,0,,,0.008077158808956483,-0.006208644539420022,0.02989565389739375,0.0030329483658930742,-0.005044210443063409
sycophancy,e2,prefix_end,250,16000,0,0,,,0.008077158808956483,-0.006208644539420022,0.02989565389739375,0.0030329483658930742,-0.005044210443063409
sycophancy,e2p,prefix_end,250,16000,0,0,,,0.008077158808956483,-0.006208644539420022,0.02989565389739375,0.0030329483658930742,-0.005044210443063409
sycophancy,e1,prefix_end,250,16000,0,1,,,0.008321182213098549,-0.005307289594122105,0.03221275985901412,0.0030329483658930742,-0.005288233847205476
sycophancy,e2,prefix_end,250,16000,0,1,,,0.008321182213098549,-0.005307289594122105,0.03221275985901412,0.0030329483658930742,-0.005288233847205476
sycophancy,e2p,prefix_end,250,16000,0,1,,,0.008321182213098549,-0.005307289594122105,0.03221275985901412,0.0030329483658930742,-0.005288233847205476
sycophancy,e1,prefix_end,250,16000,0,2,,,-0.0012981321547058562,-0.012589501751840416,0.020693191381847338,0.0030329483658930742,0.0043310805205989305
sycophancy,e2,prefix_end,250,16000,0,2,,,-0.0012981321547058562,-0.012589501751840416,0.020693191381847338,0.0030329483658930742,0.0043310805205989305
sycophancy,e2p,prefix_end,250,16000,0,2,,,-0.0012981321547058562,-0.012589501751840416,0.020693191381847338,0.0030329483658930742,0.0043310805205989305
sycophancy,e1,prefix_end,250,16000,1,0,,,-0.0030469608501160943,-0.0171839507183212,0.02210042594319827,0.0030329483658930742,0.0060799092160091685
sycophancy,e2,prefix_end,250,16000,1,0,,,-0.0030469608501160943,-0.0171839507183212,0.02210042594319827,0.0030329483658930742,0.0060799092160091685
sycophancy,e2p,prefix_end,250,16000,1,0,,,-0.0030469608501160943,-0.0171839507183212,0.02210042594319827,0.0030329483658930742,0.0060799092160091685
sycophancy,e1,prefix_end,250,16000,1,1,,,0.010010218396837339,-0.00256341329886374,0.03533493723835924,0.0030329483658930742,-0.0069772700309442635
sycophancy,e2,prefix_end,250,16000,1,1,,,0.010010218396837339,-0.00256341329886374,0.03533493723835924,0.0030329483658930742,-0.0069772700309442635
sycophancy,e2p,prefix_end,250,16000,1,1,,,0.010010218396837339,-0.00256341329886374,0.03533493723835924,0.0030329483658930742,-0.0069772700309442635
sycophancy,e1,prefix_end,250,16000,1,2,,,-0.010628573300828809,-0.024141490998899152,0.013560901449284695,0.0030329483658930742,0.013661521666721884
sycophancy,e2,prefix_end,250,16000,1,2,,,-0.010628573300828809,-0.024141490998899152,0.013560901449284695,0.0030329483658930742,0.013661521666721884
sycophancy,e2p,prefix_end,250,16000,1,2,,,-0.010628573300828809,-0.024141490998899152,0.013560901449284695,0.0030329483658930742,0.013661521666721884
sycophancy,e1,prefix_end,250,16000,2,0,,,0.0032279046441988663,-0.011411418842818372,0.027620352872665548,0.0030329483658930742,-0.00019495627830579205
sycophancy,e2,prefix_end,250,16000,2,0,,,0.0032279046441988663,-0.011411418842818372,0.027620352872665548,0.0030329483658930742,-0.00019495627830579205
sycophancy,e2p,prefix_end,250,16000,2,0,,,0.0032279046441988663,-0.011411418842818372,0.027620352872665548,0.0030329483658930742,-0.00019495627830579205
sycophancy,e1,prefix_end,250,16000,2,1,,,0.022906421941001488,0.00778981084713451,0.04606690991724661,0.0030329483658930742,-0.019873473575108415
sycophancy,e2,prefix_end,250,16000,2,1,,,0.022906421941001488,0.00778981084713451,0.04606690991724661,0.0030329483658930742,-0.019873473575108415
sycophancy,e2p,prefix_end,250,16000,2,1,,,0.022906421941001488,0.00778981084713451,0.04606690991724661,0.0030329483658930742,-0.019873473575108415
sycophancy,e1,prefix_end,250,16000,2,2,,,0.012750806091501123,-0.0008858253414162027,0.0369932649018601,0.0030329483658930742,-0.00971785772560805
sycophancy,e2,prefix_end,250,16000,2,2,,,0.012750806091501123,-0.0008858253414162027,0.0369932649018601,0.0030329483658930742,-0.00971785772560805
sycophancy,e2p,prefix_end,250,16000,2,2,,,0.012750806091501123,-0.0008858253414162027,0.0369932649018601,0.0030329483658930742,-0.00971785772560805
sycophancy,e1,prefix_end,250,16000,3,0,,,0.004228182508098628,-0.008772724902008724,0.0282178611053106,0.0030329483658930742,-0.001195234142205554
sycophancy,e2,prefix_end,250,16000,3,0,,,0.004228182508098628,-0.008772724902008724,0.0282178611053106,0.0030329483658930742,-0.001195234142205554
sycophancy,e2p,prefix_end,250,16000,3,0,,,0.004228182508098628,-0.008772724902008724,0.0282178611053106,0.0030329483658930742,-0.001195234142205554
sycophancy,e1,prefix_end,250,16000,3,1,,,0.00928252380718216,-0.003315973149073152,0.033597285615139666,0.0030329483658930742,-0.006249575441289086
sycophancy,e2,prefix_end,250,16000,3,1,,,0.00928252380718216,-0.003315973149073152,0.033597285615139666,0.0030329483658930742,-0.006249575441289086
sycophancy,e2p,prefix_end,250,16000,3,1,,,0.00928252380718216,-0.003315973149073152,0.033597285615139666,0.0030329483658930742,-0.006249575441289086
sycophancy,e1,prefix_end,250,16000,3,2,,,0.007902949362522973,-0.00476931393819794,0.030910129167384188,0.0030329483658930742,-0.004870000996629899
sycophancy,e2,prefix_end,250,16000,3,2,,,0.007902949362522973,-0.00476931393819794,0.030910129167384188,0.0030329483658930742,-0.004870000996629899
sycophancy,e2p,prefix_end,250,16000,3,2,,,0.007902949362522973,-0.00476931393819794,0.030910129167384188,0.0030329483658930742,-0.004870000996629899
sycophancy,e1,prefix_end,250,16000,4,0,,,0.012237371756323095,-0.0018771269009915698,0.03588573720722985,0.0030329483658930742,-0.009204423390430021
sycophancy,e2,prefix_end,250,16000,4,0,,,0.012237371756323095,-0.0018771269009915698,0.03588573720722985,0.0030329483658930742,-0.009204423390430021
sycophancy,e2p,prefix_end,250,16000,4,0,,,0.012237371756323095,-0.0018771269009915698,0.03588573720722985,0.0030329483658930742,-0.009204423390430021
sycophancy,e1,prefix_end,250,16000,4,1,,,0.0017397202176774537,-0.012129638675915091,0.02660365710834281,0.0030329483658930742,0.0012932281482156205
sycophancy,e2,prefix_end,250,16000,4,1,,,0.0017397202176774537,-0.012129638675915091,0.02660365710834281,0.0030329483658930742,0.0012932281482156205
sycophancy,e2p,prefix_end,250,16000,4,1,,,0.0017397202176774537,-0.012129638675915091,0.02660365710834281,0.0030329483658930742,0.0012932281482156205
sycophancy,e1,prefix_end,250,16000,4,2,,,0.01040011436299253,-0.000951025812549306,0.03386365155491209,0.0030329483658930742,-0.007367165997099457
sycophancy,e2,prefix_end,250,16000,4,2,,,0.01040011436299253,-0.000951025812549306,0.03386365155491209,0.0030329483658930742,-0.007367165997099457
sycophancy,e2p,prefix_end,250,16000,4,2,,,0.01040011436299253,-0.000951025812549306,0.03386365155491209,0.0030329483658930742,-0.007367165997099457
sycophancy,e1,prefix_end,5000,250,0,0,,,nan,nan,nan,nan,-0.10171708255710653
sycophancy,e2,prefix_end,5000,250,0,0,,,nan,nan,nan,nan,-0.10171708255710653
sycophancy,e2p,prefix_end,5000,250,0,0,,,nan,nan,nan,nan,-0.10171708255710653
sycophancy,e1,prefix_end,5000,250,0,1,,,nan,nan,nan,nan,0.05110245218338358
sycophancy,e2,prefix_end,5000,250,0,1,,,nan,nan,nan,nan,0.05110245218338358
sycophancy,e2p,prefix_end,5000,250,0,1,,,nan,nan,nan,nan,0.05110245218338358
sycophancy,e1,prefix_end,5000,250,0,2,,,nan,nan,nan,nan,0.028364235078807334
sycophancy,e2,prefix_end,5000,250,0,2,,,nan,nan,nan,nan,0.028364235078807334
sycophancy,e2p,prefix_end,5000,250,0,2,,,nan,nan,nan,nan,0.028364235078807334
sycophancy,e1,prefix_end,5000,250,1,0,,,nan,nan,nan,nan,-0.014564151384083526
sycophancy,e2,prefix_end,5000,250,1,0,,,nan,nan,nan,nan,-0.014564151384083526
sycophancy,e2p,prefix_end,5000,250,1,0,,,nan,nan,nan,nan,-0.014564151384083526
sycophancy,e1,prefix_end,5000,250,1,1,,,nan,nan,nan,nan,-0.013450059965875128
sycophancy,e2,prefix_end,5000,250,1,1,,,nan,nan,nan,nan,-0.013450059965875128
sycophancy,e2p,prefix_end,5000,250,1,1,,,nan,nan,nan,nan,-0.013450059965875128
sycophancy,e1,prefix_end,5000,250,1,2,,,nan,nan,nan,nan,0.07292514353444282
sycophancy,e2,prefix_end,5000,250,1,2,,,nan,nan,nan,nan,0.07292514353444282
sycophancy,e2p,prefix_end,5000,250,1,2,,,nan,nan,nan,nan,0.07292514353444282
sycophancy,e1,prefix_end,5000,250,2,0,,,nan,nan,nan,nan,-0.029284391575026786
sycophancy,e2,prefix_end,5000,250,2,0,,,nan,nan,nan,nan,-0.029284391575026786
sycophancy,e2p,prefix_end,5000,250,2,0,,,nan,nan,nan,nan,-0.029284391575026786
sycophancy,e1,prefix_end,5000,250,2,1,,,nan,nan,nan,nan,-0.017368876635005675
sycophancy,e2,prefix_end,5000,250,2,1,,,nan,nan,nan,nan,-0.017368876635005675
sycophancy,e2p,prefix_end,5000,250,2,1,,,nan,nan,nan,nan,-0.017368876635005675
sycophancy,e1,prefix_end,5000,250,2,2,,,nan,nan,nan,nan,0.015739314102242302
sycophancy,e2,prefix_end,5000,250,2,2,,,nan,nan,nan,nan,0.015739314102242302
sycophancy,e2p,prefix_end,5000,250,2,2,,,nan,nan,nan,nan,0.015739314102242302
sycophancy,e1,prefix_end,5000,250,3,0,,,nan,nan,nan,nan,-0.0015483765192339312
sycophancy,e2,prefix_end,5000,250,3,0,,,nan,nan,nan,nan,-0.0015483765192339312
sycophancy,e2p,prefix_end,5000,250,3,0,,,nan,nan,nan,nan,-0.0015483765192339312
sycophancy,e1,prefix_end,5000,250,3,1,,,nan,nan,nan,nan,0.04379652174343252
sycophancy,e2,prefix_end,5000,250,3,1,,,nan,nan,nan,nan,0.04379652174343252
sycophancy,e2p,prefix_end,5000,250,3,1,,,nan,nan,nan,nan,0.04379652174343252
sycophancy,e1,prefix_end,5000,250,3,2,,,nan,nan,nan,nan,0.07848881903993653
sycophancy,e2,prefix_end,5000,250,3,2,,,nan,nan,nan,nan,0.07848881903993653
sycophancy,e2p,prefix_end,5000,250,3,2,,,nan,nan,nan,nan,0.07848881903993653
sycophancy,e1,prefix_end,5000,250,4,0,,,nan,nan,nan,nan,0.0615071753004373
sycophancy,e2,prefix_end,5000,250,4,0,,,nan,nan,nan,nan,0.0615071753004373
sycophancy,e2p,prefix_end,5000,250,4,0,,,nan,nan,nan,nan,0.0615071753004373
sycophancy,e1,prefix_end,5000,250,4,1,,,nan,nan,nan,nan,0.011368502360662716
sycophancy,e2,prefix_end,5000,250,4,1,,,nan,nan,nan,nan,0.011368502360662716
sycophancy,e2p,prefix_end,5000,250,4,1,,,nan,nan,nan,nan,0.011368502360662716
sycophancy,e1,prefix_end,5000,250,4,2,,,nan,nan,nan,nan,-0.01791961900179912
sycophancy,e2,prefix_end,5000,250,4,2,,,nan,nan,nan,nan,-0.01791961900179912
sycophancy,e2p,prefix_end,5000,250,4,2,,,nan,nan,nan,nan,-0.01791961900179912
sycophancy,e1,prefix_end,5000,2500,0,0,,,0.0018884946671810475,-0.045105693197846075,0.045479228766526644,0.02128780588236885,0.019399311215187804
sycophancy,e2,prefix_end,5000,2500,0,0,,,0.0018884946671810475,-0.045105693197846075,0.045479228766526644,0.02128780588236885,0.019399311215187804
sycophancy,e2p,prefix_end,5000,2500,0,0,,,0.0018884946671810475,-0.045105693197846075,0.045479228766526644,0.02128780588236885,0.019399311215187804
sycophancy,e1,prefix_end,5000,2500,0,1,,,nan,nan,nan,nan,0.019518590791923286
sycophancy,e2,prefix_end,5000,2500,0,1,,,nan,nan,nan,nan,0.019518590791923286
sycophancy,e2p,prefix_end,5000,2500,0,1,,,nan,nan,nan,nan,0.019518590791923286
sycophancy,e1,prefix_end,5000,2500,0,2,,,nan,nan,nan,nan,0.04599410187605624
sycophancy,e2,prefix_end,5000,2500,0,2,,,nan,nan,nan,nan,0.04599410187605624
sycophancy,e2p,prefix_end,5000,2500,0,2,,,nan,nan,nan,nan,0.04599410187605624
sycophancy,e1,prefix_end,5000,2500,1,0,,,0.06106945803868524,0.021501318278110606,0.10913566574169871,0.030621757160070113,-0.030447700878615133
sycophancy,e2,prefix_end,5000,2500,1,0,,,0.06106945803868524,0.021501318278110606,0.10913566574169871,0.030621757160070113,-0.030447700878615133
sycophancy,e2p,prefix_end,5000,2500,1,0,,,0.06106945803868524,0.021501318278110606,0.10913566574169871,0.030621757160070113,-0.030447700878615133
sycophancy,e1,prefix_end,5000,2500,1,1,,,nan,nan,nan,nan,0.00288182344653186
sycophancy,e2,prefix_end,5000,2500,1,1,,,nan,nan,nan,nan,0.00288182344653186
sycophancy,e2p,prefix_end,5000,2500,1,1,,,nan,nan,nan,nan,0.00288182344653186
sycophancy,e1,prefix_end,5000,2500,1,2,,,0.046195052621868314,0.01450048016546172,0.09437669716837002,0.02959898575015498,-0.016596066871713333
sycophancy,e2,prefix_end,5000,2500,1,2,,,0.046195052621868314,0.01450048016546172,0.09437669716837002,0.02959898575015498,-0.016596066871713333
sycophancy,e2p,prefix_end,5000,2500,1,2,,,0.046195052621868314,0.01450048016546172,0.09437669716837002,0.02959898575015498,-0.016596066871713333
sycophancy,e1,prefix_end,5000,2500,2,0,,,0.03326368243871151,-0.005096280709067053,0.08213697742694005,0.029431532949240877,-0.003832149489470628
sycophancy,e2,prefix_end,5000,2500,2,0,,,0.03326368243871151,-0.005096280709067053,0.08213697742694005,0.029431532949240877,-0.003832149489470628
sycophancy,e2p,prefix_end,5000,2500,2,0,,,0.03326368243871151,-0.005096280709067053,0.08213697742694005,0.029431532949240877,-0.003832149489470628
sycophancy,e1,prefix_end,5000,2500,2,1,,,0.01181983993369904,-0.02553768497293524,0.05895671661845791,0.030847469734438405,0.019027629800739364
sycophancy,e2,prefix_end,5000,2500,2,1,,,0.01181983993369904,-0.02553768497293524,0.05895671661845791,0.030847469734438405,0.019027629800739364
sycophancy,e2p,prefix_end,5000,2500,2,1,,,0.01181983993369904,-0.02553768497293524,0.05895671661845791,0.030847469734438405,0.019027629800739364
sycophancy,e1,prefix_end,5000,2500,2,2,,,0.012252977943904562,-0.019945593250255106,0.05365618790489634,0.015819083260628797,0.003566105316724235
sycophancy,e2,prefix_end,5000,2500,2,2,,,0.012252977943904562,-0.019945593250255106,0.05365618790489634,0.015819083260628797,0.003566105316724235
sycophancy,e2p,prefix_end,5000,2500,2,2,,,0.012252977943904562,-0.019945593250255106,0.05365618790489634,0.015819083260628797,0.003566105316724235
sycophancy,e1,prefix_end,5000,2500,3,0,,,nan,nan,nan,nan,-0.0037872011193168693
sycophancy,e2,prefix_end,5000,2500,3,0,,,nan,nan,nan,nan,-0.0037872011193168693
sycophancy,e2p,prefix_end,5000,2500,3,0,,,nan,nan,nan,nan,-0.0037872011193168693
sycophancy,e1,prefix_end,5000,2500,3,1,,,nan,nan,nan,nan,0.012745549532796784
sycophancy,e2,prefix_end,5000,2500,3,1,,,nan,nan,nan,nan,0.012745549532796784
sycophancy,e2p,prefix_end,5000,2500,3,1,,,nan,nan,nan,nan,0.012745549532796784
sycophancy,e1,prefix_end,5000,2500,3,2,,,0.012778748189053371,-0.023607655543311044,0.05835371248980698,0.017050839918649575,0.004272091729596203
sycophancy,e2,prefix_end,5000,2500,3,2,,,0.012778748189053371,-0.023607655543311044,0.05835371248980698,0.017050839918649575,0.004272091729596203
sycophancy,e2p,prefix_end,5000,2500,3,2,,,0.012778748189053371,-0.023607655543311044,0.05835371248980698,0.017050839918649575,0.004272091729596203
sycophancy,e1,prefix_end,5000,2500,4,0,,,0.03475455044933087,0.003087012241588265,0.07687770678106877,0.016691311790830436,-0.018063238658500437
sycophancy,e2,prefix_end,5000,2500,4,0,,,0.03475455044933087,0.003087012241588265,0.07687770678106877,0.016691311790830436,-0.018063238658500437
sycophancy,e2p,prefix_end,5000,2500,4,0,,,0.03475455044933087,0.003087012241588265,0.07687770678106877,0.016691311790830436,-0.018063238658500437
sycophancy,e1,prefix_end,5000,2500,4,1,,,nan,nan,nan,nan,-0.002128972145601248
sycophancy,e2,prefix_end,5000,2500,4,1,,,nan,nan,nan,nan,-0.002128972145601248
sycophancy,e2p,prefix_end,5000,2500,4,1,,,nan,nan,nan,nan,-0.002128972145601248
sycophancy,e1,prefix_end,5000,2500,4,2,,,nan,nan,nan,nan,0.038168877884101775
sycophancy,e2,prefix_end,5000,2500,4,2,,,nan,nan,nan,nan,0.038168877884101775
sycophancy,e2p,prefix_end,5000,2500,4,2,,,nan,nan,nan,nan,0.038168877884101775
sycophancy,e1,prefix_end,5000,16000,0,0,,,0.008077158808956483,-0.006208644539420022,0.02989565389739375,0.0030329483658930742,-0.005044210443063409
sycophancy,e2,prefix_end,5000,16000,0,0,,,0.008077158808956483,-0.006208644539420022,0.02989565389739375,0.0030329483658930742,-0.005044210443063409
sycophancy,e2p,prefix_end,5000,16000,0,0,,,0.008077158808956483,-0.006208644539420022,0.02989565389739375,0.0030329483658930742,-0.005044210443063409
sycophancy,e1,prefix_end,5000,16000,0,1,,,0.008321182213098549,-0.005307289594122105,0.03221275985901412,0.0030329483658930742,-0.005288233847205476
sycophancy,e2,prefix_end,5000,16000,0,1,,,0.008321182213098549,-0.005307289594122105,0.03221275985901412,0.0030329483658930742,-0.005288233847205476
sycophancy,e2p,prefix_end,5000,16000,0,1,,,0.008321182213098549,-0.005307289594122105,0.03221275985901412,0.0030329483658930742,-0.005288233847205476
sycophancy,e1,prefix_end,5000,16000,0,2,,,-0.0012981321547058562,-0.012589501751840416,0.020693191381847338,0.0030329483658930742,0.0043310805205989305
sycophancy,e2,prefix_end,5000,16000,0,2,,,-0.0012981321547058562,-0.012589501751840416,0.020693191381847338,0.0030329483658930742,0.0043310805205989305
sycophancy,e2p,prefix_end,5000,16000,0,2,,,-0.0012981321547058562,-0.012589501751840416,0.020693191381847338,0.0030329483658930742,0.0043310805205989305
sycophancy,e1,prefix_end,5000,16000,1,0,,,-0.0030469608501160943,-0.0171839507183212,0.02210042594319827,0.0030329483658930742,0.0060799092160091685
sycophancy,e2,prefix_end,5000,16000,1,0,,,-0.0030469608501160943,-0.0171839507183212,0.02210042594319827,0.0030329483658930742,0.0060799092160091685
sycophancy,e2p,prefix_end,5000,16000,1,0,,,-0.0030469608501160943,-0.0171839507183212,0.02210042594319827,0.0030329483658930742,0.0060799092160091685
sycophancy,e1,prefix_end,5000,16000,1,1,,,0.010010218396837339,-0.00256341329886374,0.03533493723835924,0.0030329483658930742,-0.0069772700309442635
sycophancy,e2,prefix_end,5000,16000,1,1,,,0.010010218396837339,-0.00256341329886374,0.03533493723835924,0.0030329483658930742,-0.0069772700309442635
sycophancy,e2p,prefix_end,5000,16000,1,1,,,0.010010218396837339,-0.00256341329886374,0.03533493723835924,0.0030329483658930742,-0.0069772700309442635
sycophancy,e1,prefix_end,5000,16000,1,2,,,-0.010628573300828809,-0.024141490998899152,0.013560901449284695,0.0030329483658930742,0.013661521666721884
sycophancy,e2,prefix_end,5000,16000,1,2,,,-0.010628573300828809,-0.024141490998899152,0.013560901449284695,0.0030329483658930742,0.013661521666721884
sycophancy,e2p,prefix_end,5000,16000,1,2,,,-0.010628573300828809,-0.024141490998899152,0.013560901449284695,0.0030329483658930742,0.013661521666721884
sycophancy,e1,prefix_end,5000,16000,2,0,,,0.0032279046441988663,-0.011411418842818372,0.027620352872665548,0.0030329483658930742,-0.00019495627830579205
sycophancy,e2,prefix_end,5000,16000,2,0,,,0.0032279046441988663,-0.011411418842818372,0.027620352872665548,0.0030329483658930742,-0.00019495627830579205
sycophancy,e2p,prefix_end,5000,16000,2,0,,,0.0032279046441988663,-0.011411418842818372,0.027620352872665548,0.0030329483658930742,-0.00019495627830579205
sycophancy,e1,prefix_end,5000,16000,2,1,,,0.022906421941001488,0.00778981084713451,0.04606690991724661,0.0030329483658930742,-0.019873473575108415
sycophancy,e2,prefix_end,5000,16000,2,1,,,0.022906421941001488,0.00778981084713451,0.04606690991724661,0.0030329483658930742,-0.019873473575108415
sycophancy,e2p,prefix_end,5000,16000,2,1,,,0.022906421941001488,0.00778981084713451,0.04606690991724661,0.0030329483658930742,-0.019873473575108415
sycophancy,e1,prefix_end,5000,16000,2,2,,,0.012750806091501123,-0.0008858253414162027,0.0369932649018601,0.0030329483658930742,-0.00971785772560805
sycophancy,e2,prefix_end,5000,16000,2,2,,,0.012750806091501123,-0.0008858253414162027,0.0369932649018601,0.0030329483658930742,-0.00971785772560805
sycophancy,e2p,prefix_end,5000,16000,2,2,,,0.012750806091501123,-0.0008858253414162027,0.0369932649018601,0.0030329483658930742,-0.00971785772560805
sycophancy,e1,prefix_end,5000,16000,3,0,,,0.004228182508098628,-0.008772724902008724,0.0282178611053106,0.0030329483658930742,-0.001195234142205554
sycophancy,e2,prefix_end,5000,16000,3,0,,,0.004228182508098628,-0.008772724902008724,0.0282178611053106,0.0030329483658930742,-0.001195234142205554
sycophancy,e2p,prefix_end,5000,16000,3,0,,,0.004228182508098628,-0.008772724902008724,0.0282178611053106,0.0030329483658930742,-0.001195234142205554
sycophancy,e1,prefix_end,5000,16000,3,1,,,0.00928252380718216,-0.003315973149073152,0.033597285615139666,0.0030329483658930742,-0.006249575441289086
sycophancy,e2,prefix_end,5000,16000,3,1,,,0.00928252380718216,-0.003315973149073152,0.033597285615139666,0.0030329483658930742,-0.006249575441289086
sycophancy,e2p,prefix_end,5000,16000,3,1,,,0.00928252380718216,-0.003315973149073152,0.033597285615139666,0.0030329483658930742,-0.006249575441289086
sycophancy,e1,prefix_end,5000,16000,3,2,,,0.007902949362522973,-0.00476931393819794,0.030910129167384188,0.0030329483658930742,-0.004870000996629899
sycophancy,e2,prefix_end,5000,16000,3,2,,,0.007902949362522973,-0.00476931393819794,0.030910129167384188,0.0030329483658930742,-0.004870000996629899
sycophancy,e2p,prefix_end,5000,16000,3,2,,,0.007902949362522973,-0.00476931393819794,0.030910129167384188,0.0030329483658930742,-0.004870000996629899
sycophancy,e1,prefix_end,5000,16000,4,0,,,0.012237371756323095,-0.0018771269009915698,0.03588573720722985,0.0030329483658930742,-0.009204423390430021
sycophancy,e2,prefix_end,5000,16000,4,0,,,0.012237371756323095,-0.0018771269009915698,0.03588573720722985,0.0030329483658930742,-0.009204423390430021
sycophancy,e2p,prefix_end,5000,16000,4,0,,,0.012237371756323095,-0.0018771269009915698,0.03588573720722985,0.0030329483658930742,-0.009204423390430021
sycophancy,e1,prefix_end,5000,16000,4,1,,,0.0017397202176774537,-0.012129638675915091,0.02660365710834281,0.0030329483658930742,0.0012932281482156205
sycophancy,e2,prefix_end,5000,16000,4,1,,,0.0017397202176774537,-0.012129638675915091,0.02660365710834281,0.0030329483658930742,0.0012932281482156205
sycophancy,e2p,prefix_end,5000,16000,4,1,,,0.0017397202176774537,-0.012129638675915091,0.02660365710834281,0.0030329483658930742,0.0012932281482156205
sycophancy,e1,prefix_end,5000,16000,4,2,,,0.01040011436299253,-0.0008967946433681555,0.03386365155491209,0.0030329483658930742,-0.007367165997099457
sycophancy,e2,prefix_end,5000,16000,4,2,,,0.01040011436299253,-0.0008967946433681555,0.03386365155491209,0.0030329483658930742,-0.007367165997099457
sycophancy,e2p,prefix_end,5000,16000,4,2,,,0.01040011436299253,-0.0008967946433681555,0.03386365155491209,0.0030329483658930742,-0.007367165997099457
sycophancy,e1,prefix_end,full,250,0,0,,,nan,nan,nan,nan,-0.09618812779976188
sycophancy,e2,prefix_end,full,250,0,0,,,nan,nan,nan,nan,-0.09618812779976188
sycophancy,e2p,prefix_end,full,250,0,0,,,nan,nan,nan,nan,-0.09618812779976188
sycophancy,e1,prefix_end,full,250,0,1,,,nan,nan,nan,nan,0.05110245218338358
sycophancy,e2,prefix_end,full,250,0,1,,,nan,nan,nan,nan,0.05110245218338358
sycophancy,e2p,prefix_end,full,250,0,1,,,nan,nan,nan,nan,0.05110245218338358
sycophancy,e1,prefix_end,full,250,0,2,,,nan,nan,nan,nan,0.028364235078807334
sycophancy,e2,prefix_end,full,250,0,2,,,nan,nan,nan,nan,0.028364235078807334
sycophancy,e2p,prefix_end,full,250,0,2,,,nan,nan,nan,nan,0.028364235078807334
sycophancy,e1,prefix_end,full,250,1,0,,,nan,nan,nan,nan,0.0145053459276202
sycophancy,e2,prefix_end,full,250,1,0,,,nan,nan,nan,nan,0.0145053459276202
sycophancy,e2p,prefix_end,full,250,1,0,,,nan,nan,nan,nan,0.0145053459276202
sycophancy,e1,prefix_end,full,250,1,1,,,nan,nan,nan,nan,0.06178008593654888
sycophancy,e2,prefix_end,full,250,1,1,,,nan,nan,nan,nan,0.06178008593654888
sycophancy,e2p,prefix_end,full,250,1,1,,,nan,nan,nan,nan,0.06178008593654888
sycophancy,e1,prefix_end,full,250,1,2,,,nan,nan,nan,nan,0.07292514353444282
sycophancy,e2,prefix_end,full,250,1,2,,,nan,nan,nan,nan,0.07292514353444282
sycophancy,e2p,prefix_end,full,250,1,2,,,nan,nan,nan,nan,0.07292514353444282
sycophancy,e1,prefix_end,full,250,2,0,,,nan,nan,nan,nan,0.09759503725037375
sycophancy,e2,prefix_end,full,250,2,0,,,nan,nan,nan,nan,0.09759503725037375
sycophancy,e2p,prefix_end,full,250,2,0,,,nan,nan,nan,nan,0.09759503725037375
sycophancy,e1,prefix_end,full,250,2,1,,,nan,nan,nan,nan,-0.017368876635005675
sycophancy,e2,prefix_end,full,250,2,1,,,nan,nan,nan,nan,-0.017368876635005675
sycophancy,e2p,prefix_end,full,250,2,1,,,nan,nan,nan,nan,-0.017368876635005675
sycophancy,e1,prefix_end,full,250,2,2,,,nan,nan,nan,nan,-0.020345464555575978
sycophancy,e2,prefix_end,full,250,2,2,,,nan,nan,nan,nan,-0.020345464555575978
sycophancy,e2p,prefix_end,full,250,2,2,,,nan,nan,nan,nan,-0.020345464555575978
sycophancy,e1,prefix_end,full,250,3,0,,,nan,nan,nan,nan,-0.0015483765192339312
sycophancy,e2,prefix_end,full,250,3,0,,,nan,nan,nan,nan,-0.0015483765192339312
sycophancy,e2p,prefix_end,full,250,3,0,,,nan,nan,nan,nan,-0.0015483765192339312
sycophancy,e1,prefix_end,full,250,3,1,,,nan,nan,nan,nan,0.04379652174343252
sycophancy,e2,prefix_end,full,250,3,1,,,nan,nan,nan,nan,0.04379652174343252
sycophancy,e2p,prefix_end,full,250,3,1,,,nan,nan,nan,nan,0.04379652174343252
sycophancy,e1,prefix_end,full,250,3,2,,,nan,nan,nan,nan,0.07848881903993653
sycophancy,e2,prefix_end,full,250,3,2,,,nan,nan,nan,nan,0.07848881903993653
sycophancy,e2p,prefix_end,full,250,3,2,,,nan,nan,nan,nan,0.07848881903993653
sycophancy,e1,prefix_end,full,250,4,0,,,nan,nan,nan,nan,0.0615071753004373
sycophancy,e2,prefix_end,full,250,4,0,,,nan,nan,nan,nan,0.0615071753004373
sycophancy,e2p,prefix_end,full,250,4,0,,,nan,nan,nan,nan,0.0615071753004373
sycophancy,e1,prefix_end,full,250,4,1,,,nan,nan,nan,nan,-0.0023717048028279114
sycophancy,e2,prefix_end,full,250,4,1,,,nan,nan,nan,nan,-0.0023717048028279114
sycophancy,e2p,prefix_end,full,250,4,1,,,nan,nan,nan,nan,-0.0023717048028279114
sycophancy,e1,prefix_end,full,250,4,2,,,nan,nan,nan,nan,-0.01791961900179912
sycophancy,e2,prefix_end,full,250,4,2,,,nan,nan,nan,nan,-0.01791961900179912
sycophancy,e2p,prefix_end,full,250,4,2,,,nan,nan,nan,nan,-0.01791961900179912
sycophancy,e1,prefix_end,full,2500,0,0,,,0.0018884946671810475,-0.045105693197846075,0.045479228766526644,0.02128780588236885,0.019399311215187804
sycophancy,e2,prefix_end,full,2500,0,0,,,0.0018884946671810475,-0.045105693197846075,0.045479228766526644,0.02128780588236885,0.019399311215187804
sycophancy,e2p,prefix_end,full,2500,0,0,,,0.0018884946671810475,-0.045105693197846075,0.045479228766526644,0.02128780588236885,0.019399311215187804
sycophancy,e1,prefix_end,full,2500,0,1,,,nan,nan,nan,nan,0.019518590791923286
sycophancy,e2,prefix_end,full,2500,0,1,,,nan,nan,nan,nan,0.019518590791923286
sycophancy,e2p,prefix_end,full,2500,0,1,,,nan,nan,nan,nan,0.019518590791923286
sycophancy,e1,prefix_end,full,2500,0,2,,,nan,nan,nan,nan,0.0270870031951384
sycophancy,e2,prefix_end,full,2500,0,2,,,nan,nan,nan,nan,0.0270870031951384
sycophancy,e2p,prefix_end,full,2500,0,2,,,nan,nan,nan,nan,0.0270870031951384
sycophancy,e1,prefix_end,full,2500,1,0,,,0.06106945803868524,0.021501318278110606,0.10913566574169871,0.030621757160070113,-0.030447700878615133
sycophancy,e2,prefix_end,full,2500,1,0,,,0.06106945803868524,0.021501318278110606,0.10913566574169871,0.030621757160070113,-0.030447700878615133
sycophancy,e2p,prefix_end,full,2500,1,0,,,0.06106945803868524,0.021501318278110606,0.10913566574169871,0.030621757160070113,-0.030447700878615133
sycophancy,e1,prefix_end,full,2500,1,1,,,nan,nan,nan,nan,0.00288182344653186
sycophancy,e2,prefix_end,full,2500,1,1,,,nan,nan,nan,nan,0.00288182344653186
sycophancy,e2p,prefix_end,full,2500,1,1,,,nan,nan,nan,nan,0.00288182344653186
sycophancy,e1,prefix_end,full,2500,1,2,,,0.04661375518316453,0.014932356202526711,0.09546328953670541,0.02959898575015498,-0.017014769433009554
sycophancy,e2,prefix_end,full,2500,1,2,,,0.04661375518316453,0.014932356202526711,0.09546328953670541,0.02959898575015498,-0.017014769433009554
sycophancy,e2p,prefix_end,full,2500,1,2,,,0.04661375518316453,0.014932356202526711,0.09546328953670541,0.02959898575015498,-0.017014769433009554
sycophancy,e1,prefix_end,full,2500,2,0,,,0.03326368243871151,-0.005096280709067053,0.08213697742694005,0.029431532949240877,-0.003832149489470628
sycophancy,e2,prefix_end,full,2500,2,0,,,0.03326368243871151,-0.005096280709067053,0.08213697742694005,0.029431532949240877,-0.003832149489470628
sycophancy,e2p,prefix_end,full,2500,2,0,,,0.03326368243871151,-0.005096280709067053,0.08213697742694005,0.029431532949240877,-0.003832149489470628
sycophancy,e1,prefix_end,full,2500,2,1,,,0.01181983993369904,-0.02553768497293524,0.05895671661845791,0.030847469734438405,0.019027629800739364
sycophancy,e2,prefix_end,full,2500,2,1,,,0.01181983993369904,-0.02553768497293524,0.05895671661845791,0.030847469734438405,0.019027629800739364
sycophancy,e2p,prefix_end,full,2500,2,1,,,0.01181983993369904,-0.02553768497293524,0.05895671661845791,0.030847469734438405,0.019027629800739364
sycophancy,e1,prefix_end,full,2500,2,2,,,0.012474499500080291,-0.019534136627497645,0.054141311967950384,0.015819083260628797,0.003344583760548506
sycophancy,e2,prefix_end,full,2500,2,2,,,0.012474499500080291,-0.019534136627497645,0.054141311967950384,0.015819083260628797,0.003344583760548506
sycophancy,e2p,prefix_end,full,2500,2,2,,,0.012474499500080291,-0.019534136627497645,0.054141311967950384,0.015819083260628797,0.003344583760548506
sycophancy,e1,prefix_end,full,2500,3,0,,,nan,nan,nan,nan,-0.0037872011193168693
sycophancy,e2,prefix_end,full,2500,3,0,,,nan,nan,nan,nan,-0.0037872011193168693
sycophancy,e2p,prefix_end,full,2500,3,0,,,nan,nan,nan,nan,-0.0037872011193168693
sycophancy,e1,prefix_end,full,2500,3,1,,,nan,nan,nan,nan,0.012745549532796784
sycophancy,e2,prefix_end,full,2500,3,1,,,nan,nan,nan,nan,0.012745549532796784
sycophancy,e2p,prefix_end,full,2500,3,1,,,nan,nan,nan,nan,0.012745549532796784
sycophancy,e1,prefix_end,full,2500,3,2,,,0.012778748189053371,-0.023607655543311044,0.05835371248980698,0.017050839918649575,0.004272091729596203
sycophancy,e2,prefix_end,full,2500,3,2,,,0.012778748189053371,-0.023607655543311044,0.05835371248980698,0.017050839918649575,0.004272091729596203
sycophancy,e2p,prefix_end,full,2500,3,2,,,0.012778748189053371,-0.023607655543311044,0.05835371248980698,0.017050839918649575,0.004272091729596203
sycophancy,e1,prefix_end,full,2500,4,0,,,0.03475455044933087,0.003087012241588265,0.07687770678106877,0.016691311790830436,-0.018063238658500437
sycophancy,e2,prefix_end,full,2500,4,0,,,0.03475455044933087,0.003087012241588265,0.07687770678106877,0.016691311790830436,-0.018063238658500437
sycophancy,e2p,prefix_end,full,2500,4,0,,,0.03475455044933087,0.003087012241588265,0.07687770678106877,0.016691311790830436,-0.018063238658500437
sycophancy,e1,prefix_end,full,2500,4,1,,,nan,nan,nan,nan,0.013454609990049172
sycophancy,e2,prefix_end,full,2500,4,1,,,nan,nan,nan,nan,0.013454609990049172
sycophancy,e2p,prefix_end,full,2500,4,1,,,nan,nan,nan,nan,0.013454609990049172
sycophancy,e1,prefix_end,full,2500,4,2,,,nan,nan,nan,nan,0.003239540781716961
sycophancy,e2,prefix_end,full,2500,4,2,,,nan,nan,nan,nan,0.003239540781716961
sycophancy,e2p,prefix_end,full,2500,4,2,,,nan,nan,nan,nan,0.003239540781716961
sycophancy,e1,prefix_end,full,16000,0,0,,,0.008077158808956483,-0.006208644539420022,0.02989565389739375,0.0030329483658930742,-0.005044210443063409
sycophancy,e2,prefix_end,full,16000,0,0,,,0.008077158808956483,-0.006208644539420022,0.02989565389739375,0.0030329483658930742,-0.005044210443063409
sycophancy,e2p,prefix_end,full,16000,0,0,,,0.008077158808956483,-0.006208644539420022,0.02989565389739375,0.0030329483658930742,-0.005044210443063409
sycophancy,e1,prefix_end,full,16000,0,1,,,0.008321182213098549,-0.005307289594122105,0.03221275985901412,0.0030329483658930742,-0.005288233847205476
sycophancy,e2,prefix_end,full,16000,0,1,,,0.008321182213098549,-0.005307289594122105,0.03221275985901412,0.0030329483658930742,-0.005288233847205476
sycophancy,e2p,prefix_end,full,16000,0,1,,,0.008321182213098549,-0.005307289594122105,0.03221275985901412,0.0030329483658930742,-0.005288233847205476
sycophancy,e1,prefix_end,full,16000,0,2,,,-0.0012981321547058562,-0.012589501751840416,0.020693191381847338,0.0030329483658930742,0.0043310805205989305
sycophancy,e2,prefix_end,full,16000,0,2,,,-0.0012981321547058562,-0.012589501751840416,0.020693191381847338,0.0030329483658930742,0.0043310805205989305
sycophancy,e2p,prefix_end,full,16000,0,2,,,-0.0012981321547058562,-0.012589501751840416,0.020693191381847338,0.0030329483658930742,0.0043310805205989305
sycophancy,e1,prefix_end,full,16000,1,0,,,-0.0030469608501160943,-0.0171839507183212,0.02210042594319827,0.0030329483658930742,0.0060799092160091685
sycophancy,e2,prefix_end,full,16000,1,0,,,-0.0030469608501160943,-0.0171839507183212,0.02210042594319827,0.0030329483658930742,0.0060799092160091685
sycophancy,e2p,prefix_end,full,16000,1,0,,,-0.0030469608501160943,-0.0171839507183212,0.02210042594319827,0.0030329483658930742,0.0060799092160091685
sycophancy,e1,prefix_end,full,16000,1,1,,,0.010010218396837339,-0.00256341329886374,0.03533493723835924,0.0030329483658930742,-0.0069772700309442635
sycophancy,e2,prefix_end,full,16000,1,1,,,0.010010218396837339,-0.00256341329886374,0.03533493723835924,0.0030329483658930742,-0.0069772700309442635
sycophancy,e2p,prefix_end,full,16000,1,1,,,0.010010218396837339,-0.00256341329886374,0.03533493723835924,0.0030329483658930742,-0.0069772700309442635
sycophancy,e1,prefix_end,full,16000,1,2,,,-0.010628573300828809,-0.024141490998899152,0.013560901449284695,0.0030329483658930742,0.013661521666721884
sycophancy,e2,prefix_end,full,16000,1,2,,,-0.010628573300828809,-0.024141490998899152,0.013560901449284695,0.0030329483658930742,0.013661521666721884
sycophancy,e2p,prefix_end,full,16000,1,2,,,-0.010628573300828809,-0.024141490998899152,0.013560901449284695,0.0030329483658930742,0.013661521666721884
sycophancy,e1,prefix_end,full,16000,2,0,,,0.0032279046441988663,-0.011411418842818372,0.027620352872665548,0.0030329483658930742,-0.00019495627830579205
sycophancy,e2,prefix_end,full,16000,2,0,,,0.0032279046441988663,-0.011411418842818372,0.027620352872665548,0.0030329483658930742,-0.00019495627830579205
sycophancy,e2p,prefix_end,full,16000,2,0,,,0.0032279046441988663,-0.011411418842818372,0.027620352872665548,0.0030329483658930742,-0.00019495627830579205
sycophancy,e1,prefix_end,full,16000,2,1,,,0.022906421941001488,0.00778981084713451,0.04606690991724661,0.0030329483658930742,-0.019873473575108415
sycophancy,e2,prefix_end,full,16000,2,1,,,0.022906421941001488,0.00778981084713451,0.04606690991724661,0.0030329483658930742,-0.019873473575108415
sycophancy,e2p,prefix_end,full,16000,2,1,,,0.022906421941001488,0.00778981084713451,0.04606690991724661,0.0030329483658930742,-0.019873473575108415
sycophancy,e1,prefix_end,full,16000,2,2,,,0.012750806091501123,-0.0008858253414162027,0.0369932649018601,0.0030329483658930742,-0.00971785772560805
sycophancy,e2,prefix_end,full,16000,2,2,,,0.012750806091501123,-0.0008858253414162027,0.0369932649018601,0.0030329483658930742,-0.00971785772560805
sycophancy,e2p,prefix_end,full,16000,2,2,,,0.012750806091501123,-0.0008858253414162027,0.0369932649018601,0.0030329483658930742,-0.00971785772560805
sycophancy,e1,prefix_end,full,16000,3,0,,,0.004228182508098628,-0.008772724902008724,0.0282178611053106,0.0030329483658930742,-0.001195234142205554
sycophancy,e2,prefix_end,full,16000,3,0,,,0.004228182508098628,-0.008772724902008724,0.0282178611053106,0.0030329483658930742,-0.001195234142205554
sycophancy,e2p,prefix_end,full,16000,3,0,,,0.004228182508098628,-0.008772724902008724,0.0282178611053106,0.0030329483658930742,-0.001195234142205554
sycophancy,e1,prefix_end,full,16000,3,1,,,0.00928252380718216,-0.003315973149073152,0.033597285615139666,0.0030329483658930742,-0.006249575441289086
sycophancy,e2,prefix_end,full,16000,3,1,,,0.00928252380718216,-0.003315973149073152,0.033597285615139666,0.0030329483658930742,-0.006249575441289086
sycophancy,e2p,prefix_end,full,16000,3,1,,,0.00928252380718216,-0.003315973149073152,0.033597285615139666,0.0030329483658930742,-0.006249575441289086
sycophancy,e1,prefix_end,full,16000,3,2,,,0.007902949362522973,-0.00476931393819794,0.030910129167384188,0.0030329483658930742,-0.004870000996629899
sycophancy,e2,prefix_end,full,16000,3,2,,,0.007902949362522973,-0.00476931393819794,0.030910129167384188,0.0030329483658930742,-0.004870000996629899
sycophancy,e2p,prefix_end,full,16000,3,2,,,0.007902949362522973,-0.00476931393819794,0.030910129167384188,0.0030329483658930742,-0.004870000996629899
sycophancy,e1,prefix_end,full,16000,4,0,,,0.012237371756323095,-0.0018771269009915698,0.03588573720722985,0.0030329483658930742,-0.009204423390430021
sycophancy,e2,prefix_end,full,16000,4,0,,,0.012237371756323095,-0.0018771269009915698,0.03588573720722985,0.0030329483658930742,-0.009204423390430021
sycophancy,e2p,prefix_end,full,16000,4,0,,,0.012237371756323095,-0.0018771269009915698,0.03588573720722985,0.0030329483658930742,-0.009204423390430021
sycophancy,e1,prefix_end,full,16000,4,1,,,0.0017397202176774537,-0.012129638675915091,0.02660365710834281,0.0030329483658930742,0.0012932281482156205
sycophancy,e2,prefix_end,full,16000,4,1,,,0.0017397202176774537,-0.012129638675915091,0.02660365710834281,0.0030329483658930742,0.0012932281482156205
sycophancy,e2p,prefix_end,full,16000,4,1,,,0.0017397202176774537,-0.012129638675915091,0.02660365710834281,0.0030329483658930742,0.0012932281482156205
sycophancy,e1,prefix_end,full,16000,4,2,,,0.01040011436299253,-0.000951025812549306,0.03386365155491209,0.0030329483658930742,-0.007367165997099457
sycophancy,e2,prefix_end,full,16000,4,2,,,0.01040011436299253,-0.000951025812549306,0.03386365155491209,0.0030329483658930742,-0.007367165997099457
sycophancy,e2p,prefix_end,full,16000,4,2,,,0.01040011436299253,-0.000951025812549306,0.03386365155491209,0.0030329483658930742,-0.007367165997099457
